Id,Date,CalendarMonth,CalendarDayInMonth,CalendarYear
"1","1989-12-31","12","31","1989"
"8871","1990-01-01","1","1","1990"
"8872","1990-01-02","1","2","1990"
"8873","1990-01-03","1","3","1990"
"8874","1990-01-04","1","4","1990"
"8875","1990-01-05","1","5","1990"
"8876","1990-01-06","1","6","1990"
"8877","1990-01-07","1","7","1990"
"8878","1990-01-08","1","8","1990"
"8879","1990-01-09","1","9","1990"
"8880","1990-01-10","1","10","1990"
"8881","1990-01-11","1","11","1990"
"8882","1990-01-12","1","12","1990"
"8883","1990-01-13","1","13","1990"
"8884","1990-01-14","1","14","1990"
"8885","1990-01-15","1","15","1990"
"8886","1990-01-16","1","16","1990"
"8887","1990-01-17","1","17","1990"
"8888","1990-01-18","1","18","1990"
"8889","1990-01-19","1","19","1990"
"8890","1990-01-20","1","20","1990"
"8891","1990-01-21","1","21","1990"
"8892","1990-01-22","1","22","1990"
"8893","1990-01-23","1","23","1990"
"8894","1990-01-24","1","24","1990"
"8895","1990-01-25","1","25","1990"
"8896","1990-01-26","1","26","1990"
"8897","1990-01-27","1","27","1990"
"8898","1990-01-28","1","28","1990"
"8899","1990-01-29","1","29","1990"
"8900","1990-01-30","1","30","1990"
"8901","1990-01-31","1","31","1990"
"8971","1990-02-01","2","1","1990"
"8972","1990-02-02","2","2","1990"
"8973","1990-02-03","2","3","1990"
"8974","1990-02-04","2","4","1990"
"8975","1990-02-05","2","5","1990"
"8976","1990-02-06","2","6","1990"
"8977","1990-02-07","2","7","1990"
"8978","1990-02-08","2","8","1990"
"8979","1990-02-09","2","9","1990"
"8980","1990-02-10","2","10","1990"
"8981","1990-02-11","2","11","1990"
"8982","1990-02-12","2","12","1990"
"8983","1990-02-13","2","13","1990"
"8984","1990-02-14","2","14","1990"
"8985","1990-02-15","2","15","1990"
"8986","1990-02-16","2","16","1990"
"8987","1990-02-17","2","17","1990"
"8988","1990-02-18","2","18","1990"
"8989","1990-02-19","2","19","1990"
"8990","1990-02-20","2","20","1990"
"8991","1990-02-21","2","21","1990"
"8992","1990-02-22","2","22","1990"
"8993","1990-02-23","2","23","1990"
"8994","1990-02-24","2","24","1990"
"8995","1990-02-25","2","25","1990"
"8996","1990-02-26","2","26","1990"
"8997","1990-02-27","2","27","1990"
"8998","1990-02-28","2","28","1990"
"9071","1990-03-01","3","1","1990"
"9072","1990-03-02","3","2","1990"
"9073","1990-03-03","3","3","1990"
"9074","1990-03-04","3","4","1990"
"9075","1990-03-05","3","5","1990"
"9076","1990-03-06","3","6","1990"
"9077","1990-03-07","3","7","1990"
"9078","1990-03-08","3","8","1990"
"9079","1990-03-09","3","9","1990"
"9080","1990-03-10","3","10","1990"
"9081","1990-03-11","3","11","1990"
"9082","1990-03-12","3","12","1990"
"9083","1990-03-13","3","13","1990"
"9084","1990-03-14","3","14","1990"
"9085","1990-03-15","3","15","1990"
"9086","1990-03-16","3","16","1990"
"9087","1990-03-17","3","17","1990"
"9088","1990-03-18","3","18","1990"
"9089","1990-03-19","3","19","1990"
"9090","1990-03-20","3","20","1990"
"9091","1990-03-21","3","21","1990"
"9092","1990-03-22","3","22","1990"
"9093","1990-03-23","3","23","1990"
"9094","1990-03-24","3","24","1990"
"9095","1990-03-25","3","25","1990"
"9096","1990-03-26","3","26","1990"
"9097","1990-03-27","3","27","1990"
"9098","1990-03-28","3","28","1990"
"9099","1990-03-29","3","29","1990"
"9100","1990-03-30","3","30","1990"
"9101","1990-03-31","3","31","1990"
"9171","1990-04-01","4","1","1990"
"9172","1990-04-02","4","2","1990"
"9173","1990-04-03","4","3","1990"
"9174","1990-04-04","4","4","1990"
"9175","1990-04-05","4","5","1990"
"9176","1990-04-06","4","6","1990"
"9177","1990-04-07","4","7","1990"
"9178","1990-04-08","4","8","1990"
"9179","1990-04-09","4","9","1990"
"9180","1990-04-10","4","10","1990"
"9181","1990-04-11","4","11","1990"
"9182","1990-04-12","4","12","1990"
"9183","1990-04-13","4","13","1990"
"9184","1990-04-14","4","14","1990"
"9185","1990-04-15","4","15","1990"
"9186","1990-04-16","4","16","1990"
"9187","1990-04-17","4","17","1990"
"9188","1990-04-18","4","18","1990"
"9189","1990-04-19","4","19","1990"
"9190","1990-04-20","4","20","1990"
"9191","1990-04-21","4","21","1990"
"9192","1990-04-22","4","22","1990"
"9193","1990-04-23","4","23","1990"
"9194","1990-04-24","4","24","1990"
"9195","1990-04-25","4","25","1990"
"9196","1990-04-26","4","26","1990"
"9197","1990-04-27","4","27","1990"
"9198","1990-04-28","4","28","1990"
"9199","1990-04-29","4","29","1990"
"9200","1990-04-30","4","30","1990"
"9271","1990-05-01","5","1","1990"
"9272","1990-05-02","5","2","1990"
"9273","1990-05-03","5","3","1990"
"9274","1990-05-04","5","4","1990"
"9275","1990-05-05","5","5","1990"
"9276","1990-05-06","5","6","1990"
"9277","1990-05-07","5","7","1990"
"9278","1990-05-08","5","8","1990"
"9279","1990-05-09","5","9","1990"
"9280","1990-05-10","5","10","1990"
"9281","1990-05-11","5","11","1990"
"9282","1990-05-12","5","12","1990"
"9283","1990-05-13","5","13","1990"
"9284","1990-05-14","5","14","1990"
"9285","1990-05-15","5","15","1990"
"9286","1990-05-16","5","16","1990"
"9287","1990-05-17","5","17","1990"
"9288","1990-05-18","5","18","1990"
"9289","1990-05-19","5","19","1990"
"9290","1990-05-20","5","20","1990"
"9291","1990-05-21","5","21","1990"
"9292","1990-05-22","5","22","1990"
"9293","1990-05-23","5","23","1990"
"9294","1990-05-24","5","24","1990"
"9295","1990-05-25","5","25","1990"
"9296","1990-05-26","5","26","1990"
"9297","1990-05-27","5","27","1990"
"9298","1990-05-28","5","28","1990"
"9299","1990-05-29","5","29","1990"
"9300","1990-05-30","5","30","1990"
"9301","1990-05-31","5","31","1990"
"9371","1990-06-01","6","1","1990"
"9372","1990-06-02","6","2","1990"
"9373","1990-06-03","6","3","1990"
"9374","1990-06-04","6","4","1990"
"9375","1990-06-05","6","5","1990"
"9376","1990-06-06","6","6","1990"
"9377","1990-06-07","6","7","1990"
"9378","1990-06-08","6","8","1990"
"9379","1990-06-09","6","9","1990"
"9380","1990-06-10","6","10","1990"
"9381","1990-06-11","6","11","1990"
"9382","1990-06-12","6","12","1990"
"9383","1990-06-13","6","13","1990"
"9384","1990-06-14","6","14","1990"
"9385","1990-06-15","6","15","1990"
"9386","1990-06-16","6","16","1990"
"9387","1990-06-17","6","17","1990"
"9388","1990-06-18","6","18","1990"
"9389","1990-06-19","6","19","1990"
"9390","1990-06-20","6","20","1990"
"9391","1990-06-21","6","21","1990"
"9392","1990-06-22","6","22","1990"
"9393","1990-06-23","6","23","1990"
"9394","1990-06-24","6","24","1990"
"9395","1990-06-25","6","25","1990"
"9396","1990-06-26","6","26","1990"
"9397","1990-06-27","6","27","1990"
"9398","1990-06-28","6","28","1990"
"9399","1990-06-29","6","29","1990"
"9400","1990-06-30","6","30","1990"
"9471","1990-07-01","7","1","1990"
"9472","1990-07-02","7","2","1990"
"9473","1990-07-03","7","3","1990"
"9474","1990-07-04","7","4","1990"
"9475","1990-07-05","7","5","1990"
"9476","1990-07-06","7","6","1990"
"9477","1990-07-07","7","7","1990"
"9478","1990-07-08","7","8","1990"
"9479","1990-07-09","7","9","1990"
"9480","1990-07-10","7","10","1990"
"9481","1990-07-11","7","11","1990"
"9482","1990-07-12","7","12","1990"
"9483","1990-07-13","7","13","1990"
"9484","1990-07-14","7","14","1990"
"9485","1990-07-15","7","15","1990"
"9486","1990-07-16","7","16","1990"
"9487","1990-07-17","7","17","1990"
"9488","1990-07-18","7","18","1990"
"9489","1990-07-19","7","19","1990"
"9490","1990-07-20","7","20","1990"
"9491","1990-07-21","7","21","1990"
"9492","1990-07-22","7","22","1990"
"9493","1990-07-23","7","23","1990"
"9494","1990-07-24","7","24","1990"
"9495","1990-07-25","7","25","1990"
"9496","1990-07-26","7","26","1990"
"9497","1990-07-27","7","27","1990"
"9498","1990-07-28","7","28","1990"
"9499","1990-07-29","7","29","1990"
"9500","1990-07-30","7","30","1990"
"9501","1990-07-31","7","31","1990"
"9571","1990-08-01","8","1","1990"
"9572","1990-08-02","8","2","1990"
"9573","1990-08-03","8","3","1990"
"9574","1990-08-04","8","4","1990"
"9575","1990-08-05","8","5","1990"
"9576","1990-08-06","8","6","1990"
"9577","1990-08-07","8","7","1990"
"9578","1990-08-08","8","8","1990"
"9579","1990-08-09","8","9","1990"
"9580","1990-08-10","8","10","1990"
"9581","1990-08-11","8","11","1990"
"9582","1990-08-12","8","12","1990"
"9583","1990-08-13","8","13","1990"
"9584","1990-08-14","8","14","1990"
"9585","1990-08-15","8","15","1990"
"9586","1990-08-16","8","16","1990"
"9587","1990-08-17","8","17","1990"
"9588","1990-08-18","8","18","1990"
"9589","1990-08-19","8","19","1990"
"9590","1990-08-20","8","20","1990"
"9591","1990-08-21","8","21","1990"
"9592","1990-08-22","8","22","1990"
"9593","1990-08-23","8","23","1990"
"9594","1990-08-24","8","24","1990"
"9595","1990-08-25","8","25","1990"
"9596","1990-08-26","8","26","1990"
"9597","1990-08-27","8","27","1990"
"9598","1990-08-28","8","28","1990"
"9599","1990-08-29","8","29","1990"
"9600","1990-08-30","8","30","1990"
"9601","1990-08-31","8","31","1990"
"9671","1990-09-01","9","1","1990"
"9672","1990-09-02","9","2","1990"
"9673","1990-09-03","9","3","1990"
"9674","1990-09-04","9","4","1990"
"9675","1990-09-05","9","5","1990"
"9676","1990-09-06","9","6","1990"
"9677","1990-09-07","9","7","1990"
"9678","1990-09-08","9","8","1990"
"9679","1990-09-09","9","9","1990"
"9680","1990-09-10","9","10","1990"
"9681","1990-09-11","9","11","1990"
"9682","1990-09-12","9","12","1990"
"9683","1990-09-13","9","13","1990"
"9684","1990-09-14","9","14","1990"
"9685","1990-09-15","9","15","1990"
"9686","1990-09-16","9","16","1990"
"9687","1990-09-17","9","17","1990"
"9688","1990-09-18","9","18","1990"
"9689","1990-09-19","9","19","1990"
"9690","1990-09-20","9","20","1990"
"9691","1990-09-21","9","21","1990"
"9692","1990-09-22","9","22","1990"
"9693","1990-09-23","9","23","1990"
"9694","1990-09-24","9","24","1990"
"9695","1990-09-25","9","25","1990"
"9696","1990-09-26","9","26","1990"
"9697","1990-09-27","9","27","1990"
"9698","1990-09-28","9","28","1990"
"9699","1990-09-29","9","29","1990"
"9700","1990-09-30","9","30","1990"
"9771","1990-10-01","10","1","1990"
"9772","1990-10-02","10","2","1990"
"9773","1990-10-03","10","3","1990"
"9774","1990-10-04","10","4","1990"
"9775","1990-10-05","10","5","1990"
"9776","1990-10-06","10","6","1990"
"9777","1990-10-07","10","7","1990"
"9778","1990-10-08","10","8","1990"
"9779","1990-10-09","10","9","1990"
"9780","1990-10-10","10","10","1990"
"9781","1990-10-11","10","11","1990"
"9782","1990-10-12","10","12","1990"
"9783","1990-10-13","10","13","1990"
"9784","1990-10-14","10","14","1990"
"9785","1990-10-15","10","15","1990"
"9786","1990-10-16","10","16","1990"
"9787","1990-10-17","10","17","1990"
"9788","1990-10-18","10","18","1990"
"9789","1990-10-19","10","19","1990"
"9790","1990-10-20","10","20","1990"
"9791","1990-10-21","10","21","1990"
"9792","1990-10-22","10","22","1990"
"9793","1990-10-23","10","23","1990"
"9794","1990-10-24","10","24","1990"
"9795","1990-10-25","10","25","1990"
"9796","1990-10-26","10","26","1990"
"9797","1990-10-27","10","27","1990"
"9798","1990-10-28","10","28","1990"
"9799","1990-10-29","10","29","1990"
"9800","1990-10-30","10","30","1990"
"9801","1990-10-31","10","31","1990"
"9871","1990-11-01","11","1","1990"
"9872","1990-11-02","11","2","1990"
"9873","1990-11-03","11","3","1990"
"9874","1990-11-04","11","4","1990"
"9875","1990-11-05","11","5","1990"
"9876","1990-11-06","11","6","1990"
"9877","1990-11-07","11","7","1990"
"9878","1990-11-08","11","8","1990"
"9879","1990-11-09","11","9","1990"
"9880","1990-11-10","11","10","1990"
"9881","1990-11-11","11","11","1990"
"9882","1990-11-12","11","12","1990"
"9883","1990-11-13","11","13","1990"
"9884","1990-11-14","11","14","1990"
"9885","1990-11-15","11","15","1990"
"9886","1990-11-16","11","16","1990"
"9887","1990-11-17","11","17","1990"
"9888","1990-11-18","11","18","1990"
"9889","1990-11-19","11","19","1990"
"9890","1990-11-20","11","20","1990"
"9891","1990-11-21","11","21","1990"
"9892","1990-11-22","11","22","1990"
"9893","1990-11-23","11","23","1990"
"9894","1990-11-24","11","24","1990"
"9895","1990-11-25","11","25","1990"
"9896","1990-11-26","11","26","1990"
"9897","1990-11-27","11","27","1990"
"9898","1990-11-28","11","28","1990"
"9899","1990-11-29","11","29","1990"
"9900","1990-11-30","11","30","1990"
"9971","1990-12-01","12","1","1990"
"9972","1990-12-02","12","2","1990"
"9973","1990-12-03","12","3","1990"
"9974","1990-12-04","12","4","1990"
"9975","1990-12-05","12","5","1990"
"9976","1990-12-06","12","6","1990"
"9977","1990-12-07","12","7","1990"
"9978","1990-12-08","12","8","1990"
"9979","1990-12-09","12","9","1990"
"9980","1990-12-10","12","10","1990"
"9981","1990-12-11","12","11","1990"
"9982","1990-12-12","12","12","1990"
"9983","1990-12-13","12","13","1990"
"9984","1990-12-14","12","14","1990"
"9985","1990-12-15","12","15","1990"
"9986","1990-12-16","12","16","1990"
"9987","1990-12-17","12","17","1990"
"9988","1990-12-18","12","18","1990"
"9989","1990-12-19","12","19","1990"
"9990","1990-12-20","12","20","1990"
"9991","1990-12-21","12","21","1990"
"9992","1990-12-22","12","22","1990"
"9993","1990-12-23","12","23","1990"
"9994","1990-12-24","12","24","1990"
"9995","1990-12-25","12","25","1990"
"9996","1990-12-26","12","26","1990"
"9997","1990-12-27","12","27","1990"
"9998","1990-12-28","12","28","1990"
"9999","1990-12-29","12","29","1990"
"10000","1990-12-30","12","30","1990"
"10001","1990-12-31","12","31","1990"
"18871","1991-01-01","1","1","1991"
"18872","1991-01-02","1","2","1991"
"18873","1991-01-03","1","3","1991"
"18874","1991-01-04","1","4","1991"
"18875","1991-01-05","1","5","1991"
"18876","1991-01-06","1","6","1991"
"18877","1991-01-07","1","7","1991"
"18878","1991-01-08","1","8","1991"
"18879","1991-01-09","1","9","1991"
"18880","1991-01-10","1","10","1991"
"18881","1991-01-11","1","11","1991"
"18882","1991-01-12","1","12","1991"
"18883","1991-01-13","1","13","1991"
"18884","1991-01-14","1","14","1991"
"18885","1991-01-15","1","15","1991"
"18886","1991-01-16","1","16","1991"
"18887","1991-01-17","1","17","1991"
"18888","1991-01-18","1","18","1991"
"18889","1991-01-19","1","19","1991"
"18890","1991-01-20","1","20","1991"
"18891","1991-01-21","1","21","1991"
"18892","1991-01-22","1","22","1991"
"18893","1991-01-23","1","23","1991"
"18894","1991-01-24","1","24","1991"
"18895","1991-01-25","1","25","1991"
"18896","1991-01-26","1","26","1991"
"18897","1991-01-27","1","27","1991"
"18898","1991-01-28","1","28","1991"
"18899","1991-01-29","1","29","1991"
"18900","1991-01-30","1","30","1991"
"18901","1991-01-31","1","31","1991"
"18971","1991-02-01","2","1","1991"
"18972","1991-02-02","2","2","1991"
"18973","1991-02-03","2","3","1991"
"18974","1991-02-04","2","4","1991"
"18975","1991-02-05","2","5","1991"
"18976","1991-02-06","2","6","1991"
"18977","1991-02-07","2","7","1991"
"18978","1991-02-08","2","8","1991"
"18979","1991-02-09","2","9","1991"
"18980","1991-02-10","2","10","1991"
"18981","1991-02-11","2","11","1991"
"18982","1991-02-12","2","12","1991"
"18983","1991-02-13","2","13","1991"
"18984","1991-02-14","2","14","1991"
"18985","1991-02-15","2","15","1991"
"18986","1991-02-16","2","16","1991"
"18987","1991-02-17","2","17","1991"
"18988","1991-02-18","2","18","1991"
"18989","1991-02-19","2","19","1991"
"18990","1991-02-20","2","20","1991"
"18991","1991-02-21","2","21","1991"
"18992","1991-02-22","2","22","1991"
"18993","1991-02-23","2","23","1991"
"18994","1991-02-24","2","24","1991"
"18995","1991-02-25","2","25","1991"
"18996","1991-02-26","2","26","1991"
"18997","1991-02-27","2","27","1991"
"18998","1991-02-28","2","28","1991"
"19071","1991-03-01","3","1","1991"
"19072","1991-03-02","3","2","1991"
"19073","1991-03-03","3","3","1991"
"19074","1991-03-04","3","4","1991"
"19075","1991-03-05","3","5","1991"
"19076","1991-03-06","3","6","1991"
"19077","1991-03-07","3","7","1991"
"19078","1991-03-08","3","8","1991"
"19079","1991-03-09","3","9","1991"
"19080","1991-03-10","3","10","1991"
"19081","1991-03-11","3","11","1991"
"19082","1991-03-12","3","12","1991"
"19083","1991-03-13","3","13","1991"
"19084","1991-03-14","3","14","1991"
"19085","1991-03-15","3","15","1991"
"19086","1991-03-16","3","16","1991"
"19087","1991-03-17","3","17","1991"
"19088","1991-03-18","3","18","1991"
"19089","1991-03-19","3","19","1991"
"19090","1991-03-20","3","20","1991"
"19091","1991-03-21","3","21","1991"
"19092","1991-03-22","3","22","1991"
"19093","1991-03-23","3","23","1991"
"19094","1991-03-24","3","24","1991"
"19095","1991-03-25","3","25","1991"
"19096","1991-03-26","3","26","1991"
"19097","1991-03-27","3","27","1991"
"19098","1991-03-28","3","28","1991"
"19099","1991-03-29","3","29","1991"
"19100","1991-03-30","3","30","1991"
"19101","1991-03-31","3","31","1991"
"19171","1991-04-01","4","1","1991"
"19172","1991-04-02","4","2","1991"
"19173","1991-04-03","4","3","1991"
"19174","1991-04-04","4","4","1991"
"19175","1991-04-05","4","5","1991"
"19176","1991-04-06","4","6","1991"
"19177","1991-04-07","4","7","1991"
"19178","1991-04-08","4","8","1991"
"19179","1991-04-09","4","9","1991"
"19180","1991-04-10","4","10","1991"
"19181","1991-04-11","4","11","1991"
"19182","1991-04-12","4","12","1991"
"19183","1991-04-13","4","13","1991"
"19184","1991-04-14","4","14","1991"
"19185","1991-04-15","4","15","1991"
"19186","1991-04-16","4","16","1991"
"19187","1991-04-17","4","17","1991"
"19188","1991-04-18","4","18","1991"
"19189","1991-04-19","4","19","1991"
"19190","1991-04-20","4","20","1991"
"19191","1991-04-21","4","21","1991"
"19192","1991-04-22","4","22","1991"
"19193","1991-04-23","4","23","1991"
"19194","1991-04-24","4","24","1991"
"19195","1991-04-25","4","25","1991"
"19196","1991-04-26","4","26","1991"
"19197","1991-04-27","4","27","1991"
"19198","1991-04-28","4","28","1991"
"19199","1991-04-29","4","29","1991"
"19200","1991-04-30","4","30","1991"
"19271","1991-05-01","5","1","1991"
"19272","1991-05-02","5","2","1991"
"19273","1991-05-03","5","3","1991"
"19274","1991-05-04","5","4","1991"
"19275","1991-05-05","5","5","1991"
"19276","1991-05-06","5","6","1991"
"19277","1991-05-07","5","7","1991"
"19278","1991-05-08","5","8","1991"
"19279","1991-05-09","5","9","1991"
"19280","1991-05-10","5","10","1991"
"19281","1991-05-11","5","11","1991"
"19282","1991-05-12","5","12","1991"
"19283","1991-05-13","5","13","1991"
"19284","1991-05-14","5","14","1991"
"19285","1991-05-15","5","15","1991"
"19286","1991-05-16","5","16","1991"
"19287","1991-05-17","5","17","1991"
"19288","1991-05-18","5","18","1991"
"19289","1991-05-19","5","19","1991"
"19290","1991-05-20","5","20","1991"
"19291","1991-05-21","5","21","1991"
"19292","1991-05-22","5","22","1991"
"19293","1991-05-23","5","23","1991"
"19294","1991-05-24","5","24","1991"
"19295","1991-05-25","5","25","1991"
"19296","1991-05-26","5","26","1991"
"19297","1991-05-27","5","27","1991"
"19298","1991-05-28","5","28","1991"
"19299","1991-05-29","5","29","1991"
"19300","1991-05-30","5","30","1991"
"19301","1991-05-31","5","31","1991"
"19371","1991-06-01","6","1","1991"
"19372","1991-06-02","6","2","1991"
"19373","1991-06-03","6","3","1991"
"19374","1991-06-04","6","4","1991"
"19375","1991-06-05","6","5","1991"
"19376","1991-06-06","6","6","1991"
"19377","1991-06-07","6","7","1991"
"19378","1991-06-08","6","8","1991"
"19379","1991-06-09","6","9","1991"
"19380","1991-06-10","6","10","1991"
"19381","1991-06-11","6","11","1991"
"19382","1991-06-12","6","12","1991"
"19383","1991-06-13","6","13","1991"
"19384","1991-06-14","6","14","1991"
"19385","1991-06-15","6","15","1991"
"19386","1991-06-16","6","16","1991"
"19387","1991-06-17","6","17","1991"
"19388","1991-06-18","6","18","1991"
"19389","1991-06-19","6","19","1991"
"19390","1991-06-20","6","20","1991"
"19391","1991-06-21","6","21","1991"
"19392","1991-06-22","6","22","1991"
"19393","1991-06-23","6","23","1991"
"19394","1991-06-24","6","24","1991"
"19395","1991-06-25","6","25","1991"
"19396","1991-06-26","6","26","1991"
"19397","1991-06-27","6","27","1991"
"19398","1991-06-28","6","28","1991"
"19399","1991-06-29","6","29","1991"
"19400","1991-06-30","6","30","1991"
"19471","1991-07-01","7","1","1991"
"19472","1991-07-02","7","2","1991"
"19473","1991-07-03","7","3","1991"
"19474","1991-07-04","7","4","1991"
"19475","1991-07-05","7","5","1991"
"19476","1991-07-06","7","6","1991"
"19477","1991-07-07","7","7","1991"
"19478","1991-07-08","7","8","1991"
"19479","1991-07-09","7","9","1991"
"19480","1991-07-10","7","10","1991"
"19481","1991-07-11","7","11","1991"
"19482","1991-07-12","7","12","1991"
"19483","1991-07-13","7","13","1991"
"19484","1991-07-14","7","14","1991"
"19485","1991-07-15","7","15","1991"
"19486","1991-07-16","7","16","1991"
"19487","1991-07-17","7","17","1991"
"19488","1991-07-18","7","18","1991"
"19489","1991-07-19","7","19","1991"
"19490","1991-07-20","7","20","1991"
"19491","1991-07-21","7","21","1991"
"19492","1991-07-22","7","22","1991"
"19493","1991-07-23","7","23","1991"
"19494","1991-07-24","7","24","1991"
"19495","1991-07-25","7","25","1991"
"19496","1991-07-26","7","26","1991"
"19497","1991-07-27","7","27","1991"
"19498","1991-07-28","7","28","1991"
"19499","1991-07-29","7","29","1991"
"19500","1991-07-30","7","30","1991"
"19501","1991-07-31","7","31","1991"
"19571","1991-08-01","8","1","1991"
"19572","1991-08-02","8","2","1991"
"19573","1991-08-03","8","3","1991"
"19574","1991-08-04","8","4","1991"
"19575","1991-08-05","8","5","1991"
"19576","1991-08-06","8","6","1991"
"19577","1991-08-07","8","7","1991"
"19578","1991-08-08","8","8","1991"
"19579","1991-08-09","8","9","1991"
"19580","1991-08-10","8","10","1991"
"19581","1991-08-11","8","11","1991"
"19582","1991-08-12","8","12","1991"
"19583","1991-08-13","8","13","1991"
"19584","1991-08-14","8","14","1991"
"19585","1991-08-15","8","15","1991"
"19586","1991-08-16","8","16","1991"
"19587","1991-08-17","8","17","1991"
"19588","1991-08-18","8","18","1991"
"19589","1991-08-19","8","19","1991"
"19590","1991-08-20","8","20","1991"
"19591","1991-08-21","8","21","1991"
"19592","1991-08-22","8","22","1991"
"19593","1991-08-23","8","23","1991"
"19594","1991-08-24","8","24","1991"
"19595","1991-08-25","8","25","1991"
"19596","1991-08-26","8","26","1991"
"19597","1991-08-27","8","27","1991"
"19598","1991-08-28","8","28","1991"
"19599","1991-08-29","8","29","1991"
"19600","1991-08-30","8","30","1991"
"19601","1991-08-31","8","31","1991"
"19671","1991-09-01","9","1","1991"
"19672","1991-09-02","9","2","1991"
"19673","1991-09-03","9","3","1991"
"19674","1991-09-04","9","4","1991"
"19675","1991-09-05","9","5","1991"
"19676","1991-09-06","9","6","1991"
"19677","1991-09-07","9","7","1991"
"19678","1991-09-08","9","8","1991"
"19679","1991-09-09","9","9","1991"
"19680","1991-09-10","9","10","1991"
"19681","1991-09-11","9","11","1991"
"19682","1991-09-12","9","12","1991"
"19683","1991-09-13","9","13","1991"
"19684","1991-09-14","9","14","1991"
"19685","1991-09-15","9","15","1991"
"19686","1991-09-16","9","16","1991"
"19687","1991-09-17","9","17","1991"
"19688","1991-09-18","9","18","1991"
"19689","1991-09-19","9","19","1991"
"19690","1991-09-20","9","20","1991"
"19691","1991-09-21","9","21","1991"
"19692","1991-09-22","9","22","1991"
"19693","1991-09-23","9","23","1991"
"19694","1991-09-24","9","24","1991"
"19695","1991-09-25","9","25","1991"
"19696","1991-09-26","9","26","1991"
"19697","1991-09-27","9","27","1991"
"19698","1991-09-28","9","28","1991"
"19699","1991-09-29","9","29","1991"
"19700","1991-09-30","9","30","1991"
"19771","1991-10-01","10","1","1991"
"19772","1991-10-02","10","2","1991"
"19773","1991-10-03","10","3","1991"
"19774","1991-10-04","10","4","1991"
"19775","1991-10-05","10","5","1991"
"19776","1991-10-06","10","6","1991"
"19777","1991-10-07","10","7","1991"
"19778","1991-10-08","10","8","1991"
"19779","1991-10-09","10","9","1991"
"19780","1991-10-10","10","10","1991"
"19781","1991-10-11","10","11","1991"
"19782","1991-10-12","10","12","1991"
"19783","1991-10-13","10","13","1991"
"19784","1991-10-14","10","14","1991"
"19785","1991-10-15","10","15","1991"
"19786","1991-10-16","10","16","1991"
"19787","1991-10-17","10","17","1991"
"19788","1991-10-18","10","18","1991"
"19789","1991-10-19","10","19","1991"
"19790","1991-10-20","10","20","1991"
"19791","1991-10-21","10","21","1991"
"19792","1991-10-22","10","22","1991"
"19793","1991-10-23","10","23","1991"
"19794","1991-10-24","10","24","1991"
"19795","1991-10-25","10","25","1991"
"19796","1991-10-26","10","26","1991"
"19797","1991-10-27","10","27","1991"
"19798","1991-10-28","10","28","1991"
"19799","1991-10-29","10","29","1991"
"19800","1991-10-30","10","30","1991"
"19801","1991-10-31","10","31","1991"
"19871","1991-11-01","11","1","1991"
"19872","1991-11-02","11","2","1991"
"19873","1991-11-03","11","3","1991"
"19874","1991-11-04","11","4","1991"
"19875","1991-11-05","11","5","1991"
"19876","1991-11-06","11","6","1991"
"19877","1991-11-07","11","7","1991"
"19878","1991-11-08","11","8","1991"
"19879","1991-11-09","11","9","1991"
"19880","1991-11-10","11","10","1991"
"19881","1991-11-11","11","11","1991"
"19882","1991-11-12","11","12","1991"
"19883","1991-11-13","11","13","1991"
"19884","1991-11-14","11","14","1991"
"19885","1991-11-15","11","15","1991"
"19886","1991-11-16","11","16","1991"
"19887","1991-11-17","11","17","1991"
"19888","1991-11-18","11","18","1991"
"19889","1991-11-19","11","19","1991"
"19890","1991-11-20","11","20","1991"
"19891","1991-11-21","11","21","1991"
"19892","1991-11-22","11","22","1991"
"19893","1991-11-23","11","23","1991"
"19894","1991-11-24","11","24","1991"
"19895","1991-11-25","11","25","1991"
"19896","1991-11-26","11","26","1991"
"19897","1991-11-27","11","27","1991"
"19898","1991-11-28","11","28","1991"
"19899","1991-11-29","11","29","1991"
"19900","1991-11-30","11","30","1991"
"19971","1991-12-01","12","1","1991"
"19972","1991-12-02","12","2","1991"
"19973","1991-12-03","12","3","1991"
"19974","1991-12-04","12","4","1991"
"19975","1991-12-05","12","5","1991"
"19976","1991-12-06","12","6","1991"
"19977","1991-12-07","12","7","1991"
"19978","1991-12-08","12","8","1991"
"19979","1991-12-09","12","9","1991"
"19980","1991-12-10","12","10","1991"
"19981","1991-12-11","12","11","1991"
"19982","1991-12-12","12","12","1991"
"19983","1991-12-13","12","13","1991"
"19984","1991-12-14","12","14","1991"
"19985","1991-12-15","12","15","1991"
"19986","1991-12-16","12","16","1991"
"19987","1991-12-17","12","17","1991"
"19988","1991-12-18","12","18","1991"
"19989","1991-12-19","12","19","1991"
"19990","1991-12-20","12","20","1991"
"19991","1991-12-21","12","21","1991"
"19992","1991-12-22","12","22","1991"
"19993","1991-12-23","12","23","1991"
"19994","1991-12-24","12","24","1991"
"19995","1991-12-25","12","25","1991"
"19996","1991-12-26","12","26","1991"
"19997","1991-12-27","12","27","1991"
"19998","1991-12-28","12","28","1991"
"19999","1991-12-29","12","29","1991"
"20000","1991-12-30","12","30","1991"
"20001","1991-12-31","12","31","1991"
"28871","1992-01-01","1","1","1992"
"28872","1992-01-02","1","2","1992"
"28873","1992-01-03","1","3","1992"
"28874","1992-01-04","1","4","1992"
"28875","1992-01-05","1","5","1992"
"28876","1992-01-06","1","6","1992"
"28877","1992-01-07","1","7","1992"
"28878","1992-01-08","1","8","1992"
"28879","1992-01-09","1","9","1992"
"28880","1992-01-10","1","10","1992"
"28881","1992-01-11","1","11","1992"
"28882","1992-01-12","1","12","1992"
"28883","1992-01-13","1","13","1992"
"28884","1992-01-14","1","14","1992"
"28885","1992-01-15","1","15","1992"
"28886","1992-01-16","1","16","1992"
"28887","1992-01-17","1","17","1992"
"28888","1992-01-18","1","18","1992"
"28889","1992-01-19","1","19","1992"
"28890","1992-01-20","1","20","1992"
"28891","1992-01-21","1","21","1992"
"28892","1992-01-22","1","22","1992"
"28893","1992-01-23","1","23","1992"
"28894","1992-01-24","1","24","1992"
"28895","1992-01-25","1","25","1992"
"28896","1992-01-26","1","26","1992"
"28897","1992-01-27","1","27","1992"
"28898","1992-01-28","1","28","1992"
"28899","1992-01-29","1","29","1992"
"28900","1992-01-30","1","30","1992"
"28901","1992-01-31","1","31","1992"
"28971","1992-02-01","2","1","1992"
"28972","1992-02-02","2","2","1992"
"28973","1992-02-03","2","3","1992"
"28974","1992-02-04","2","4","1992"
"28975","1992-02-05","2","5","1992"
"28976","1992-02-06","2","6","1992"
"28977","1992-02-07","2","7","1992"
"28978","1992-02-08","2","8","1992"
"28979","1992-02-09","2","9","1992"
"28980","1992-02-10","2","10","1992"
"28981","1992-02-11","2","11","1992"
"28982","1992-02-12","2","12","1992"
"28983","1992-02-13","2","13","1992"
"28984","1992-02-14","2","14","1992"
"28985","1992-02-15","2","15","1992"
"28986","1992-02-16","2","16","1992"
"28987","1992-02-17","2","17","1992"
"28988","1992-02-18","2","18","1992"
"28989","1992-02-19","2","19","1992"
"28990","1992-02-20","2","20","1992"
"28991","1992-02-21","2","21","1992"
"28992","1992-02-22","2","22","1992"
"28993","1992-02-23","2","23","1992"
"28994","1992-02-24","2","24","1992"
"28995","1992-02-25","2","25","1992"
"28996","1992-02-26","2","26","1992"
"28997","1992-02-27","2","27","1992"
"28998","1992-02-28","2","28","1992"
"28999","1992-02-29","2","29","1992"
"29071","1992-03-01","3","1","1992"
"29072","1992-03-02","3","2","1992"
"29073","1992-03-03","3","3","1992"
"29074","1992-03-04","3","4","1992"
"29075","1992-03-05","3","5","1992"
"29076","1992-03-06","3","6","1992"
"29077","1992-03-07","3","7","1992"
"29078","1992-03-08","3","8","1992"
"29079","1992-03-09","3","9","1992"
"29080","1992-03-10","3","10","1992"
"29081","1992-03-11","3","11","1992"
"29082","1992-03-12","3","12","1992"
"29083","1992-03-13","3","13","1992"
"29084","1992-03-14","3","14","1992"
"29085","1992-03-15","3","15","1992"
"29086","1992-03-16","3","16","1992"
"29087","1992-03-17","3","17","1992"
"29088","1992-03-18","3","18","1992"
"29089","1992-03-19","3","19","1992"
"29090","1992-03-20","3","20","1992"
"29091","1992-03-21","3","21","1992"
"29092","1992-03-22","3","22","1992"
"29093","1992-03-23","3","23","1992"
"29094","1992-03-24","3","24","1992"
"29095","1992-03-25","3","25","1992"
"29096","1992-03-26","3","26","1992"
"29097","1992-03-27","3","27","1992"
"29098","1992-03-28","3","28","1992"
"29099","1992-03-29","3","29","1992"
"29100","1992-03-30","3","30","1992"
"29101","1992-03-31","3","31","1992"
"29171","1992-04-01","4","1","1992"
"29172","1992-04-02","4","2","1992"
"29173","1992-04-03","4","3","1992"
"29174","1992-04-04","4","4","1992"
"29175","1992-04-05","4","5","1992"
"29176","1992-04-06","4","6","1992"
"29177","1992-04-07","4","7","1992"
"29178","1992-04-08","4","8","1992"
"29179","1992-04-09","4","9","1992"
"29180","1992-04-10","4","10","1992"
"29181","1992-04-11","4","11","1992"
"29182","1992-04-12","4","12","1992"
"29183","1992-04-13","4","13","1992"
"29184","1992-04-14","4","14","1992"
"29185","1992-04-15","4","15","1992"
"29186","1992-04-16","4","16","1992"
"29187","1992-04-17","4","17","1992"
"29188","1992-04-18","4","18","1992"
"29189","1992-04-19","4","19","1992"
"29190","1992-04-20","4","20","1992"
"29191","1992-04-21","4","21","1992"
"29192","1992-04-22","4","22","1992"
"29193","1992-04-23","4","23","1992"
"29194","1992-04-24","4","24","1992"
"29195","1992-04-25","4","25","1992"
"29196","1992-04-26","4","26","1992"
"29197","1992-04-27","4","27","1992"
"29198","1992-04-28","4","28","1992"
"29199","1992-04-29","4","29","1992"
"29200","1992-04-30","4","30","1992"
"29271","1992-05-01","5","1","1992"
"29272","1992-05-02","5","2","1992"
"29273","1992-05-03","5","3","1992"
"29274","1992-05-04","5","4","1992"
"29275","1992-05-05","5","5","1992"
"29276","1992-05-06","5","6","1992"
"29277","1992-05-07","5","7","1992"
"29278","1992-05-08","5","8","1992"
"29279","1992-05-09","5","9","1992"
"29280","1992-05-10","5","10","1992"
"29281","1992-05-11","5","11","1992"
"29282","1992-05-12","5","12","1992"
"29283","1992-05-13","5","13","1992"
"29284","1992-05-14","5","14","1992"
"29285","1992-05-15","5","15","1992"
"29286","1992-05-16","5","16","1992"
"29287","1992-05-17","5","17","1992"
"29288","1992-05-18","5","18","1992"
"29289","1992-05-19","5","19","1992"
"29290","1992-05-20","5","20","1992"
"29291","1992-05-21","5","21","1992"
"29292","1992-05-22","5","22","1992"
"29293","1992-05-23","5","23","1992"
"29294","1992-05-24","5","24","1992"
"29295","1992-05-25","5","25","1992"
"29296","1992-05-26","5","26","1992"
"29297","1992-05-27","5","27","1992"
"29298","1992-05-28","5","28","1992"
"29299","1992-05-29","5","29","1992"
"29300","1992-05-30","5","30","1992"
"29301","1992-05-31","5","31","1992"
"29371","1992-06-01","6","1","1992"
"29372","1992-06-02","6","2","1992"
"29373","1992-06-03","6","3","1992"
"29374","1992-06-04","6","4","1992"
"29375","1992-06-05","6","5","1992"
"29376","1992-06-06","6","6","1992"
"29377","1992-06-07","6","7","1992"
"29378","1992-06-08","6","8","1992"
"29379","1992-06-09","6","9","1992"
"29380","1992-06-10","6","10","1992"
"29381","1992-06-11","6","11","1992"
"29382","1992-06-12","6","12","1992"
"29383","1992-06-13","6","13","1992"
"29384","1992-06-14","6","14","1992"
"29385","1992-06-15","6","15","1992"
"29386","1992-06-16","6","16","1992"
"29387","1992-06-17","6","17","1992"
"29388","1992-06-18","6","18","1992"
"29389","1992-06-19","6","19","1992"
"29390","1992-06-20","6","20","1992"
"29391","1992-06-21","6","21","1992"
"29392","1992-06-22","6","22","1992"
"29393","1992-06-23","6","23","1992"
"29394","1992-06-24","6","24","1992"
"29395","1992-06-25","6","25","1992"
"29396","1992-06-26","6","26","1992"
"29397","1992-06-27","6","27","1992"
"29398","1992-06-28","6","28","1992"
"29399","1992-06-29","6","29","1992"
"29400","1992-06-30","6","30","1992"
"29471","1992-07-01","7","1","1992"
"29472","1992-07-02","7","2","1992"
"29473","1992-07-03","7","3","1992"
"29474","1992-07-04","7","4","1992"
"29475","1992-07-05","7","5","1992"
"29476","1992-07-06","7","6","1992"
"29477","1992-07-07","7","7","1992"
"29478","1992-07-08","7","8","1992"
"29479","1992-07-09","7","9","1992"
"29480","1992-07-10","7","10","1992"
"29481","1992-07-11","7","11","1992"
"29482","1992-07-12","7","12","1992"
"29483","1992-07-13","7","13","1992"
"29484","1992-07-14","7","14","1992"
"29485","1992-07-15","7","15","1992"
"29486","1992-07-16","7","16","1992"
"29487","1992-07-17","7","17","1992"
"29488","1992-07-18","7","18","1992"
"29489","1992-07-19","7","19","1992"
"29490","1992-07-20","7","20","1992"
"29491","1992-07-21","7","21","1992"
"29492","1992-07-22","7","22","1992"
"29493","1992-07-23","7","23","1992"
"29494","1992-07-24","7","24","1992"
"29495","1992-07-25","7","25","1992"
"29496","1992-07-26","7","26","1992"
"29497","1992-07-27","7","27","1992"
"29498","1992-07-28","7","28","1992"
"29499","1992-07-29","7","29","1992"
"29500","1992-07-30","7","30","1992"
"29501","1992-07-31","7","31","1992"
"29571","1992-08-01","8","1","1992"
"29572","1992-08-02","8","2","1992"
"29573","1992-08-03","8","3","1992"
"29574","1992-08-04","8","4","1992"
"29575","1992-08-05","8","5","1992"
"29576","1992-08-06","8","6","1992"
"29577","1992-08-07","8","7","1992"
"29578","1992-08-08","8","8","1992"
"29579","1992-08-09","8","9","1992"
"29580","1992-08-10","8","10","1992"
"29581","1992-08-11","8","11","1992"
"29582","1992-08-12","8","12","1992"
"29583","1992-08-13","8","13","1992"
"29584","1992-08-14","8","14","1992"
"29585","1992-08-15","8","15","1992"
"29586","1992-08-16","8","16","1992"
"29587","1992-08-17","8","17","1992"
"29588","1992-08-18","8","18","1992"
"29589","1992-08-19","8","19","1992"
"29590","1992-08-20","8","20","1992"
"29591","1992-08-21","8","21","1992"
"29592","1992-08-22","8","22","1992"
"29593","1992-08-23","8","23","1992"
"29594","1992-08-24","8","24","1992"
"29595","1992-08-25","8","25","1992"
"29596","1992-08-26","8","26","1992"
"29597","1992-08-27","8","27","1992"
"29598","1992-08-28","8","28","1992"
"29599","1992-08-29","8","29","1992"
"29600","1992-08-30","8","30","1992"
"29601","1992-08-31","8","31","1992"
"29671","1992-09-01","9","1","1992"
"29672","1992-09-02","9","2","1992"
"29673","1992-09-03","9","3","1992"
"29674","1992-09-04","9","4","1992"
"29675","1992-09-05","9","5","1992"
"29676","1992-09-06","9","6","1992"
"29677","1992-09-07","9","7","1992"
"29678","1992-09-08","9","8","1992"
"29679","1992-09-09","9","9","1992"
"29680","1992-09-10","9","10","1992"
"29681","1992-09-11","9","11","1992"
"29682","1992-09-12","9","12","1992"
"29683","1992-09-13","9","13","1992"
"29684","1992-09-14","9","14","1992"
"29685","1992-09-15","9","15","1992"
"29686","1992-09-16","9","16","1992"
"29687","1992-09-17","9","17","1992"
"29688","1992-09-18","9","18","1992"
"29689","1992-09-19","9","19","1992"
"29690","1992-09-20","9","20","1992"
"29691","1992-09-21","9","21","1992"
"29692","1992-09-22","9","22","1992"
"29693","1992-09-23","9","23","1992"
"29694","1992-09-24","9","24","1992"
"29695","1992-09-25","9","25","1992"
"29696","1992-09-26","9","26","1992"
"29697","1992-09-27","9","27","1992"
"29698","1992-09-28","9","28","1992"
"29699","1992-09-29","9","29","1992"
"29700","1992-09-30","9","30","1992"
"29771","1992-10-01","10","1","1992"
"29772","1992-10-02","10","2","1992"
"29773","1992-10-03","10","3","1992"
"29774","1992-10-04","10","4","1992"
"29775","1992-10-05","10","5","1992"
"29776","1992-10-06","10","6","1992"
"29777","1992-10-07","10","7","1992"
"29778","1992-10-08","10","8","1992"
"29779","1992-10-09","10","9","1992"
"29780","1992-10-10","10","10","1992"
"29781","1992-10-11","10","11","1992"
"29782","1992-10-12","10","12","1992"
"29783","1992-10-13","10","13","1992"
"29784","1992-10-14","10","14","1992"
"29785","1992-10-15","10","15","1992"
"29786","1992-10-16","10","16","1992"
"29787","1992-10-17","10","17","1992"
"29788","1992-10-18","10","18","1992"
"29789","1992-10-19","10","19","1992"
"29790","1992-10-20","10","20","1992"
"29791","1992-10-21","10","21","1992"
"29792","1992-10-22","10","22","1992"
"29793","1992-10-23","10","23","1992"
"29794","1992-10-24","10","24","1992"
"29795","1992-10-25","10","25","1992"
"29796","1992-10-26","10","26","1992"
"29797","1992-10-27","10","27","1992"
"29798","1992-10-28","10","28","1992"
"29799","1992-10-29","10","29","1992"
"29800","1992-10-30","10","30","1992"
"29801","1992-10-31","10","31","1992"
"29871","1992-11-01","11","1","1992"
"29872","1992-11-02","11","2","1992"
"29873","1992-11-03","11","3","1992"
"29874","1992-11-04","11","4","1992"
"29875","1992-11-05","11","5","1992"
"29876","1992-11-06","11","6","1992"
"29877","1992-11-07","11","7","1992"
"29878","1992-11-08","11","8","1992"
"29879","1992-11-09","11","9","1992"
"29880","1992-11-10","11","10","1992"
"29881","1992-11-11","11","11","1992"
"29882","1992-11-12","11","12","1992"
"29883","1992-11-13","11","13","1992"
"29884","1992-11-14","11","14","1992"
"29885","1992-11-15","11","15","1992"
"29886","1992-11-16","11","16","1992"
"29887","1992-11-17","11","17","1992"
"29888","1992-11-18","11","18","1992"
"29889","1992-11-19","11","19","1992"
"29890","1992-11-20","11","20","1992"
"29891","1992-11-21","11","21","1992"
"29892","1992-11-22","11","22","1992"
"29893","1992-11-23","11","23","1992"
"29894","1992-11-24","11","24","1992"
"29895","1992-11-25","11","25","1992"
"29896","1992-11-26","11","26","1992"
"29897","1992-11-27","11","27","1992"
"29898","1992-11-28","11","28","1992"
"29899","1992-11-29","11","29","1992"
"29900","1992-11-30","11","30","1992"
"29971","1992-12-01","12","1","1992"
"29972","1992-12-02","12","2","1992"
"29973","1992-12-03","12","3","1992"
"29974","1992-12-04","12","4","1992"
"29975","1992-12-05","12","5","1992"
"29976","1992-12-06","12","6","1992"
"29977","1992-12-07","12","7","1992"
"29978","1992-12-08","12","8","1992"
"29979","1992-12-09","12","9","1992"
"29980","1992-12-10","12","10","1992"
"29981","1992-12-11","12","11","1992"
"29982","1992-12-12","12","12","1992"
"29983","1992-12-13","12","13","1992"
"29984","1992-12-14","12","14","1992"
"29985","1992-12-15","12","15","1992"
"29986","1992-12-16","12","16","1992"
"29987","1992-12-17","12","17","1992"
"29988","1992-12-18","12","18","1992"
"29989","1992-12-19","12","19","1992"
"29990","1992-12-20","12","20","1992"
"29991","1992-12-21","12","21","1992"
"29992","1992-12-22","12","22","1992"
"29993","1992-12-23","12","23","1992"
"29994","1992-12-24","12","24","1992"
"29995","1992-12-25","12","25","1992"
"29996","1992-12-26","12","26","1992"
"29997","1992-12-27","12","27","1992"
"29998","1992-12-28","12","28","1992"
"29999","1992-12-29","12","29","1992"
"30000","1992-12-30","12","30","1992"
"30001","1992-12-31","12","31","1992"
"38871","1993-01-01","1","1","1993"
"38872","1993-01-02","1","2","1993"
"38873","1993-01-03","1","3","1993"
"38874","1993-01-04","1","4","1993"
"38875","1993-01-05","1","5","1993"
"38876","1993-01-06","1","6","1993"
"38877","1993-01-07","1","7","1993"
"38878","1993-01-08","1","8","1993"
"38879","1993-01-09","1","9","1993"
"38880","1993-01-10","1","10","1993"
"38881","1993-01-11","1","11","1993"
"38882","1993-01-12","1","12","1993"
"38883","1993-01-13","1","13","1993"
"38884","1993-01-14","1","14","1993"
"38885","1993-01-15","1","15","1993"
"38886","1993-01-16","1","16","1993"
"38887","1993-01-17","1","17","1993"
"38888","1993-01-18","1","18","1993"
"38889","1993-01-19","1","19","1993"
"38890","1993-01-20","1","20","1993"
"38891","1993-01-21","1","21","1993"
"38892","1993-01-22","1","22","1993"
"38893","1993-01-23","1","23","1993"
"38894","1993-01-24","1","24","1993"
"38895","1993-01-25","1","25","1993"
"38896","1993-01-26","1","26","1993"
"38897","1993-01-27","1","27","1993"
"38898","1993-01-28","1","28","1993"
"38899","1993-01-29","1","29","1993"
"38900","1993-01-30","1","30","1993"
"38901","1993-01-31","1","31","1993"
"38971","1993-02-01","2","1","1993"
"38972","1993-02-02","2","2","1993"
"38973","1993-02-03","2","3","1993"
"38974","1993-02-04","2","4","1993"
"38975","1993-02-05","2","5","1993"
"38976","1993-02-06","2","6","1993"
"38977","1993-02-07","2","7","1993"
"38978","1993-02-08","2","8","1993"
"38979","1993-02-09","2","9","1993"
"38980","1993-02-10","2","10","1993"
"38981","1993-02-11","2","11","1993"
"38982","1993-02-12","2","12","1993"
"38983","1993-02-13","2","13","1993"
"38984","1993-02-14","2","14","1993"
"38985","1993-02-15","2","15","1993"
"38986","1993-02-16","2","16","1993"
"38987","1993-02-17","2","17","1993"
"38988","1993-02-18","2","18","1993"
"38989","1993-02-19","2","19","1993"
"38990","1993-02-20","2","20","1993"
"38991","1993-02-21","2","21","1993"
"38992","1993-02-22","2","22","1993"
"38993","1993-02-23","2","23","1993"
"38994","1993-02-24","2","24","1993"
"38995","1993-02-25","2","25","1993"
"38996","1993-02-26","2","26","1993"
"38997","1993-02-27","2","27","1993"
"38998","1993-02-28","2","28","1993"
"39071","1993-03-01","3","1","1993"
"39072","1993-03-02","3","2","1993"
"39073","1993-03-03","3","3","1993"
"39074","1993-03-04","3","4","1993"
"39075","1993-03-05","3","5","1993"
"39076","1993-03-06","3","6","1993"
"39077","1993-03-07","3","7","1993"
"39078","1993-03-08","3","8","1993"
"39079","1993-03-09","3","9","1993"
"39080","1993-03-10","3","10","1993"
"39081","1993-03-11","3","11","1993"
"39082","1993-03-12","3","12","1993"
"39083","1993-03-13","3","13","1993"
"39084","1993-03-14","3","14","1993"
"39085","1993-03-15","3","15","1993"
"39086","1993-03-16","3","16","1993"
"39087","1993-03-17","3","17","1993"
"39088","1993-03-18","3","18","1993"
"39089","1993-03-19","3","19","1993"
"39090","1993-03-20","3","20","1993"
"39091","1993-03-21","3","21","1993"
"39092","1993-03-22","3","22","1993"
"39093","1993-03-23","3","23","1993"
"39094","1993-03-24","3","24","1993"
"39095","1993-03-25","3","25","1993"
"39096","1993-03-26","3","26","1993"
"39097","1993-03-27","3","27","1993"
"39098","1993-03-28","3","28","1993"
"39099","1993-03-29","3","29","1993"
"39100","1993-03-30","3","30","1993"
"39101","1993-03-31","3","31","1993"
"39171","1993-04-01","4","1","1993"
"39172","1993-04-02","4","2","1993"
"39173","1993-04-03","4","3","1993"
"39174","1993-04-04","4","4","1993"
"39175","1993-04-05","4","5","1993"
"39176","1993-04-06","4","6","1993"
"39177","1993-04-07","4","7","1993"
"39178","1993-04-08","4","8","1993"
"39179","1993-04-09","4","9","1993"
"39180","1993-04-10","4","10","1993"
"39181","1993-04-11","4","11","1993"
"39182","1993-04-12","4","12","1993"
"39183","1993-04-13","4","13","1993"
"39184","1993-04-14","4","14","1993"
"39185","1993-04-15","4","15","1993"
"39186","1993-04-16","4","16","1993"
"39187","1993-04-17","4","17","1993"
"39188","1993-04-18","4","18","1993"
"39189","1993-04-19","4","19","1993"
"39190","1993-04-20","4","20","1993"
"39191","1993-04-21","4","21","1993"
"39192","1993-04-22","4","22","1993"
"39193","1993-04-23","4","23","1993"
"39194","1993-04-24","4","24","1993"
"39195","1993-04-25","4","25","1993"
"39196","1993-04-26","4","26","1993"
"39197","1993-04-27","4","27","1993"
"39198","1993-04-28","4","28","1993"
"39199","1993-04-29","4","29","1993"
"39200","1993-04-30","4","30","1993"
"39271","1993-05-01","5","1","1993"
"39272","1993-05-02","5","2","1993"
"39273","1993-05-03","5","3","1993"
"39274","1993-05-04","5","4","1993"
"39275","1993-05-05","5","5","1993"
"39276","1993-05-06","5","6","1993"
"39277","1993-05-07","5","7","1993"
"39278","1993-05-08","5","8","1993"
"39279","1993-05-09","5","9","1993"
"39280","1993-05-10","5","10","1993"
"39281","1993-05-11","5","11","1993"
"39282","1993-05-12","5","12","1993"
"39283","1993-05-13","5","13","1993"
"39284","1993-05-14","5","14","1993"
"39285","1993-05-15","5","15","1993"
"39286","1993-05-16","5","16","1993"
"39287","1993-05-17","5","17","1993"
"39288","1993-05-18","5","18","1993"
"39289","1993-05-19","5","19","1993"
"39290","1993-05-20","5","20","1993"
"39291","1993-05-21","5","21","1993"
"39292","1993-05-22","5","22","1993"
"39293","1993-05-23","5","23","1993"
"39294","1993-05-24","5","24","1993"
"39295","1993-05-25","5","25","1993"
"39296","1993-05-26","5","26","1993"
"39297","1993-05-27","5","27","1993"
"39298","1993-05-28","5","28","1993"
"39299","1993-05-29","5","29","1993"
"39300","1993-05-30","5","30","1993"
"39301","1993-05-31","5","31","1993"
"39371","1993-06-01","6","1","1993"
"39372","1993-06-02","6","2","1993"
"39373","1993-06-03","6","3","1993"
"39374","1993-06-04","6","4","1993"
"39375","1993-06-05","6","5","1993"
"39376","1993-06-06","6","6","1993"
"39377","1993-06-07","6","7","1993"
"39378","1993-06-08","6","8","1993"
"39379","1993-06-09","6","9","1993"
"39380","1993-06-10","6","10","1993"
"39381","1993-06-11","6","11","1993"
"39382","1993-06-12","6","12","1993"
"39383","1993-06-13","6","13","1993"
"39384","1993-06-14","6","14","1993"
"39385","1993-06-15","6","15","1993"
"39386","1993-06-16","6","16","1993"
"39387","1993-06-17","6","17","1993"
"39388","1993-06-18","6","18","1993"
"39389","1993-06-19","6","19","1993"
"39390","1993-06-20","6","20","1993"
"39391","1993-06-21","6","21","1993"
"39392","1993-06-22","6","22","1993"
"39393","1993-06-23","6","23","1993"
"39394","1993-06-24","6","24","1993"
"39395","1993-06-25","6","25","1993"
"39396","1993-06-26","6","26","1993"
"39397","1993-06-27","6","27","1993"
"39398","1993-06-28","6","28","1993"
"39399","1993-06-29","6","29","1993"
"39400","1993-06-30","6","30","1993"
"39471","1993-07-01","7","1","1993"
"39472","1993-07-02","7","2","1993"
"39473","1993-07-03","7","3","1993"
"39474","1993-07-04","7","4","1993"
"39475","1993-07-05","7","5","1993"
"39476","1993-07-06","7","6","1993"
"39477","1993-07-07","7","7","1993"
"39478","1993-07-08","7","8","1993"
"39479","1993-07-09","7","9","1993"
"39480","1993-07-10","7","10","1993"
"39481","1993-07-11","7","11","1993"
"39482","1993-07-12","7","12","1993"
"39483","1993-07-13","7","13","1993"
"39484","1993-07-14","7","14","1993"
"39485","1993-07-15","7","15","1993"
"39486","1993-07-16","7","16","1993"
"39487","1993-07-17","7","17","1993"
"39488","1993-07-18","7","18","1993"
"39489","1993-07-19","7","19","1993"
"39490","1993-07-20","7","20","1993"
"39491","1993-07-21","7","21","1993"
"39492","1993-07-22","7","22","1993"
"39493","1993-07-23","7","23","1993"
"39494","1993-07-24","7","24","1993"
"39495","1993-07-25","7","25","1993"
"39496","1993-07-26","7","26","1993"
"39497","1993-07-27","7","27","1993"
"39498","1993-07-28","7","28","1993"
"39499","1993-07-29","7","29","1993"
"39500","1993-07-30","7","30","1993"
"39501","1993-07-31","7","31","1993"
"39571","1993-08-01","8","1","1993"
"39572","1993-08-02","8","2","1993"
"39573","1993-08-03","8","3","1993"
"39574","1993-08-04","8","4","1993"
"39575","1993-08-05","8","5","1993"
"39576","1993-08-06","8","6","1993"
"39577","1993-08-07","8","7","1993"
"39578","1993-08-08","8","8","1993"
"39579","1993-08-09","8","9","1993"
"39580","1993-08-10","8","10","1993"
"39581","1993-08-11","8","11","1993"
"39582","1993-08-12","8","12","1993"
"39583","1993-08-13","8","13","1993"
"39584","1993-08-14","8","14","1993"
"39585","1993-08-15","8","15","1993"
"39586","1993-08-16","8","16","1993"
"39587","1993-08-17","8","17","1993"
"39588","1993-08-18","8","18","1993"
"39589","1993-08-19","8","19","1993"
"39590","1993-08-20","8","20","1993"
"39591","1993-08-21","8","21","1993"
"39592","1993-08-22","8","22","1993"
"39593","1993-08-23","8","23","1993"
"39594","1993-08-24","8","24","1993"
"39595","1993-08-25","8","25","1993"
"39596","1993-08-26","8","26","1993"
"39597","1993-08-27","8","27","1993"
"39598","1993-08-28","8","28","1993"
"39599","1993-08-29","8","29","1993"
"39600","1993-08-30","8","30","1993"
"39601","1993-08-31","8","31","1993"
"39671","1993-09-01","9","1","1993"
"39672","1993-09-02","9","2","1993"
"39673","1993-09-03","9","3","1993"
"39674","1993-09-04","9","4","1993"
"39675","1993-09-05","9","5","1993"
"39676","1993-09-06","9","6","1993"
"39677","1993-09-07","9","7","1993"
"39678","1993-09-08","9","8","1993"
"39679","1993-09-09","9","9","1993"
"39680","1993-09-10","9","10","1993"
"39681","1993-09-11","9","11","1993"
"39682","1993-09-12","9","12","1993"
"39683","1993-09-13","9","13","1993"
"39684","1993-09-14","9","14","1993"
"39685","1993-09-15","9","15","1993"
"39686","1993-09-16","9","16","1993"
"39687","1993-09-17","9","17","1993"
"39688","1993-09-18","9","18","1993"
"39689","1993-09-19","9","19","1993"
"39690","1993-09-20","9","20","1993"
"39691","1993-09-21","9","21","1993"
"39692","1993-09-22","9","22","1993"
"39693","1993-09-23","9","23","1993"
"39694","1993-09-24","9","24","1993"
"39695","1993-09-25","9","25","1993"
"39696","1993-09-26","9","26","1993"
"39697","1993-09-27","9","27","1993"
"39698","1993-09-28","9","28","1993"
"39699","1993-09-29","9","29","1993"
"39700","1993-09-30","9","30","1993"
"39771","1993-10-01","10","1","1993"
"39772","1993-10-02","10","2","1993"
"39773","1993-10-03","10","3","1993"
"39774","1993-10-04","10","4","1993"
"39775","1993-10-05","10","5","1993"
"39776","1993-10-06","10","6","1993"
"39777","1993-10-07","10","7","1993"
"39778","1993-10-08","10","8","1993"
"39779","1993-10-09","10","9","1993"
"39780","1993-10-10","10","10","1993"
"39781","1993-10-11","10","11","1993"
"39782","1993-10-12","10","12","1993"
"39783","1993-10-13","10","13","1993"
"39784","1993-10-14","10","14","1993"
"39785","1993-10-15","10","15","1993"
"39786","1993-10-16","10","16","1993"
"39787","1993-10-17","10","17","1993"
"39788","1993-10-18","10","18","1993"
"39789","1993-10-19","10","19","1993"
"39790","1993-10-20","10","20","1993"
"39791","1993-10-21","10","21","1993"
"39792","1993-10-22","10","22","1993"
"39793","1993-10-23","10","23","1993"
"39794","1993-10-24","10","24","1993"
"39795","1993-10-25","10","25","1993"
"39796","1993-10-26","10","26","1993"
"39797","1993-10-27","10","27","1993"
"39798","1993-10-28","10","28","1993"
"39799","1993-10-29","10","29","1993"
"39800","1993-10-30","10","30","1993"
"39801","1993-10-31","10","31","1993"
"39871","1993-11-01","11","1","1993"
"39872","1993-11-02","11","2","1993"
"39873","1993-11-03","11","3","1993"
"39874","1993-11-04","11","4","1993"
"39875","1993-11-05","11","5","1993"
"39876","1993-11-06","11","6","1993"
"39877","1993-11-07","11","7","1993"
"39878","1993-11-08","11","8","1993"
"39879","1993-11-09","11","9","1993"
"39880","1993-11-10","11","10","1993"
"39881","1993-11-11","11","11","1993"
"39882","1993-11-12","11","12","1993"
"39883","1993-11-13","11","13","1993"
"39884","1993-11-14","11","14","1993"
"39885","1993-11-15","11","15","1993"
"39886","1993-11-16","11","16","1993"
"39887","1993-11-17","11","17","1993"
"39888","1993-11-18","11","18","1993"
"39889","1993-11-19","11","19","1993"
"39890","1993-11-20","11","20","1993"
"39891","1993-11-21","11","21","1993"
"39892","1993-11-22","11","22","1993"
"39893","1993-11-23","11","23","1993"
"39894","1993-11-24","11","24","1993"
"39895","1993-11-25","11","25","1993"
"39896","1993-11-26","11","26","1993"
"39897","1993-11-27","11","27","1993"
"39898","1993-11-28","11","28","1993"
"39899","1993-11-29","11","29","1993"
"39900","1993-11-30","11","30","1993"
"39971","1993-12-01","12","1","1993"
"39972","1993-12-02","12","2","1993"
"39973","1993-12-03","12","3","1993"
"39974","1993-12-04","12","4","1993"
"39975","1993-12-05","12","5","1993"
"39976","1993-12-06","12","6","1993"
"39977","1993-12-07","12","7","1993"
"39978","1993-12-08","12","8","1993"
"39979","1993-12-09","12","9","1993"
"39980","1993-12-10","12","10","1993"
"39981","1993-12-11","12","11","1993"
"39982","1993-12-12","12","12","1993"
"39983","1993-12-13","12","13","1993"
"39984","1993-12-14","12","14","1993"
"39985","1993-12-15","12","15","1993"
"39986","1993-12-16","12","16","1993"
"39987","1993-12-17","12","17","1993"
"39988","1993-12-18","12","18","1993"
"39989","1993-12-19","12","19","1993"
"39990","1993-12-20","12","20","1993"
"39991","1993-12-21","12","21","1993"
"39992","1993-12-22","12","22","1993"
"39993","1993-12-23","12","23","1993"
"39994","1993-12-24","12","24","1993"
"39995","1993-12-25","12","25","1993"
"39996","1993-12-26","12","26","1993"
"39997","1993-12-27","12","27","1993"
"39998","1993-12-28","12","28","1993"
"39999","1993-12-29","12","29","1993"
"40000","1993-12-30","12","30","1993"
"40001","1993-12-31","12","31","1993"
"48871","1994-01-01","1","1","1994"
"48872","1994-01-02","1","2","1994"
"48873","1994-01-03","1","3","1994"
"48874","1994-01-04","1","4","1994"
"48875","1994-01-05","1","5","1994"
"48876","1994-01-06","1","6","1994"
"48877","1994-01-07","1","7","1994"
"48878","1994-01-08","1","8","1994"
"48879","1994-01-09","1","9","1994"
"48880","1994-01-10","1","10","1994"
"48881","1994-01-11","1","11","1994"
"48882","1994-01-12","1","12","1994"
"48883","1994-01-13","1","13","1994"
"48884","1994-01-14","1","14","1994"
"48885","1994-01-15","1","15","1994"
"48886","1994-01-16","1","16","1994"
"48887","1994-01-17","1","17","1994"
"48888","1994-01-18","1","18","1994"
"48889","1994-01-19","1","19","1994"
"48890","1994-01-20","1","20","1994"
"48891","1994-01-21","1","21","1994"
"48892","1994-01-22","1","22","1994"
"48893","1994-01-23","1","23","1994"
"48894","1994-01-24","1","24","1994"
"48895","1994-01-25","1","25","1994"
"48896","1994-01-26","1","26","1994"
"48897","1994-01-27","1","27","1994"
"48898","1994-01-28","1","28","1994"
"48899","1994-01-29","1","29","1994"
"48900","1994-01-30","1","30","1994"
"48901","1994-01-31","1","31","1994"
"48971","1994-02-01","2","1","1994"
"48972","1994-02-02","2","2","1994"
"48973","1994-02-03","2","3","1994"
"48974","1994-02-04","2","4","1994"
"48975","1994-02-05","2","5","1994"
"48976","1994-02-06","2","6","1994"
"48977","1994-02-07","2","7","1994"
"48978","1994-02-08","2","8","1994"
"48979","1994-02-09","2","9","1994"
"48980","1994-02-10","2","10","1994"
"48981","1994-02-11","2","11","1994"
"48982","1994-02-12","2","12","1994"
"48983","1994-02-13","2","13","1994"
"48984","1994-02-14","2","14","1994"
"48985","1994-02-15","2","15","1994"
"48986","1994-02-16","2","16","1994"
"48987","1994-02-17","2","17","1994"
"48988","1994-02-18","2","18","1994"
"48989","1994-02-19","2","19","1994"
"48990","1994-02-20","2","20","1994"
"48991","1994-02-21","2","21","1994"
"48992","1994-02-22","2","22","1994"
"48993","1994-02-23","2","23","1994"
"48994","1994-02-24","2","24","1994"
"48995","1994-02-25","2","25","1994"
"48996","1994-02-26","2","26","1994"
"48997","1994-02-27","2","27","1994"
"48998","1994-02-28","2","28","1994"
"49071","1994-03-01","3","1","1994"
"49072","1994-03-02","3","2","1994"
"49073","1994-03-03","3","3","1994"
"49074","1994-03-04","3","4","1994"
"49075","1994-03-05","3","5","1994"
"49076","1994-03-06","3","6","1994"
"49077","1994-03-07","3","7","1994"
"49078","1994-03-08","3","8","1994"
"49079","1994-03-09","3","9","1994"
"49080","1994-03-10","3","10","1994"
"49081","1994-03-11","3","11","1994"
"49082","1994-03-12","3","12","1994"
"49083","1994-03-13","3","13","1994"
"49084","1994-03-14","3","14","1994"
"49085","1994-03-15","3","15","1994"
"49086","1994-03-16","3","16","1994"
"49087","1994-03-17","3","17","1994"
"49088","1994-03-18","3","18","1994"
"49089","1994-03-19","3","19","1994"
"49090","1994-03-20","3","20","1994"
"49091","1994-03-21","3","21","1994"
"49092","1994-03-22","3","22","1994"
"49093","1994-03-23","3","23","1994"
"49094","1994-03-24","3","24","1994"
"49095","1994-03-25","3","25","1994"
"49096","1994-03-26","3","26","1994"
"49097","1994-03-27","3","27","1994"
"49098","1994-03-28","3","28","1994"
"49099","1994-03-29","3","29","1994"
"49100","1994-03-30","3","30","1994"
"49101","1994-03-31","3","31","1994"
"49171","1994-04-01","4","1","1994"
"49172","1994-04-02","4","2","1994"
"49173","1994-04-03","4","3","1994"
"49174","1994-04-04","4","4","1994"
"49175","1994-04-05","4","5","1994"
"49176","1994-04-06","4","6","1994"
"49177","1994-04-07","4","7","1994"
"49178","1994-04-08","4","8","1994"
"49179","1994-04-09","4","9","1994"
"49180","1994-04-10","4","10","1994"
"49181","1994-04-11","4","11","1994"
"49182","1994-04-12","4","12","1994"
"49183","1994-04-13","4","13","1994"
"49184","1994-04-14","4","14","1994"
"49185","1994-04-15","4","15","1994"
"49186","1994-04-16","4","16","1994"
"49187","1994-04-17","4","17","1994"
"49188","1994-04-18","4","18","1994"
"49189","1994-04-19","4","19","1994"
"49190","1994-04-20","4","20","1994"
"49191","1994-04-21","4","21","1994"
"49192","1994-04-22","4","22","1994"
"49193","1994-04-23","4","23","1994"
"49194","1994-04-24","4","24","1994"
"49195","1994-04-25","4","25","1994"
"49196","1994-04-26","4","26","1994"
"49197","1994-04-27","4","27","1994"
"49198","1994-04-28","4","28","1994"
"49199","1994-04-29","4","29","1994"
"49200","1994-04-30","4","30","1994"
"49271","1994-05-01","5","1","1994"
"49272","1994-05-02","5","2","1994"
"49273","1994-05-03","5","3","1994"
"49274","1994-05-04","5","4","1994"
"49275","1994-05-05","5","5","1994"
"49276","1994-05-06","5","6","1994"
"49277","1994-05-07","5","7","1994"
"49278","1994-05-08","5","8","1994"
"49279","1994-05-09","5","9","1994"
"49280","1994-05-10","5","10","1994"
"49281","1994-05-11","5","11","1994"
"49282","1994-05-12","5","12","1994"
"49283","1994-05-13","5","13","1994"
"49284","1994-05-14","5","14","1994"
"49285","1994-05-15","5","15","1994"
"49286","1994-05-16","5","16","1994"
"49287","1994-05-17","5","17","1994"
"49288","1994-05-18","5","18","1994"
"49289","1994-05-19","5","19","1994"
"49290","1994-05-20","5","20","1994"
"49291","1994-05-21","5","21","1994"
"49292","1994-05-22","5","22","1994"
"49293","1994-05-23","5","23","1994"
"49294","1994-05-24","5","24","1994"
"49295","1994-05-25","5","25","1994"
"49296","1994-05-26","5","26","1994"
"49297","1994-05-27","5","27","1994"
"49298","1994-05-28","5","28","1994"
"49299","1994-05-29","5","29","1994"
"49300","1994-05-30","5","30","1994"
"49301","1994-05-31","5","31","1994"
"49371","1994-06-01","6","1","1994"
"49372","1994-06-02","6","2","1994"
"49373","1994-06-03","6","3","1994"
"49374","1994-06-04","6","4","1994"
"49375","1994-06-05","6","5","1994"
"49376","1994-06-06","6","6","1994"
"49377","1994-06-07","6","7","1994"
"49378","1994-06-08","6","8","1994"
"49379","1994-06-09","6","9","1994"
"49380","1994-06-10","6","10","1994"
"49381","1994-06-11","6","11","1994"
"49382","1994-06-12","6","12","1994"
"49383","1994-06-13","6","13","1994"
"49384","1994-06-14","6","14","1994"
"49385","1994-06-15","6","15","1994"
"49386","1994-06-16","6","16","1994"
"49387","1994-06-17","6","17","1994"
"49388","1994-06-18","6","18","1994"
"49389","1994-06-19","6","19","1994"
"49390","1994-06-20","6","20","1994"
"49391","1994-06-21","6","21","1994"
"49392","1994-06-22","6","22","1994"
"49393","1994-06-23","6","23","1994"
"49394","1994-06-24","6","24","1994"
"49395","1994-06-25","6","25","1994"
"49396","1994-06-26","6","26","1994"
"49397","1994-06-27","6","27","1994"
"49398","1994-06-28","6","28","1994"
"49399","1994-06-29","6","29","1994"
"49400","1994-06-30","6","30","1994"
"49471","1994-07-01","7","1","1994"
"49472","1994-07-02","7","2","1994"
"49473","1994-07-03","7","3","1994"
"49474","1994-07-04","7","4","1994"
"49475","1994-07-05","7","5","1994"
"49476","1994-07-06","7","6","1994"
"49477","1994-07-07","7","7","1994"
"49478","1994-07-08","7","8","1994"
"49479","1994-07-09","7","9","1994"
"49480","1994-07-10","7","10","1994"
"49481","1994-07-11","7","11","1994"
"49482","1994-07-12","7","12","1994"
"49483","1994-07-13","7","13","1994"
"49484","1994-07-14","7","14","1994"
"49485","1994-07-15","7","15","1994"
"49486","1994-07-16","7","16","1994"
"49487","1994-07-17","7","17","1994"
"49488","1994-07-18","7","18","1994"
"49489","1994-07-19","7","19","1994"
"49490","1994-07-20","7","20","1994"
"49491","1994-07-21","7","21","1994"
"49492","1994-07-22","7","22","1994"
"49493","1994-07-23","7","23","1994"
"49494","1994-07-24","7","24","1994"
"49495","1994-07-25","7","25","1994"
"49496","1994-07-26","7","26","1994"
"49497","1994-07-27","7","27","1994"
"49498","1994-07-28","7","28","1994"
"49499","1994-07-29","7","29","1994"
"49500","1994-07-30","7","30","1994"
"49501","1994-07-31","7","31","1994"
"49571","1994-08-01","8","1","1994"
"49572","1994-08-02","8","2","1994"
"49573","1994-08-03","8","3","1994"
"49574","1994-08-04","8","4","1994"
"49575","1994-08-05","8","5","1994"
"49576","1994-08-06","8","6","1994"
"49577","1994-08-07","8","7","1994"
"49578","1994-08-08","8","8","1994"
"49579","1994-08-09","8","9","1994"
"49580","1994-08-10","8","10","1994"
"49581","1994-08-11","8","11","1994"
"49582","1994-08-12","8","12","1994"
"49583","1994-08-13","8","13","1994"
"49584","1994-08-14","8","14","1994"
"49585","1994-08-15","8","15","1994"
"49586","1994-08-16","8","16","1994"
"49587","1994-08-17","8","17","1994"
"49588","1994-08-18","8","18","1994"
"49589","1994-08-19","8","19","1994"
"49590","1994-08-20","8","20","1994"
"49591","1994-08-21","8","21","1994"
"49592","1994-08-22","8","22","1994"
"49593","1994-08-23","8","23","1994"
"49594","1994-08-24","8","24","1994"
"49595","1994-08-25","8","25","1994"
"49596","1994-08-26","8","26","1994"
"49597","1994-08-27","8","27","1994"
"49598","1994-08-28","8","28","1994"
"49599","1994-08-29","8","29","1994"
"49600","1994-08-30","8","30","1994"
"49601","1994-08-31","8","31","1994"
"49671","1994-09-01","9","1","1994"
"49672","1994-09-02","9","2","1994"
"49673","1994-09-03","9","3","1994"
"49674","1994-09-04","9","4","1994"
"49675","1994-09-05","9","5","1994"
"49676","1994-09-06","9","6","1994"
"49677","1994-09-07","9","7","1994"
"49678","1994-09-08","9","8","1994"
"49679","1994-09-09","9","9","1994"
"49680","1994-09-10","9","10","1994"
"49681","1994-09-11","9","11","1994"
"49682","1994-09-12","9","12","1994"
"49683","1994-09-13","9","13","1994"
"49684","1994-09-14","9","14","1994"
"49685","1994-09-15","9","15","1994"
"49686","1994-09-16","9","16","1994"
"49687","1994-09-17","9","17","1994"
"49688","1994-09-18","9","18","1994"
"49689","1994-09-19","9","19","1994"
"49690","1994-09-20","9","20","1994"
"49691","1994-09-21","9","21","1994"
"49692","1994-09-22","9","22","1994"
"49693","1994-09-23","9","23","1994"
"49694","1994-09-24","9","24","1994"
"49695","1994-09-25","9","25","1994"
"49696","1994-09-26","9","26","1994"
"49697","1994-09-27","9","27","1994"
"49698","1994-09-28","9","28","1994"
"49699","1994-09-29","9","29","1994"
"49700","1994-09-30","9","30","1994"
"49771","1994-10-01","10","1","1994"
"49772","1994-10-02","10","2","1994"
"49773","1994-10-03","10","3","1994"
"49774","1994-10-04","10","4","1994"
"49775","1994-10-05","10","5","1994"
"49776","1994-10-06","10","6","1994"
"49777","1994-10-07","10","7","1994"
"49778","1994-10-08","10","8","1994"
"49779","1994-10-09","10","9","1994"
"49780","1994-10-10","10","10","1994"
"49781","1994-10-11","10","11","1994"
"49782","1994-10-12","10","12","1994"
"49783","1994-10-13","10","13","1994"
"49784","1994-10-14","10","14","1994"
"49785","1994-10-15","10","15","1994"
"49786","1994-10-16","10","16","1994"
"49787","1994-10-17","10","17","1994"
"49788","1994-10-18","10","18","1994"
"49789","1994-10-19","10","19","1994"
"49790","1994-10-20","10","20","1994"
"49791","1994-10-21","10","21","1994"
"49792","1994-10-22","10","22","1994"
"49793","1994-10-23","10","23","1994"
"49794","1994-10-24","10","24","1994"
"49795","1994-10-25","10","25","1994"
"49796","1994-10-26","10","26","1994"
"49797","1994-10-27","10","27","1994"
"49798","1994-10-28","10","28","1994"
"49799","1994-10-29","10","29","1994"
"49800","1994-10-30","10","30","1994"
"49801","1994-10-31","10","31","1994"
"49871","1994-11-01","11","1","1994"
"49872","1994-11-02","11","2","1994"
"49873","1994-11-03","11","3","1994"
"49874","1994-11-04","11","4","1994"
"49875","1994-11-05","11","5","1994"
"49876","1994-11-06","11","6","1994"
"49877","1994-11-07","11","7","1994"
"49878","1994-11-08","11","8","1994"
"49879","1994-11-09","11","9","1994"
"49880","1994-11-10","11","10","1994"
"49881","1994-11-11","11","11","1994"
"49882","1994-11-12","11","12","1994"
"49883","1994-11-13","11","13","1994"
"49884","1994-11-14","11","14","1994"
"49885","1994-11-15","11","15","1994"
"49886","1994-11-16","11","16","1994"
"49887","1994-11-17","11","17","1994"
"49888","1994-11-18","11","18","1994"
"49889","1994-11-19","11","19","1994"
"49890","1994-11-20","11","20","1994"
"49891","1994-11-21","11","21","1994"
"49892","1994-11-22","11","22","1994"
"49893","1994-11-23","11","23","1994"
"49894","1994-11-24","11","24","1994"
"49895","1994-11-25","11","25","1994"
"49896","1994-11-26","11","26","1994"
"49897","1994-11-27","11","27","1994"
"49898","1994-11-28","11","28","1994"
"49899","1994-11-29","11","29","1994"
"49900","1994-11-30","11","30","1994"
"49971","1994-12-01","12","1","1994"
"49972","1994-12-02","12","2","1994"
"49973","1994-12-03","12","3","1994"
"49974","1994-12-04","12","4","1994"
"49975","1994-12-05","12","5","1994"
"49976","1994-12-06","12","6","1994"
"49977","1994-12-07","12","7","1994"
"49978","1994-12-08","12","8","1994"
"49979","1994-12-09","12","9","1994"
"49980","1994-12-10","12","10","1994"
"49981","1994-12-11","12","11","1994"
"49982","1994-12-12","12","12","1994"
"49983","1994-12-13","12","13","1994"
"49984","1994-12-14","12","14","1994"
"49985","1994-12-15","12","15","1994"
"49986","1994-12-16","12","16","1994"
"49987","1994-12-17","12","17","1994"
"49988","1994-12-18","12","18","1994"
"49989","1994-12-19","12","19","1994"
"49990","1994-12-20","12","20","1994"
"49991","1994-12-21","12","21","1994"
"49992","1994-12-22","12","22","1994"
"49993","1994-12-23","12","23","1994"
"49994","1994-12-24","12","24","1994"
"49995","1994-12-25","12","25","1994"
"49996","1994-12-26","12","26","1994"
"49997","1994-12-27","12","27","1994"
"49998","1994-12-28","12","28","1994"
"49999","1994-12-29","12","29","1994"
"50000","1994-12-30","12","30","1994"
"50001","1994-12-31","12","31","1994"
"58871","1995-01-01","1","1","1995"
"58872","1995-01-02","1","2","1995"
"58873","1995-01-03","1","3","1995"
"58874","1995-01-04","1","4","1995"
"58875","1995-01-05","1","5","1995"
"58876","1995-01-06","1","6","1995"
"58877","1995-01-07","1","7","1995"
"58878","1995-01-08","1","8","1995"
"58879","1995-01-09","1","9","1995"
"58880","1995-01-10","1","10","1995"
"58881","1995-01-11","1","11","1995"
"58882","1995-01-12","1","12","1995"
"58883","1995-01-13","1","13","1995"
"58884","1995-01-14","1","14","1995"
"58885","1995-01-15","1","15","1995"
"58886","1995-01-16","1","16","1995"
"58887","1995-01-17","1","17","1995"
"58888","1995-01-18","1","18","1995"
"58889","1995-01-19","1","19","1995"
"58890","1995-01-20","1","20","1995"
"58891","1995-01-21","1","21","1995"
"58892","1995-01-22","1","22","1995"
"58893","1995-01-23","1","23","1995"
"58894","1995-01-24","1","24","1995"
"58895","1995-01-25","1","25","1995"
"58896","1995-01-26","1","26","1995"
"58897","1995-01-27","1","27","1995"
"58898","1995-01-28","1","28","1995"
"58899","1995-01-29","1","29","1995"
"58900","1995-01-30","1","30","1995"
"58901","1995-01-31","1","31","1995"
"58971","1995-02-01","2","1","1995"
"58972","1995-02-02","2","2","1995"
"58973","1995-02-03","2","3","1995"
"58974","1995-02-04","2","4","1995"
"58975","1995-02-05","2","5","1995"
"58976","1995-02-06","2","6","1995"
"58977","1995-02-07","2","7","1995"
"58978","1995-02-08","2","8","1995"
"58979","1995-02-09","2","9","1995"
"58980","1995-02-10","2","10","1995"
"58981","1995-02-11","2","11","1995"
"58982","1995-02-12","2","12","1995"
"58983","1995-02-13","2","13","1995"
"58984","1995-02-14","2","14","1995"
"58985","1995-02-15","2","15","1995"
"58986","1995-02-16","2","16","1995"
"58987","1995-02-17","2","17","1995"
"58988","1995-02-18","2","18","1995"
"58989","1995-02-19","2","19","1995"
"58990","1995-02-20","2","20","1995"
"58991","1995-02-21","2","21","1995"
"58992","1995-02-22","2","22","1995"
"58993","1995-02-23","2","23","1995"
"58994","1995-02-24","2","24","1995"
"58995","1995-02-25","2","25","1995"
"58996","1995-02-26","2","26","1995"
"58997","1995-02-27","2","27","1995"
"58998","1995-02-28","2","28","1995"
"59071","1995-03-01","3","1","1995"
"59072","1995-03-02","3","2","1995"
"59073","1995-03-03","3","3","1995"
"59074","1995-03-04","3","4","1995"
"59075","1995-03-05","3","5","1995"
"59076","1995-03-06","3","6","1995"
"59077","1995-03-07","3","7","1995"
"59078","1995-03-08","3","8","1995"
"59079","1995-03-09","3","9","1995"
"59080","1995-03-10","3","10","1995"
"59081","1995-03-11","3","11","1995"
"59082","1995-03-12","3","12","1995"
"59083","1995-03-13","3","13","1995"
"59084","1995-03-14","3","14","1995"
"59085","1995-03-15","3","15","1995"
"59086","1995-03-16","3","16","1995"
"59087","1995-03-17","3","17","1995"
"59088","1995-03-18","3","18","1995"
"59089","1995-03-19","3","19","1995"
"59090","1995-03-20","3","20","1995"
"59091","1995-03-21","3","21","1995"
"59092","1995-03-22","3","22","1995"
"59093","1995-03-23","3","23","1995"
"59094","1995-03-24","3","24","1995"
"59095","1995-03-25","3","25","1995"
"59096","1995-03-26","3","26","1995"
"59097","1995-03-27","3","27","1995"
"59098","1995-03-28","3","28","1995"
"59099","1995-03-29","3","29","1995"
"59100","1995-03-30","3","30","1995"
"59101","1995-03-31","3","31","1995"
"59171","1995-04-01","4","1","1995"
"59172","1995-04-02","4","2","1995"
"59173","1995-04-03","4","3","1995"
"59174","1995-04-04","4","4","1995"
"59175","1995-04-05","4","5","1995"
"59176","1995-04-06","4","6","1995"
"59177","1995-04-07","4","7","1995"
"59178","1995-04-08","4","8","1995"
"59179","1995-04-09","4","9","1995"
"59180","1995-04-10","4","10","1995"
"59181","1995-04-11","4","11","1995"
"59182","1995-04-12","4","12","1995"
"59183","1995-04-13","4","13","1995"
"59184","1995-04-14","4","14","1995"
"59185","1995-04-15","4","15","1995"
"59186","1995-04-16","4","16","1995"
"59187","1995-04-17","4","17","1995"
"59188","1995-04-18","4","18","1995"
"59189","1995-04-19","4","19","1995"
"59190","1995-04-20","4","20","1995"
"59191","1995-04-21","4","21","1995"
"59192","1995-04-22","4","22","1995"
"59193","1995-04-23","4","23","1995"
"59194","1995-04-24","4","24","1995"
"59195","1995-04-25","4","25","1995"
"59196","1995-04-26","4","26","1995"
"59197","1995-04-27","4","27","1995"
"59198","1995-04-28","4","28","1995"
"59199","1995-04-29","4","29","1995"
"59200","1995-04-30","4","30","1995"
"59271","1995-05-01","5","1","1995"
"59272","1995-05-02","5","2","1995"
"59273","1995-05-03","5","3","1995"
"59274","1995-05-04","5","4","1995"
"59275","1995-05-05","5","5","1995"
"59276","1995-05-06","5","6","1995"
"59277","1995-05-07","5","7","1995"
"59278","1995-05-08","5","8","1995"
"59279","1995-05-09","5","9","1995"
"59280","1995-05-10","5","10","1995"
"59281","1995-05-11","5","11","1995"
"59282","1995-05-12","5","12","1995"
"59283","1995-05-13","5","13","1995"
"59284","1995-05-14","5","14","1995"
"59285","1995-05-15","5","15","1995"
"59286","1995-05-16","5","16","1995"
"59287","1995-05-17","5","17","1995"
"59288","1995-05-18","5","18","1995"
"59289","1995-05-19","5","19","1995"
"59290","1995-05-20","5","20","1995"
"59291","1995-05-21","5","21","1995"
"59292","1995-05-22","5","22","1995"
"59293","1995-05-23","5","23","1995"
"59294","1995-05-24","5","24","1995"
"59295","1995-05-25","5","25","1995"
"59296","1995-05-26","5","26","1995"
"59297","1995-05-27","5","27","1995"
"59298","1995-05-28","5","28","1995"
"59299","1995-05-29","5","29","1995"
"59300","1995-05-30","5","30","1995"
"59301","1995-05-31","5","31","1995"
"59371","1995-06-01","6","1","1995"
"59372","1995-06-02","6","2","1995"
"59373","1995-06-03","6","3","1995"
"59374","1995-06-04","6","4","1995"
"59375","1995-06-05","6","5","1995"
"59376","1995-06-06","6","6","1995"
"59377","1995-06-07","6","7","1995"
"59378","1995-06-08","6","8","1995"
"59379","1995-06-09","6","9","1995"
"59380","1995-06-10","6","10","1995"
"59381","1995-06-11","6","11","1995"
"59382","1995-06-12","6","12","1995"
"59383","1995-06-13","6","13","1995"
"59384","1995-06-14","6","14","1995"
"59385","1995-06-15","6","15","1995"
"59386","1995-06-16","6","16","1995"
"59387","1995-06-17","6","17","1995"
"59388","1995-06-18","6","18","1995"
"59389","1995-06-19","6","19","1995"
"59390","1995-06-20","6","20","1995"
"59391","1995-06-21","6","21","1995"
"59392","1995-06-22","6","22","1995"
"59393","1995-06-23","6","23","1995"
"59394","1995-06-24","6","24","1995"
"59395","1995-06-25","6","25","1995"
"59396","1995-06-26","6","26","1995"
"59397","1995-06-27","6","27","1995"
"59398","1995-06-28","6","28","1995"
"59399","1995-06-29","6","29","1995"
"59400","1995-06-30","6","30","1995"
"59471","1995-07-01","7","1","1995"
"59472","1995-07-02","7","2","1995"
"59473","1995-07-03","7","3","1995"
"59474","1995-07-04","7","4","1995"
"59475","1995-07-05","7","5","1995"
"59476","1995-07-06","7","6","1995"
"59477","1995-07-07","7","7","1995"
"59478","1995-07-08","7","8","1995"
"59479","1995-07-09","7","9","1995"
"59480","1995-07-10","7","10","1995"
"59481","1995-07-11","7","11","1995"
"59482","1995-07-12","7","12","1995"
"59483","1995-07-13","7","13","1995"
"59484","1995-07-14","7","14","1995"
"59485","1995-07-15","7","15","1995"
"59486","1995-07-16","7","16","1995"
"59487","1995-07-17","7","17","1995"
"59488","1995-07-18","7","18","1995"
"59489","1995-07-19","7","19","1995"
"59490","1995-07-20","7","20","1995"
"59491","1995-07-21","7","21","1995"
"59492","1995-07-22","7","22","1995"
"59493","1995-07-23","7","23","1995"
"59494","1995-07-24","7","24","1995"
"59495","1995-07-25","7","25","1995"
"59496","1995-07-26","7","26","1995"
"59497","1995-07-27","7","27","1995"
"59498","1995-07-28","7","28","1995"
"59499","1995-07-29","7","29","1995"
"59500","1995-07-30","7","30","1995"
"59501","1995-07-31","7","31","1995"
"59571","1995-08-01","8","1","1995"
"59572","1995-08-02","8","2","1995"
"59573","1995-08-03","8","3","1995"
"59574","1995-08-04","8","4","1995"
"59575","1995-08-05","8","5","1995"
"59576","1995-08-06","8","6","1995"
"59577","1995-08-07","8","7","1995"
"59578","1995-08-08","8","8","1995"
"59579","1995-08-09","8","9","1995"
"59580","1995-08-10","8","10","1995"
"59581","1995-08-11","8","11","1995"
"59582","1995-08-12","8","12","1995"
"59583","1995-08-13","8","13","1995"
"59584","1995-08-14","8","14","1995"
"59585","1995-08-15","8","15","1995"
"59586","1995-08-16","8","16","1995"
"59587","1995-08-17","8","17","1995"
"59588","1995-08-18","8","18","1995"
"59589","1995-08-19","8","19","1995"
"59590","1995-08-20","8","20","1995"
"59591","1995-08-21","8","21","1995"
"59592","1995-08-22","8","22","1995"
"59593","1995-08-23","8","23","1995"
"59594","1995-08-24","8","24","1995"
"59595","1995-08-25","8","25","1995"
"59596","1995-08-26","8","26","1995"
"59597","1995-08-27","8","27","1995"
"59598","1995-08-28","8","28","1995"
"59599","1995-08-29","8","29","1995"
"59600","1995-08-30","8","30","1995"
"59601","1995-08-31","8","31","1995"
"59671","1995-09-01","9","1","1995"
"59672","1995-09-02","9","2","1995"
"59673","1995-09-03","9","3","1995"
"59674","1995-09-04","9","4","1995"
"59675","1995-09-05","9","5","1995"
"59676","1995-09-06","9","6","1995"
"59677","1995-09-07","9","7","1995"
"59678","1995-09-08","9","8","1995"
"59679","1995-09-09","9","9","1995"
"59680","1995-09-10","9","10","1995"
"59681","1995-09-11","9","11","1995"
"59682","1995-09-12","9","12","1995"
"59683","1995-09-13","9","13","1995"
"59684","1995-09-14","9","14","1995"
"59685","1995-09-15","9","15","1995"
"59686","1995-09-16","9","16","1995"
"59687","1995-09-17","9","17","1995"
"59688","1995-09-18","9","18","1995"
"59689","1995-09-19","9","19","1995"
"59690","1995-09-20","9","20","1995"
"59691","1995-09-21","9","21","1995"
"59692","1995-09-22","9","22","1995"
"59693","1995-09-23","9","23","1995"
"59694","1995-09-24","9","24","1995"
"59695","1995-09-25","9","25","1995"
"59696","1995-09-26","9","26","1995"
"59697","1995-09-27","9","27","1995"
"59698","1995-09-28","9","28","1995"
"59699","1995-09-29","9","29","1995"
"59700","1995-09-30","9","30","1995"
"59771","1995-10-01","10","1","1995"
"59772","1995-10-02","10","2","1995"
"59773","1995-10-03","10","3","1995"
"59774","1995-10-04","10","4","1995"
"59775","1995-10-05","10","5","1995"
"59776","1995-10-06","10","6","1995"
"59777","1995-10-07","10","7","1995"
"59778","1995-10-08","10","8","1995"
"59779","1995-10-09","10","9","1995"
"59780","1995-10-10","10","10","1995"
"59781","1995-10-11","10","11","1995"
"59782","1995-10-12","10","12","1995"
"59783","1995-10-13","10","13","1995"
"59784","1995-10-14","10","14","1995"
"59785","1995-10-15","10","15","1995"
"59786","1995-10-16","10","16","1995"
"59787","1995-10-17","10","17","1995"
"59788","1995-10-18","10","18","1995"
"59789","1995-10-19","10","19","1995"
"59790","1995-10-20","10","20","1995"
"59791","1995-10-21","10","21","1995"
"59792","1995-10-22","10","22","1995"
"59793","1995-10-23","10","23","1995"
"59794","1995-10-24","10","24","1995"
"59795","1995-10-25","10","25","1995"
"59796","1995-10-26","10","26","1995"
"59797","1995-10-27","10","27","1995"
"59798","1995-10-28","10","28","1995"
"59799","1995-10-29","10","29","1995"
"59800","1995-10-30","10","30","1995"
"59801","1995-10-31","10","31","1995"
"59871","1995-11-01","11","1","1995"
"59872","1995-11-02","11","2","1995"
"59873","1995-11-03","11","3","1995"
"59874","1995-11-04","11","4","1995"
"59875","1995-11-05","11","5","1995"
"59876","1995-11-06","11","6","1995"
"59877","1995-11-07","11","7","1995"
"59878","1995-11-08","11","8","1995"
"59879","1995-11-09","11","9","1995"
"59880","1995-11-10","11","10","1995"
"59881","1995-11-11","11","11","1995"
"59882","1995-11-12","11","12","1995"
"59883","1995-11-13","11","13","1995"
"59884","1995-11-14","11","14","1995"
"59885","1995-11-15","11","15","1995"
"59886","1995-11-16","11","16","1995"
"59887","1995-11-17","11","17","1995"
"59888","1995-11-18","11","18","1995"
"59889","1995-11-19","11","19","1995"
"59890","1995-11-20","11","20","1995"
"59891","1995-11-21","11","21","1995"
"59892","1995-11-22","11","22","1995"
"59893","1995-11-23","11","23","1995"
"59894","1995-11-24","11","24","1995"
"59895","1995-11-25","11","25","1995"
"59896","1995-11-26","11","26","1995"
"59897","1995-11-27","11","27","1995"
"59898","1995-11-28","11","28","1995"
"59899","1995-11-29","11","29","1995"
"59900","1995-11-30","11","30","1995"
"59971","1995-12-01","12","1","1995"
"59972","1995-12-02","12","2","1995"
"59973","1995-12-03","12","3","1995"
"59974","1995-12-04","12","4","1995"
"59975","1995-12-05","12","5","1995"
"59976","1995-12-06","12","6","1995"
"59977","1995-12-07","12","7","1995"
"59978","1995-12-08","12","8","1995"
"59979","1995-12-09","12","9","1995"
"59980","1995-12-10","12","10","1995"
"59981","1995-12-11","12","11","1995"
"59982","1995-12-12","12","12","1995"
"59983","1995-12-13","12","13","1995"
"59984","1995-12-14","12","14","1995"
"59985","1995-12-15","12","15","1995"
"59986","1995-12-16","12","16","1995"
"59987","1995-12-17","12","17","1995"
"59988","1995-12-18","12","18","1995"
"59989","1995-12-19","12","19","1995"
"59990","1995-12-20","12","20","1995"
"59991","1995-12-21","12","21","1995"
"59992","1995-12-22","12","22","1995"
"59993","1995-12-23","12","23","1995"
"59994","1995-12-24","12","24","1995"
"59995","1995-12-25","12","25","1995"
"59996","1995-12-26","12","26","1995"
"59997","1995-12-27","12","27","1995"
"59998","1995-12-28","12","28","1995"
"59999","1995-12-29","12","29","1995"
"60000","1995-12-30","12","30","1995"
"60001","1995-12-31","12","31","1995"
"68871","1996-01-01","1","1","1996"
"68872","1996-01-02","1","2","1996"
"68873","1996-01-03","1","3","1996"
"68874","1996-01-04","1","4","1996"
"68875","1996-01-05","1","5","1996"
"68876","1996-01-06","1","6","1996"
"68877","1996-01-07","1","7","1996"
"68878","1996-01-08","1","8","1996"
"68879","1996-01-09","1","9","1996"
"68880","1996-01-10","1","10","1996"
"68881","1996-01-11","1","11","1996"
"68882","1996-01-12","1","12","1996"
"68883","1996-01-13","1","13","1996"
"68884","1996-01-14","1","14","1996"
"68885","1996-01-15","1","15","1996"
"68886","1996-01-16","1","16","1996"
"68887","1996-01-17","1","17","1996"
"68888","1996-01-18","1","18","1996"
"68889","1996-01-19","1","19","1996"
"68890","1996-01-20","1","20","1996"
"68891","1996-01-21","1","21","1996"
"68892","1996-01-22","1","22","1996"
"68893","1996-01-23","1","23","1996"
"68894","1996-01-24","1","24","1996"
"68895","1996-01-25","1","25","1996"
"68896","1996-01-26","1","26","1996"
"68897","1996-01-27","1","27","1996"
"68898","1996-01-28","1","28","1996"
"68899","1996-01-29","1","29","1996"
"68900","1996-01-30","1","30","1996"
"68901","1996-01-31","1","31","1996"
"68971","1996-02-01","2","1","1996"
"68972","1996-02-02","2","2","1996"
"68973","1996-02-03","2","3","1996"
"68974","1996-02-04","2","4","1996"
"68975","1996-02-05","2","5","1996"
"68976","1996-02-06","2","6","1996"
"68977","1996-02-07","2","7","1996"
"68978","1996-02-08","2","8","1996"
"68979","1996-02-09","2","9","1996"
"68980","1996-02-10","2","10","1996"
"68981","1996-02-11","2","11","1996"
"68982","1996-02-12","2","12","1996"
"68983","1996-02-13","2","13","1996"
"68984","1996-02-14","2","14","1996"
"68985","1996-02-15","2","15","1996"
"68986","1996-02-16","2","16","1996"
"68987","1996-02-17","2","17","1996"
"68988","1996-02-18","2","18","1996"
"68989","1996-02-19","2","19","1996"
"68990","1996-02-20","2","20","1996"
"68991","1996-02-21","2","21","1996"
"68992","1996-02-22","2","22","1996"
"68993","1996-02-23","2","23","1996"
"68994","1996-02-24","2","24","1996"
"68995","1996-02-25","2","25","1996"
"68996","1996-02-26","2","26","1996"
"68997","1996-02-27","2","27","1996"
"68998","1996-02-28","2","28","1996"
"68999","1996-02-29","2","29","1996"
"69071","1996-03-01","3","1","1996"
"69072","1996-03-02","3","2","1996"
"69073","1996-03-03","3","3","1996"
"69074","1996-03-04","3","4","1996"
"69075","1996-03-05","3","5","1996"
"69076","1996-03-06","3","6","1996"
"69077","1996-03-07","3","7","1996"
"69078","1996-03-08","3","8","1996"
"69079","1996-03-09","3","9","1996"
"69080","1996-03-10","3","10","1996"
"69081","1996-03-11","3","11","1996"
"69082","1996-03-12","3","12","1996"
"69083","1996-03-13","3","13","1996"
"69084","1996-03-14","3","14","1996"
"69085","1996-03-15","3","15","1996"
"69086","1996-03-16","3","16","1996"
"69087","1996-03-17","3","17","1996"
"69088","1996-03-18","3","18","1996"
"69089","1996-03-19","3","19","1996"
"69090","1996-03-20","3","20","1996"
"69091","1996-03-21","3","21","1996"
"69092","1996-03-22","3","22","1996"
"69093","1996-03-23","3","23","1996"
"69094","1996-03-24","3","24","1996"
"69095","1996-03-25","3","25","1996"
"69096","1996-03-26","3","26","1996"
"69097","1996-03-27","3","27","1996"
"69098","1996-03-28","3","28","1996"
"69099","1996-03-29","3","29","1996"
"69100","1996-03-30","3","30","1996"
"69101","1996-03-31","3","31","1996"
"69171","1996-04-01","4","1","1996"
"69172","1996-04-02","4","2","1996"
"69173","1996-04-03","4","3","1996"
"69174","1996-04-04","4","4","1996"
"69175","1996-04-05","4","5","1996"
"69176","1996-04-06","4","6","1996"
"69177","1996-04-07","4","7","1996"
"69178","1996-04-08","4","8","1996"
"69179","1996-04-09","4","9","1996"
"69180","1996-04-10","4","10","1996"
"69181","1996-04-11","4","11","1996"
"69182","1996-04-12","4","12","1996"
"69183","1996-04-13","4","13","1996"
"69184","1996-04-14","4","14","1996"
"69185","1996-04-15","4","15","1996"
"69186","1996-04-16","4","16","1996"
"69187","1996-04-17","4","17","1996"
"69188","1996-04-18","4","18","1996"
"69189","1996-04-19","4","19","1996"
"69190","1996-04-20","4","20","1996"
"69191","1996-04-21","4","21","1996"
"69192","1996-04-22","4","22","1996"
"69193","1996-04-23","4","23","1996"
"69194","1996-04-24","4","24","1996"
"69195","1996-04-25","4","25","1996"
"69196","1996-04-26","4","26","1996"
"69197","1996-04-27","4","27","1996"
"69198","1996-04-28","4","28","1996"
"69199","1996-04-29","4","29","1996"
"69200","1996-04-30","4","30","1996"
"69271","1996-05-01","5","1","1996"
"69272","1996-05-02","5","2","1996"
"69273","1996-05-03","5","3","1996"
"69274","1996-05-04","5","4","1996"
"69275","1996-05-05","5","5","1996"
"69276","1996-05-06","5","6","1996"
"69277","1996-05-07","5","7","1996"
"69278","1996-05-08","5","8","1996"
"69279","1996-05-09","5","9","1996"
"69280","1996-05-10","5","10","1996"
"69281","1996-05-11","5","11","1996"
"69282","1996-05-12","5","12","1996"
"69283","1996-05-13","5","13","1996"
"69284","1996-05-14","5","14","1996"
"69285","1996-05-15","5","15","1996"
"69286","1996-05-16","5","16","1996"
"69287","1996-05-17","5","17","1996"
"69288","1996-05-18","5","18","1996"
"69289","1996-05-19","5","19","1996"
"69290","1996-05-20","5","20","1996"
"69291","1996-05-21","5","21","1996"
"69292","1996-05-22","5","22","1996"
"69293","1996-05-23","5","23","1996"
"69294","1996-05-24","5","24","1996"
"69295","1996-05-25","5","25","1996"
"69296","1996-05-26","5","26","1996"
"69297","1996-05-27","5","27","1996"
"69298","1996-05-28","5","28","1996"
"69299","1996-05-29","5","29","1996"
"69300","1996-05-30","5","30","1996"
"69301","1996-05-31","5","31","1996"
"69371","1996-06-01","6","1","1996"
"69372","1996-06-02","6","2","1996"
"69373","1996-06-03","6","3","1996"
"69374","1996-06-04","6","4","1996"
"69375","1996-06-05","6","5","1996"
"69376","1996-06-06","6","6","1996"
"69377","1996-06-07","6","7","1996"
"69378","1996-06-08","6","8","1996"
"69379","1996-06-09","6","9","1996"
"69380","1996-06-10","6","10","1996"
"69381","1996-06-11","6","11","1996"
"69382","1996-06-12","6","12","1996"
"69383","1996-06-13","6","13","1996"
"69384","1996-06-14","6","14","1996"
"69385","1996-06-15","6","15","1996"
"69386","1996-06-16","6","16","1996"
"69387","1996-06-17","6","17","1996"
"69388","1996-06-18","6","18","1996"
"69389","1996-06-19","6","19","1996"
"69390","1996-06-20","6","20","1996"
"69391","1996-06-21","6","21","1996"
"69392","1996-06-22","6","22","1996"
"69393","1996-06-23","6","23","1996"
"69394","1996-06-24","6","24","1996"
"69395","1996-06-25","6","25","1996"
"69396","1996-06-26","6","26","1996"
"69397","1996-06-27","6","27","1996"
"69398","1996-06-28","6","28","1996"
"69399","1996-06-29","6","29","1996"
"69400","1996-06-30","6","30","1996"
"69471","1996-07-01","7","1","1996"
"69472","1996-07-02","7","2","1996"
"69473","1996-07-03","7","3","1996"
"69474","1996-07-04","7","4","1996"
"69475","1996-07-05","7","5","1996"
"69476","1996-07-06","7","6","1996"
"69477","1996-07-07","7","7","1996"
"69478","1996-07-08","7","8","1996"
"69479","1996-07-09","7","9","1996"
"69480","1996-07-10","7","10","1996"
"69481","1996-07-11","7","11","1996"
"69482","1996-07-12","7","12","1996"
"69483","1996-07-13","7","13","1996"
"69484","1996-07-14","7","14","1996"
"69485","1996-07-15","7","15","1996"
"69486","1996-07-16","7","16","1996"
"69487","1996-07-17","7","17","1996"
"69488","1996-07-18","7","18","1996"
"69489","1996-07-19","7","19","1996"
"69490","1996-07-20","7","20","1996"
"69491","1996-07-21","7","21","1996"
"69492","1996-07-22","7","22","1996"
"69493","1996-07-23","7","23","1996"
"69494","1996-07-24","7","24","1996"
"69495","1996-07-25","7","25","1996"
"69496","1996-07-26","7","26","1996"
"69497","1996-07-27","7","27","1996"
"69498","1996-07-28","7","28","1996"
"69499","1996-07-29","7","29","1996"
"69500","1996-07-30","7","30","1996"
"69501","1996-07-31","7","31","1996"
"69571","1996-08-01","8","1","1996"
"69572","1996-08-02","8","2","1996"
"69573","1996-08-03","8","3","1996"
"69574","1996-08-04","8","4","1996"
"69575","1996-08-05","8","5","1996"
"69576","1996-08-06","8","6","1996"
"69577","1996-08-07","8","7","1996"
"69578","1996-08-08","8","8","1996"
"69579","1996-08-09","8","9","1996"
"69580","1996-08-10","8","10","1996"
"69581","1996-08-11","8","11","1996"
"69582","1996-08-12","8","12","1996"
"69583","1996-08-13","8","13","1996"
"69584","1996-08-14","8","14","1996"
"69585","1996-08-15","8","15","1996"
"69586","1996-08-16","8","16","1996"
"69587","1996-08-17","8","17","1996"
"69588","1996-08-18","8","18","1996"
"69589","1996-08-19","8","19","1996"
"69590","1996-08-20","8","20","1996"
"69591","1996-08-21","8","21","1996"
"69592","1996-08-22","8","22","1996"
"69593","1996-08-23","8","23","1996"
"69594","1996-08-24","8","24","1996"
"69595","1996-08-25","8","25","1996"
"69596","1996-08-26","8","26","1996"
"69597","1996-08-27","8","27","1996"
"69598","1996-08-28","8","28","1996"
"69599","1996-08-29","8","29","1996"
"69600","1996-08-30","8","30","1996"
"69601","1996-08-31","8","31","1996"
"69671","1996-09-01","9","1","1996"
"69672","1996-09-02","9","2","1996"
"69673","1996-09-03","9","3","1996"
"69674","1996-09-04","9","4","1996"
"69675","1996-09-05","9","5","1996"
"69676","1996-09-06","9","6","1996"
"69677","1996-09-07","9","7","1996"
"69678","1996-09-08","9","8","1996"
"69679","1996-09-09","9","9","1996"
"69680","1996-09-10","9","10","1996"
"69681","1996-09-11","9","11","1996"
"69682","1996-09-12","9","12","1996"
"69683","1996-09-13","9","13","1996"
"69684","1996-09-14","9","14","1996"
"69685","1996-09-15","9","15","1996"
"69686","1996-09-16","9","16","1996"
"69687","1996-09-17","9","17","1996"
"69688","1996-09-18","9","18","1996"
"69689","1996-09-19","9","19","1996"
"69690","1996-09-20","9","20","1996"
"69691","1996-09-21","9","21","1996"
"69692","1996-09-22","9","22","1996"
"69693","1996-09-23","9","23","1996"
"69694","1996-09-24","9","24","1996"
"69695","1996-09-25","9","25","1996"
"69696","1996-09-26","9","26","1996"
"69697","1996-09-27","9","27","1996"
"69698","1996-09-28","9","28","1996"
"69699","1996-09-29","9","29","1996"
"69700","1996-09-30","9","30","1996"
"69771","1996-10-01","10","1","1996"
"69772","1996-10-02","10","2","1996"
"69773","1996-10-03","10","3","1996"
"69774","1996-10-04","10","4","1996"
"69775","1996-10-05","10","5","1996"
"69776","1996-10-06","10","6","1996"
"69777","1996-10-07","10","7","1996"
"69778","1996-10-08","10","8","1996"
"69779","1996-10-09","10","9","1996"
"69780","1996-10-10","10","10","1996"
"69781","1996-10-11","10","11","1996"
"69782","1996-10-12","10","12","1996"
"69783","1996-10-13","10","13","1996"
"69784","1996-10-14","10","14","1996"
"69785","1996-10-15","10","15","1996"
"69786","1996-10-16","10","16","1996"
"69787","1996-10-17","10","17","1996"
"69788","1996-10-18","10","18","1996"
"69789","1996-10-19","10","19","1996"
"69790","1996-10-20","10","20","1996"
"69791","1996-10-21","10","21","1996"
"69792","1996-10-22","10","22","1996"
"69793","1996-10-23","10","23","1996"
"69794","1996-10-24","10","24","1996"
"69795","1996-10-25","10","25","1996"
"69796","1996-10-26","10","26","1996"
"69797","1996-10-27","10","27","1996"
"69798","1996-10-28","10","28","1996"
"69799","1996-10-29","10","29","1996"
"69800","1996-10-30","10","30","1996"
"69801","1996-10-31","10","31","1996"
"69871","1996-11-01","11","1","1996"
"69872","1996-11-02","11","2","1996"
"69873","1996-11-03","11","3","1996"
"69874","1996-11-04","11","4","1996"
"69875","1996-11-05","11","5","1996"
"69876","1996-11-06","11","6","1996"
"69877","1996-11-07","11","7","1996"
"69878","1996-11-08","11","8","1996"
"69879","1996-11-09","11","9","1996"
"69880","1996-11-10","11","10","1996"
"69881","1996-11-11","11","11","1996"
"69882","1996-11-12","11","12","1996"
"69883","1996-11-13","11","13","1996"
"69884","1996-11-14","11","14","1996"
"69885","1996-11-15","11","15","1996"
"69886","1996-11-16","11","16","1996"
"69887","1996-11-17","11","17","1996"
"69888","1996-11-18","11","18","1996"
"69889","1996-11-19","11","19","1996"
"69890","1996-11-20","11","20","1996"
"69891","1996-11-21","11","21","1996"
"69892","1996-11-22","11","22","1996"
"69893","1996-11-23","11","23","1996"
"69894","1996-11-24","11","24","1996"
"69895","1996-11-25","11","25","1996"
"69896","1996-11-26","11","26","1996"
"69897","1996-11-27","11","27","1996"
"69898","1996-11-28","11","28","1996"
"69899","1996-11-29","11","29","1996"
"69900","1996-11-30","11","30","1996"
"69971","1996-12-01","12","1","1996"
"69972","1996-12-02","12","2","1996"
"69973","1996-12-03","12","3","1996"
"69974","1996-12-04","12","4","1996"
"69975","1996-12-05","12","5","1996"
"69976","1996-12-06","12","6","1996"
"69977","1996-12-07","12","7","1996"
"69978","1996-12-08","12","8","1996"
"69979","1996-12-09","12","9","1996"
"69980","1996-12-10","12","10","1996"
"69981","1996-12-11","12","11","1996"
"69982","1996-12-12","12","12","1996"
"69983","1996-12-13","12","13","1996"
"69984","1996-12-14","12","14","1996"
"69985","1996-12-15","12","15","1996"
"69986","1996-12-16","12","16","1996"
"69987","1996-12-17","12","17","1996"
"69988","1996-12-18","12","18","1996"
"69989","1996-12-19","12","19","1996"
"69990","1996-12-20","12","20","1996"
"69991","1996-12-21","12","21","1996"
"69992","1996-12-22","12","22","1996"
"69993","1996-12-23","12","23","1996"
"69994","1996-12-24","12","24","1996"
"69995","1996-12-25","12","25","1996"
"69996","1996-12-26","12","26","1996"
"69997","1996-12-27","12","27","1996"
"69998","1996-12-28","12","28","1996"
"69999","1996-12-29","12","29","1996"
"70000","1996-12-30","12","30","1996"
"70001","1996-12-31","12","31","1996"
"78871","1997-01-01","1","1","1997"
"78872","1997-01-02","1","2","1997"
"78873","1997-01-03","1","3","1997"
"78874","1997-01-04","1","4","1997"
"78875","1997-01-05","1","5","1997"
"78876","1997-01-06","1","6","1997"
"78877","1997-01-07","1","7","1997"
"78878","1997-01-08","1","8","1997"
"78879","1997-01-09","1","9","1997"
"78880","1997-01-10","1","10","1997"
"78881","1997-01-11","1","11","1997"
"78882","1997-01-12","1","12","1997"
"78883","1997-01-13","1","13","1997"
"78884","1997-01-14","1","14","1997"
"78885","1997-01-15","1","15","1997"
"78886","1997-01-16","1","16","1997"
"78887","1997-01-17","1","17","1997"
"78888","1997-01-18","1","18","1997"
"78889","1997-01-19","1","19","1997"
"78890","1997-01-20","1","20","1997"
"78891","1997-01-21","1","21","1997"
"78892","1997-01-22","1","22","1997"
"78893","1997-01-23","1","23","1997"
"78894","1997-01-24","1","24","1997"
"78895","1997-01-25","1","25","1997"
"78896","1997-01-26","1","26","1997"
"78897","1997-01-27","1","27","1997"
"78898","1997-01-28","1","28","1997"
"78899","1997-01-29","1","29","1997"
"78900","1997-01-30","1","30","1997"
"78901","1997-01-31","1","31","1997"
"78971","1997-02-01","2","1","1997"
"78972","1997-02-02","2","2","1997"
"78973","1997-02-03","2","3","1997"
"78974","1997-02-04","2","4","1997"
"78975","1997-02-05","2","5","1997"
"78976","1997-02-06","2","6","1997"
"78977","1997-02-07","2","7","1997"
"78978","1997-02-08","2","8","1997"
"78979","1997-02-09","2","9","1997"
"78980","1997-02-10","2","10","1997"
"78981","1997-02-11","2","11","1997"
"78982","1997-02-12","2","12","1997"
"78983","1997-02-13","2","13","1997"
"78984","1997-02-14","2","14","1997"
"78985","1997-02-15","2","15","1997"
"78986","1997-02-16","2","16","1997"
"78987","1997-02-17","2","17","1997"
"78988","1997-02-18","2","18","1997"
"78989","1997-02-19","2","19","1997"
"78990","1997-02-20","2","20","1997"
"78991","1997-02-21","2","21","1997"
"78992","1997-02-22","2","22","1997"
"78993","1997-02-23","2","23","1997"
"78994","1997-02-24","2","24","1997"
"78995","1997-02-25","2","25","1997"
"78996","1997-02-26","2","26","1997"
"78997","1997-02-27","2","27","1997"
"78998","1997-02-28","2","28","1997"
"79071","1997-03-01","3","1","1997"
"79072","1997-03-02","3","2","1997"
"79073","1997-03-03","3","3","1997"
"79074","1997-03-04","3","4","1997"
"79075","1997-03-05","3","5","1997"
"79076","1997-03-06","3","6","1997"
"79077","1997-03-07","3","7","1997"
"79078","1997-03-08","3","8","1997"
"79079","1997-03-09","3","9","1997"
"79080","1997-03-10","3","10","1997"
"79081","1997-03-11","3","11","1997"
"79082","1997-03-12","3","12","1997"
"79083","1997-03-13","3","13","1997"
"79084","1997-03-14","3","14","1997"
"79085","1997-03-15","3","15","1997"
"79086","1997-03-16","3","16","1997"
"79087","1997-03-17","3","17","1997"
"79088","1997-03-18","3","18","1997"
"79089","1997-03-19","3","19","1997"
"79090","1997-03-20","3","20","1997"
"79091","1997-03-21","3","21","1997"
"79092","1997-03-22","3","22","1997"
"79093","1997-03-23","3","23","1997"
"79094","1997-03-24","3","24","1997"
"79095","1997-03-25","3","25","1997"
"79096","1997-03-26","3","26","1997"
"79097","1997-03-27","3","27","1997"
"79098","1997-03-28","3","28","1997"
"79099","1997-03-29","3","29","1997"
"79100","1997-03-30","3","30","1997"
"79101","1997-03-31","3","31","1997"
"79171","1997-04-01","4","1","1997"
"79172","1997-04-02","4","2","1997"
"79173","1997-04-03","4","3","1997"
"79174","1997-04-04","4","4","1997"
"79175","1997-04-05","4","5","1997"
"79176","1997-04-06","4","6","1997"
"79177","1997-04-07","4","7","1997"
"79178","1997-04-08","4","8","1997"
"79179","1997-04-09","4","9","1997"
"79180","1997-04-10","4","10","1997"
"79181","1997-04-11","4","11","1997"
"79182","1997-04-12","4","12","1997"
"79183","1997-04-13","4","13","1997"
"79184","1997-04-14","4","14","1997"
"79185","1997-04-15","4","15","1997"
"79186","1997-04-16","4","16","1997"
"79187","1997-04-17","4","17","1997"
"79188","1997-04-18","4","18","1997"
"79189","1997-04-19","4","19","1997"
"79190","1997-04-20","4","20","1997"
"79191","1997-04-21","4","21","1997"
"79192","1997-04-22","4","22","1997"
"79193","1997-04-23","4","23","1997"
"79194","1997-04-24","4","24","1997"
"79195","1997-04-25","4","25","1997"
"79196","1997-04-26","4","26","1997"
"79197","1997-04-27","4","27","1997"
"79198","1997-04-28","4","28","1997"
"79199","1997-04-29","4","29","1997"
"79200","1997-04-30","4","30","1997"
"79271","1997-05-01","5","1","1997"
"79272","1997-05-02","5","2","1997"
"79273","1997-05-03","5","3","1997"
"79274","1997-05-04","5","4","1997"
"79275","1997-05-05","5","5","1997"
"79276","1997-05-06","5","6","1997"
"79277","1997-05-07","5","7","1997"
"79278","1997-05-08","5","8","1997"
"79279","1997-05-09","5","9","1997"
"79280","1997-05-10","5","10","1997"
"79281","1997-05-11","5","11","1997"
"79282","1997-05-12","5","12","1997"
"79283","1997-05-13","5","13","1997"
"79284","1997-05-14","5","14","1997"
"79285","1997-05-15","5","15","1997"
"79286","1997-05-16","5","16","1997"
"79287","1997-05-17","5","17","1997"
"79288","1997-05-18","5","18","1997"
"79289","1997-05-19","5","19","1997"
"79290","1997-05-20","5","20","1997"
"79291","1997-05-21","5","21","1997"
"79292","1997-05-22","5","22","1997"
"79293","1997-05-23","5","23","1997"
"79294","1997-05-24","5","24","1997"
"79295","1997-05-25","5","25","1997"
"79296","1997-05-26","5","26","1997"
"79297","1997-05-27","5","27","1997"
"79298","1997-05-28","5","28","1997"
"79299","1997-05-29","5","29","1997"
"79300","1997-05-30","5","30","1997"
"79301","1997-05-31","5","31","1997"
"79371","1997-06-01","6","1","1997"
"79372","1997-06-02","6","2","1997"
"79373","1997-06-03","6","3","1997"
"79374","1997-06-04","6","4","1997"
"79375","1997-06-05","6","5","1997"
"79376","1997-06-06","6","6","1997"
"79377","1997-06-07","6","7","1997"
"79378","1997-06-08","6","8","1997"
"79379","1997-06-09","6","9","1997"
"79380","1997-06-10","6","10","1997"
"79381","1997-06-11","6","11","1997"
"79382","1997-06-12","6","12","1997"
"79383","1997-06-13","6","13","1997"
"79384","1997-06-14","6","14","1997"
"79385","1997-06-15","6","15","1997"
"79386","1997-06-16","6","16","1997"
"79387","1997-06-17","6","17","1997"
"79388","1997-06-18","6","18","1997"
"79389","1997-06-19","6","19","1997"
"79390","1997-06-20","6","20","1997"
"79391","1997-06-21","6","21","1997"
"79392","1997-06-22","6","22","1997"
"79393","1997-06-23","6","23","1997"
"79394","1997-06-24","6","24","1997"
"79395","1997-06-25","6","25","1997"
"79396","1997-06-26","6","26","1997"
"79397","1997-06-27","6","27","1997"
"79398","1997-06-28","6","28","1997"
"79399","1997-06-29","6","29","1997"
"79400","1997-06-30","6","30","1997"
"79471","1997-07-01","7","1","1997"
"79472","1997-07-02","7","2","1997"
"79473","1997-07-03","7","3","1997"
"79474","1997-07-04","7","4","1997"
"79475","1997-07-05","7","5","1997"
"79476","1997-07-06","7","6","1997"
"79477","1997-07-07","7","7","1997"
"79478","1997-07-08","7","8","1997"
"79479","1997-07-09","7","9","1997"
"79480","1997-07-10","7","10","1997"
"79481","1997-07-11","7","11","1997"
"79482","1997-07-12","7","12","1997"
"79483","1997-07-13","7","13","1997"
"79484","1997-07-14","7","14","1997"
"79485","1997-07-15","7","15","1997"
"79486","1997-07-16","7","16","1997"
"79487","1997-07-17","7","17","1997"
"79488","1997-07-18","7","18","1997"
"79489","1997-07-19","7","19","1997"
"79490","1997-07-20","7","20","1997"
"79491","1997-07-21","7","21","1997"
"79492","1997-07-22","7","22","1997"
"79493","1997-07-23","7","23","1997"
"79494","1997-07-24","7","24","1997"
"79495","1997-07-25","7","25","1997"
"79496","1997-07-26","7","26","1997"
"79497","1997-07-27","7","27","1997"
"79498","1997-07-28","7","28","1997"
"79499","1997-07-29","7","29","1997"
"79500","1997-07-30","7","30","1997"
"79501","1997-07-31","7","31","1997"
"79571","1997-08-01","8","1","1997"
"79572","1997-08-02","8","2","1997"
"79573","1997-08-03","8","3","1997"
"79574","1997-08-04","8","4","1997"
"79575","1997-08-05","8","5","1997"
"79576","1997-08-06","8","6","1997"
"79577","1997-08-07","8","7","1997"
"79578","1997-08-08","8","8","1997"
"79579","1997-08-09","8","9","1997"
"79580","1997-08-10","8","10","1997"
"79581","1997-08-11","8","11","1997"
"79582","1997-08-12","8","12","1997"
"79583","1997-08-13","8","13","1997"
"79584","1997-08-14","8","14","1997"
"79585","1997-08-15","8","15","1997"
"79586","1997-08-16","8","16","1997"
"79587","1997-08-17","8","17","1997"
"79588","1997-08-18","8","18","1997"
"79589","1997-08-19","8","19","1997"
"79590","1997-08-20","8","20","1997"
"79591","1997-08-21","8","21","1997"
"79592","1997-08-22","8","22","1997"
"79593","1997-08-23","8","23","1997"
"79594","1997-08-24","8","24","1997"
"79595","1997-08-25","8","25","1997"
"79596","1997-08-26","8","26","1997"
"79597","1997-08-27","8","27","1997"
"79598","1997-08-28","8","28","1997"
"79599","1997-08-29","8","29","1997"
"79600","1997-08-30","8","30","1997"
"79601","1997-08-31","8","31","1997"
"79671","1997-09-01","9","1","1997"
"79672","1997-09-02","9","2","1997"
"79673","1997-09-03","9","3","1997"
"79674","1997-09-04","9","4","1997"
"79675","1997-09-05","9","5","1997"
"79676","1997-09-06","9","6","1997"
"79677","1997-09-07","9","7","1997"
"79678","1997-09-08","9","8","1997"
"79679","1997-09-09","9","9","1997"
"79680","1997-09-10","9","10","1997"
"79681","1997-09-11","9","11","1997"
"79682","1997-09-12","9","12","1997"
"79683","1997-09-13","9","13","1997"
"79684","1997-09-14","9","14","1997"
"79685","1997-09-15","9","15","1997"
"79686","1997-09-16","9","16","1997"
"79687","1997-09-17","9","17","1997"
"79688","1997-09-18","9","18","1997"
"79689","1997-09-19","9","19","1997"
"79690","1997-09-20","9","20","1997"
"79691","1997-09-21","9","21","1997"
"79692","1997-09-22","9","22","1997"
"79693","1997-09-23","9","23","1997"
"79694","1997-09-24","9","24","1997"
"79695","1997-09-25","9","25","1997"
"79696","1997-09-26","9","26","1997"
"79697","1997-09-27","9","27","1997"
"79698","1997-09-28","9","28","1997"
"79699","1997-09-29","9","29","1997"
"79700","1997-09-30","9","30","1997"
"79771","1997-10-01","10","1","1997"
"79772","1997-10-02","10","2","1997"
"79773","1997-10-03","10","3","1997"
"79774","1997-10-04","10","4","1997"
"79775","1997-10-05","10","5","1997"
"79776","1997-10-06","10","6","1997"
"79777","1997-10-07","10","7","1997"
"79778","1997-10-08","10","8","1997"
"79779","1997-10-09","10","9","1997"
"79780","1997-10-10","10","10","1997"
"79781","1997-10-11","10","11","1997"
"79782","1997-10-12","10","12","1997"
"79783","1997-10-13","10","13","1997"
"79784","1997-10-14","10","14","1997"
"79785","1997-10-15","10","15","1997"
"79786","1997-10-16","10","16","1997"
"79787","1997-10-17","10","17","1997"
"79788","1997-10-18","10","18","1997"
"79789","1997-10-19","10","19","1997"
"79790","1997-10-20","10","20","1997"
"79791","1997-10-21","10","21","1997"
"79792","1997-10-22","10","22","1997"
"79793","1997-10-23","10","23","1997"
"79794","1997-10-24","10","24","1997"
"79795","1997-10-25","10","25","1997"
"79796","1997-10-26","10","26","1997"
"79797","1997-10-27","10","27","1997"
"79798","1997-10-28","10","28","1997"
"79799","1997-10-29","10","29","1997"
"79800","1997-10-30","10","30","1997"
"79801","1997-10-31","10","31","1997"
"79871","1997-11-01","11","1","1997"
"79872","1997-11-02","11","2","1997"
"79873","1997-11-03","11","3","1997"
"79874","1997-11-04","11","4","1997"
"79875","1997-11-05","11","5","1997"
"79876","1997-11-06","11","6","1997"
"79877","1997-11-07","11","7","1997"
"79878","1997-11-08","11","8","1997"
"79879","1997-11-09","11","9","1997"
"79880","1997-11-10","11","10","1997"
"79881","1997-11-11","11","11","1997"
"79882","1997-11-12","11","12","1997"
"79883","1997-11-13","11","13","1997"
"79884","1997-11-14","11","14","1997"
"79885","1997-11-15","11","15","1997"
"79886","1997-11-16","11","16","1997"
"79887","1997-11-17","11","17","1997"
"79888","1997-11-18","11","18","1997"
"79889","1997-11-19","11","19","1997"
"79890","1997-11-20","11","20","1997"
"79891","1997-11-21","11","21","1997"
"79892","1997-11-22","11","22","1997"
"79893","1997-11-23","11","23","1997"
"79894","1997-11-24","11","24","1997"
"79895","1997-11-25","11","25","1997"
"79896","1997-11-26","11","26","1997"
"79897","1997-11-27","11","27","1997"
"79898","1997-11-28","11","28","1997"
"79899","1997-11-29","11","29","1997"
"79900","1997-11-30","11","30","1997"
"79971","1997-12-01","12","1","1997"
"79972","1997-12-02","12","2","1997"
"79973","1997-12-03","12","3","1997"
"79974","1997-12-04","12","4","1997"
"79975","1997-12-05","12","5","1997"
"79976","1997-12-06","12","6","1997"
"79977","1997-12-07","12","7","1997"
"79978","1997-12-08","12","8","1997"
"79979","1997-12-09","12","9","1997"
"79980","1997-12-10","12","10","1997"
"79981","1997-12-11","12","11","1997"
"79982","1997-12-12","12","12","1997"
"79983","1997-12-13","12","13","1997"
"79984","1997-12-14","12","14","1997"
"79985","1997-12-15","12","15","1997"
"79986","1997-12-16","12","16","1997"
"79987","1997-12-17","12","17","1997"
"79988","1997-12-18","12","18","1997"
"79989","1997-12-19","12","19","1997"
"79990","1997-12-20","12","20","1997"
"79991","1997-12-21","12","21","1997"
"79992","1997-12-22","12","22","1997"
"79993","1997-12-23","12","23","1997"
"79994","1997-12-24","12","24","1997"
"79995","1997-12-25","12","25","1997"
"79996","1997-12-26","12","26","1997"
"79997","1997-12-27","12","27","1997"
"79998","1997-12-28","12","28","1997"
"79999","1997-12-29","12","29","1997"
"80000","1997-12-30","12","30","1997"
"80001","1997-12-31","12","31","1997"
"88871","1998-01-01","1","1","1998"
"88872","1998-01-02","1","2","1998"
"88873","1998-01-03","1","3","1998"
"88874","1998-01-04","1","4","1998"
"88875","1998-01-05","1","5","1998"
"88876","1998-01-06","1","6","1998"
"88877","1998-01-07","1","7","1998"
"88878","1998-01-08","1","8","1998"
"88879","1998-01-09","1","9","1998"
"88880","1998-01-10","1","10","1998"
"88881","1998-01-11","1","11","1998"
"88882","1998-01-12","1","12","1998"
"88883","1998-01-13","1","13","1998"
"88884","1998-01-14","1","14","1998"
"88885","1998-01-15","1","15","1998"
"88886","1998-01-16","1","16","1998"
"88887","1998-01-17","1","17","1998"
"88888","1998-01-18","1","18","1998"
"88889","1998-01-19","1","19","1998"
"88890","1998-01-20","1","20","1998"
"88891","1998-01-21","1","21","1998"
"88892","1998-01-22","1","22","1998"
"88893","1998-01-23","1","23","1998"
"88894","1998-01-24","1","24","1998"
"88895","1998-01-25","1","25","1998"
"88896","1998-01-26","1","26","1998"
"88897","1998-01-27","1","27","1998"
"88898","1998-01-28","1","28","1998"
"88899","1998-01-29","1","29","1998"
"88900","1998-01-30","1","30","1998"
"88901","1998-01-31","1","31","1998"
"88971","1998-02-01","2","1","1998"
"88972","1998-02-02","2","2","1998"
"88973","1998-02-03","2","3","1998"
"88974","1998-02-04","2","4","1998"
"88975","1998-02-05","2","5","1998"
"88976","1998-02-06","2","6","1998"
"88977","1998-02-07","2","7","1998"
"88978","1998-02-08","2","8","1998"
"88979","1998-02-09","2","9","1998"
"88980","1998-02-10","2","10","1998"
"88981","1998-02-11","2","11","1998"
"88982","1998-02-12","2","12","1998"
"88983","1998-02-13","2","13","1998"
"88984","1998-02-14","2","14","1998"
"88985","1998-02-15","2","15","1998"
"88986","1998-02-16","2","16","1998"
"88987","1998-02-17","2","17","1998"
"88988","1998-02-18","2","18","1998"
"88989","1998-02-19","2","19","1998"
"88990","1998-02-20","2","20","1998"
"88991","1998-02-21","2","21","1998"
"88992","1998-02-22","2","22","1998"
"88993","1998-02-23","2","23","1998"
"88994","1998-02-24","2","24","1998"
"88995","1998-02-25","2","25","1998"
"88996","1998-02-26","2","26","1998"
"88997","1998-02-27","2","27","1998"
"88998","1998-02-28","2","28","1998"
"89071","1998-03-01","3","1","1998"
"89072","1998-03-02","3","2","1998"
"89073","1998-03-03","3","3","1998"
"89074","1998-03-04","3","4","1998"
"89075","1998-03-05","3","5","1998"
"89076","1998-03-06","3","6","1998"
"89077","1998-03-07","3","7","1998"
"89078","1998-03-08","3","8","1998"
"89079","1998-03-09","3","9","1998"
"89080","1998-03-10","3","10","1998"
"89081","1998-03-11","3","11","1998"
"89082","1998-03-12","3","12","1998"
"89083","1998-03-13","3","13","1998"
"89084","1998-03-14","3","14","1998"
"89085","1998-03-15","3","15","1998"
"89086","1998-03-16","3","16","1998"
"89087","1998-03-17","3","17","1998"
"89088","1998-03-18","3","18","1998"
"89089","1998-03-19","3","19","1998"
"89090","1998-03-20","3","20","1998"
"89091","1998-03-21","3","21","1998"
"89092","1998-03-22","3","22","1998"
"89093","1998-03-23","3","23","1998"
"89094","1998-03-24","3","24","1998"
"89095","1998-03-25","3","25","1998"
"89096","1998-03-26","3","26","1998"
"89097","1998-03-27","3","27","1998"
"89098","1998-03-28","3","28","1998"
"89099","1998-03-29","3","29","1998"
"89100","1998-03-30","3","30","1998"
"89101","1998-03-31","3","31","1998"
"89171","1998-04-01","4","1","1998"
"89172","1998-04-02","4","2","1998"
"89173","1998-04-03","4","3","1998"
"89174","1998-04-04","4","4","1998"
"89175","1998-04-05","4","5","1998"
"89176","1998-04-06","4","6","1998"
"89177","1998-04-07","4","7","1998"
"89178","1998-04-08","4","8","1998"
"89179","1998-04-09","4","9","1998"
"89180","1998-04-10","4","10","1998"
"89181","1998-04-11","4","11","1998"
"89182","1998-04-12","4","12","1998"
"89183","1998-04-13","4","13","1998"
"89184","1998-04-14","4","14","1998"
"89185","1998-04-15","4","15","1998"
"89186","1998-04-16","4","16","1998"
"89187","1998-04-17","4","17","1998"
"89188","1998-04-18","4","18","1998"
"89189","1998-04-19","4","19","1998"
"89190","1998-04-20","4","20","1998"
"89191","1998-04-21","4","21","1998"
"89192","1998-04-22","4","22","1998"
"89193","1998-04-23","4","23","1998"
"89194","1998-04-24","4","24","1998"
"89195","1998-04-25","4","25","1998"
"89196","1998-04-26","4","26","1998"
"89197","1998-04-27","4","27","1998"
"89198","1998-04-28","4","28","1998"
"89199","1998-04-29","4","29","1998"
"89200","1998-04-30","4","30","1998"
"89271","1998-05-01","5","1","1998"
"89272","1998-05-02","5","2","1998"
"89273","1998-05-03","5","3","1998"
"89274","1998-05-04","5","4","1998"
"89275","1998-05-05","5","5","1998"
"89276","1998-05-06","5","6","1998"
"89277","1998-05-07","5","7","1998"
"89278","1998-05-08","5","8","1998"
"89279","1998-05-09","5","9","1998"
"89280","1998-05-10","5","10","1998"
"89281","1998-05-11","5","11","1998"
"89282","1998-05-12","5","12","1998"
"89283","1998-05-13","5","13","1998"
"89284","1998-05-14","5","14","1998"
"89285","1998-05-15","5","15","1998"
"89286","1998-05-16","5","16","1998"
"89287","1998-05-17","5","17","1998"
"89288","1998-05-18","5","18","1998"
"89289","1998-05-19","5","19","1998"
"89290","1998-05-20","5","20","1998"
"89291","1998-05-21","5","21","1998"
"89292","1998-05-22","5","22","1998"
"89293","1998-05-23","5","23","1998"
"89294","1998-05-24","5","24","1998"
"89295","1998-05-25","5","25","1998"
"89296","1998-05-26","5","26","1998"
"89297","1998-05-27","5","27","1998"
"89298","1998-05-28","5","28","1998"
"89299","1998-05-29","5","29","1998"
"89300","1998-05-30","5","30","1998"
"89301","1998-05-31","5","31","1998"
"89371","1998-06-01","6","1","1998"
"89372","1998-06-02","6","2","1998"
"89373","1998-06-03","6","3","1998"
"89374","1998-06-04","6","4","1998"
"89375","1998-06-05","6","5","1998"
"89376","1998-06-06","6","6","1998"
"89377","1998-06-07","6","7","1998"
"89378","1998-06-08","6","8","1998"
"89379","1998-06-09","6","9","1998"
"89380","1998-06-10","6","10","1998"
"89381","1998-06-11","6","11","1998"
"89382","1998-06-12","6","12","1998"
"89383","1998-06-13","6","13","1998"
"89384","1998-06-14","6","14","1998"
"89385","1998-06-15","6","15","1998"
"89386","1998-06-16","6","16","1998"
"89387","1998-06-17","6","17","1998"
"89388","1998-06-18","6","18","1998"
"89389","1998-06-19","6","19","1998"
"89390","1998-06-20","6","20","1998"
"89391","1998-06-21","6","21","1998"
"89392","1998-06-22","6","22","1998"
"89393","1998-06-23","6","23","1998"
"89394","1998-06-24","6","24","1998"
"89395","1998-06-25","6","25","1998"
"89396","1998-06-26","6","26","1998"
"89397","1998-06-27","6","27","1998"
"89398","1998-06-28","6","28","1998"
"89399","1998-06-29","6","29","1998"
"89400","1998-06-30","6","30","1998"
"89471","1998-07-01","7","1","1998"
"89472","1998-07-02","7","2","1998"
"89473","1998-07-03","7","3","1998"
"89474","1998-07-04","7","4","1998"
"89475","1998-07-05","7","5","1998"
"89476","1998-07-06","7","6","1998"
"89477","1998-07-07","7","7","1998"
"89478","1998-07-08","7","8","1998"
"89479","1998-07-09","7","9","1998"
"89480","1998-07-10","7","10","1998"
"89481","1998-07-11","7","11","1998"
"89482","1998-07-12","7","12","1998"
"89483","1998-07-13","7","13","1998"
"89484","1998-07-14","7","14","1998"
"89485","1998-07-15","7","15","1998"
"89486","1998-07-16","7","16","1998"
"89487","1998-07-17","7","17","1998"
"89488","1998-07-18","7","18","1998"
"89489","1998-07-19","7","19","1998"
"89490","1998-07-20","7","20","1998"
"89491","1998-07-21","7","21","1998"
"89492","1998-07-22","7","22","1998"
"89493","1998-07-23","7","23","1998"
"89494","1998-07-24","7","24","1998"
"89495","1998-07-25","7","25","1998"
"89496","1998-07-26","7","26","1998"
"89497","1998-07-27","7","27","1998"
"89498","1998-07-28","7","28","1998"
"89499","1998-07-29","7","29","1998"
"89500","1998-07-30","7","30","1998"
"89501","1998-07-31","7","31","1998"
"89571","1998-08-01","8","1","1998"
"89572","1998-08-02","8","2","1998"
"89573","1998-08-03","8","3","1998"
"89574","1998-08-04","8","4","1998"
"89575","1998-08-05","8","5","1998"
"89576","1998-08-06","8","6","1998"
"89577","1998-08-07","8","7","1998"
"89578","1998-08-08","8","8","1998"
"89579","1998-08-09","8","9","1998"
"89580","1998-08-10","8","10","1998"
"89581","1998-08-11","8","11","1998"
"89582","1998-08-12","8","12","1998"
"89583","1998-08-13","8","13","1998"
"89584","1998-08-14","8","14","1998"
"89585","1998-08-15","8","15","1998"
"89586","1998-08-16","8","16","1998"
"89587","1998-08-17","8","17","1998"
"89588","1998-08-18","8","18","1998"
"89589","1998-08-19","8","19","1998"
"89590","1998-08-20","8","20","1998"
"89591","1998-08-21","8","21","1998"
"89592","1998-08-22","8","22","1998"
"89593","1998-08-23","8","23","1998"
"89594","1998-08-24","8","24","1998"
"89595","1998-08-25","8","25","1998"
"89596","1998-08-26","8","26","1998"
"89597","1998-08-27","8","27","1998"
"89598","1998-08-28","8","28","1998"
"89599","1998-08-29","8","29","1998"
"89600","1998-08-30","8","30","1998"
"89601","1998-08-31","8","31","1998"
"89671","1998-09-01","9","1","1998"
"89672","1998-09-02","9","2","1998"
"89673","1998-09-03","9","3","1998"
"89674","1998-09-04","9","4","1998"
"89675","1998-09-05","9","5","1998"
"89676","1998-09-06","9","6","1998"
"89677","1998-09-07","9","7","1998"
"89678","1998-09-08","9","8","1998"
"89679","1998-09-09","9","9","1998"
"89680","1998-09-10","9","10","1998"
"89681","1998-09-11","9","11","1998"
"89682","1998-09-12","9","12","1998"
"89683","1998-09-13","9","13","1998"
"89684","1998-09-14","9","14","1998"
"89685","1998-09-15","9","15","1998"
"89686","1998-09-16","9","16","1998"
"89687","1998-09-17","9","17","1998"
"89688","1998-09-18","9","18","1998"
"89689","1998-09-19","9","19","1998"
"89690","1998-09-20","9","20","1998"
"89691","1998-09-21","9","21","1998"
"89692","1998-09-22","9","22","1998"
"89693","1998-09-23","9","23","1998"
"89694","1998-09-24","9","24","1998"
"89695","1998-09-25","9","25","1998"
"89696","1998-09-26","9","26","1998"
"89697","1998-09-27","9","27","1998"
"89698","1998-09-28","9","28","1998"
"89699","1998-09-29","9","29","1998"
"89700","1998-09-30","9","30","1998"
"89771","1998-10-01","10","1","1998"
"89772","1998-10-02","10","2","1998"
"89773","1998-10-03","10","3","1998"
"89774","1998-10-04","10","4","1998"
"89775","1998-10-05","10","5","1998"
"89776","1998-10-06","10","6","1998"
"89777","1998-10-07","10","7","1998"
"89778","1998-10-08","10","8","1998"
"89779","1998-10-09","10","9","1998"
"89780","1998-10-10","10","10","1998"
"89781","1998-10-11","10","11","1998"
"89782","1998-10-12","10","12","1998"
"89783","1998-10-13","10","13","1998"
"89784","1998-10-14","10","14","1998"
"89785","1998-10-15","10","15","1998"
"89786","1998-10-16","10","16","1998"
"89787","1998-10-17","10","17","1998"
"89788","1998-10-18","10","18","1998"
"89789","1998-10-19","10","19","1998"
"89790","1998-10-20","10","20","1998"
"89791","1998-10-21","10","21","1998"
"89792","1998-10-22","10","22","1998"
"89793","1998-10-23","10","23","1998"
"89794","1998-10-24","10","24","1998"
"89795","1998-10-25","10","25","1998"
"89796","1998-10-26","10","26","1998"
"89797","1998-10-27","10","27","1998"
"89798","1998-10-28","10","28","1998"
"89799","1998-10-29","10","29","1998"
"89800","1998-10-30","10","30","1998"
"89801","1998-10-31","10","31","1998"
"89871","1998-11-01","11","1","1998"
"89872","1998-11-02","11","2","1998"
"89873","1998-11-03","11","3","1998"
"89874","1998-11-04","11","4","1998"
"89875","1998-11-05","11","5","1998"
"89876","1998-11-06","11","6","1998"
"89877","1998-11-07","11","7","1998"
"89878","1998-11-08","11","8","1998"
"89879","1998-11-09","11","9","1998"
"89880","1998-11-10","11","10","1998"
"89881","1998-11-11","11","11","1998"
"89882","1998-11-12","11","12","1998"
"89883","1998-11-13","11","13","1998"
"89884","1998-11-14","11","14","1998"
"89885","1998-11-15","11","15","1998"
"89886","1998-11-16","11","16","1998"
"89887","1998-11-17","11","17","1998"
"89888","1998-11-18","11","18","1998"
"89889","1998-11-19","11","19","1998"
"89890","1998-11-20","11","20","1998"
"89891","1998-11-21","11","21","1998"
"89892","1998-11-22","11","22","1998"
"89893","1998-11-23","11","23","1998"
"89894","1998-11-24","11","24","1998"
"89895","1998-11-25","11","25","1998"
"89896","1998-11-26","11","26","1998"
"89897","1998-11-27","11","27","1998"
"89898","1998-11-28","11","28","1998"
"89899","1998-11-29","11","29","1998"
"89900","1998-11-30","11","30","1998"
"89971","1998-12-01","12","1","1998"
"89972","1998-12-02","12","2","1998"
"89973","1998-12-03","12","3","1998"
"89974","1998-12-04","12","4","1998"
"89975","1998-12-05","12","5","1998"
"89976","1998-12-06","12","6","1998"
"89977","1998-12-07","12","7","1998"
"89978","1998-12-08","12","8","1998"
"89979","1998-12-09","12","9","1998"
"89980","1998-12-10","12","10","1998"
"89981","1998-12-11","12","11","1998"
"89982","1998-12-12","12","12","1998"
"89983","1998-12-13","12","13","1998"
"89984","1998-12-14","12","14","1998"
"89985","1998-12-15","12","15","1998"
"89986","1998-12-16","12","16","1998"
"89987","1998-12-17","12","17","1998"
"89988","1998-12-18","12","18","1998"
"89989","1998-12-19","12","19","1998"
"89990","1998-12-20","12","20","1998"
"89991","1998-12-21","12","21","1998"
"89992","1998-12-22","12","22","1998"
"89993","1998-12-23","12","23","1998"
"89994","1998-12-24","12","24","1998"
"89995","1998-12-25","12","25","1998"
"89996","1998-12-26","12","26","1998"
"89997","1998-12-27","12","27","1998"
"89998","1998-12-28","12","28","1998"
"89999","1998-12-29","12","29","1998"
"90000","1998-12-30","12","30","1998"
"90001","1998-12-31","12","31","1998"
"98871","1999-01-01","1","1","1999"
"98872","1999-01-02","1","2","1999"
"98873","1999-01-03","1","3","1999"
"98874","1999-01-04","1","4","1999"
"98875","1999-01-05","1","5","1999"
"98876","1999-01-06","1","6","1999"
"98877","1999-01-07","1","7","1999"
"98878","1999-01-08","1","8","1999"
"98879","1999-01-09","1","9","1999"
"98880","1999-01-10","1","10","1999"
"98881","1999-01-11","1","11","1999"
"98882","1999-01-12","1","12","1999"
"98883","1999-01-13","1","13","1999"
"98884","1999-01-14","1","14","1999"
"98885","1999-01-15","1","15","1999"
"98886","1999-01-16","1","16","1999"
"98887","1999-01-17","1","17","1999"
"98888","1999-01-18","1","18","1999"
"98889","1999-01-19","1","19","1999"
"98890","1999-01-20","1","20","1999"
"98891","1999-01-21","1","21","1999"
"98892","1999-01-22","1","22","1999"
"98893","1999-01-23","1","23","1999"
"98894","1999-01-24","1","24","1999"
"98895","1999-01-25","1","25","1999"
"98896","1999-01-26","1","26","1999"
"98897","1999-01-27","1","27","1999"
"98898","1999-01-28","1","28","1999"
"98899","1999-01-29","1","29","1999"
"98900","1999-01-30","1","30","1999"
"98901","1999-01-31","1","31","1999"
"98971","1999-02-01","2","1","1999"
"98972","1999-02-02","2","2","1999"
"98973","1999-02-03","2","3","1999"
"98974","1999-02-04","2","4","1999"
"98975","1999-02-05","2","5","1999"
"98976","1999-02-06","2","6","1999"
"98977","1999-02-07","2","7","1999"
"98978","1999-02-08","2","8","1999"
"98979","1999-02-09","2","9","1999"
"98980","1999-02-10","2","10","1999"
"98981","1999-02-11","2","11","1999"
"98982","1999-02-12","2","12","1999"
"98983","1999-02-13","2","13","1999"
"98984","1999-02-14","2","14","1999"
"98985","1999-02-15","2","15","1999"
"98986","1999-02-16","2","16","1999"
"98987","1999-02-17","2","17","1999"
"98988","1999-02-18","2","18","1999"
"98989","1999-02-19","2","19","1999"
"98990","1999-02-20","2","20","1999"
"98991","1999-02-21","2","21","1999"
"98992","1999-02-22","2","22","1999"
"98993","1999-02-23","2","23","1999"
"98994","1999-02-24","2","24","1999"
"98995","1999-02-25","2","25","1999"
"98996","1999-02-26","2","26","1999"
"98997","1999-02-27","2","27","1999"
"98998","1999-02-28","2","28","1999"
"99071","1999-03-01","3","1","1999"
"99072","1999-03-02","3","2","1999"
"99073","1999-03-03","3","3","1999"
"99074","1999-03-04","3","4","1999"
"99075","1999-03-05","3","5","1999"
"99076","1999-03-06","3","6","1999"
"99077","1999-03-07","3","7","1999"
"99078","1999-03-08","3","8","1999"
"99079","1999-03-09","3","9","1999"
"99080","1999-03-10","3","10","1999"
"99081","1999-03-11","3","11","1999"
"99082","1999-03-12","3","12","1999"
"99083","1999-03-13","3","13","1999"
"99084","1999-03-14","3","14","1999"
"99085","1999-03-15","3","15","1999"
"99086","1999-03-16","3","16","1999"
"99087","1999-03-17","3","17","1999"
"99088","1999-03-18","3","18","1999"
"99089","1999-03-19","3","19","1999"
"99090","1999-03-20","3","20","1999"
"99091","1999-03-21","3","21","1999"
"99092","1999-03-22","3","22","1999"
"99093","1999-03-23","3","23","1999"
"99094","1999-03-24","3","24","1999"
"99095","1999-03-25","3","25","1999"
"99096","1999-03-26","3","26","1999"
"99097","1999-03-27","3","27","1999"
"99098","1999-03-28","3","28","1999"
"99099","1999-03-29","3","29","1999"
"99100","1999-03-30","3","30","1999"
"99101","1999-03-31","3","31","1999"
"99171","1999-04-01","4","1","1999"
"99172","1999-04-02","4","2","1999"
"99173","1999-04-03","4","3","1999"
"99174","1999-04-04","4","4","1999"
"99175","1999-04-05","4","5","1999"
"99176","1999-04-06","4","6","1999"
"99177","1999-04-07","4","7","1999"
"99178","1999-04-08","4","8","1999"
"99179","1999-04-09","4","9","1999"
"99180","1999-04-10","4","10","1999"
"99181","1999-04-11","4","11","1999"
"99182","1999-04-12","4","12","1999"
"99183","1999-04-13","4","13","1999"
"99184","1999-04-14","4","14","1999"
"99185","1999-04-15","4","15","1999"
"99186","1999-04-16","4","16","1999"
"99187","1999-04-17","4","17","1999"
"99188","1999-04-18","4","18","1999"
"99189","1999-04-19","4","19","1999"
"99190","1999-04-20","4","20","1999"
"99191","1999-04-21","4","21","1999"
"99192","1999-04-22","4","22","1999"
"99193","1999-04-23","4","23","1999"
"99194","1999-04-24","4","24","1999"
"99195","1999-04-25","4","25","1999"
"99196","1999-04-26","4","26","1999"
"99197","1999-04-27","4","27","1999"
"99198","1999-04-28","4","28","1999"
"99199","1999-04-29","4","29","1999"
"99200","1999-04-30","4","30","1999"
"99271","1999-05-01","5","1","1999"
"99272","1999-05-02","5","2","1999"
"99273","1999-05-03","5","3","1999"
"99274","1999-05-04","5","4","1999"
"99275","1999-05-05","5","5","1999"
"99276","1999-05-06","5","6","1999"
"99277","1999-05-07","5","7","1999"
"99278","1999-05-08","5","8","1999"
"99279","1999-05-09","5","9","1999"
"99280","1999-05-10","5","10","1999"
"99281","1999-05-11","5","11","1999"
"99282","1999-05-12","5","12","1999"
"99283","1999-05-13","5","13","1999"
"99284","1999-05-14","5","14","1999"
"99285","1999-05-15","5","15","1999"
"99286","1999-05-16","5","16","1999"
"99287","1999-05-17","5","17","1999"
"99288","1999-05-18","5","18","1999"
"99289","1999-05-19","5","19","1999"
"99290","1999-05-20","5","20","1999"
"99291","1999-05-21","5","21","1999"
"99292","1999-05-22","5","22","1999"
"99293","1999-05-23","5","23","1999"
"99294","1999-05-24","5","24","1999"
"99295","1999-05-25","5","25","1999"
"99296","1999-05-26","5","26","1999"
"99297","1999-05-27","5","27","1999"
"99298","1999-05-28","5","28","1999"
"99299","1999-05-29","5","29","1999"
"99300","1999-05-30","5","30","1999"
"99301","1999-05-31","5","31","1999"
"99371","1999-06-01","6","1","1999"
"99372","1999-06-02","6","2","1999"
"99373","1999-06-03","6","3","1999"
"99374","1999-06-04","6","4","1999"
"99375","1999-06-05","6","5","1999"
"99376","1999-06-06","6","6","1999"
"99377","1999-06-07","6","7","1999"
"99378","1999-06-08","6","8","1999"
"99379","1999-06-09","6","9","1999"
"99380","1999-06-10","6","10","1999"
"99381","1999-06-11","6","11","1999"
"99382","1999-06-12","6","12","1999"
"99383","1999-06-13","6","13","1999"
"99384","1999-06-14","6","14","1999"
"99385","1999-06-15","6","15","1999"
"99386","1999-06-16","6","16","1999"
"99387","1999-06-17","6","17","1999"
"99388","1999-06-18","6","18","1999"
"99389","1999-06-19","6","19","1999"
"99390","1999-06-20","6","20","1999"
"99391","1999-06-21","6","21","1999"
"99392","1999-06-22","6","22","1999"
"99393","1999-06-23","6","23","1999"
"99394","1999-06-24","6","24","1999"
"99395","1999-06-25","6","25","1999"
"99396","1999-06-26","6","26","1999"
"99397","1999-06-27","6","27","1999"
"99398","1999-06-28","6","28","1999"
"99399","1999-06-29","6","29","1999"
"99400","1999-06-30","6","30","1999"
"99471","1999-07-01","7","1","1999"
"99472","1999-07-02","7","2","1999"
"99473","1999-07-03","7","3","1999"
"99474","1999-07-04","7","4","1999"
"99475","1999-07-05","7","5","1999"
"99476","1999-07-06","7","6","1999"
"99477","1999-07-07","7","7","1999"
"99478","1999-07-08","7","8","1999"
"99479","1999-07-09","7","9","1999"
"99480","1999-07-10","7","10","1999"
"99481","1999-07-11","7","11","1999"
"99482","1999-07-12","7","12","1999"
"99483","1999-07-13","7","13","1999"
"99484","1999-07-14","7","14","1999"
"99485","1999-07-15","7","15","1999"
"99486","1999-07-16","7","16","1999"
"99487","1999-07-17","7","17","1999"
"99488","1999-07-18","7","18","1999"
"99489","1999-07-19","7","19","1999"
"99490","1999-07-20","7","20","1999"
"99491","1999-07-21","7","21","1999"
"99492","1999-07-22","7","22","1999"
"99493","1999-07-23","7","23","1999"
"99494","1999-07-24","7","24","1999"
"99495","1999-07-25","7","25","1999"
"99496","1999-07-26","7","26","1999"
"99497","1999-07-27","7","27","1999"
"99498","1999-07-28","7","28","1999"
"99499","1999-07-29","7","29","1999"
"99500","1999-07-30","7","30","1999"
"99501","1999-07-31","7","31","1999"
"99571","1999-08-01","8","1","1999"
"99572","1999-08-02","8","2","1999"
"99573","1999-08-03","8","3","1999"
"99574","1999-08-04","8","4","1999"
"99575","1999-08-05","8","5","1999"
"99576","1999-08-06","8","6","1999"
"99577","1999-08-07","8","7","1999"
"99578","1999-08-08","8","8","1999"
"99579","1999-08-09","8","9","1999"
"99580","1999-08-10","8","10","1999"
"99581","1999-08-11","8","11","1999"
"99582","1999-08-12","8","12","1999"
"99583","1999-08-13","8","13","1999"
"99584","1999-08-14","8","14","1999"
"99585","1999-08-15","8","15","1999"
"99586","1999-08-16","8","16","1999"
"99587","1999-08-17","8","17","1999"
"99588","1999-08-18","8","18","1999"
"99589","1999-08-19","8","19","1999"
"99590","1999-08-20","8","20","1999"
"99591","1999-08-21","8","21","1999"
"99592","1999-08-22","8","22","1999"
"99593","1999-08-23","8","23","1999"
"99594","1999-08-24","8","24","1999"
"99595","1999-08-25","8","25","1999"
"99596","1999-08-26","8","26","1999"
"99597","1999-08-27","8","27","1999"
"99598","1999-08-28","8","28","1999"
"99599","1999-08-29","8","29","1999"
"99600","1999-08-30","8","30","1999"
"99601","1999-08-31","8","31","1999"
"99671","1999-09-01","9","1","1999"
"99672","1999-09-02","9","2","1999"
"99673","1999-09-03","9","3","1999"
"99674","1999-09-04","9","4","1999"
"99675","1999-09-05","9","5","1999"
"99676","1999-09-06","9","6","1999"
"99677","1999-09-07","9","7","1999"
"99678","1999-09-08","9","8","1999"
"99679","1999-09-09","9","9","1999"
"99680","1999-09-10","9","10","1999"
"99681","1999-09-11","9","11","1999"
"99682","1999-09-12","9","12","1999"
"99683","1999-09-13","9","13","1999"
"99684","1999-09-14","9","14","1999"
"99685","1999-09-15","9","15","1999"
"99686","1999-09-16","9","16","1999"
"99687","1999-09-17","9","17","1999"
"99688","1999-09-18","9","18","1999"
"99689","1999-09-19","9","19","1999"
"99690","1999-09-20","9","20","1999"
"99691","1999-09-21","9","21","1999"
"99692","1999-09-22","9","22","1999"
"99693","1999-09-23","9","23","1999"
"99694","1999-09-24","9","24","1999"
"99695","1999-09-25","9","25","1999"
"99696","1999-09-26","9","26","1999"
"99697","1999-09-27","9","27","1999"
"99698","1999-09-28","9","28","1999"
"99699","1999-09-29","9","29","1999"
"99700","1999-09-30","9","30","1999"
"99771","1999-10-01","10","1","1999"
"99772","1999-10-02","10","2","1999"
"99773","1999-10-03","10","3","1999"
"99774","1999-10-04","10","4","1999"
"99775","1999-10-05","10","5","1999"
"99776","1999-10-06","10","6","1999"
"99777","1999-10-07","10","7","1999"
"99778","1999-10-08","10","8","1999"
"99779","1999-10-09","10","9","1999"
"99780","1999-10-10","10","10","1999"
"99781","1999-10-11","10","11","1999"
"99782","1999-10-12","10","12","1999"
"99783","1999-10-13","10","13","1999"
"99784","1999-10-14","10","14","1999"
"99785","1999-10-15","10","15","1999"
"99786","1999-10-16","10","16","1999"
"99787","1999-10-17","10","17","1999"
"99788","1999-10-18","10","18","1999"
"99789","1999-10-19","10","19","1999"
"99790","1999-10-20","10","20","1999"
"99791","1999-10-21","10","21","1999"
"99792","1999-10-22","10","22","1999"
"99793","1999-10-23","10","23","1999"
"99794","1999-10-24","10","24","1999"
"99795","1999-10-25","10","25","1999"
"99796","1999-10-26","10","26","1999"
"99797","1999-10-27","10","27","1999"
"99798","1999-10-28","10","28","1999"
"99799","1999-10-29","10","29","1999"
"99800","1999-10-30","10","30","1999"
"99801","1999-10-31","10","31","1999"
"99871","1999-11-01","11","1","1999"
"99872","1999-11-02","11","2","1999"
"99873","1999-11-03","11","3","1999"
"99874","1999-11-04","11","4","1999"
"99875","1999-11-05","11","5","1999"
"99876","1999-11-06","11","6","1999"
"99877","1999-11-07","11","7","1999"
"99878","1999-11-08","11","8","1999"
"99879","1999-11-09","11","9","1999"
"99880","1999-11-10","11","10","1999"
"99881","1999-11-11","11","11","1999"
"99882","1999-11-12","11","12","1999"
"99883","1999-11-13","11","13","1999"
"99884","1999-11-14","11","14","1999"
"99885","1999-11-15","11","15","1999"
"99886","1999-11-16","11","16","1999"
"99887","1999-11-17","11","17","1999"
"99888","1999-11-18","11","18","1999"
"99889","1999-11-19","11","19","1999"
"99890","1999-11-20","11","20","1999"
"99891","1999-11-21","11","21","1999"
"99892","1999-11-22","11","22","1999"
"99893","1999-11-23","11","23","1999"
"99894","1999-11-24","11","24","1999"
"99895","1999-11-25","11","25","1999"
"99896","1999-11-26","11","26","1999"
"99897","1999-11-27","11","27","1999"
"99898","1999-11-28","11","28","1999"
"99899","1999-11-29","11","29","1999"
"99900","1999-11-30","11","30","1999"
"99971","1999-12-01","12","1","1999"
"99972","1999-12-02","12","2","1999"
"99973","1999-12-03","12","3","1999"
"99974","1999-12-04","12","4","1999"
"99975","1999-12-05","12","5","1999"
"99976","1999-12-06","12","6","1999"
"99977","1999-12-07","12","7","1999"
"99978","1999-12-08","12","8","1999"
"99979","1999-12-09","12","9","1999"
"99980","1999-12-10","12","10","1999"
"99981","1999-12-11","12","11","1999"
"99982","1999-12-12","12","12","1999"
"99983","1999-12-13","12","13","1999"
"99984","1999-12-14","12","14","1999"
"99985","1999-12-15","12","15","1999"
"99986","1999-12-16","12","16","1999"
"99987","1999-12-17","12","17","1999"
"99988","1999-12-18","12","18","1999"
"99989","1999-12-19","12","19","1999"
"99990","1999-12-20","12","20","1999"
"99991","1999-12-21","12","21","1999"
"99992","1999-12-22","12","22","1999"
"99993","1999-12-23","12","23","1999"
"99994","1999-12-24","12","24","1999"
"99995","1999-12-25","12","25","1999"
"99996","1999-12-26","12","26","1999"
"99997","1999-12-27","12","27","1999"
"99998","1999-12-28","12","28","1999"
"99999","1999-12-29","12","29","1999"
"100000","1999-12-30","12","30","1999"
"100001","1999-12-31","12","31","1999"
"108871","2000-01-01","1","1","2000"
"108872","2000-01-02","1","2","2000"
"108873","2000-01-03","1","3","2000"
"108874","2000-01-04","1","4","2000"
"108875","2000-01-05","1","5","2000"
"108876","2000-01-06","1","6","2000"
"108877","2000-01-07","1","7","2000"
"108878","2000-01-08","1","8","2000"
"108879","2000-01-09","1","9","2000"
"108880","2000-01-10","1","10","2000"
"108881","2000-01-11","1","11","2000"
"108882","2000-01-12","1","12","2000"
"108883","2000-01-13","1","13","2000"
"108884","2000-01-14","1","14","2000"
"108885","2000-01-15","1","15","2000"
"108886","2000-01-16","1","16","2000"
"108887","2000-01-17","1","17","2000"
"108888","2000-01-18","1","18","2000"
"108889","2000-01-19","1","19","2000"
"108890","2000-01-20","1","20","2000"
"108891","2000-01-21","1","21","2000"
"108892","2000-01-22","1","22","2000"
"108893","2000-01-23","1","23","2000"
"108894","2000-01-24","1","24","2000"
"108895","2000-01-25","1","25","2000"
"108896","2000-01-26","1","26","2000"
"108897","2000-01-27","1","27","2000"
"108898","2000-01-28","1","28","2000"
"108899","2000-01-29","1","29","2000"
"108900","2000-01-30","1","30","2000"
"108901","2000-01-31","1","31","2000"
"108971","2000-02-01","2","1","2000"
"108972","2000-02-02","2","2","2000"
"108973","2000-02-03","2","3","2000"
"108974","2000-02-04","2","4","2000"
"108975","2000-02-05","2","5","2000"
"108976","2000-02-06","2","6","2000"
"108977","2000-02-07","2","7","2000"
"108978","2000-02-08","2","8","2000"
"108979","2000-02-09","2","9","2000"
"108980","2000-02-10","2","10","2000"
"108981","2000-02-11","2","11","2000"
"108982","2000-02-12","2","12","2000"
"108983","2000-02-13","2","13","2000"
"108984","2000-02-14","2","14","2000"
"108985","2000-02-15","2","15","2000"
"108986","2000-02-16","2","16","2000"
"108987","2000-02-17","2","17","2000"
"108988","2000-02-18","2","18","2000"
"108989","2000-02-19","2","19","2000"
"108990","2000-02-20","2","20","2000"
"108991","2000-02-21","2","21","2000"
"108992","2000-02-22","2","22","2000"
"108993","2000-02-23","2","23","2000"
"108994","2000-02-24","2","24","2000"
"108995","2000-02-25","2","25","2000"
"108996","2000-02-26","2","26","2000"
"108997","2000-02-27","2","27","2000"
"108998","2000-02-28","2","28","2000"
"108999","2000-02-29","2","29","2000"
"109071","2000-03-01","3","1","2000"
"109072","2000-03-02","3","2","2000"
"109073","2000-03-03","3","3","2000"
"109074","2000-03-04","3","4","2000"
"109075","2000-03-05","3","5","2000"
"109076","2000-03-06","3","6","2000"
"109077","2000-03-07","3","7","2000"
"109078","2000-03-08","3","8","2000"
"109079","2000-03-09","3","9","2000"
"109080","2000-03-10","3","10","2000"
"109081","2000-03-11","3","11","2000"
"109082","2000-03-12","3","12","2000"
"109083","2000-03-13","3","13","2000"
"109084","2000-03-14","3","14","2000"
"109085","2000-03-15","3","15","2000"
"109086","2000-03-16","3","16","2000"
"109087","2000-03-17","3","17","2000"
"109088","2000-03-18","3","18","2000"
"109089","2000-03-19","3","19","2000"
"109090","2000-03-20","3","20","2000"
"109091","2000-03-21","3","21","2000"
"109092","2000-03-22","3","22","2000"
"109093","2000-03-23","3","23","2000"
"109094","2000-03-24","3","24","2000"
"109095","2000-03-25","3","25","2000"
"109096","2000-03-26","3","26","2000"
"109097","2000-03-27","3","27","2000"
"109098","2000-03-28","3","28","2000"
"109099","2000-03-29","3","29","2000"
"109100","2000-03-30","3","30","2000"
"109101","2000-03-31","3","31","2000"
"109171","2000-04-01","4","1","2000"
"109172","2000-04-02","4","2","2000"
"109173","2000-04-03","4","3","2000"
"109174","2000-04-04","4","4","2000"
"109175","2000-04-05","4","5","2000"
"109176","2000-04-06","4","6","2000"
"109177","2000-04-07","4","7","2000"
"109178","2000-04-08","4","8","2000"
"109179","2000-04-09","4","9","2000"
"109180","2000-04-10","4","10","2000"
"109181","2000-04-11","4","11","2000"
"109182","2000-04-12","4","12","2000"
"109183","2000-04-13","4","13","2000"
"109184","2000-04-14","4","14","2000"
"109185","2000-04-15","4","15","2000"
"109186","2000-04-16","4","16","2000"
"109187","2000-04-17","4","17","2000"
"109188","2000-04-18","4","18","2000"
"109189","2000-04-19","4","19","2000"
"109190","2000-04-20","4","20","2000"
"109191","2000-04-21","4","21","2000"
"109192","2000-04-22","4","22","2000"
"109193","2000-04-23","4","23","2000"
"109194","2000-04-24","4","24","2000"
"109195","2000-04-25","4","25","2000"
"109196","2000-04-26","4","26","2000"
"109197","2000-04-27","4","27","2000"
"109198","2000-04-28","4","28","2000"
"109199","2000-04-29","4","29","2000"
"109200","2000-04-30","4","30","2000"
"109271","2000-05-01","5","1","2000"
"109272","2000-05-02","5","2","2000"
"109273","2000-05-03","5","3","2000"
"109274","2000-05-04","5","4","2000"
"109275","2000-05-05","5","5","2000"
"109276","2000-05-06","5","6","2000"
"109277","2000-05-07","5","7","2000"
"109278","2000-05-08","5","8","2000"
"109279","2000-05-09","5","9","2000"
"109280","2000-05-10","5","10","2000"
"109281","2000-05-11","5","11","2000"
"109282","2000-05-12","5","12","2000"
"109283","2000-05-13","5","13","2000"
"109284","2000-05-14","5","14","2000"
"109285","2000-05-15","5","15","2000"
"109286","2000-05-16","5","16","2000"
"109287","2000-05-17","5","17","2000"
"109288","2000-05-18","5","18","2000"
"109289","2000-05-19","5","19","2000"
"109290","2000-05-20","5","20","2000"
"109291","2000-05-21","5","21","2000"
"109292","2000-05-22","5","22","2000"
"109293","2000-05-23","5","23","2000"
"109294","2000-05-24","5","24","2000"
"109295","2000-05-25","5","25","2000"
"109296","2000-05-26","5","26","2000"
"109297","2000-05-27","5","27","2000"
"109298","2000-05-28","5","28","2000"
"109299","2000-05-29","5","29","2000"
"109300","2000-05-30","5","30","2000"
"109301","2000-05-31","5","31","2000"
"109371","2000-06-01","6","1","2000"
"109372","2000-06-02","6","2","2000"
"109373","2000-06-03","6","3","2000"
"109374","2000-06-04","6","4","2000"
"109375","2000-06-05","6","5","2000"
"109376","2000-06-06","6","6","2000"
"109377","2000-06-07","6","7","2000"
"109378","2000-06-08","6","8","2000"
"109379","2000-06-09","6","9","2000"
"109380","2000-06-10","6","10","2000"
"109381","2000-06-11","6","11","2000"
"109382","2000-06-12","6","12","2000"
"109383","2000-06-13","6","13","2000"
"109384","2000-06-14","6","14","2000"
"109385","2000-06-15","6","15","2000"
"109386","2000-06-16","6","16","2000"
"109387","2000-06-17","6","17","2000"
"109388","2000-06-18","6","18","2000"
"109389","2000-06-19","6","19","2000"
"109390","2000-06-20","6","20","2000"
"109391","2000-06-21","6","21","2000"
"109392","2000-06-22","6","22","2000"
"109393","2000-06-23","6","23","2000"
"109394","2000-06-24","6","24","2000"
"109395","2000-06-25","6","25","2000"
"109396","2000-06-26","6","26","2000"
"109397","2000-06-27","6","27","2000"
"109398","2000-06-28","6","28","2000"
"109399","2000-06-29","6","29","2000"
"109400","2000-06-30","6","30","2000"
"109471","2000-07-01","7","1","2000"
"109472","2000-07-02","7","2","2000"
"109473","2000-07-03","7","3","2000"
"109474","2000-07-04","7","4","2000"
"109475","2000-07-05","7","5","2000"
"109476","2000-07-06","7","6","2000"
"109477","2000-07-07","7","7","2000"
"109478","2000-07-08","7","8","2000"
"109479","2000-07-09","7","9","2000"
"109480","2000-07-10","7","10","2000"
"109481","2000-07-11","7","11","2000"
"109482","2000-07-12","7","12","2000"
"109483","2000-07-13","7","13","2000"
"109484","2000-07-14","7","14","2000"
"109485","2000-07-15","7","15","2000"
"109486","2000-07-16","7","16","2000"
"109487","2000-07-17","7","17","2000"
"109488","2000-07-18","7","18","2000"
"109489","2000-07-19","7","19","2000"
"109490","2000-07-20","7","20","2000"
"109491","2000-07-21","7","21","2000"
"109492","2000-07-22","7","22","2000"
"109493","2000-07-23","7","23","2000"
"109494","2000-07-24","7","24","2000"
"109495","2000-07-25","7","25","2000"
"109496","2000-07-26","7","26","2000"
"109497","2000-07-27","7","27","2000"
"109498","2000-07-28","7","28","2000"
"109499","2000-07-29","7","29","2000"
"109500","2000-07-30","7","30","2000"
"109501","2000-07-31","7","31","2000"
"109571","2000-08-01","8","1","2000"
"109572","2000-08-02","8","2","2000"
"109573","2000-08-03","8","3","2000"
"109574","2000-08-04","8","4","2000"
"109575","2000-08-05","8","5","2000"
"109576","2000-08-06","8","6","2000"
"109577","2000-08-07","8","7","2000"
"109578","2000-08-08","8","8","2000"
"109579","2000-08-09","8","9","2000"
"109580","2000-08-10","8","10","2000"
"109581","2000-08-11","8","11","2000"
"109582","2000-08-12","8","12","2000"
"109583","2000-08-13","8","13","2000"
"109584","2000-08-14","8","14","2000"
"109585","2000-08-15","8","15","2000"
"109586","2000-08-16","8","16","2000"
"109587","2000-08-17","8","17","2000"
"109588","2000-08-18","8","18","2000"
"109589","2000-08-19","8","19","2000"
"109590","2000-08-20","8","20","2000"
"109591","2000-08-21","8","21","2000"
"109592","2000-08-22","8","22","2000"
"109593","2000-08-23","8","23","2000"
"109594","2000-08-24","8","24","2000"
"109595","2000-08-25","8","25","2000"
"109596","2000-08-26","8","26","2000"
"109597","2000-08-27","8","27","2000"
"109598","2000-08-28","8","28","2000"
"109599","2000-08-29","8","29","2000"
"109600","2000-08-30","8","30","2000"
"109601","2000-08-31","8","31","2000"
"109671","2000-09-01","9","1","2000"
"109672","2000-09-02","9","2","2000"
"109673","2000-09-03","9","3","2000"
"109674","2000-09-04","9","4","2000"
"109675","2000-09-05","9","5","2000"
"109676","2000-09-06","9","6","2000"
"109677","2000-09-07","9","7","2000"
"109678","2000-09-08","9","8","2000"
"109679","2000-09-09","9","9","2000"
"109680","2000-09-10","9","10","2000"
"109681","2000-09-11","9","11","2000"
"109682","2000-09-12","9","12","2000"
"109683","2000-09-13","9","13","2000"
"109684","2000-09-14","9","14","2000"
"109685","2000-09-15","9","15","2000"
"109686","2000-09-16","9","16","2000"
"109687","2000-09-17","9","17","2000"
"109688","2000-09-18","9","18","2000"
"109689","2000-09-19","9","19","2000"
"109690","2000-09-20","9","20","2000"
"109691","2000-09-21","9","21","2000"
"109692","2000-09-22","9","22","2000"
"109693","2000-09-23","9","23","2000"
"109694","2000-09-24","9","24","2000"
"109695","2000-09-25","9","25","2000"
"109696","2000-09-26","9","26","2000"
"109697","2000-09-27","9","27","2000"
"109698","2000-09-28","9","28","2000"
"109699","2000-09-29","9","29","2000"
"109700","2000-09-30","9","30","2000"
"109771","2000-10-01","10","1","2000"
"109772","2000-10-02","10","2","2000"
"109773","2000-10-03","10","3","2000"
"109774","2000-10-04","10","4","2000"
"109775","2000-10-05","10","5","2000"
"109776","2000-10-06","10","6","2000"
"109777","2000-10-07","10","7","2000"
"109778","2000-10-08","10","8","2000"
"109779","2000-10-09","10","9","2000"
"109780","2000-10-10","10","10","2000"
"109781","2000-10-11","10","11","2000"
"109782","2000-10-12","10","12","2000"
"109783","2000-10-13","10","13","2000"
"109784","2000-10-14","10","14","2000"
"109785","2000-10-15","10","15","2000"
"109786","2000-10-16","10","16","2000"
"109787","2000-10-17","10","17","2000"
"109788","2000-10-18","10","18","2000"
"109789","2000-10-19","10","19","2000"
"109790","2000-10-20","10","20","2000"
"109791","2000-10-21","10","21","2000"
"109792","2000-10-22","10","22","2000"
"109793","2000-10-23","10","23","2000"
"109794","2000-10-24","10","24","2000"
"109795","2000-10-25","10","25","2000"
"109796","2000-10-26","10","26","2000"
"109797","2000-10-27","10","27","2000"
"109798","2000-10-28","10","28","2000"
"109799","2000-10-29","10","29","2000"
"109800","2000-10-30","10","30","2000"
"109801","2000-10-31","10","31","2000"
"109871","2000-11-01","11","1","2000"
"109872","2000-11-02","11","2","2000"
"109873","2000-11-03","11","3","2000"
"109874","2000-11-04","11","4","2000"
"109875","2000-11-05","11","5","2000"
"109876","2000-11-06","11","6","2000"
"109877","2000-11-07","11","7","2000"
"109878","2000-11-08","11","8","2000"
"109879","2000-11-09","11","9","2000"
"109880","2000-11-10","11","10","2000"
"109881","2000-11-11","11","11","2000"
"109882","2000-11-12","11","12","2000"
"109883","2000-11-13","11","13","2000"
"109884","2000-11-14","11","14","2000"
"109885","2000-11-15","11","15","2000"
"109886","2000-11-16","11","16","2000"
"109887","2000-11-17","11","17","2000"
"109888","2000-11-18","11","18","2000"
"109889","2000-11-19","11","19","2000"
"109890","2000-11-20","11","20","2000"
"109891","2000-11-21","11","21","2000"
"109892","2000-11-22","11","22","2000"
"109893","2000-11-23","11","23","2000"
"109894","2000-11-24","11","24","2000"
"109895","2000-11-25","11","25","2000"
"109896","2000-11-26","11","26","2000"
"109897","2000-11-27","11","27","2000"
"109898","2000-11-28","11","28","2000"
"109899","2000-11-29","11","29","2000"
"109900","2000-11-30","11","30","2000"
"109971","2000-12-01","12","1","2000"
"109972","2000-12-02","12","2","2000"
"109973","2000-12-03","12","3","2000"
"109974","2000-12-04","12","4","2000"
"109975","2000-12-05","12","5","2000"
"109976","2000-12-06","12","6","2000"
"109977","2000-12-07","12","7","2000"
"109978","2000-12-08","12","8","2000"
"109979","2000-12-09","12","9","2000"
"109980","2000-12-10","12","10","2000"
"109981","2000-12-11","12","11","2000"
"109982","2000-12-12","12","12","2000"
"109983","2000-12-13","12","13","2000"
"109984","2000-12-14","12","14","2000"
"109985","2000-12-15","12","15","2000"
"109986","2000-12-16","12","16","2000"
"109987","2000-12-17","12","17","2000"
"109988","2000-12-18","12","18","2000"
"109989","2000-12-19","12","19","2000"
"109990","2000-12-20","12","20","2000"
"109991","2000-12-21","12","21","2000"
"109992","2000-12-22","12","22","2000"
"109993","2000-12-23","12","23","2000"
"109994","2000-12-24","12","24","2000"
"109995","2000-12-25","12","25","2000"
"109996","2000-12-26","12","26","2000"
"109997","2000-12-27","12","27","2000"
"109998","2000-12-28","12","28","2000"
"109999","2000-12-29","12","29","2000"
"110000","2000-12-30","12","30","2000"
"110001","2000-12-31","12","31","2000"
"118871","2001-01-01","1","1","2001"
"118872","2001-01-02","1","2","2001"
"118873","2001-01-03","1","3","2001"
"118874","2001-01-04","1","4","2001"
"118875","2001-01-05","1","5","2001"
"118876","2001-01-06","1","6","2001"
"118877","2001-01-07","1","7","2001"
"118878","2001-01-08","1","8","2001"
"118879","2001-01-09","1","9","2001"
"118880","2001-01-10","1","10","2001"
"118881","2001-01-11","1","11","2001"
"118882","2001-01-12","1","12","2001"
"118883","2001-01-13","1","13","2001"
"118884","2001-01-14","1","14","2001"
"118885","2001-01-15","1","15","2001"
"118886","2001-01-16","1","16","2001"
"118887","2001-01-17","1","17","2001"
"118888","2001-01-18","1","18","2001"
"118889","2001-01-19","1","19","2001"
"118890","2001-01-20","1","20","2001"
"118891","2001-01-21","1","21","2001"
"118892","2001-01-22","1","22","2001"
"118893","2001-01-23","1","23","2001"
"118894","2001-01-24","1","24","2001"
"118895","2001-01-25","1","25","2001"
"118896","2001-01-26","1","26","2001"
"118897","2001-01-27","1","27","2001"
"118898","2001-01-28","1","28","2001"
"118899","2001-01-29","1","29","2001"
"118900","2001-01-30","1","30","2001"
"118901","2001-01-31","1","31","2001"
"118971","2001-02-01","2","1","2001"
"118972","2001-02-02","2","2","2001"
"118973","2001-02-03","2","3","2001"
"118974","2001-02-04","2","4","2001"
"118975","2001-02-05","2","5","2001"
"118976","2001-02-06","2","6","2001"
"118977","2001-02-07","2","7","2001"
"118978","2001-02-08","2","8","2001"
"118979","2001-02-09","2","9","2001"
"118980","2001-02-10","2","10","2001"
"118981","2001-02-11","2","11","2001"
"118982","2001-02-12","2","12","2001"
"118983","2001-02-13","2","13","2001"
"118984","2001-02-14","2","14","2001"
"118985","2001-02-15","2","15","2001"
"118986","2001-02-16","2","16","2001"
"118987","2001-02-17","2","17","2001"
"118988","2001-02-18","2","18","2001"
"118989","2001-02-19","2","19","2001"
"118990","2001-02-20","2","20","2001"
"118991","2001-02-21","2","21","2001"
"118992","2001-02-22","2","22","2001"
"118993","2001-02-23","2","23","2001"
"118994","2001-02-24","2","24","2001"
"118995","2001-02-25","2","25","2001"
"118996","2001-02-26","2","26","2001"
"118997","2001-02-27","2","27","2001"
"118998","2001-02-28","2","28","2001"
"119071","2001-03-01","3","1","2001"
"119072","2001-03-02","3","2","2001"
"119073","2001-03-03","3","3","2001"
"119074","2001-03-04","3","4","2001"
"119075","2001-03-05","3","5","2001"
"119076","2001-03-06","3","6","2001"
"119077","2001-03-07","3","7","2001"
"119078","2001-03-08","3","8","2001"
"119079","2001-03-09","3","9","2001"
"119080","2001-03-10","3","10","2001"
"119081","2001-03-11","3","11","2001"
"119082","2001-03-12","3","12","2001"
"119083","2001-03-13","3","13","2001"
"119084","2001-03-14","3","14","2001"
"119085","2001-03-15","3","15","2001"
"119086","2001-03-16","3","16","2001"
"119087","2001-03-17","3","17","2001"
"119088","2001-03-18","3","18","2001"
"119089","2001-03-19","3","19","2001"
"119090","2001-03-20","3","20","2001"
"119091","2001-03-21","3","21","2001"
"119092","2001-03-22","3","22","2001"
"119093","2001-03-23","3","23","2001"
"119094","2001-03-24","3","24","2001"
"119095","2001-03-25","3","25","2001"
"119096","2001-03-26","3","26","2001"
"119097","2001-03-27","3","27","2001"
"119098","2001-03-28","3","28","2001"
"119099","2001-03-29","3","29","2001"
"119100","2001-03-30","3","30","2001"
"119101","2001-03-31","3","31","2001"
"119171","2001-04-01","4","1","2001"
"119172","2001-04-02","4","2","2001"
"119173","2001-04-03","4","3","2001"
"119174","2001-04-04","4","4","2001"
"119175","2001-04-05","4","5","2001"
"119176","2001-04-06","4","6","2001"
"119177","2001-04-07","4","7","2001"
"119178","2001-04-08","4","8","2001"
"119179","2001-04-09","4","9","2001"
"119180","2001-04-10","4","10","2001"
"119181","2001-04-11","4","11","2001"
"119182","2001-04-12","4","12","2001"
"119183","2001-04-13","4","13","2001"
"119184","2001-04-14","4","14","2001"
"119185","2001-04-15","4","15","2001"
"119186","2001-04-16","4","16","2001"
"119187","2001-04-17","4","17","2001"
"119188","2001-04-18","4","18","2001"
"119189","2001-04-19","4","19","2001"
"119190","2001-04-20","4","20","2001"
"119191","2001-04-21","4","21","2001"
"119192","2001-04-22","4","22","2001"
"119193","2001-04-23","4","23","2001"
"119194","2001-04-24","4","24","2001"
"119195","2001-04-25","4","25","2001"
"119196","2001-04-26","4","26","2001"
"119197","2001-04-27","4","27","2001"
"119198","2001-04-28","4","28","2001"
"119199","2001-04-29","4","29","2001"
"119200","2001-04-30","4","30","2001"
"119271","2001-05-01","5","1","2001"
"119272","2001-05-02","5","2","2001"
"119273","2001-05-03","5","3","2001"
"119274","2001-05-04","5","4","2001"
"119275","2001-05-05","5","5","2001"
"119276","2001-05-06","5","6","2001"
"119277","2001-05-07","5","7","2001"
"119278","2001-05-08","5","8","2001"
"119279","2001-05-09","5","9","2001"
"119280","2001-05-10","5","10","2001"
"119281","2001-05-11","5","11","2001"
"119282","2001-05-12","5","12","2001"
"119283","2001-05-13","5","13","2001"
"119284","2001-05-14","5","14","2001"
"119285","2001-05-15","5","15","2001"
"119286","2001-05-16","5","16","2001"
"119287","2001-05-17","5","17","2001"
"119288","2001-05-18","5","18","2001"
"119289","2001-05-19","5","19","2001"
"119290","2001-05-20","5","20","2001"
"119291","2001-05-21","5","21","2001"
"119292","2001-05-22","5","22","2001"
"119293","2001-05-23","5","23","2001"
"119294","2001-05-24","5","24","2001"
"119295","2001-05-25","5","25","2001"
"119296","2001-05-26","5","26","2001"
"119297","2001-05-27","5","27","2001"
"119298","2001-05-28","5","28","2001"
"119299","2001-05-29","5","29","2001"
"119300","2001-05-30","5","30","2001"
"119301","2001-05-31","5","31","2001"
"119371","2001-06-01","6","1","2001"
"119372","2001-06-02","6","2","2001"
"119373","2001-06-03","6","3","2001"
"119374","2001-06-04","6","4","2001"
"119375","2001-06-05","6","5","2001"
"119376","2001-06-06","6","6","2001"
"119377","2001-06-07","6","7","2001"
"119378","2001-06-08","6","8","2001"
"119379","2001-06-09","6","9","2001"
"119380","2001-06-10","6","10","2001"
"119381","2001-06-11","6","11","2001"
"119382","2001-06-12","6","12","2001"
"119383","2001-06-13","6","13","2001"
"119384","2001-06-14","6","14","2001"
"119385","2001-06-15","6","15","2001"
"119386","2001-06-16","6","16","2001"
"119387","2001-06-17","6","17","2001"
"119388","2001-06-18","6","18","2001"
"119389","2001-06-19","6","19","2001"
"119390","2001-06-20","6","20","2001"
"119391","2001-06-21","6","21","2001"
"119392","2001-06-22","6","22","2001"
"119393","2001-06-23","6","23","2001"
"119394","2001-06-24","6","24","2001"
"119395","2001-06-25","6","25","2001"
"119396","2001-06-26","6","26","2001"
"119397","2001-06-27","6","27","2001"
"119398","2001-06-28","6","28","2001"
"119399","2001-06-29","6","29","2001"
"119400","2001-06-30","6","30","2001"
"119471","2001-07-01","7","1","2001"
"119472","2001-07-02","7","2","2001"
"119473","2001-07-03","7","3","2001"
"119474","2001-07-04","7","4","2001"
"119475","2001-07-05","7","5","2001"
"119476","2001-07-06","7","6","2001"
"119477","2001-07-07","7","7","2001"
"119478","2001-07-08","7","8","2001"
"119479","2001-07-09","7","9","2001"
"119480","2001-07-10","7","10","2001"
"119481","2001-07-11","7","11","2001"
"119482","2001-07-12","7","12","2001"
"119483","2001-07-13","7","13","2001"
"119484","2001-07-14","7","14","2001"
"119485","2001-07-15","7","15","2001"
"119486","2001-07-16","7","16","2001"
"119487","2001-07-17","7","17","2001"
"119488","2001-07-18","7","18","2001"
"119489","2001-07-19","7","19","2001"
"119490","2001-07-20","7","20","2001"
"119491","2001-07-21","7","21","2001"
"119492","2001-07-22","7","22","2001"
"119493","2001-07-23","7","23","2001"
"119494","2001-07-24","7","24","2001"
"119495","2001-07-25","7","25","2001"
"119496","2001-07-26","7","26","2001"
"119497","2001-07-27","7","27","2001"
"119498","2001-07-28","7","28","2001"
"119499","2001-07-29","7","29","2001"
"119500","2001-07-30","7","30","2001"
"119501","2001-07-31","7","31","2001"
"119571","2001-08-01","8","1","2001"
"119572","2001-08-02","8","2","2001"
"119573","2001-08-03","8","3","2001"
"119574","2001-08-04","8","4","2001"
"119575","2001-08-05","8","5","2001"
"119576","2001-08-06","8","6","2001"
"119577","2001-08-07","8","7","2001"
"119578","2001-08-08","8","8","2001"
"119579","2001-08-09","8","9","2001"
"119580","2001-08-10","8","10","2001"
"119581","2001-08-11","8","11","2001"
"119582","2001-08-12","8","12","2001"
"119583","2001-08-13","8","13","2001"
"119584","2001-08-14","8","14","2001"
"119585","2001-08-15","8","15","2001"
"119586","2001-08-16","8","16","2001"
"119587","2001-08-17","8","17","2001"
"119588","2001-08-18","8","18","2001"
"119589","2001-08-19","8","19","2001"
"119590","2001-08-20","8","20","2001"
"119591","2001-08-21","8","21","2001"
"119592","2001-08-22","8","22","2001"
"119593","2001-08-23","8","23","2001"
"119594","2001-08-24","8","24","2001"
"119595","2001-08-25","8","25","2001"
"119596","2001-08-26","8","26","2001"
"119597","2001-08-27","8","27","2001"
"119598","2001-08-28","8","28","2001"
"119599","2001-08-29","8","29","2001"
"119600","2001-08-30","8","30","2001"
"119601","2001-08-31","8","31","2001"
"119671","2001-09-01","9","1","2001"
"119672","2001-09-02","9","2","2001"
"119673","2001-09-03","9","3","2001"
"119674","2001-09-04","9","4","2001"
"119675","2001-09-05","9","5","2001"
"119676","2001-09-06","9","6","2001"
"119677","2001-09-07","9","7","2001"
"119678","2001-09-08","9","8","2001"
"119679","2001-09-09","9","9","2001"
"119680","2001-09-10","9","10","2001"
"119681","2001-09-11","9","11","2001"
"119682","2001-09-12","9","12","2001"
"119683","2001-09-13","9","13","2001"
"119684","2001-09-14","9","14","2001"
"119685","2001-09-15","9","15","2001"
"119686","2001-09-16","9","16","2001"
"119687","2001-09-17","9","17","2001"
"119688","2001-09-18","9","18","2001"
"119689","2001-09-19","9","19","2001"
"119690","2001-09-20","9","20","2001"
"119691","2001-09-21","9","21","2001"
"119692","2001-09-22","9","22","2001"
"119693","2001-09-23","9","23","2001"
"119694","2001-09-24","9","24","2001"
"119695","2001-09-25","9","25","2001"
"119696","2001-09-26","9","26","2001"
"119697","2001-09-27","9","27","2001"
"119698","2001-09-28","9","28","2001"
"119699","2001-09-29","9","29","2001"
"119700","2001-09-30","9","30","2001"
"119771","2001-10-01","10","1","2001"
"119772","2001-10-02","10","2","2001"
"119773","2001-10-03","10","3","2001"
"119774","2001-10-04","10","4","2001"
"119775","2001-10-05","10","5","2001"
"119776","2001-10-06","10","6","2001"
"119777","2001-10-07","10","7","2001"
"119778","2001-10-08","10","8","2001"
"119779","2001-10-09","10","9","2001"
"119780","2001-10-10","10","10","2001"
"119781","2001-10-11","10","11","2001"
"119782","2001-10-12","10","12","2001"
"119783","2001-10-13","10","13","2001"
"119784","2001-10-14","10","14","2001"
"119785","2001-10-15","10","15","2001"
"119786","2001-10-16","10","16","2001"
"119787","2001-10-17","10","17","2001"
"119788","2001-10-18","10","18","2001"
"119789","2001-10-19","10","19","2001"
"119790","2001-10-20","10","20","2001"
"119791","2001-10-21","10","21","2001"
"119792","2001-10-22","10","22","2001"
"119793","2001-10-23","10","23","2001"
"119794","2001-10-24","10","24","2001"
"119795","2001-10-25","10","25","2001"
"119796","2001-10-26","10","26","2001"
"119797","2001-10-27","10","27","2001"
"119798","2001-10-28","10","28","2001"
"119799","2001-10-29","10","29","2001"
"119800","2001-10-30","10","30","2001"
"119801","2001-10-31","10","31","2001"
"119871","2001-11-01","11","1","2001"
"119872","2001-11-02","11","2","2001"
"119873","2001-11-03","11","3","2001"
"119874","2001-11-04","11","4","2001"
"119875","2001-11-05","11","5","2001"
"119876","2001-11-06","11","6","2001"
"119877","2001-11-07","11","7","2001"
"119878","2001-11-08","11","8","2001"
"119879","2001-11-09","11","9","2001"
"119880","2001-11-10","11","10","2001"
"119881","2001-11-11","11","11","2001"
"119882","2001-11-12","11","12","2001"
"119883","2001-11-13","11","13","2001"
"119884","2001-11-14","11","14","2001"
"119885","2001-11-15","11","15","2001"
"119886","2001-11-16","11","16","2001"
"119887","2001-11-17","11","17","2001"
"119888","2001-11-18","11","18","2001"
"119889","2001-11-19","11","19","2001"
"119890","2001-11-20","11","20","2001"
"119891","2001-11-21","11","21","2001"
"119892","2001-11-22","11","22","2001"
"119893","2001-11-23","11","23","2001"
"119894","2001-11-24","11","24","2001"
"119895","2001-11-25","11","25","2001"
"119896","2001-11-26","11","26","2001"
"119897","2001-11-27","11","27","2001"
"119898","2001-11-28","11","28","2001"
"119899","2001-11-29","11","29","2001"
"119900","2001-11-30","11","30","2001"
"119971","2001-12-01","12","1","2001"
"119972","2001-12-02","12","2","2001"
"119973","2001-12-03","12","3","2001"
"119974","2001-12-04","12","4","2001"
"119975","2001-12-05","12","5","2001"
"119976","2001-12-06","12","6","2001"
"119977","2001-12-07","12","7","2001"
"119978","2001-12-08","12","8","2001"
"119979","2001-12-09","12","9","2001"
"119980","2001-12-10","12","10","2001"
"119981","2001-12-11","12","11","2001"
"119982","2001-12-12","12","12","2001"
"119983","2001-12-13","12","13","2001"
"119984","2001-12-14","12","14","2001"
"119985","2001-12-15","12","15","2001"
"119986","2001-12-16","12","16","2001"
"119987","2001-12-17","12","17","2001"
"119988","2001-12-18","12","18","2001"
"119989","2001-12-19","12","19","2001"
"119990","2001-12-20","12","20","2001"
"119991","2001-12-21","12","21","2001"
"119992","2001-12-22","12","22","2001"
"119993","2001-12-23","12","23","2001"
"119994","2001-12-24","12","24","2001"
"119995","2001-12-25","12","25","2001"
"119996","2001-12-26","12","26","2001"
"119997","2001-12-27","12","27","2001"
"119998","2001-12-28","12","28","2001"
"119999","2001-12-29","12","29","2001"
"120000","2001-12-30","12","30","2001"
"120001","2001-12-31","12","31","2001"
"128871","2002-01-01","1","1","2002"
"128872","2002-01-02","1","2","2002"
"128873","2002-01-03","1","3","2002"
"128874","2002-01-04","1","4","2002"
"128875","2002-01-05","1","5","2002"
"128876","2002-01-06","1","6","2002"
"128877","2002-01-07","1","7","2002"
"128878","2002-01-08","1","8","2002"
"128879","2002-01-09","1","9","2002"
"128880","2002-01-10","1","10","2002"
"128881","2002-01-11","1","11","2002"
"128882","2002-01-12","1","12","2002"
"128883","2002-01-13","1","13","2002"
"128884","2002-01-14","1","14","2002"
"128885","2002-01-15","1","15","2002"
"128886","2002-01-16","1","16","2002"
"128887","2002-01-17","1","17","2002"
"128888","2002-01-18","1","18","2002"
"128889","2002-01-19","1","19","2002"
"128890","2002-01-20","1","20","2002"
"128891","2002-01-21","1","21","2002"
"128892","2002-01-22","1","22","2002"
"128893","2002-01-23","1","23","2002"
"128894","2002-01-24","1","24","2002"
"128895","2002-01-25","1","25","2002"
"128896","2002-01-26","1","26","2002"
"128897","2002-01-27","1","27","2002"
"128898","2002-01-28","1","28","2002"
"128899","2002-01-29","1","29","2002"
"128900","2002-01-30","1","30","2002"
"128901","2002-01-31","1","31","2002"
"128971","2002-02-01","2","1","2002"
"128972","2002-02-02","2","2","2002"
"128973","2002-02-03","2","3","2002"
"128974","2002-02-04","2","4","2002"
"128975","2002-02-05","2","5","2002"
"128976","2002-02-06","2","6","2002"
"128977","2002-02-07","2","7","2002"
"128978","2002-02-08","2","8","2002"
"128979","2002-02-09","2","9","2002"
"128980","2002-02-10","2","10","2002"
"128981","2002-02-11","2","11","2002"
"128982","2002-02-12","2","12","2002"
"128983","2002-02-13","2","13","2002"
"128984","2002-02-14","2","14","2002"
"128985","2002-02-15","2","15","2002"
"128986","2002-02-16","2","16","2002"
"128987","2002-02-17","2","17","2002"
"128988","2002-02-18","2","18","2002"
"128989","2002-02-19","2","19","2002"
"128990","2002-02-20","2","20","2002"
"128991","2002-02-21","2","21","2002"
"128992","2002-02-22","2","22","2002"
"128993","2002-02-23","2","23","2002"
"128994","2002-02-24","2","24","2002"
"128995","2002-02-25","2","25","2002"
"128996","2002-02-26","2","26","2002"
"128997","2002-02-27","2","27","2002"
"128998","2002-02-28","2","28","2002"
"129071","2002-03-01","3","1","2002"
"129072","2002-03-02","3","2","2002"
"129073","2002-03-03","3","3","2002"
"129074","2002-03-04","3","4","2002"
"129075","2002-03-05","3","5","2002"
"129076","2002-03-06","3","6","2002"
"129077","2002-03-07","3","7","2002"
"129078","2002-03-08","3","8","2002"
"129079","2002-03-09","3","9","2002"
"129080","2002-03-10","3","10","2002"
"129081","2002-03-11","3","11","2002"
"129082","2002-03-12","3","12","2002"
"129083","2002-03-13","3","13","2002"
"129084","2002-03-14","3","14","2002"
"129085","2002-03-15","3","15","2002"
"129086","2002-03-16","3","16","2002"
"129087","2002-03-17","3","17","2002"
"129088","2002-03-18","3","18","2002"
"129089","2002-03-19","3","19","2002"
"129090","2002-03-20","3","20","2002"
"129091","2002-03-21","3","21","2002"
"129092","2002-03-22","3","22","2002"
"129093","2002-03-23","3","23","2002"
"129094","2002-03-24","3","24","2002"
"129095","2002-03-25","3","25","2002"
"129096","2002-03-26","3","26","2002"
"129097","2002-03-27","3","27","2002"
"129098","2002-03-28","3","28","2002"
"129099","2002-03-29","3","29","2002"
"129100","2002-03-30","3","30","2002"
"129101","2002-03-31","3","31","2002"
"129171","2002-04-01","4","1","2002"
"129172","2002-04-02","4","2","2002"
"129173","2002-04-03","4","3","2002"
"129174","2002-04-04","4","4","2002"
"129175","2002-04-05","4","5","2002"
"129176","2002-04-06","4","6","2002"
"129177","2002-04-07","4","7","2002"
"129178","2002-04-08","4","8","2002"
"129179","2002-04-09","4","9","2002"
"129180","2002-04-10","4","10","2002"
"129181","2002-04-11","4","11","2002"
"129182","2002-04-12","4","12","2002"
"129183","2002-04-13","4","13","2002"
"129184","2002-04-14","4","14","2002"
"129185","2002-04-15","4","15","2002"
"129186","2002-04-16","4","16","2002"
"129187","2002-04-17","4","17","2002"
"129188","2002-04-18","4","18","2002"
"129189","2002-04-19","4","19","2002"
"129190","2002-04-20","4","20","2002"
"129191","2002-04-21","4","21","2002"
"129192","2002-04-22","4","22","2002"
"129193","2002-04-23","4","23","2002"
"129194","2002-04-24","4","24","2002"
"129195","2002-04-25","4","25","2002"
"129196","2002-04-26","4","26","2002"
"129197","2002-04-27","4","27","2002"
"129198","2002-04-28","4","28","2002"
"129199","2002-04-29","4","29","2002"
"129200","2002-04-30","4","30","2002"
"129271","2002-05-01","5","1","2002"
"129272","2002-05-02","5","2","2002"
"129273","2002-05-03","5","3","2002"
"129274","2002-05-04","5","4","2002"
"129275","2002-05-05","5","5","2002"
"129276","2002-05-06","5","6","2002"
"129277","2002-05-07","5","7","2002"
"129278","2002-05-08","5","8","2002"
"129279","2002-05-09","5","9","2002"
"129280","2002-05-10","5","10","2002"
"129281","2002-05-11","5","11","2002"
"129282","2002-05-12","5","12","2002"
"129283","2002-05-13","5","13","2002"
"129284","2002-05-14","5","14","2002"
"129285","2002-05-15","5","15","2002"
"129286","2002-05-16","5","16","2002"
"129287","2002-05-17","5","17","2002"
"129288","2002-05-18","5","18","2002"
"129289","2002-05-19","5","19","2002"
"129290","2002-05-20","5","20","2002"
"129291","2002-05-21","5","21","2002"
"129292","2002-05-22","5","22","2002"
"129293","2002-05-23","5","23","2002"
"129294","2002-05-24","5","24","2002"
"129295","2002-05-25","5","25","2002"
"129296","2002-05-26","5","26","2002"
"129297","2002-05-27","5","27","2002"
"129298","2002-05-28","5","28","2002"
"129299","2002-05-29","5","29","2002"
"129300","2002-05-30","5","30","2002"
"129301","2002-05-31","5","31","2002"
"129371","2002-06-01","6","1","2002"
"129372","2002-06-02","6","2","2002"
"129373","2002-06-03","6","3","2002"
"129374","2002-06-04","6","4","2002"
"129375","2002-06-05","6","5","2002"
"129376","2002-06-06","6","6","2002"
"129377","2002-06-07","6","7","2002"
"129378","2002-06-08","6","8","2002"
"129379","2002-06-09","6","9","2002"
"129380","2002-06-10","6","10","2002"
"129381","2002-06-11","6","11","2002"
"129382","2002-06-12","6","12","2002"
"129383","2002-06-13","6","13","2002"
"129384","2002-06-14","6","14","2002"
"129385","2002-06-15","6","15","2002"
"129386","2002-06-16","6","16","2002"
"129387","2002-06-17","6","17","2002"
"129388","2002-06-18","6","18","2002"
"129389","2002-06-19","6","19","2002"
"129390","2002-06-20","6","20","2002"
"129391","2002-06-21","6","21","2002"
"129392","2002-06-22","6","22","2002"
"129393","2002-06-23","6","23","2002"
"129394","2002-06-24","6","24","2002"
"129395","2002-06-25","6","25","2002"
"129396","2002-06-26","6","26","2002"
"129397","2002-06-27","6","27","2002"
"129398","2002-06-28","6","28","2002"
"129399","2002-06-29","6","29","2002"
"129400","2002-06-30","6","30","2002"
"129471","2002-07-01","7","1","2002"
"129472","2002-07-02","7","2","2002"
"129473","2002-07-03","7","3","2002"
"129474","2002-07-04","7","4","2002"
"129475","2002-07-05","7","5","2002"
"129476","2002-07-06","7","6","2002"
"129477","2002-07-07","7","7","2002"
"129478","2002-07-08","7","8","2002"
"129479","2002-07-09","7","9","2002"
"129480","2002-07-10","7","10","2002"
"129481","2002-07-11","7","11","2002"
"129482","2002-07-12","7","12","2002"
"129483","2002-07-13","7","13","2002"
"129484","2002-07-14","7","14","2002"
"129485","2002-07-15","7","15","2002"
"129486","2002-07-16","7","16","2002"
"129487","2002-07-17","7","17","2002"
"129488","2002-07-18","7","18","2002"
"129489","2002-07-19","7","19","2002"
"129490","2002-07-20","7","20","2002"
"129491","2002-07-21","7","21","2002"
"129492","2002-07-22","7","22","2002"
"129493","2002-07-23","7","23","2002"
"129494","2002-07-24","7","24","2002"
"129495","2002-07-25","7","25","2002"
"129496","2002-07-26","7","26","2002"
"129497","2002-07-27","7","27","2002"
"129498","2002-07-28","7","28","2002"
"129499","2002-07-29","7","29","2002"
"129500","2002-07-30","7","30","2002"
"129501","2002-07-31","7","31","2002"
"129571","2002-08-01","8","1","2002"
"129572","2002-08-02","8","2","2002"
"129573","2002-08-03","8","3","2002"
"129574","2002-08-04","8","4","2002"
"129575","2002-08-05","8","5","2002"
"129576","2002-08-06","8","6","2002"
"129577","2002-08-07","8","7","2002"
"129578","2002-08-08","8","8","2002"
"129579","2002-08-09","8","9","2002"
"129580","2002-08-10","8","10","2002"
"129581","2002-08-11","8","11","2002"
"129582","2002-08-12","8","12","2002"
"129583","2002-08-13","8","13","2002"
"129584","2002-08-14","8","14","2002"
"129585","2002-08-15","8","15","2002"
"129586","2002-08-16","8","16","2002"
"129587","2002-08-17","8","17","2002"
"129588","2002-08-18","8","18","2002"
"129589","2002-08-19","8","19","2002"
"129590","2002-08-20","8","20","2002"
"129591","2002-08-21","8","21","2002"
"129592","2002-08-22","8","22","2002"
"129593","2002-08-23","8","23","2002"
"129594","2002-08-24","8","24","2002"
"129595","2002-08-25","8","25","2002"
"129596","2002-08-26","8","26","2002"
"129597","2002-08-27","8","27","2002"
"129598","2002-08-28","8","28","2002"
"129599","2002-08-29","8","29","2002"
"129600","2002-08-30","8","30","2002"
"129601","2002-08-31","8","31","2002"
"129671","2002-09-01","9","1","2002"
"129672","2002-09-02","9","2","2002"
"129673","2002-09-03","9","3","2002"
"129674","2002-09-04","9","4","2002"
"129675","2002-09-05","9","5","2002"
"129676","2002-09-06","9","6","2002"
"129677","2002-09-07","9","7","2002"
"129678","2002-09-08","9","8","2002"
"129679","2002-09-09","9","9","2002"
"129680","2002-09-10","9","10","2002"
"129681","2002-09-11","9","11","2002"
"129682","2002-09-12","9","12","2002"
"129683","2002-09-13","9","13","2002"
"129684","2002-09-14","9","14","2002"
"129685","2002-09-15","9","15","2002"
"129686","2002-09-16","9","16","2002"
"129687","2002-09-17","9","17","2002"
"129688","2002-09-18","9","18","2002"
"129689","2002-09-19","9","19","2002"
"129690","2002-09-20","9","20","2002"
"129691","2002-09-21","9","21","2002"
"129692","2002-09-22","9","22","2002"
"129693","2002-09-23","9","23","2002"
"129694","2002-09-24","9","24","2002"
"129695","2002-09-25","9","25","2002"
"129696","2002-09-26","9","26","2002"
"129697","2002-09-27","9","27","2002"
"129698","2002-09-28","9","28","2002"
"129699","2002-09-29","9","29","2002"
"129700","2002-09-30","9","30","2002"
"129771","2002-10-01","10","1","2002"
"129772","2002-10-02","10","2","2002"
"129773","2002-10-03","10","3","2002"
"129774","2002-10-04","10","4","2002"
"129775","2002-10-05","10","5","2002"
"129776","2002-10-06","10","6","2002"
"129777","2002-10-07","10","7","2002"
"129778","2002-10-08","10","8","2002"
"129779","2002-10-09","10","9","2002"
"129780","2002-10-10","10","10","2002"
"129781","2002-10-11","10","11","2002"
"129782","2002-10-12","10","12","2002"
"129783","2002-10-13","10","13","2002"
"129784","2002-10-14","10","14","2002"
"129785","2002-10-15","10","15","2002"
"129786","2002-10-16","10","16","2002"
"129787","2002-10-17","10","17","2002"
"129788","2002-10-18","10","18","2002"
"129789","2002-10-19","10","19","2002"
"129790","2002-10-20","10","20","2002"
"129791","2002-10-21","10","21","2002"
"129792","2002-10-22","10","22","2002"
"129793","2002-10-23","10","23","2002"
"129794","2002-10-24","10","24","2002"
"129795","2002-10-25","10","25","2002"
"129796","2002-10-26","10","26","2002"
"129797","2002-10-27","10","27","2002"
"129798","2002-10-28","10","28","2002"
"129799","2002-10-29","10","29","2002"
"129800","2002-10-30","10","30","2002"
"129801","2002-10-31","10","31","2002"
"129871","2002-11-01","11","1","2002"
"129872","2002-11-02","11","2","2002"
"129873","2002-11-03","11","3","2002"
"129874","2002-11-04","11","4","2002"
"129875","2002-11-05","11","5","2002"
"129876","2002-11-06","11","6","2002"
"129877","2002-11-07","11","7","2002"
"129878","2002-11-08","11","8","2002"
"129879","2002-11-09","11","9","2002"
"129880","2002-11-10","11","10","2002"
"129881","2002-11-11","11","11","2002"
"129882","2002-11-12","11","12","2002"
"129883","2002-11-13","11","13","2002"
"129884","2002-11-14","11","14","2002"
"129885","2002-11-15","11","15","2002"
"129886","2002-11-16","11","16","2002"
"129887","2002-11-17","11","17","2002"
"129888","2002-11-18","11","18","2002"
"129889","2002-11-19","11","19","2002"
"129890","2002-11-20","11","20","2002"
"129891","2002-11-21","11","21","2002"
"129892","2002-11-22","11","22","2002"
"129893","2002-11-23","11","23","2002"
"129894","2002-11-24","11","24","2002"
"129895","2002-11-25","11","25","2002"
"129896","2002-11-26","11","26","2002"
"129897","2002-11-27","11","27","2002"
"129898","2002-11-28","11","28","2002"
"129899","2002-11-29","11","29","2002"
"129900","2002-11-30","11","30","2002"
"129971","2002-12-01","12","1","2002"
"129972","2002-12-02","12","2","2002"
"129973","2002-12-03","12","3","2002"
"129974","2002-12-04","12","4","2002"
"129975","2002-12-05","12","5","2002"
"129976","2002-12-06","12","6","2002"
"129977","2002-12-07","12","7","2002"
"129978","2002-12-08","12","8","2002"
"129979","2002-12-09","12","9","2002"
"129980","2002-12-10","12","10","2002"
"129981","2002-12-11","12","11","2002"
"129982","2002-12-12","12","12","2002"
"129983","2002-12-13","12","13","2002"
"129984","2002-12-14","12","14","2002"
"129985","2002-12-15","12","15","2002"
"129986","2002-12-16","12","16","2002"
"129987","2002-12-17","12","17","2002"
"129988","2002-12-18","12","18","2002"
"129989","2002-12-19","12","19","2002"
"129990","2002-12-20","12","20","2002"
"129991","2002-12-21","12","21","2002"
"129992","2002-12-22","12","22","2002"
"129993","2002-12-23","12","23","2002"
"129994","2002-12-24","12","24","2002"
"129995","2002-12-25","12","25","2002"
"129996","2002-12-26","12","26","2002"
"129997","2002-12-27","12","27","2002"
"129998","2002-12-28","12","28","2002"
"129999","2002-12-29","12","29","2002"
"130000","2002-12-30","12","30","2002"
"130001","2002-12-31","12","31","2002"
"138871","2003-01-01","1","1","2003"
"138872","2003-01-02","1","2","2003"
"138873","2003-01-03","1","3","2003"
"138874","2003-01-04","1","4","2003"
"138875","2003-01-05","1","5","2003"
"138876","2003-01-06","1","6","2003"
"138877","2003-01-07","1","7","2003"
"138878","2003-01-08","1","8","2003"
"138879","2003-01-09","1","9","2003"
"138880","2003-01-10","1","10","2003"
"138881","2003-01-11","1","11","2003"
"138882","2003-01-12","1","12","2003"
"138883","2003-01-13","1","13","2003"
"138884","2003-01-14","1","14","2003"
"138885","2003-01-15","1","15","2003"
"138886","2003-01-16","1","16","2003"
"138887","2003-01-17","1","17","2003"
"138888","2003-01-18","1","18","2003"
"138889","2003-01-19","1","19","2003"
"138890","2003-01-20","1","20","2003"
"138891","2003-01-21","1","21","2003"
"138892","2003-01-22","1","22","2003"
"138893","2003-01-23","1","23","2003"
"138894","2003-01-24","1","24","2003"
"138895","2003-01-25","1","25","2003"
"138896","2003-01-26","1","26","2003"
"138897","2003-01-27","1","27","2003"
"138898","2003-01-28","1","28","2003"
"138899","2003-01-29","1","29","2003"
"138900","2003-01-30","1","30","2003"
"138901","2003-01-31","1","31","2003"
"138971","2003-02-01","2","1","2003"
"138972","2003-02-02","2","2","2003"
"138973","2003-02-03","2","3","2003"
"138974","2003-02-04","2","4","2003"
"138975","2003-02-05","2","5","2003"
"138976","2003-02-06","2","6","2003"
"138977","2003-02-07","2","7","2003"
"138978","2003-02-08","2","8","2003"
"138979","2003-02-09","2","9","2003"
"138980","2003-02-10","2","10","2003"
"138981","2003-02-11","2","11","2003"
"138982","2003-02-12","2","12","2003"
"138983","2003-02-13","2","13","2003"
"138984","2003-02-14","2","14","2003"
"138985","2003-02-15","2","15","2003"
"138986","2003-02-16","2","16","2003"
"138987","2003-02-17","2","17","2003"
"138988","2003-02-18","2","18","2003"
"138989","2003-02-19","2","19","2003"
"138990","2003-02-20","2","20","2003"
"138991","2003-02-21","2","21","2003"
"138992","2003-02-22","2","22","2003"
"138993","2003-02-23","2","23","2003"
"138994","2003-02-24","2","24","2003"
"138995","2003-02-25","2","25","2003"
"138996","2003-02-26","2","26","2003"
"138997","2003-02-27","2","27","2003"
"138998","2003-02-28","2","28","2003"
"139071","2003-03-01","3","1","2003"
"139072","2003-03-02","3","2","2003"
"139073","2003-03-03","3","3","2003"
"139074","2003-03-04","3","4","2003"
"139075","2003-03-05","3","5","2003"
"139076","2003-03-06","3","6","2003"
"139077","2003-03-07","3","7","2003"
"139078","2003-03-08","3","8","2003"
"139079","2003-03-09","3","9","2003"
"139080","2003-03-10","3","10","2003"
"139081","2003-03-11","3","11","2003"
"139082","2003-03-12","3","12","2003"
"139083","2003-03-13","3","13","2003"
"139084","2003-03-14","3","14","2003"
"139085","2003-03-15","3","15","2003"
"139086","2003-03-16","3","16","2003"
"139087","2003-03-17","3","17","2003"
"139088","2003-03-18","3","18","2003"
"139089","2003-03-19","3","19","2003"
"139090","2003-03-20","3","20","2003"
"139091","2003-03-21","3","21","2003"
"139092","2003-03-22","3","22","2003"
"139093","2003-03-23","3","23","2003"
"139094","2003-03-24","3","24","2003"
"139095","2003-03-25","3","25","2003"
"139096","2003-03-26","3","26","2003"
"139097","2003-03-27","3","27","2003"
"139098","2003-03-28","3","28","2003"
"139099","2003-03-29","3","29","2003"
"139100","2003-03-30","3","30","2003"
"139101","2003-03-31","3","31","2003"
"139171","2003-04-01","4","1","2003"
"139172","2003-04-02","4","2","2003"
"139173","2003-04-03","4","3","2003"
"139174","2003-04-04","4","4","2003"
"139175","2003-04-05","4","5","2003"
"139176","2003-04-06","4","6","2003"
"139177","2003-04-07","4","7","2003"
"139178","2003-04-08","4","8","2003"
"139179","2003-04-09","4","9","2003"
"139180","2003-04-10","4","10","2003"
"139181","2003-04-11","4","11","2003"
"139182","2003-04-12","4","12","2003"
"139183","2003-04-13","4","13","2003"
"139184","2003-04-14","4","14","2003"
"139185","2003-04-15","4","15","2003"
"139186","2003-04-16","4","16","2003"
"139187","2003-04-17","4","17","2003"
"139188","2003-04-18","4","18","2003"
"139189","2003-04-19","4","19","2003"
"139190","2003-04-20","4","20","2003"
"139191","2003-04-21","4","21","2003"
"139192","2003-04-22","4","22","2003"
"139193","2003-04-23","4","23","2003"
"139194","2003-04-24","4","24","2003"
"139195","2003-04-25","4","25","2003"
"139196","2003-04-26","4","26","2003"
"139197","2003-04-27","4","27","2003"
"139198","2003-04-28","4","28","2003"
"139199","2003-04-29","4","29","2003"
"139200","2003-04-30","4","30","2003"
"139271","2003-05-01","5","1","2003"
"139272","2003-05-02","5","2","2003"
"139273","2003-05-03","5","3","2003"
"139274","2003-05-04","5","4","2003"
"139275","2003-05-05","5","5","2003"
"139276","2003-05-06","5","6","2003"
"139277","2003-05-07","5","7","2003"
"139278","2003-05-08","5","8","2003"
"139279","2003-05-09","5","9","2003"
"139280","2003-05-10","5","10","2003"
"139281","2003-05-11","5","11","2003"
"139282","2003-05-12","5","12","2003"
"139283","2003-05-13","5","13","2003"
"139284","2003-05-14","5","14","2003"
"139285","2003-05-15","5","15","2003"
"139286","2003-05-16","5","16","2003"
"139287","2003-05-17","5","17","2003"
"139288","2003-05-18","5","18","2003"
"139289","2003-05-19","5","19","2003"
"139290","2003-05-20","5","20","2003"
"139291","2003-05-21","5","21","2003"
"139292","2003-05-22","5","22","2003"
"139293","2003-05-23","5","23","2003"
"139294","2003-05-24","5","24","2003"
"139295","2003-05-25","5","25","2003"
"139296","2003-05-26","5","26","2003"
"139297","2003-05-27","5","27","2003"
"139298","2003-05-28","5","28","2003"
"139299","2003-05-29","5","29","2003"
"139300","2003-05-30","5","30","2003"
"139301","2003-05-31","5","31","2003"
"139371","2003-06-01","6","1","2003"
"139372","2003-06-02","6","2","2003"
"139373","2003-06-03","6","3","2003"
"139374","2003-06-04","6","4","2003"
"139375","2003-06-05","6","5","2003"
"139376","2003-06-06","6","6","2003"
"139377","2003-06-07","6","7","2003"
"139378","2003-06-08","6","8","2003"
"139379","2003-06-09","6","9","2003"
"139380","2003-06-10","6","10","2003"
"139381","2003-06-11","6","11","2003"
"139382","2003-06-12","6","12","2003"
"139383","2003-06-13","6","13","2003"
"139384","2003-06-14","6","14","2003"
"139385","2003-06-15","6","15","2003"
"139386","2003-06-16","6","16","2003"
"139387","2003-06-17","6","17","2003"
"139388","2003-06-18","6","18","2003"
"139389","2003-06-19","6","19","2003"
"139390","2003-06-20","6","20","2003"
"139391","2003-06-21","6","21","2003"
"139392","2003-06-22","6","22","2003"
"139393","2003-06-23","6","23","2003"
"139394","2003-06-24","6","24","2003"
"139395","2003-06-25","6","25","2003"
"139396","2003-06-26","6","26","2003"
"139397","2003-06-27","6","27","2003"
"139398","2003-06-28","6","28","2003"
"139399","2003-06-29","6","29","2003"
"139400","2003-06-30","6","30","2003"
"139471","2003-07-01","7","1","2003"
"139472","2003-07-02","7","2","2003"
"139473","2003-07-03","7","3","2003"
"139474","2003-07-04","7","4","2003"
"139475","2003-07-05","7","5","2003"
"139476","2003-07-06","7","6","2003"
"139477","2003-07-07","7","7","2003"
"139478","2003-07-08","7","8","2003"
"139479","2003-07-09","7","9","2003"
"139480","2003-07-10","7","10","2003"
"139481","2003-07-11","7","11","2003"
"139482","2003-07-12","7","12","2003"
"139483","2003-07-13","7","13","2003"
"139484","2003-07-14","7","14","2003"
"139485","2003-07-15","7","15","2003"
"139486","2003-07-16","7","16","2003"
"139487","2003-07-17","7","17","2003"
"139488","2003-07-18","7","18","2003"
"139489","2003-07-19","7","19","2003"
"139490","2003-07-20","7","20","2003"
"139491","2003-07-21","7","21","2003"
"139492","2003-07-22","7","22","2003"
"139493","2003-07-23","7","23","2003"
"139494","2003-07-24","7","24","2003"
"139495","2003-07-25","7","25","2003"
"139496","2003-07-26","7","26","2003"
"139497","2003-07-27","7","27","2003"
"139498","2003-07-28","7","28","2003"
"139499","2003-07-29","7","29","2003"
"139500","2003-07-30","7","30","2003"
"139501","2003-07-31","7","31","2003"
"139571","2003-08-01","8","1","2003"
"139572","2003-08-02","8","2","2003"
"139573","2003-08-03","8","3","2003"
"139574","2003-08-04","8","4","2003"
"139575","2003-08-05","8","5","2003"
"139576","2003-08-06","8","6","2003"
"139577","2003-08-07","8","7","2003"
"139578","2003-08-08","8","8","2003"
"139579","2003-08-09","8","9","2003"
"139580","2003-08-10","8","10","2003"
"139581","2003-08-11","8","11","2003"
"139582","2003-08-12","8","12","2003"
"139583","2003-08-13","8","13","2003"
"139584","2003-08-14","8","14","2003"
"139585","2003-08-15","8","15","2003"
"139586","2003-08-16","8","16","2003"
"139587","2003-08-17","8","17","2003"
"139588","2003-08-18","8","18","2003"
"139589","2003-08-19","8","19","2003"
"139590","2003-08-20","8","20","2003"
"139591","2003-08-21","8","21","2003"
"139592","2003-08-22","8","22","2003"
"139593","2003-08-23","8","23","2003"
"139594","2003-08-24","8","24","2003"
"139595","2003-08-25","8","25","2003"
"139596","2003-08-26","8","26","2003"
"139597","2003-08-27","8","27","2003"
"139598","2003-08-28","8","28","2003"
"139599","2003-08-29","8","29","2003"
"139600","2003-08-30","8","30","2003"
"139601","2003-08-31","8","31","2003"
"139671","2003-09-01","9","1","2003"
"139672","2003-09-02","9","2","2003"
"139673","2003-09-03","9","3","2003"
"139674","2003-09-04","9","4","2003"
"139675","2003-09-05","9","5","2003"
"139676","2003-09-06","9","6","2003"
"139677","2003-09-07","9","7","2003"
"139678","2003-09-08","9","8","2003"
"139679","2003-09-09","9","9","2003"
"139680","2003-09-10","9","10","2003"
"139681","2003-09-11","9","11","2003"
"139682","2003-09-12","9","12","2003"
"139683","2003-09-13","9","13","2003"
"139684","2003-09-14","9","14","2003"
"139685","2003-09-15","9","15","2003"
"139686","2003-09-16","9","16","2003"
"139687","2003-09-17","9","17","2003"
"139688","2003-09-18","9","18","2003"
"139689","2003-09-19","9","19","2003"
"139690","2003-09-20","9","20","2003"
"139691","2003-09-21","9","21","2003"
"139692","2003-09-22","9","22","2003"
"139693","2003-09-23","9","23","2003"
"139694","2003-09-24","9","24","2003"
"139695","2003-09-25","9","25","2003"
"139696","2003-09-26","9","26","2003"
"139697","2003-09-27","9","27","2003"
"139698","2003-09-28","9","28","2003"
"139699","2003-09-29","9","29","2003"
"139700","2003-09-30","9","30","2003"
"139771","2003-10-01","10","1","2003"
"139772","2003-10-02","10","2","2003"
"139773","2003-10-03","10","3","2003"
"139774","2003-10-04","10","4","2003"
"139775","2003-10-05","10","5","2003"
"139776","2003-10-06","10","6","2003"
"139777","2003-10-07","10","7","2003"
"139778","2003-10-08","10","8","2003"
"139779","2003-10-09","10","9","2003"
"139780","2003-10-10","10","10","2003"
"139781","2003-10-11","10","11","2003"
"139782","2003-10-12","10","12","2003"
"139783","2003-10-13","10","13","2003"
"139784","2003-10-14","10","14","2003"
"139785","2003-10-15","10","15","2003"
"139786","2003-10-16","10","16","2003"
"139787","2003-10-17","10","17","2003"
"139788","2003-10-18","10","18","2003"
"139789","2003-10-19","10","19","2003"
"139790","2003-10-20","10","20","2003"
"139791","2003-10-21","10","21","2003"
"139792","2003-10-22","10","22","2003"
"139793","2003-10-23","10","23","2003"
"139794","2003-10-24","10","24","2003"
"139795","2003-10-25","10","25","2003"
"139796","2003-10-26","10","26","2003"
"139797","2003-10-27","10","27","2003"
"139798","2003-10-28","10","28","2003"
"139799","2003-10-29","10","29","2003"
"139800","2003-10-30","10","30","2003"
"139801","2003-10-31","10","31","2003"
"139871","2003-11-01","11","1","2003"
"139872","2003-11-02","11","2","2003"
"139873","2003-11-03","11","3","2003"
"139874","2003-11-04","11","4","2003"
"139875","2003-11-05","11","5","2003"
"139876","2003-11-06","11","6","2003"
"139877","2003-11-07","11","7","2003"
"139878","2003-11-08","11","8","2003"
"139879","2003-11-09","11","9","2003"
"139880","2003-11-10","11","10","2003"
"139881","2003-11-11","11","11","2003"
"139882","2003-11-12","11","12","2003"
"139883","2003-11-13","11","13","2003"
"139884","2003-11-14","11","14","2003"
"139885","2003-11-15","11","15","2003"
"139886","2003-11-16","11","16","2003"
"139887","2003-11-17","11","17","2003"
"139888","2003-11-18","11","18","2003"
"139889","2003-11-19","11","19","2003"
"139890","2003-11-20","11","20","2003"
"139891","2003-11-21","11","21","2003"
"139892","2003-11-22","11","22","2003"
"139893","2003-11-23","11","23","2003"
"139894","2003-11-24","11","24","2003"
"139895","2003-11-25","11","25","2003"
"139896","2003-11-26","11","26","2003"
"139897","2003-11-27","11","27","2003"
"139898","2003-11-28","11","28","2003"
"139899","2003-11-29","11","29","2003"
"139900","2003-11-30","11","30","2003"
"139971","2003-12-01","12","1","2003"
"139972","2003-12-02","12","2","2003"
"139973","2003-12-03","12","3","2003"
"139974","2003-12-04","12","4","2003"
"139975","2003-12-05","12","5","2003"
"139976","2003-12-06","12","6","2003"
"139977","2003-12-07","12","7","2003"
"139978","2003-12-08","12","8","2003"
"139979","2003-12-09","12","9","2003"
"139980","2003-12-10","12","10","2003"
"139981","2003-12-11","12","11","2003"
"139982","2003-12-12","12","12","2003"
"139983","2003-12-13","12","13","2003"
"139984","2003-12-14","12","14","2003"
"139985","2003-12-15","12","15","2003"
"139986","2003-12-16","12","16","2003"
"139987","2003-12-17","12","17","2003"
"139988","2003-12-18","12","18","2003"
"139989","2003-12-19","12","19","2003"
"139990","2003-12-20","12","20","2003"
"139991","2003-12-21","12","21","2003"
"139992","2003-12-22","12","22","2003"
"139993","2003-12-23","12","23","2003"
"139994","2003-12-24","12","24","2003"
"139995","2003-12-25","12","25","2003"
"139996","2003-12-26","12","26","2003"
"139997","2003-12-27","12","27","2003"
"139998","2003-12-28","12","28","2003"
"139999","2003-12-29","12","29","2003"
"140000","2003-12-30","12","30","2003"
"140001","2003-12-31","12","31","2003"
"148871","2004-01-01","1","1","2004"
"148872","2004-01-02","1","2","2004"
"148873","2004-01-03","1","3","2004"
"148874","2004-01-04","1","4","2004"
"148875","2004-01-05","1","5","2004"
"148876","2004-01-06","1","6","2004"
"148877","2004-01-07","1","7","2004"
"148878","2004-01-08","1","8","2004"
"148879","2004-01-09","1","9","2004"
"148880","2004-01-10","1","10","2004"
"148881","2004-01-11","1","11","2004"
"148882","2004-01-12","1","12","2004"
"148883","2004-01-13","1","13","2004"
"148884","2004-01-14","1","14","2004"
"148885","2004-01-15","1","15","2004"
"148886","2004-01-16","1","16","2004"
"148887","2004-01-17","1","17","2004"
"148888","2004-01-18","1","18","2004"
"148889","2004-01-19","1","19","2004"
"148890","2004-01-20","1","20","2004"
"148891","2004-01-21","1","21","2004"
"148892","2004-01-22","1","22","2004"
"148893","2004-01-23","1","23","2004"
"148894","2004-01-24","1","24","2004"
"148895","2004-01-25","1","25","2004"
"148896","2004-01-26","1","26","2004"
"148897","2004-01-27","1","27","2004"
"148898","2004-01-28","1","28","2004"
"148899","2004-01-29","1","29","2004"
"148900","2004-01-30","1","30","2004"
"148901","2004-01-31","1","31","2004"
"148971","2004-02-01","2","1","2004"
"148972","2004-02-02","2","2","2004"
"148973","2004-02-03","2","3","2004"
"148974","2004-02-04","2","4","2004"
"148975","2004-02-05","2","5","2004"
"148976","2004-02-06","2","6","2004"
"148977","2004-02-07","2","7","2004"
"148978","2004-02-08","2","8","2004"
"148979","2004-02-09","2","9","2004"
"148980","2004-02-10","2","10","2004"
"148981","2004-02-11","2","11","2004"
"148982","2004-02-12","2","12","2004"
"148983","2004-02-13","2","13","2004"
"148984","2004-02-14","2","14","2004"
"148985","2004-02-15","2","15","2004"
"148986","2004-02-16","2","16","2004"
"148987","2004-02-17","2","17","2004"
"148988","2004-02-18","2","18","2004"
"148989","2004-02-19","2","19","2004"
"148990","2004-02-20","2","20","2004"
"148991","2004-02-21","2","21","2004"
"148992","2004-02-22","2","22","2004"
"148993","2004-02-23","2","23","2004"
"148994","2004-02-24","2","24","2004"
"148995","2004-02-25","2","25","2004"
"148996","2004-02-26","2","26","2004"
"148997","2004-02-27","2","27","2004"
"148998","2004-02-28","2","28","2004"
"148999","2004-02-29","2","29","2004"
"149071","2004-03-01","3","1","2004"
"149072","2004-03-02","3","2","2004"
"149073","2004-03-03","3","3","2004"
"149074","2004-03-04","3","4","2004"
"149075","2004-03-05","3","5","2004"
"149076","2004-03-06","3","6","2004"
"149077","2004-03-07","3","7","2004"
"149078","2004-03-08","3","8","2004"
"149079","2004-03-09","3","9","2004"
"149080","2004-03-10","3","10","2004"
"149081","2004-03-11","3","11","2004"
"149082","2004-03-12","3","12","2004"
"149083","2004-03-13","3","13","2004"
"149084","2004-03-14","3","14","2004"
"149085","2004-03-15","3","15","2004"
"149086","2004-03-16","3","16","2004"
"149087","2004-03-17","3","17","2004"
"149088","2004-03-18","3","18","2004"
"149089","2004-03-19","3","19","2004"
"149090","2004-03-20","3","20","2004"
"149091","2004-03-21","3","21","2004"
"149092","2004-03-22","3","22","2004"
"149093","2004-03-23","3","23","2004"
"149094","2004-03-24","3","24","2004"
"149095","2004-03-25","3","25","2004"
"149096","2004-03-26","3","26","2004"
"149097","2004-03-27","3","27","2004"
"149098","2004-03-28","3","28","2004"
"149099","2004-03-29","3","29","2004"
"149100","2004-03-30","3","30","2004"
"149101","2004-03-31","3","31","2004"
"149171","2004-04-01","4","1","2004"
"149172","2004-04-02","4","2","2004"
"149173","2004-04-03","4","3","2004"
"149174","2004-04-04","4","4","2004"
"149175","2004-04-05","4","5","2004"
"149176","2004-04-06","4","6","2004"
"149177","2004-04-07","4","7","2004"
"149178","2004-04-08","4","8","2004"
"149179","2004-04-09","4","9","2004"
"149180","2004-04-10","4","10","2004"
"149181","2004-04-11","4","11","2004"
"149182","2004-04-12","4","12","2004"
"149183","2004-04-13","4","13","2004"
"149184","2004-04-14","4","14","2004"
"149185","2004-04-15","4","15","2004"
"149186","2004-04-16","4","16","2004"
"149187","2004-04-17","4","17","2004"
"149188","2004-04-18","4","18","2004"
"149189","2004-04-19","4","19","2004"
"149190","2004-04-20","4","20","2004"
"149191","2004-04-21","4","21","2004"
"149192","2004-04-22","4","22","2004"
"149193","2004-04-23","4","23","2004"
"149194","2004-04-24","4","24","2004"
"149195","2004-04-25","4","25","2004"
"149196","2004-04-26","4","26","2004"
"149197","2004-04-27","4","27","2004"
"149198","2004-04-28","4","28","2004"
"149199","2004-04-29","4","29","2004"
"149200","2004-04-30","4","30","2004"
"149271","2004-05-01","5","1","2004"
"149272","2004-05-02","5","2","2004"
"149273","2004-05-03","5","3","2004"
"149274","2004-05-04","5","4","2004"
"149275","2004-05-05","5","5","2004"
"149276","2004-05-06","5","6","2004"
"149277","2004-05-07","5","7","2004"
"149278","2004-05-08","5","8","2004"
"149279","2004-05-09","5","9","2004"
"149280","2004-05-10","5","10","2004"
"149281","2004-05-11","5","11","2004"
"149282","2004-05-12","5","12","2004"
"149283","2004-05-13","5","13","2004"
"149284","2004-05-14","5","14","2004"
"149285","2004-05-15","5","15","2004"
"149286","2004-05-16","5","16","2004"
"149287","2004-05-17","5","17","2004"
"149288","2004-05-18","5","18","2004"
"149289","2004-05-19","5","19","2004"
"149290","2004-05-20","5","20","2004"
"149291","2004-05-21","5","21","2004"
"149292","2004-05-22","5","22","2004"
"149293","2004-05-23","5","23","2004"
"149294","2004-05-24","5","24","2004"
"149295","2004-05-25","5","25","2004"
"149296","2004-05-26","5","26","2004"
"149297","2004-05-27","5","27","2004"
"149298","2004-05-28","5","28","2004"
"149299","2004-05-29","5","29","2004"
"149300","2004-05-30","5","30","2004"
"149301","2004-05-31","5","31","2004"
"149371","2004-06-01","6","1","2004"
"149372","2004-06-02","6","2","2004"
"149373","2004-06-03","6","3","2004"
"149374","2004-06-04","6","4","2004"
"149375","2004-06-05","6","5","2004"
"149376","2004-06-06","6","6","2004"
"149377","2004-06-07","6","7","2004"
"149378","2004-06-08","6","8","2004"
"149379","2004-06-09","6","9","2004"
"149380","2004-06-10","6","10","2004"
"149381","2004-06-11","6","11","2004"
"149382","2004-06-12","6","12","2004"
"149383","2004-06-13","6","13","2004"
"149384","2004-06-14","6","14","2004"
"149385","2004-06-15","6","15","2004"
"149386","2004-06-16","6","16","2004"
"149387","2004-06-17","6","17","2004"
"149388","2004-06-18","6","18","2004"
"149389","2004-06-19","6","19","2004"
"149390","2004-06-20","6","20","2004"
"149391","2004-06-21","6","21","2004"
"149392","2004-06-22","6","22","2004"
"149393","2004-06-23","6","23","2004"
"149394","2004-06-24","6","24","2004"
"149395","2004-06-25","6","25","2004"
"149396","2004-06-26","6","26","2004"
"149397","2004-06-27","6","27","2004"
"149398","2004-06-28","6","28","2004"
"149399","2004-06-29","6","29","2004"
"149400","2004-06-30","6","30","2004"
"149471","2004-07-01","7","1","2004"
"149472","2004-07-02","7","2","2004"
"149473","2004-07-03","7","3","2004"
"149474","2004-07-04","7","4","2004"
"149475","2004-07-05","7","5","2004"
"149476","2004-07-06","7","6","2004"
"149477","2004-07-07","7","7","2004"
"149478","2004-07-08","7","8","2004"
"149479","2004-07-09","7","9","2004"
"149480","2004-07-10","7","10","2004"
"149481","2004-07-11","7","11","2004"
"149482","2004-07-12","7","12","2004"
"149483","2004-07-13","7","13","2004"
"149484","2004-07-14","7","14","2004"
"149485","2004-07-15","7","15","2004"
"149486","2004-07-16","7","16","2004"
"149487","2004-07-17","7","17","2004"
"149488","2004-07-18","7","18","2004"
"149489","2004-07-19","7","19","2004"
"149490","2004-07-20","7","20","2004"
"149491","2004-07-21","7","21","2004"
"149492","2004-07-22","7","22","2004"
"149493","2004-07-23","7","23","2004"
"149494","2004-07-24","7","24","2004"
"149495","2004-07-25","7","25","2004"
"149496","2004-07-26","7","26","2004"
"149497","2004-07-27","7","27","2004"
"149498","2004-07-28","7","28","2004"
"149499","2004-07-29","7","29","2004"
"149500","2004-07-30","7","30","2004"
"149501","2004-07-31","7","31","2004"
"149571","2004-08-01","8","1","2004"
"149572","2004-08-02","8","2","2004"
"149573","2004-08-03","8","3","2004"
"149574","2004-08-04","8","4","2004"
"149575","2004-08-05","8","5","2004"
"149576","2004-08-06","8","6","2004"
"149577","2004-08-07","8","7","2004"
"149578","2004-08-08","8","8","2004"
"149579","2004-08-09","8","9","2004"
"149580","2004-08-10","8","10","2004"
"149581","2004-08-11","8","11","2004"
"149582","2004-08-12","8","12","2004"
"149583","2004-08-13","8","13","2004"
"149584","2004-08-14","8","14","2004"
"149585","2004-08-15","8","15","2004"
"149586","2004-08-16","8","16","2004"
"149587","2004-08-17","8","17","2004"
"149588","2004-08-18","8","18","2004"
"149589","2004-08-19","8","19","2004"
"149590","2004-08-20","8","20","2004"
"149591","2004-08-21","8","21","2004"
"149592","2004-08-22","8","22","2004"
"149593","2004-08-23","8","23","2004"
"149594","2004-08-24","8","24","2004"
"149595","2004-08-25","8","25","2004"
"149596","2004-08-26","8","26","2004"
"149597","2004-08-27","8","27","2004"
"149598","2004-08-28","8","28","2004"
"149599","2004-08-29","8","29","2004"
"149600","2004-08-30","8","30","2004"
"149601","2004-08-31","8","31","2004"
"149671","2004-09-01","9","1","2004"
"149672","2004-09-02","9","2","2004"
"149673","2004-09-03","9","3","2004"
"149674","2004-09-04","9","4","2004"
"149675","2004-09-05","9","5","2004"
"149676","2004-09-06","9","6","2004"
"149677","2004-09-07","9","7","2004"
"149678","2004-09-08","9","8","2004"
"149679","2004-09-09","9","9","2004"
"149680","2004-09-10","9","10","2004"
"149681","2004-09-11","9","11","2004"
"149682","2004-09-12","9","12","2004"
"149683","2004-09-13","9","13","2004"
"149684","2004-09-14","9","14","2004"
"149685","2004-09-15","9","15","2004"
"149686","2004-09-16","9","16","2004"
"149687","2004-09-17","9","17","2004"
"149688","2004-09-18","9","18","2004"
"149689","2004-09-19","9","19","2004"
"149690","2004-09-20","9","20","2004"
"149691","2004-09-21","9","21","2004"
"149692","2004-09-22","9","22","2004"
"149693","2004-09-23","9","23","2004"
"149694","2004-09-24","9","24","2004"
"149695","2004-09-25","9","25","2004"
"149696","2004-09-26","9","26","2004"
"149697","2004-09-27","9","27","2004"
"149698","2004-09-28","9","28","2004"
"149699","2004-09-29","9","29","2004"
"149700","2004-09-30","9","30","2004"
"149771","2004-10-01","10","1","2004"
"149772","2004-10-02","10","2","2004"
"149773","2004-10-03","10","3","2004"
"149774","2004-10-04","10","4","2004"
"149775","2004-10-05","10","5","2004"
"149776","2004-10-06","10","6","2004"
"149777","2004-10-07","10","7","2004"
"149778","2004-10-08","10","8","2004"
"149779","2004-10-09","10","9","2004"
"149780","2004-10-10","10","10","2004"
"149781","2004-10-11","10","11","2004"
"149782","2004-10-12","10","12","2004"
"149783","2004-10-13","10","13","2004"
"149784","2004-10-14","10","14","2004"
"149785","2004-10-15","10","15","2004"
"149786","2004-10-16","10","16","2004"
"149787","2004-10-17","10","17","2004"
"149788","2004-10-18","10","18","2004"
"149789","2004-10-19","10","19","2004"
"149790","2004-10-20","10","20","2004"
"149791","2004-10-21","10","21","2004"
"149792","2004-10-22","10","22","2004"
"149793","2004-10-23","10","23","2004"
"149794","2004-10-24","10","24","2004"
"149795","2004-10-25","10","25","2004"
"149796","2004-10-26","10","26","2004"
"149797","2004-10-27","10","27","2004"
"149798","2004-10-28","10","28","2004"
"149799","2004-10-29","10","29","2004"
"149800","2004-10-30","10","30","2004"
"149801","2004-10-31","10","31","2004"
"149871","2004-11-01","11","1","2004"
"149872","2004-11-02","11","2","2004"
"149873","2004-11-03","11","3","2004"
"149874","2004-11-04","11","4","2004"
"149875","2004-11-05","11","5","2004"
"149876","2004-11-06","11","6","2004"
"149877","2004-11-07","11","7","2004"
"149878","2004-11-08","11","8","2004"
"149879","2004-11-09","11","9","2004"
"149880","2004-11-10","11","10","2004"
"149881","2004-11-11","11","11","2004"
"149882","2004-11-12","11","12","2004"
"149883","2004-11-13","11","13","2004"
"149884","2004-11-14","11","14","2004"
"149885","2004-11-15","11","15","2004"
"149886","2004-11-16","11","16","2004"
"149887","2004-11-17","11","17","2004"
"149888","2004-11-18","11","18","2004"
"149889","2004-11-19","11","19","2004"
"149890","2004-11-20","11","20","2004"
"149891","2004-11-21","11","21","2004"
"149892","2004-11-22","11","22","2004"
"149893","2004-11-23","11","23","2004"
"149894","2004-11-24","11","24","2004"
"149895","2004-11-25","11","25","2004"
"149896","2004-11-26","11","26","2004"
"149897","2004-11-27","11","27","2004"
"149898","2004-11-28","11","28","2004"
"149899","2004-11-29","11","29","2004"
"149900","2004-11-30","11","30","2004"
"149971","2004-12-01","12","1","2004"
"149972","2004-12-02","12","2","2004"
"149973","2004-12-03","12","3","2004"
"149974","2004-12-04","12","4","2004"
"149975","2004-12-05","12","5","2004"
"149976","2004-12-06","12","6","2004"
"149977","2004-12-07","12","7","2004"
"149978","2004-12-08","12","8","2004"
"149979","2004-12-09","12","9","2004"
"149980","2004-12-10","12","10","2004"
"149981","2004-12-11","12","11","2004"
"149982","2004-12-12","12","12","2004"
"149983","2004-12-13","12","13","2004"
"149984","2004-12-14","12","14","2004"
"149985","2004-12-15","12","15","2004"
"149986","2004-12-16","12","16","2004"
"149987","2004-12-17","12","17","2004"
"149988","2004-12-18","12","18","2004"
"149989","2004-12-19","12","19","2004"
"149990","2004-12-20","12","20","2004"
"149991","2004-12-21","12","21","2004"
"149992","2004-12-22","12","22","2004"
"149993","2004-12-23","12","23","2004"
"149994","2004-12-24","12","24","2004"
"149995","2004-12-25","12","25","2004"
"149996","2004-12-26","12","26","2004"
"149997","2004-12-27","12","27","2004"
"149998","2004-12-28","12","28","2004"
"149999","2004-12-29","12","29","2004"
"150000","2004-12-30","12","30","2004"
"150001","2004-12-31","12","31","2004"
"158871","2005-01-01","1","1","2005"
"158872","2005-01-02","1","2","2005"
"158873","2005-01-03","1","3","2005"
"158874","2005-01-04","1","4","2005"
"158875","2005-01-05","1","5","2005"
"158876","2005-01-06","1","6","2005"
"158877","2005-01-07","1","7","2005"
"158878","2005-01-08","1","8","2005"
"158879","2005-01-09","1","9","2005"
"158880","2005-01-10","1","10","2005"
"158881","2005-01-11","1","11","2005"
"158882","2005-01-12","1","12","2005"
"158883","2005-01-13","1","13","2005"
"158884","2005-01-14","1","14","2005"
"158885","2005-01-15","1","15","2005"
"158886","2005-01-16","1","16","2005"
"158887","2005-01-17","1","17","2005"
"158888","2005-01-18","1","18","2005"
"158889","2005-01-19","1","19","2005"
"158890","2005-01-20","1","20","2005"
"158891","2005-01-21","1","21","2005"
"158892","2005-01-22","1","22","2005"
"158893","2005-01-23","1","23","2005"
"158894","2005-01-24","1","24","2005"
"158895","2005-01-25","1","25","2005"
"158896","2005-01-26","1","26","2005"
"158897","2005-01-27","1","27","2005"
"158898","2005-01-28","1","28","2005"
"158899","2005-01-29","1","29","2005"
"158900","2005-01-30","1","30","2005"
"158901","2005-01-31","1","31","2005"
"158971","2005-02-01","2","1","2005"
"158972","2005-02-02","2","2","2005"
"158973","2005-02-03","2","3","2005"
"158974","2005-02-04","2","4","2005"
"158975","2005-02-05","2","5","2005"
"158976","2005-02-06","2","6","2005"
"158977","2005-02-07","2","7","2005"
"158978","2005-02-08","2","8","2005"
"158979","2005-02-09","2","9","2005"
"158980","2005-02-10","2","10","2005"
"158981","2005-02-11","2","11","2005"
"158982","2005-02-12","2","12","2005"
"158983","2005-02-13","2","13","2005"
"158984","2005-02-14","2","14","2005"
"158985","2005-02-15","2","15","2005"
"158986","2005-02-16","2","16","2005"
"158987","2005-02-17","2","17","2005"
"158988","2005-02-18","2","18","2005"
"158989","2005-02-19","2","19","2005"
"158990","2005-02-20","2","20","2005"
"158991","2005-02-21","2","21","2005"
"158992","2005-02-22","2","22","2005"
"158993","2005-02-23","2","23","2005"
"158994","2005-02-24","2","24","2005"
"158995","2005-02-25","2","25","2005"
"158996","2005-02-26","2","26","2005"
"158997","2005-02-27","2","27","2005"
"158998","2005-02-28","2","28","2005"
"159071","2005-03-01","3","1","2005"
"159072","2005-03-02","3","2","2005"
"159073","2005-03-03","3","3","2005"
"159074","2005-03-04","3","4","2005"
"159075","2005-03-05","3","5","2005"
"159076","2005-03-06","3","6","2005"
"159077","2005-03-07","3","7","2005"
"159078","2005-03-08","3","8","2005"
"159079","2005-03-09","3","9","2005"
"159080","2005-03-10","3","10","2005"
"159081","2005-03-11","3","11","2005"
"159082","2005-03-12","3","12","2005"
"159083","2005-03-13","3","13","2005"
"159084","2005-03-14","3","14","2005"
"159085","2005-03-15","3","15","2005"
"159086","2005-03-16","3","16","2005"
"159087","2005-03-17","3","17","2005"
"159088","2005-03-18","3","18","2005"
"159089","2005-03-19","3","19","2005"
"159090","2005-03-20","3","20","2005"
"159091","2005-03-21","3","21","2005"
"159092","2005-03-22","3","22","2005"
"159093","2005-03-23","3","23","2005"
"159094","2005-03-24","3","24","2005"
"159095","2005-03-25","3","25","2005"
"159096","2005-03-26","3","26","2005"
"159097","2005-03-27","3","27","2005"
"159098","2005-03-28","3","28","2005"
"159099","2005-03-29","3","29","2005"
"159100","2005-03-30","3","30","2005"
"159101","2005-03-31","3","31","2005"
"159171","2005-04-01","4","1","2005"
"159172","2005-04-02","4","2","2005"
"159173","2005-04-03","4","3","2005"
"159174","2005-04-04","4","4","2005"
"159175","2005-04-05","4","5","2005"
"159176","2005-04-06","4","6","2005"
"159177","2005-04-07","4","7","2005"
"159178","2005-04-08","4","8","2005"
"159179","2005-04-09","4","9","2005"
"159180","2005-04-10","4","10","2005"
"159181","2005-04-11","4","11","2005"
"159182","2005-04-12","4","12","2005"
"159183","2005-04-13","4","13","2005"
"159184","2005-04-14","4","14","2005"
"159185","2005-04-15","4","15","2005"
"159186","2005-04-16","4","16","2005"
"159187","2005-04-17","4","17","2005"
"159188","2005-04-18","4","18","2005"
"159189","2005-04-19","4","19","2005"
"159190","2005-04-20","4","20","2005"
"159191","2005-04-21","4","21","2005"
"159192","2005-04-22","4","22","2005"
"159193","2005-04-23","4","23","2005"
"159194","2005-04-24","4","24","2005"
"159195","2005-04-25","4","25","2005"
"159196","2005-04-26","4","26","2005"
"159197","2005-04-27","4","27","2005"
"159198","2005-04-28","4","28","2005"
"159199","2005-04-29","4","29","2005"
"159200","2005-04-30","4","30","2005"
"159271","2005-05-01","5","1","2005"
"159272","2005-05-02","5","2","2005"
"159273","2005-05-03","5","3","2005"
"159274","2005-05-04","5","4","2005"
"159275","2005-05-05","5","5","2005"
"159276","2005-05-06","5","6","2005"
"159277","2005-05-07","5","7","2005"
"159278","2005-05-08","5","8","2005"
"159279","2005-05-09","5","9","2005"
"159280","2005-05-10","5","10","2005"
"159281","2005-05-11","5","11","2005"
"159282","2005-05-12","5","12","2005"
"159283","2005-05-13","5","13","2005"
"159284","2005-05-14","5","14","2005"
"159285","2005-05-15","5","15","2005"
"159286","2005-05-16","5","16","2005"
"159287","2005-05-17","5","17","2005"
"159288","2005-05-18","5","18","2005"
"159289","2005-05-19","5","19","2005"
"159290","2005-05-20","5","20","2005"
"159291","2005-05-21","5","21","2005"
"159292","2005-05-22","5","22","2005"
"159293","2005-05-23","5","23","2005"
"159294","2005-05-24","5","24","2005"
"159295","2005-05-25","5","25","2005"
"159296","2005-05-26","5","26","2005"
"159297","2005-05-27","5","27","2005"
"159298","2005-05-28","5","28","2005"
"159299","2005-05-29","5","29","2005"
"159300","2005-05-30","5","30","2005"
"159301","2005-05-31","5","31","2005"
"159371","2005-06-01","6","1","2005"
"159372","2005-06-02","6","2","2005"
"159373","2005-06-03","6","3","2005"
"159374","2005-06-04","6","4","2005"
"159375","2005-06-05","6","5","2005"
"159376","2005-06-06","6","6","2005"
"159377","2005-06-07","6","7","2005"
"159378","2005-06-08","6","8","2005"
"159379","2005-06-09","6","9","2005"
"159380","2005-06-10","6","10","2005"
"159381","2005-06-11","6","11","2005"
"159382","2005-06-12","6","12","2005"
"159383","2005-06-13","6","13","2005"
"159384","2005-06-14","6","14","2005"
"159385","2005-06-15","6","15","2005"
"159386","2005-06-16","6","16","2005"
"159387","2005-06-17","6","17","2005"
"159388","2005-06-18","6","18","2005"
"159389","2005-06-19","6","19","2005"
"159390","2005-06-20","6","20","2005"
"159391","2005-06-21","6","21","2005"
"159392","2005-06-22","6","22","2005"
"159393","2005-06-23","6","23","2005"
"159394","2005-06-24","6","24","2005"
"159395","2005-06-25","6","25","2005"
"159396","2005-06-26","6","26","2005"
"159397","2005-06-27","6","27","2005"
"159398","2005-06-28","6","28","2005"
"159399","2005-06-29","6","29","2005"
"159400","2005-06-30","6","30","2005"
"159471","2005-07-01","7","1","2005"
"159472","2005-07-02","7","2","2005"
"159473","2005-07-03","7","3","2005"
"159474","2005-07-04","7","4","2005"
"159475","2005-07-05","7","5","2005"
"159476","2005-07-06","7","6","2005"
"159477","2005-07-07","7","7","2005"
"159478","2005-07-08","7","8","2005"
"159479","2005-07-09","7","9","2005"
"159480","2005-07-10","7","10","2005"
"159481","2005-07-11","7","11","2005"
"159482","2005-07-12","7","12","2005"
"159483","2005-07-13","7","13","2005"
"159484","2005-07-14","7","14","2005"
"159485","2005-07-15","7","15","2005"
"159486","2005-07-16","7","16","2005"
"159487","2005-07-17","7","17","2005"
"159488","2005-07-18","7","18","2005"
"159489","2005-07-19","7","19","2005"
"159490","2005-07-20","7","20","2005"
"159491","2005-07-21","7","21","2005"
"159492","2005-07-22","7","22","2005"
"159493","2005-07-23","7","23","2005"
"159494","2005-07-24","7","24","2005"
"159495","2005-07-25","7","25","2005"
"159496","2005-07-26","7","26","2005"
"159497","2005-07-27","7","27","2005"
"159498","2005-07-28","7","28","2005"
"159499","2005-07-29","7","29","2005"
"159500","2005-07-30","7","30","2005"
"159501","2005-07-31","7","31","2005"
"159571","2005-08-01","8","1","2005"
"159572","2005-08-02","8","2","2005"
"159573","2005-08-03","8","3","2005"
"159574","2005-08-04","8","4","2005"
"159575","2005-08-05","8","5","2005"
"159576","2005-08-06","8","6","2005"
"159577","2005-08-07","8","7","2005"
"159578","2005-08-08","8","8","2005"
"159579","2005-08-09","8","9","2005"
"159580","2005-08-10","8","10","2005"
"159581","2005-08-11","8","11","2005"
"159582","2005-08-12","8","12","2005"
"159583","2005-08-13","8","13","2005"
"159584","2005-08-14","8","14","2005"
"159585","2005-08-15","8","15","2005"
"159586","2005-08-16","8","16","2005"
"159587","2005-08-17","8","17","2005"
"159588","2005-08-18","8","18","2005"
"159589","2005-08-19","8","19","2005"
"159590","2005-08-20","8","20","2005"
"159591","2005-08-21","8","21","2005"
"159592","2005-08-22","8","22","2005"
"159593","2005-08-23","8","23","2005"
"159594","2005-08-24","8","24","2005"
"159595","2005-08-25","8","25","2005"
"159596","2005-08-26","8","26","2005"
"159597","2005-08-27","8","27","2005"
"159598","2005-08-28","8","28","2005"
"159599","2005-08-29","8","29","2005"
"159600","2005-08-30","8","30","2005"
"159601","2005-08-31","8","31","2005"
"159671","2005-09-01","9","1","2005"
"159672","2005-09-02","9","2","2005"
"159673","2005-09-03","9","3","2005"
"159674","2005-09-04","9","4","2005"
"159675","2005-09-05","9","5","2005"
"159676","2005-09-06","9","6","2005"
"159677","2005-09-07","9","7","2005"
"159678","2005-09-08","9","8","2005"
"159679","2005-09-09","9","9","2005"
"159680","2005-09-10","9","10","2005"
"159681","2005-09-11","9","11","2005"
"159682","2005-09-12","9","12","2005"
"159683","2005-09-13","9","13","2005"
"159684","2005-09-14","9","14","2005"
"159685","2005-09-15","9","15","2005"
"159686","2005-09-16","9","16","2005"
"159687","2005-09-17","9","17","2005"
"159688","2005-09-18","9","18","2005"
"159689","2005-09-19","9","19","2005"
"159690","2005-09-20","9","20","2005"
"159691","2005-09-21","9","21","2005"
"159692","2005-09-22","9","22","2005"
"159693","2005-09-23","9","23","2005"
"159694","2005-09-24","9","24","2005"
"159695","2005-09-25","9","25","2005"
"159696","2005-09-26","9","26","2005"
"159697","2005-09-27","9","27","2005"
"159698","2005-09-28","9","28","2005"
"159699","2005-09-29","9","29","2005"
"159700","2005-09-30","9","30","2005"
"159771","2005-10-01","10","1","2005"
"159772","2005-10-02","10","2","2005"
"159773","2005-10-03","10","3","2005"
"159774","2005-10-04","10","4","2005"
"159775","2005-10-05","10","5","2005"
"159776","2005-10-06","10","6","2005"
"159777","2005-10-07","10","7","2005"
"159778","2005-10-08","10","8","2005"
"159779","2005-10-09","10","9","2005"
"159780","2005-10-10","10","10","2005"
"159781","2005-10-11","10","11","2005"
"159782","2005-10-12","10","12","2005"
"159783","2005-10-13","10","13","2005"
"159784","2005-10-14","10","14","2005"
"159785","2005-10-15","10","15","2005"
"159786","2005-10-16","10","16","2005"
"159787","2005-10-17","10","17","2005"
"159788","2005-10-18","10","18","2005"
"159789","2005-10-19","10","19","2005"
"159790","2005-10-20","10","20","2005"
"159791","2005-10-21","10","21","2005"
"159792","2005-10-22","10","22","2005"
"159793","2005-10-23","10","23","2005"
"159794","2005-10-24","10","24","2005"
"159795","2005-10-25","10","25","2005"
"159796","2005-10-26","10","26","2005"
"159797","2005-10-27","10","27","2005"
"159798","2005-10-28","10","28","2005"
"159799","2005-10-29","10","29","2005"
"159800","2005-10-30","10","30","2005"
"159801","2005-10-31","10","31","2005"
"159871","2005-11-01","11","1","2005"
"159872","2005-11-02","11","2","2005"
"159873","2005-11-03","11","3","2005"
"159874","2005-11-04","11","4","2005"
"159875","2005-11-05","11","5","2005"
"159876","2005-11-06","11","6","2005"
"159877","2005-11-07","11","7","2005"
"159878","2005-11-08","11","8","2005"
"159879","2005-11-09","11","9","2005"
"159880","2005-11-10","11","10","2005"
"159881","2005-11-11","11","11","2005"
"159882","2005-11-12","11","12","2005"
"159883","2005-11-13","11","13","2005"
"159884","2005-11-14","11","14","2005"
"159885","2005-11-15","11","15","2005"
"159886","2005-11-16","11","16","2005"
"159887","2005-11-17","11","17","2005"
"159888","2005-11-18","11","18","2005"
"159889","2005-11-19","11","19","2005"
"159890","2005-11-20","11","20","2005"
"159891","2005-11-21","11","21","2005"
"159892","2005-11-22","11","22","2005"
"159893","2005-11-23","11","23","2005"
"159894","2005-11-24","11","24","2005"
"159895","2005-11-25","11","25","2005"
"159896","2005-11-26","11","26","2005"
"159897","2005-11-27","11","27","2005"
"159898","2005-11-28","11","28","2005"
"159899","2005-11-29","11","29","2005"
"159900","2005-11-30","11","30","2005"
"159971","2005-12-01","12","1","2005"
"159972","2005-12-02","12","2","2005"
"159973","2005-12-03","12","3","2005"
"159974","2005-12-04","12","4","2005"
"159975","2005-12-05","12","5","2005"
"159976","2005-12-06","12","6","2005"
"159977","2005-12-07","12","7","2005"
"159978","2005-12-08","12","8","2005"
"159979","2005-12-09","12","9","2005"
"159980","2005-12-10","12","10","2005"
"159981","2005-12-11","12","11","2005"
"159982","2005-12-12","12","12","2005"
"159983","2005-12-13","12","13","2005"
"159984","2005-12-14","12","14","2005"
"159985","2005-12-15","12","15","2005"
"159986","2005-12-16","12","16","2005"
"159987","2005-12-17","12","17","2005"
"159988","2005-12-18","12","18","2005"
"159989","2005-12-19","12","19","2005"
"159990","2005-12-20","12","20","2005"
"159991","2005-12-21","12","21","2005"
"159992","2005-12-22","12","22","2005"
"159993","2005-12-23","12","23","2005"
"159994","2005-12-24","12","24","2005"
"159995","2005-12-25","12","25","2005"
"159996","2005-12-26","12","26","2005"
"159997","2005-12-27","12","27","2005"
"159998","2005-12-28","12","28","2005"
"159999","2005-12-29","12","29","2005"
"160000","2005-12-30","12","30","2005"
"160001","2005-12-31","12","31","2005"
"168871","2006-01-01","1","1","2006"
"168872","2006-01-02","1","2","2006"
"168873","2006-01-03","1","3","2006"
"168874","2006-01-04","1","4","2006"
"168875","2006-01-05","1","5","2006"
"168876","2006-01-06","1","6","2006"
"168877","2006-01-07","1","7","2006"
"168878","2006-01-08","1","8","2006"
"168879","2006-01-09","1","9","2006"
"168880","2006-01-10","1","10","2006"
"168881","2006-01-11","1","11","2006"
"168882","2006-01-12","1","12","2006"
"168883","2006-01-13","1","13","2006"
"168884","2006-01-14","1","14","2006"
"168885","2006-01-15","1","15","2006"
"168886","2006-01-16","1","16","2006"
"168887","2006-01-17","1","17","2006"
"168888","2006-01-18","1","18","2006"
"168889","2006-01-19","1","19","2006"
"168890","2006-01-20","1","20","2006"
"168891","2006-01-21","1","21","2006"
"168892","2006-01-22","1","22","2006"
"168893","2006-01-23","1","23","2006"
"168894","2006-01-24","1","24","2006"
"168895","2006-01-25","1","25","2006"
"168896","2006-01-26","1","26","2006"
"168897","2006-01-27","1","27","2006"
"168898","2006-01-28","1","28","2006"
"168899","2006-01-29","1","29","2006"
"168900","2006-01-30","1","30","2006"
"168901","2006-01-31","1","31","2006"
"168971","2006-02-01","2","1","2006"
"168972","2006-02-02","2","2","2006"
"168973","2006-02-03","2","3","2006"
"168974","2006-02-04","2","4","2006"
"168975","2006-02-05","2","5","2006"
"168976","2006-02-06","2","6","2006"
"168977","2006-02-07","2","7","2006"
"168978","2006-02-08","2","8","2006"
"168979","2006-02-09","2","9","2006"
"168980","2006-02-10","2","10","2006"
"168981","2006-02-11","2","11","2006"
"168982","2006-02-12","2","12","2006"
"168983","2006-02-13","2","13","2006"
"168984","2006-02-14","2","14","2006"
"168985","2006-02-15","2","15","2006"
"168986","2006-02-16","2","16","2006"
"168987","2006-02-17","2","17","2006"
"168988","2006-02-18","2","18","2006"
"168989","2006-02-19","2","19","2006"
"168990","2006-02-20","2","20","2006"
"168991","2006-02-21","2","21","2006"
"168992","2006-02-22","2","22","2006"
"168993","2006-02-23","2","23","2006"
"168994","2006-02-24","2","24","2006"
"168995","2006-02-25","2","25","2006"
"168996","2006-02-26","2","26","2006"
"168997","2006-02-27","2","27","2006"
"168998","2006-02-28","2","28","2006"
"169071","2006-03-01","3","1","2006"
"169072","2006-03-02","3","2","2006"
"169073","2006-03-03","3","3","2006"
"169074","2006-03-04","3","4","2006"
"169075","2006-03-05","3","5","2006"
"169076","2006-03-06","3","6","2006"
"169077","2006-03-07","3","7","2006"
"169078","2006-03-08","3","8","2006"
"169079","2006-03-09","3","9","2006"
"169080","2006-03-10","3","10","2006"
"169081","2006-03-11","3","11","2006"
"169082","2006-03-12","3","12","2006"
"169083","2006-03-13","3","13","2006"
"169084","2006-03-14","3","14","2006"
"169085","2006-03-15","3","15","2006"
"169086","2006-03-16","3","16","2006"
"169087","2006-03-17","3","17","2006"
"169088","2006-03-18","3","18","2006"
"169089","2006-03-19","3","19","2006"
"169090","2006-03-20","3","20","2006"
"169091","2006-03-21","3","21","2006"
"169092","2006-03-22","3","22","2006"
"169093","2006-03-23","3","23","2006"
"169094","2006-03-24","3","24","2006"
"169095","2006-03-25","3","25","2006"
"169096","2006-03-26","3","26","2006"
"169097","2006-03-27","3","27","2006"
"169098","2006-03-28","3","28","2006"
"169099","2006-03-29","3","29","2006"
"169100","2006-03-30","3","30","2006"
"169101","2006-03-31","3","31","2006"
"169171","2006-04-01","4","1","2006"
"169172","2006-04-02","4","2","2006"
"169173","2006-04-03","4","3","2006"
"169174","2006-04-04","4","4","2006"
"169175","2006-04-05","4","5","2006"
"169176","2006-04-06","4","6","2006"
"169177","2006-04-07","4","7","2006"
"169178","2006-04-08","4","8","2006"
"169179","2006-04-09","4","9","2006"
"169180","2006-04-10","4","10","2006"
"169181","2006-04-11","4","11","2006"
"169182","2006-04-12","4","12","2006"
"169183","2006-04-13","4","13","2006"
"169184","2006-04-14","4","14","2006"
"169185","2006-04-15","4","15","2006"
"169186","2006-04-16","4","16","2006"
"169187","2006-04-17","4","17","2006"
"169188","2006-04-18","4","18","2006"
"169189","2006-04-19","4","19","2006"
"169190","2006-04-20","4","20","2006"
"169191","2006-04-21","4","21","2006"
"169192","2006-04-22","4","22","2006"
"169193","2006-04-23","4","23","2006"
"169194","2006-04-24","4","24","2006"
"169195","2006-04-25","4","25","2006"
"169196","2006-04-26","4","26","2006"
"169197","2006-04-27","4","27","2006"
"169198","2006-04-28","4","28","2006"
"169199","2006-04-29","4","29","2006"
"169200","2006-04-30","4","30","2006"
"169271","2006-05-01","5","1","2006"
"169272","2006-05-02","5","2","2006"
"169273","2006-05-03","5","3","2006"
"169274","2006-05-04","5","4","2006"
"169275","2006-05-05","5","5","2006"
"169276","2006-05-06","5","6","2006"
"169277","2006-05-07","5","7","2006"
"169278","2006-05-08","5","8","2006"
"169279","2006-05-09","5","9","2006"
"169280","2006-05-10","5","10","2006"
"169281","2006-05-11","5","11","2006"
"169282","2006-05-12","5","12","2006"
"169283","2006-05-13","5","13","2006"
"169284","2006-05-14","5","14","2006"
"169285","2006-05-15","5","15","2006"
"169286","2006-05-16","5","16","2006"
"169287","2006-05-17","5","17","2006"
"169288","2006-05-18","5","18","2006"
"169289","2006-05-19","5","19","2006"
"169290","2006-05-20","5","20","2006"
"169291","2006-05-21","5","21","2006"
"169292","2006-05-22","5","22","2006"
"169293","2006-05-23","5","23","2006"
"169294","2006-05-24","5","24","2006"
"169295","2006-05-25","5","25","2006"
"169296","2006-05-26","5","26","2006"
"169297","2006-05-27","5","27","2006"
"169298","2006-05-28","5","28","2006"
"169299","2006-05-29","5","29","2006"
"169300","2006-05-30","5","30","2006"
"169301","2006-05-31","5","31","2006"
"169371","2006-06-01","6","1","2006"
"169372","2006-06-02","6","2","2006"
"169373","2006-06-03","6","3","2006"
"169374","2006-06-04","6","4","2006"
"169375","2006-06-05","6","5","2006"
"169376","2006-06-06","6","6","2006"
"169377","2006-06-07","6","7","2006"
"169378","2006-06-08","6","8","2006"
"169379","2006-06-09","6","9","2006"
"169380","2006-06-10","6","10","2006"
"169381","2006-06-11","6","11","2006"
"169382","2006-06-12","6","12","2006"
"169383","2006-06-13","6","13","2006"
"169384","2006-06-14","6","14","2006"
"169385","2006-06-15","6","15","2006"
"169386","2006-06-16","6","16","2006"
"169387","2006-06-17","6","17","2006"
"169388","2006-06-18","6","18","2006"
"169389","2006-06-19","6","19","2006"
"169390","2006-06-20","6","20","2006"
"169391","2006-06-21","6","21","2006"
"169392","2006-06-22","6","22","2006"
"169393","2006-06-23","6","23","2006"
"169394","2006-06-24","6","24","2006"
"169395","2006-06-25","6","25","2006"
"169396","2006-06-26","6","26","2006"
"169397","2006-06-27","6","27","2006"
"169398","2006-06-28","6","28","2006"
"169399","2006-06-29","6","29","2006"
"169400","2006-06-30","6","30","2006"
"169471","2006-07-01","7","1","2006"
"169472","2006-07-02","7","2","2006"
"169473","2006-07-03","7","3","2006"
"169474","2006-07-04","7","4","2006"
"169475","2006-07-05","7","5","2006"
"169476","2006-07-06","7","6","2006"
"169477","2006-07-07","7","7","2006"
"169478","2006-07-08","7","8","2006"
"169479","2006-07-09","7","9","2006"
"169480","2006-07-10","7","10","2006"
"169481","2006-07-11","7","11","2006"
"169482","2006-07-12","7","12","2006"
"169483","2006-07-13","7","13","2006"
"169484","2006-07-14","7","14","2006"
"169485","2006-07-15","7","15","2006"
"169486","2006-07-16","7","16","2006"
"169487","2006-07-17","7","17","2006"
"169488","2006-07-18","7","18","2006"
"169489","2006-07-19","7","19","2006"
"169490","2006-07-20","7","20","2006"
"169491","2006-07-21","7","21","2006"
"169492","2006-07-22","7","22","2006"
"169493","2006-07-23","7","23","2006"
"169494","2006-07-24","7","24","2006"
"169495","2006-07-25","7","25","2006"
"169496","2006-07-26","7","26","2006"
"169497","2006-07-27","7","27","2006"
"169498","2006-07-28","7","28","2006"
"169499","2006-07-29","7","29","2006"
"169500","2006-07-30","7","30","2006"
"169501","2006-07-31","7","31","2006"
"169571","2006-08-01","8","1","2006"
"169572","2006-08-02","8","2","2006"
"169573","2006-08-03","8","3","2006"
"169574","2006-08-04","8","4","2006"
"169575","2006-08-05","8","5","2006"
"169576","2006-08-06","8","6","2006"
"169577","2006-08-07","8","7","2006"
"169578","2006-08-08","8","8","2006"
"169579","2006-08-09","8","9","2006"
"169580","2006-08-10","8","10","2006"
"169581","2006-08-11","8","11","2006"
"169582","2006-08-12","8","12","2006"
"169583","2006-08-13","8","13","2006"
"169584","2006-08-14","8","14","2006"
"169585","2006-08-15","8","15","2006"
"169586","2006-08-16","8","16","2006"
"169587","2006-08-17","8","17","2006"
"169588","2006-08-18","8","18","2006"
"169589","2006-08-19","8","19","2006"
"169590","2006-08-20","8","20","2006"
"169591","2006-08-21","8","21","2006"
"169592","2006-08-22","8","22","2006"
"169593","2006-08-23","8","23","2006"
"169594","2006-08-24","8","24","2006"
"169595","2006-08-25","8","25","2006"
"169596","2006-08-26","8","26","2006"
"169597","2006-08-27","8","27","2006"
"169598","2006-08-28","8","28","2006"
"169599","2006-08-29","8","29","2006"
"169600","2006-08-30","8","30","2006"
"169601","2006-08-31","8","31","2006"
"169671","2006-09-01","9","1","2006"
"169672","2006-09-02","9","2","2006"
"169673","2006-09-03","9","3","2006"
"169674","2006-09-04","9","4","2006"
"169675","2006-09-05","9","5","2006"
"169676","2006-09-06","9","6","2006"
"169677","2006-09-07","9","7","2006"
"169678","2006-09-08","9","8","2006"
"169679","2006-09-09","9","9","2006"
"169680","2006-09-10","9","10","2006"
"169681","2006-09-11","9","11","2006"
"169682","2006-09-12","9","12","2006"
"169683","2006-09-13","9","13","2006"
"169684","2006-09-14","9","14","2006"
"169685","2006-09-15","9","15","2006"
"169686","2006-09-16","9","16","2006"
"169687","2006-09-17","9","17","2006"
"169688","2006-09-18","9","18","2006"
"169689","2006-09-19","9","19","2006"
"169690","2006-09-20","9","20","2006"
"169691","2006-09-21","9","21","2006"
"169692","2006-09-22","9","22","2006"
"169693","2006-09-23","9","23","2006"
"169694","2006-09-24","9","24","2006"
"169695","2006-09-25","9","25","2006"
"169696","2006-09-26","9","26","2006"
"169697","2006-09-27","9","27","2006"
"169698","2006-09-28","9","28","2006"
"169699","2006-09-29","9","29","2006"
"169700","2006-09-30","9","30","2006"
"169771","2006-10-01","10","1","2006"
"169772","2006-10-02","10","2","2006"
"169773","2006-10-03","10","3","2006"
"169774","2006-10-04","10","4","2006"
"169775","2006-10-05","10","5","2006"
"169776","2006-10-06","10","6","2006"
"169777","2006-10-07","10","7","2006"
"169778","2006-10-08","10","8","2006"
"169779","2006-10-09","10","9","2006"
"169780","2006-10-10","10","10","2006"
"169781","2006-10-11","10","11","2006"
"169782","2006-10-12","10","12","2006"
"169783","2006-10-13","10","13","2006"
"169784","2006-10-14","10","14","2006"
"169785","2006-10-15","10","15","2006"
"169786","2006-10-16","10","16","2006"
"169787","2006-10-17","10","17","2006"
"169788","2006-10-18","10","18","2006"
"169789","2006-10-19","10","19","2006"
"169790","2006-10-20","10","20","2006"
"169791","2006-10-21","10","21","2006"
"169792","2006-10-22","10","22","2006"
"169793","2006-10-23","10","23","2006"
"169794","2006-10-24","10","24","2006"
"169795","2006-10-25","10","25","2006"
"169796","2006-10-26","10","26","2006"
"169797","2006-10-27","10","27","2006"
"169798","2006-10-28","10","28","2006"
"169799","2006-10-29","10","29","2006"
"169800","2006-10-30","10","30","2006"
"169801","2006-10-31","10","31","2006"
"169871","2006-11-01","11","1","2006"
"169872","2006-11-02","11","2","2006"
"169873","2006-11-03","11","3","2006"
"169874","2006-11-04","11","4","2006"
"169875","2006-11-05","11","5","2006"
"169876","2006-11-06","11","6","2006"
"169877","2006-11-07","11","7","2006"
"169878","2006-11-08","11","8","2006"
"169879","2006-11-09","11","9","2006"
"169880","2006-11-10","11","10","2006"
"169881","2006-11-11","11","11","2006"
"169882","2006-11-12","11","12","2006"
"169883","2006-11-13","11","13","2006"
"169884","2006-11-14","11","14","2006"
"169885","2006-11-15","11","15","2006"
"169886","2006-11-16","11","16","2006"
"169887","2006-11-17","11","17","2006"
"169888","2006-11-18","11","18","2006"
"169889","2006-11-19","11","19","2006"
"169890","2006-11-20","11","20","2006"
"169891","2006-11-21","11","21","2006"
"169892","2006-11-22","11","22","2006"
"169893","2006-11-23","11","23","2006"
"169894","2006-11-24","11","24","2006"
"169895","2006-11-25","11","25","2006"
"169896","2006-11-26","11","26","2006"
"169897","2006-11-27","11","27","2006"
"169898","2006-11-28","11","28","2006"
"169899","2006-11-29","11","29","2006"
"169900","2006-11-30","11","30","2006"
"169971","2006-12-01","12","1","2006"
"169972","2006-12-02","12","2","2006"
"169973","2006-12-03","12","3","2006"
"169974","2006-12-04","12","4","2006"
"169975","2006-12-05","12","5","2006"
"169976","2006-12-06","12","6","2006"
"169977","2006-12-07","12","7","2006"
"169978","2006-12-08","12","8","2006"
"169979","2006-12-09","12","9","2006"
"169980","2006-12-10","12","10","2006"
"169981","2006-12-11","12","11","2006"
"169982","2006-12-12","12","12","2006"
"169983","2006-12-13","12","13","2006"
"169984","2006-12-14","12","14","2006"
"169985","2006-12-15","12","15","2006"
"169986","2006-12-16","12","16","2006"
"169987","2006-12-17","12","17","2006"
"169988","2006-12-18","12","18","2006"
"169989","2006-12-19","12","19","2006"
"169990","2006-12-20","12","20","2006"
"169991","2006-12-21","12","21","2006"
"169992","2006-12-22","12","22","2006"
"169993","2006-12-23","12","23","2006"
"169994","2006-12-24","12","24","2006"
"169995","2006-12-25","12","25","2006"
"169996","2006-12-26","12","26","2006"
"169997","2006-12-27","12","27","2006"
"169998","2006-12-28","12","28","2006"
"169999","2006-12-29","12","29","2006"
"170000","2006-12-30","12","30","2006"
"170001","2006-12-31","12","31","2006"
"178871","2007-01-01","1","1","2007"
"178872","2007-01-02","1","2","2007"
"178873","2007-01-03","1","3","2007"
"178874","2007-01-04","1","4","2007"
"178875","2007-01-05","1","5","2007"
"178876","2007-01-06","1","6","2007"
"178877","2007-01-07","1","7","2007"
"178878","2007-01-08","1","8","2007"
"178879","2007-01-09","1","9","2007"
"178880","2007-01-10","1","10","2007"
"178881","2007-01-11","1","11","2007"
"178882","2007-01-12","1","12","2007"
"178883","2007-01-13","1","13","2007"
"178884","2007-01-14","1","14","2007"
"178885","2007-01-15","1","15","2007"
"178886","2007-01-16","1","16","2007"
"178887","2007-01-17","1","17","2007"
"178888","2007-01-18","1","18","2007"
"178889","2007-01-19","1","19","2007"
"178890","2007-01-20","1","20","2007"
"178891","2007-01-21","1","21","2007"
"178892","2007-01-22","1","22","2007"
"178893","2007-01-23","1","23","2007"
"178894","2007-01-24","1","24","2007"
"178895","2007-01-25","1","25","2007"
"178896","2007-01-26","1","26","2007"
"178897","2007-01-27","1","27","2007"
"178898","2007-01-28","1","28","2007"
"178899","2007-01-29","1","29","2007"
"178900","2007-01-30","1","30","2007"
"178901","2007-01-31","1","31","2007"
"178971","2007-02-01","2","1","2007"
"178972","2007-02-02","2","2","2007"
"178973","2007-02-03","2","3","2007"
"178974","2007-02-04","2","4","2007"
"178975","2007-02-05","2","5","2007"
"178976","2007-02-06","2","6","2007"
"178977","2007-02-07","2","7","2007"
"178978","2007-02-08","2","8","2007"
"178979","2007-02-09","2","9","2007"
"178980","2007-02-10","2","10","2007"
"178981","2007-02-11","2","11","2007"
"178982","2007-02-12","2","12","2007"
"178983","2007-02-13","2","13","2007"
"178984","2007-02-14","2","14","2007"
"178985","2007-02-15","2","15","2007"
"178986","2007-02-16","2","16","2007"
"178987","2007-02-17","2","17","2007"
"178988","2007-02-18","2","18","2007"
"178989","2007-02-19","2","19","2007"
"178990","2007-02-20","2","20","2007"
"178991","2007-02-21","2","21","2007"
"178992","2007-02-22","2","22","2007"
"178993","2007-02-23","2","23","2007"
"178994","2007-02-24","2","24","2007"
"178995","2007-02-25","2","25","2007"
"178996","2007-02-26","2","26","2007"
"178997","2007-02-27","2","27","2007"
"178998","2007-02-28","2","28","2007"
"179071","2007-03-01","3","1","2007"
"179072","2007-03-02","3","2","2007"
"179073","2007-03-03","3","3","2007"
"179074","2007-03-04","3","4","2007"
"179075","2007-03-05","3","5","2007"
"179076","2007-03-06","3","6","2007"
"179077","2007-03-07","3","7","2007"
"179078","2007-03-08","3","8","2007"
"179079","2007-03-09","3","9","2007"
"179080","2007-03-10","3","10","2007"
"179081","2007-03-11","3","11","2007"
"179082","2007-03-12","3","12","2007"
"179083","2007-03-13","3","13","2007"
"179084","2007-03-14","3","14","2007"
"179085","2007-03-15","3","15","2007"
"179086","2007-03-16","3","16","2007"
"179087","2007-03-17","3","17","2007"
"179088","2007-03-18","3","18","2007"
"179089","2007-03-19","3","19","2007"
"179090","2007-03-20","3","20","2007"
"179091","2007-03-21","3","21","2007"
"179092","2007-03-22","3","22","2007"
"179093","2007-03-23","3","23","2007"
"179094","2007-03-24","3","24","2007"
"179095","2007-03-25","3","25","2007"
"179096","2007-03-26","3","26","2007"
"179097","2007-03-27","3","27","2007"
"179098","2007-03-28","3","28","2007"
"179099","2007-03-29","3","29","2007"
"179100","2007-03-30","3","30","2007"
"179101","2007-03-31","3","31","2007"
"179171","2007-04-01","4","1","2007"
"179172","2007-04-02","4","2","2007"
"179173","2007-04-03","4","3","2007"
"179174","2007-04-04","4","4","2007"
"179175","2007-04-05","4","5","2007"
"179176","2007-04-06","4","6","2007"
"179177","2007-04-07","4","7","2007"
"179178","2007-04-08","4","8","2007"
"179179","2007-04-09","4","9","2007"
"179180","2007-04-10","4","10","2007"
"179181","2007-04-11","4","11","2007"
"179182","2007-04-12","4","12","2007"
"179183","2007-04-13","4","13","2007"
"179184","2007-04-14","4","14","2007"
"179185","2007-04-15","4","15","2007"
"179186","2007-04-16","4","16","2007"
"179187","2007-04-17","4","17","2007"
"179188","2007-04-18","4","18","2007"
"179189","2007-04-19","4","19","2007"
"179190","2007-04-20","4","20","2007"
"179191","2007-04-21","4","21","2007"
"179192","2007-04-22","4","22","2007"
"179193","2007-04-23","4","23","2007"
"179194","2007-04-24","4","24","2007"
"179195","2007-04-25","4","25","2007"
"179196","2007-04-26","4","26","2007"
"179197","2007-04-27","4","27","2007"
"179198","2007-04-28","4","28","2007"
"179199","2007-04-29","4","29","2007"
"179200","2007-04-30","4","30","2007"
"179271","2007-05-01","5","1","2007"
"179272","2007-05-02","5","2","2007"
"179273","2007-05-03","5","3","2007"
"179274","2007-05-04","5","4","2007"
"179275","2007-05-05","5","5","2007"
"179276","2007-05-06","5","6","2007"
"179277","2007-05-07","5","7","2007"
"179278","2007-05-08","5","8","2007"
"179279","2007-05-09","5","9","2007"
"179280","2007-05-10","5","10","2007"
"179281","2007-05-11","5","11","2007"
"179282","2007-05-12","5","12","2007"
"179283","2007-05-13","5","13","2007"
"179284","2007-05-14","5","14","2007"
"179285","2007-05-15","5","15","2007"
"179286","2007-05-16","5","16","2007"
"179287","2007-05-17","5","17","2007"
"179288","2007-05-18","5","18","2007"
"179289","2007-05-19","5","19","2007"
"179290","2007-05-20","5","20","2007"
"179291","2007-05-21","5","21","2007"
"179292","2007-05-22","5","22","2007"
"179293","2007-05-23","5","23","2007"
"179294","2007-05-24","5","24","2007"
"179295","2007-05-25","5","25","2007"
"179296","2007-05-26","5","26","2007"
"179297","2007-05-27","5","27","2007"
"179298","2007-05-28","5","28","2007"
"179299","2007-05-29","5","29","2007"
"179300","2007-05-30","5","30","2007"
"179301","2007-05-31","5","31","2007"
"179371","2007-06-01","6","1","2007"
"179372","2007-06-02","6","2","2007"
"179373","2007-06-03","6","3","2007"
"179374","2007-06-04","6","4","2007"
"179375","2007-06-05","6","5","2007"
"179376","2007-06-06","6","6","2007"
"179377","2007-06-07","6","7","2007"
"179378","2007-06-08","6","8","2007"
"179379","2007-06-09","6","9","2007"
"179380","2007-06-10","6","10","2007"
"179381","2007-06-11","6","11","2007"
"179382","2007-06-12","6","12","2007"
"179383","2007-06-13","6","13","2007"
"179384","2007-06-14","6","14","2007"
"179385","2007-06-15","6","15","2007"
"179386","2007-06-16","6","16","2007"
"179387","2007-06-17","6","17","2007"
"179388","2007-06-18","6","18","2007"
"179389","2007-06-19","6","19","2007"
"179390","2007-06-20","6","20","2007"
"179391","2007-06-21","6","21","2007"
"179392","2007-06-22","6","22","2007"
"179393","2007-06-23","6","23","2007"
"179394","2007-06-24","6","24","2007"
"179395","2007-06-25","6","25","2007"
"179396","2007-06-26","6","26","2007"
"179397","2007-06-27","6","27","2007"
"179398","2007-06-28","6","28","2007"
"179399","2007-06-29","6","29","2007"
"179400","2007-06-30","6","30","2007"
"179471","2007-07-01","7","1","2007"
"179472","2007-07-02","7","2","2007"
"179473","2007-07-03","7","3","2007"
"179474","2007-07-04","7","4","2007"
"179475","2007-07-05","7","5","2007"
"179476","2007-07-06","7","6","2007"
"179477","2007-07-07","7","7","2007"
"179478","2007-07-08","7","8","2007"
"179479","2007-07-09","7","9","2007"
"179480","2007-07-10","7","10","2007"
"179481","2007-07-11","7","11","2007"
"179482","2007-07-12","7","12","2007"
"179483","2007-07-13","7","13","2007"
"179484","2007-07-14","7","14","2007"
"179485","2007-07-15","7","15","2007"
"179486","2007-07-16","7","16","2007"
"179487","2007-07-17","7","17","2007"
"179488","2007-07-18","7","18","2007"
"179489","2007-07-19","7","19","2007"
"179490","2007-07-20","7","20","2007"
"179491","2007-07-21","7","21","2007"
"179492","2007-07-22","7","22","2007"
"179493","2007-07-23","7","23","2007"
"179494","2007-07-24","7","24","2007"
"179495","2007-07-25","7","25","2007"
"179496","2007-07-26","7","26","2007"
"179497","2007-07-27","7","27","2007"
"179498","2007-07-28","7","28","2007"
"179499","2007-07-29","7","29","2007"
"179500","2007-07-30","7","30","2007"
"179501","2007-07-31","7","31","2007"
"179571","2007-08-01","8","1","2007"
"179572","2007-08-02","8","2","2007"
"179573","2007-08-03","8","3","2007"
"179574","2007-08-04","8","4","2007"
"179575","2007-08-05","8","5","2007"
"179576","2007-08-06","8","6","2007"
"179577","2007-08-07","8","7","2007"
"179578","2007-08-08","8","8","2007"
"179579","2007-08-09","8","9","2007"
"179580","2007-08-10","8","10","2007"
"179581","2007-08-11","8","11","2007"
"179582","2007-08-12","8","12","2007"
"179583","2007-08-13","8","13","2007"
"179584","2007-08-14","8","14","2007"
"179585","2007-08-15","8","15","2007"
"179586","2007-08-16","8","16","2007"
"179587","2007-08-17","8","17","2007"
"179588","2007-08-18","8","18","2007"
"179589","2007-08-19","8","19","2007"
"179590","2007-08-20","8","20","2007"
"179591","2007-08-21","8","21","2007"
"179592","2007-08-22","8","22","2007"
"179593","2007-08-23","8","23","2007"
"179594","2007-08-24","8","24","2007"
"179595","2007-08-25","8","25","2007"
"179596","2007-08-26","8","26","2007"
"179597","2007-08-27","8","27","2007"
"179598","2007-08-28","8","28","2007"
"179599","2007-08-29","8","29","2007"
"179600","2007-08-30","8","30","2007"
"179601","2007-08-31","8","31","2007"
"179671","2007-09-01","9","1","2007"
"179672","2007-09-02","9","2","2007"
"179673","2007-09-03","9","3","2007"
"179674","2007-09-04","9","4","2007"
"179675","2007-09-05","9","5","2007"
"179676","2007-09-06","9","6","2007"
"179677","2007-09-07","9","7","2007"
"179678","2007-09-08","9","8","2007"
"179679","2007-09-09","9","9","2007"
"179680","2007-09-10","9","10","2007"
"179681","2007-09-11","9","11","2007"
"179682","2007-09-12","9","12","2007"
"179683","2007-09-13","9","13","2007"
"179684","2007-09-14","9","14","2007"
"179685","2007-09-15","9","15","2007"
"179686","2007-09-16","9","16","2007"
"179687","2007-09-17","9","17","2007"
"179688","2007-09-18","9","18","2007"
"179689","2007-09-19","9","19","2007"
"179690","2007-09-20","9","20","2007"
"179691","2007-09-21","9","21","2007"
"179692","2007-09-22","9","22","2007"
"179693","2007-09-23","9","23","2007"
"179694","2007-09-24","9","24","2007"
"179695","2007-09-25","9","25","2007"
"179696","2007-09-26","9","26","2007"
"179697","2007-09-27","9","27","2007"
"179698","2007-09-28","9","28","2007"
"179699","2007-09-29","9","29","2007"
"179700","2007-09-30","9","30","2007"
"179771","2007-10-01","10","1","2007"
"179772","2007-10-02","10","2","2007"
"179773","2007-10-03","10","3","2007"
"179774","2007-10-04","10","4","2007"
"179775","2007-10-05","10","5","2007"
"179776","2007-10-06","10","6","2007"
"179777","2007-10-07","10","7","2007"
"179778","2007-10-08","10","8","2007"
"179779","2007-10-09","10","9","2007"
"179780","2007-10-10","10","10","2007"
"179781","2007-10-11","10","11","2007"
"179782","2007-10-12","10","12","2007"
"179783","2007-10-13","10","13","2007"
"179784","2007-10-14","10","14","2007"
"179785","2007-10-15","10","15","2007"
"179786","2007-10-16","10","16","2007"
"179787","2007-10-17","10","17","2007"
"179788","2007-10-18","10","18","2007"
"179789","2007-10-19","10","19","2007"
"179790","2007-10-20","10","20","2007"
"179791","2007-10-21","10","21","2007"
"179792","2007-10-22","10","22","2007"
"179793","2007-10-23","10","23","2007"
"179794","2007-10-24","10","24","2007"
"179795","2007-10-25","10","25","2007"
"179796","2007-10-26","10","26","2007"
"179797","2007-10-27","10","27","2007"
"179798","2007-10-28","10","28","2007"
"179799","2007-10-29","10","29","2007"
"179800","2007-10-30","10","30","2007"
"179801","2007-10-31","10","31","2007"
"179871","2007-11-01","11","1","2007"
"179872","2007-11-02","11","2","2007"
"179873","2007-11-03","11","3","2007"
"179874","2007-11-04","11","4","2007"
"179875","2007-11-05","11","5","2007"
"179876","2007-11-06","11","6","2007"
"179877","2007-11-07","11","7","2007"
"179878","2007-11-08","11","8","2007"
"179879","2007-11-09","11","9","2007"
"179880","2007-11-10","11","10","2007"
"179881","2007-11-11","11","11","2007"
"179882","2007-11-12","11","12","2007"
"179883","2007-11-13","11","13","2007"
"179884","2007-11-14","11","14","2007"
"179885","2007-11-15","11","15","2007"
"179886","2007-11-16","11","16","2007"
"179887","2007-11-17","11","17","2007"
"179888","2007-11-18","11","18","2007"
"179889","2007-11-19","11","19","2007"
"179890","2007-11-20","11","20","2007"
"179891","2007-11-21","11","21","2007"
"179892","2007-11-22","11","22","2007"
"179893","2007-11-23","11","23","2007"
"179894","2007-11-24","11","24","2007"
"179895","2007-11-25","11","25","2007"
"179896","2007-11-26","11","26","2007"
"179897","2007-11-27","11","27","2007"
"179898","2007-11-28","11","28","2007"
"179899","2007-11-29","11","29","2007"
"179900","2007-11-30","11","30","2007"
"179971","2007-12-01","12","1","2007"
"179972","2007-12-02","12","2","2007"
"179973","2007-12-03","12","3","2007"
"179974","2007-12-04","12","4","2007"
"179975","2007-12-05","12","5","2007"
"179976","2007-12-06","12","6","2007"
"179977","2007-12-07","12","7","2007"
"179978","2007-12-08","12","8","2007"
"179979","2007-12-09","12","9","2007"
"179980","2007-12-10","12","10","2007"
"179981","2007-12-11","12","11","2007"
"179982","2007-12-12","12","12","2007"
"179983","2007-12-13","12","13","2007"
"179984","2007-12-14","12","14","2007"
"179985","2007-12-15","12","15","2007"
"179986","2007-12-16","12","16","2007"
"179987","2007-12-17","12","17","2007"
"179988","2007-12-18","12","18","2007"
"179989","2007-12-19","12","19","2007"
"179990","2007-12-20","12","20","2007"
"179991","2007-12-21","12","21","2007"
"179992","2007-12-22","12","22","2007"
"179993","2007-12-23","12","23","2007"
"179994","2007-12-24","12","24","2007"
"179995","2007-12-25","12","25","2007"
"179996","2007-12-26","12","26","2007"
"179997","2007-12-27","12","27","2007"
"179998","2007-12-28","12","28","2007"
"179999","2007-12-29","12","29","2007"
"180000","2007-12-30","12","30","2007"
"180001","2007-12-31","12","31","2007"
"188871","2008-01-01","1","1","2008"
"188872","2008-01-02","1","2","2008"
"188873","2008-01-03","1","3","2008"
"188874","2008-01-04","1","4","2008"
"188875","2008-01-05","1","5","2008"
"188876","2008-01-06","1","6","2008"
"188877","2008-01-07","1","7","2008"
"188878","2008-01-08","1","8","2008"
"188879","2008-01-09","1","9","2008"
"188880","2008-01-10","1","10","2008"
"188881","2008-01-11","1","11","2008"
"188882","2008-01-12","1","12","2008"
"188883","2008-01-13","1","13","2008"
"188884","2008-01-14","1","14","2008"
"188885","2008-01-15","1","15","2008"
"188886","2008-01-16","1","16","2008"
"188887","2008-01-17","1","17","2008"
"188888","2008-01-18","1","18","2008"
"188889","2008-01-19","1","19","2008"
"188890","2008-01-20","1","20","2008"
"188891","2008-01-21","1","21","2008"
"188892","2008-01-22","1","22","2008"
"188893","2008-01-23","1","23","2008"
"188894","2008-01-24","1","24","2008"
"188895","2008-01-25","1","25","2008"
"188896","2008-01-26","1","26","2008"
"188897","2008-01-27","1","27","2008"
"188898","2008-01-28","1","28","2008"
"188899","2008-01-29","1","29","2008"
"188900","2008-01-30","1","30","2008"
"188901","2008-01-31","1","31","2008"
"188971","2008-02-01","2","1","2008"
"188972","2008-02-02","2","2","2008"
"188973","2008-02-03","2","3","2008"
"188974","2008-02-04","2","4","2008"
"188975","2008-02-05","2","5","2008"
"188976","2008-02-06","2","6","2008"
"188977","2008-02-07","2","7","2008"
"188978","2008-02-08","2","8","2008"
"188979","2008-02-09","2","9","2008"
"188980","2008-02-10","2","10","2008"
"188981","2008-02-11","2","11","2008"
"188982","2008-02-12","2","12","2008"
"188983","2008-02-13","2","13","2008"
"188984","2008-02-14","2","14","2008"
"188985","2008-02-15","2","15","2008"
"188986","2008-02-16","2","16","2008"
"188987","2008-02-17","2","17","2008"
"188988","2008-02-18","2","18","2008"
"188989","2008-02-19","2","19","2008"
"188990","2008-02-20","2","20","2008"
"188991","2008-02-21","2","21","2008"
"188992","2008-02-22","2","22","2008"
"188993","2008-02-23","2","23","2008"
"188994","2008-02-24","2","24","2008"
"188995","2008-02-25","2","25","2008"
"188996","2008-02-26","2","26","2008"
"188997","2008-02-27","2","27","2008"
"188998","2008-02-28","2","28","2008"
"188999","2008-02-29","2","29","2008"
"189071","2008-03-01","3","1","2008"
"189072","2008-03-02","3","2","2008"
"189073","2008-03-03","3","3","2008"
"189074","2008-03-04","3","4","2008"
"189075","2008-03-05","3","5","2008"
"189076","2008-03-06","3","6","2008"
"189077","2008-03-07","3","7","2008"
"189078","2008-03-08","3","8","2008"
"189079","2008-03-09","3","9","2008"
"189080","2008-03-10","3","10","2008"
"189081","2008-03-11","3","11","2008"
"189082","2008-03-12","3","12","2008"
"189083","2008-03-13","3","13","2008"
"189084","2008-03-14","3","14","2008"
"189085","2008-03-15","3","15","2008"
"189086","2008-03-16","3","16","2008"
"189087","2008-03-17","3","17","2008"
"189088","2008-03-18","3","18","2008"
"189089","2008-03-19","3","19","2008"
"189090","2008-03-20","3","20","2008"
"189091","2008-03-21","3","21","2008"
"189092","2008-03-22","3","22","2008"
"189093","2008-03-23","3","23","2008"
"189094","2008-03-24","3","24","2008"
"189095","2008-03-25","3","25","2008"
"189096","2008-03-26","3","26","2008"
"189097","2008-03-27","3","27","2008"
"189098","2008-03-28","3","28","2008"
"189099","2008-03-29","3","29","2008"
"189100","2008-03-30","3","30","2008"
"189101","2008-03-31","3","31","2008"
"189171","2008-04-01","4","1","2008"
"189172","2008-04-02","4","2","2008"
"189173","2008-04-03","4","3","2008"
"189174","2008-04-04","4","4","2008"
"189175","2008-04-05","4","5","2008"
"189176","2008-04-06","4","6","2008"
"189177","2008-04-07","4","7","2008"
"189178","2008-04-08","4","8","2008"
"189179","2008-04-09","4","9","2008"
"189180","2008-04-10","4","10","2008"
"189181","2008-04-11","4","11","2008"
"189182","2008-04-12","4","12","2008"
"189183","2008-04-13","4","13","2008"
"189184","2008-04-14","4","14","2008"
"189185","2008-04-15","4","15","2008"
"189186","2008-04-16","4","16","2008"
"189187","2008-04-17","4","17","2008"
"189188","2008-04-18","4","18","2008"
"189189","2008-04-19","4","19","2008"
"189190","2008-04-20","4","20","2008"
"189191","2008-04-21","4","21","2008"
"189192","2008-04-22","4","22","2008"
"189193","2008-04-23","4","23","2008"
"189194","2008-04-24","4","24","2008"
"189195","2008-04-25","4","25","2008"
"189196","2008-04-26","4","26","2008"
"189197","2008-04-27","4","27","2008"
"189198","2008-04-28","4","28","2008"
"189199","2008-04-29","4","29","2008"
"189200","2008-04-30","4","30","2008"
"189271","2008-05-01","5","1","2008"
"189272","2008-05-02","5","2","2008"
"189273","2008-05-03","5","3","2008"
"189274","2008-05-04","5","4","2008"
"189275","2008-05-05","5","5","2008"
"189276","2008-05-06","5","6","2008"
"189277","2008-05-07","5","7","2008"
"189278","2008-05-08","5","8","2008"
"189279","2008-05-09","5","9","2008"
"189280","2008-05-10","5","10","2008"
"189281","2008-05-11","5","11","2008"
"189282","2008-05-12","5","12","2008"
"189283","2008-05-13","5","13","2008"
"189284","2008-05-14","5","14","2008"
"189285","2008-05-15","5","15","2008"
"189286","2008-05-16","5","16","2008"
"189287","2008-05-17","5","17","2008"
"189288","2008-05-18","5","18","2008"
"189289","2008-05-19","5","19","2008"
"189290","2008-05-20","5","20","2008"
"189291","2008-05-21","5","21","2008"
"189292","2008-05-22","5","22","2008"
"189293","2008-05-23","5","23","2008"
"189294","2008-05-24","5","24","2008"
"189295","2008-05-25","5","25","2008"
"189296","2008-05-26","5","26","2008"
"189297","2008-05-27","5","27","2008"
"189298","2008-05-28","5","28","2008"
"189299","2008-05-29","5","29","2008"
"189300","2008-05-30","5","30","2008"
"189301","2008-05-31","5","31","2008"
"189371","2008-06-01","6","1","2008"
"189372","2008-06-02","6","2","2008"
"189373","2008-06-03","6","3","2008"
"189374","2008-06-04","6","4","2008"
"189375","2008-06-05","6","5","2008"
"189376","2008-06-06","6","6","2008"
"189377","2008-06-07","6","7","2008"
"189378","2008-06-08","6","8","2008"
"189379","2008-06-09","6","9","2008"
"189380","2008-06-10","6","10","2008"
"189381","2008-06-11","6","11","2008"
"189382","2008-06-12","6","12","2008"
"189383","2008-06-13","6","13","2008"
"189384","2008-06-14","6","14","2008"
"189385","2008-06-15","6","15","2008"
"189386","2008-06-16","6","16","2008"
"189387","2008-06-17","6","17","2008"
"189388","2008-06-18","6","18","2008"
"189389","2008-06-19","6","19","2008"
"189390","2008-06-20","6","20","2008"
"189391","2008-06-21","6","21","2008"
"189392","2008-06-22","6","22","2008"
"189393","2008-06-23","6","23","2008"
"189394","2008-06-24","6","24","2008"
"189395","2008-06-25","6","25","2008"
"189396","2008-06-26","6","26","2008"
"189397","2008-06-27","6","27","2008"
"189398","2008-06-28","6","28","2008"
"189399","2008-06-29","6","29","2008"
"189400","2008-06-30","6","30","2008"
"189471","2008-07-01","7","1","2008"
"189472","2008-07-02","7","2","2008"
"189473","2008-07-03","7","3","2008"
"189474","2008-07-04","7","4","2008"
"189475","2008-07-05","7","5","2008"
"189476","2008-07-06","7","6","2008"
"189477","2008-07-07","7","7","2008"
"189478","2008-07-08","7","8","2008"
"189479","2008-07-09","7","9","2008"
"189480","2008-07-10","7","10","2008"
"189481","2008-07-11","7","11","2008"
"189482","2008-07-12","7","12","2008"
"189483","2008-07-13","7","13","2008"
"189484","2008-07-14","7","14","2008"
"189485","2008-07-15","7","15","2008"
"189486","2008-07-16","7","16","2008"
"189487","2008-07-17","7","17","2008"
"189488","2008-07-18","7","18","2008"
"189489","2008-07-19","7","19","2008"
"189490","2008-07-20","7","20","2008"
"189491","2008-07-21","7","21","2008"
"189492","2008-07-22","7","22","2008"
"189493","2008-07-23","7","23","2008"
"189494","2008-07-24","7","24","2008"
"189495","2008-07-25","7","25","2008"
"189496","2008-07-26","7","26","2008"
"189497","2008-07-27","7","27","2008"
"189498","2008-07-28","7","28","2008"
"189499","2008-07-29","7","29","2008"
"189500","2008-07-30","7","30","2008"
"189501","2008-07-31","7","31","2008"
"189571","2008-08-01","8","1","2008"
"189572","2008-08-02","8","2","2008"
"189573","2008-08-03","8","3","2008"
"189574","2008-08-04","8","4","2008"
"189575","2008-08-05","8","5","2008"
"189576","2008-08-06","8","6","2008"
"189577","2008-08-07","8","7","2008"
"189578","2008-08-08","8","8","2008"
"189579","2008-08-09","8","9","2008"
"189580","2008-08-10","8","10","2008"
"189581","2008-08-11","8","11","2008"
"189582","2008-08-12","8","12","2008"
"189583","2008-08-13","8","13","2008"
"189584","2008-08-14","8","14","2008"
"189585","2008-08-15","8","15","2008"
"189586","2008-08-16","8","16","2008"
"189587","2008-08-17","8","17","2008"
"189588","2008-08-18","8","18","2008"
"189589","2008-08-19","8","19","2008"
"189590","2008-08-20","8","20","2008"
"189591","2008-08-21","8","21","2008"
"189592","2008-08-22","8","22","2008"
"189593","2008-08-23","8","23","2008"
"189594","2008-08-24","8","24","2008"
"189595","2008-08-25","8","25","2008"
"189596","2008-08-26","8","26","2008"
"189597","2008-08-27","8","27","2008"
"189598","2008-08-28","8","28","2008"
"189599","2008-08-29","8","29","2008"
"189600","2008-08-30","8","30","2008"
"189601","2008-08-31","8","31","2008"
"189671","2008-09-01","9","1","2008"
"189672","2008-09-02","9","2","2008"
"189673","2008-09-03","9","3","2008"
"189674","2008-09-04","9","4","2008"
"189675","2008-09-05","9","5","2008"
"189676","2008-09-06","9","6","2008"
"189677","2008-09-07","9","7","2008"
"189678","2008-09-08","9","8","2008"
"189679","2008-09-09","9","9","2008"
"189680","2008-09-10","9","10","2008"
"189681","2008-09-11","9","11","2008"
"189682","2008-09-12","9","12","2008"
"189683","2008-09-13","9","13","2008"
"189684","2008-09-14","9","14","2008"
"189685","2008-09-15","9","15","2008"
"189686","2008-09-16","9","16","2008"
"189687","2008-09-17","9","17","2008"
"189688","2008-09-18","9","18","2008"
"189689","2008-09-19","9","19","2008"
"189690","2008-09-20","9","20","2008"
"189691","2008-09-21","9","21","2008"
"189692","2008-09-22","9","22","2008"
"189693","2008-09-23","9","23","2008"
"189694","2008-09-24","9","24","2008"
"189695","2008-09-25","9","25","2008"
"189696","2008-09-26","9","26","2008"
"189697","2008-09-27","9","27","2008"
"189698","2008-09-28","9","28","2008"
"189699","2008-09-29","9","29","2008"
"189700","2008-09-30","9","30","2008"
"189771","2008-10-01","10","1","2008"
"189772","2008-10-02","10","2","2008"
"189773","2008-10-03","10","3","2008"
"189774","2008-10-04","10","4","2008"
"189775","2008-10-05","10","5","2008"
"189776","2008-10-06","10","6","2008"
"189777","2008-10-07","10","7","2008"
"189778","2008-10-08","10","8","2008"
"189779","2008-10-09","10","9","2008"
"189780","2008-10-10","10","10","2008"
"189781","2008-10-11","10","11","2008"
"189782","2008-10-12","10","12","2008"
"189783","2008-10-13","10","13","2008"
"189784","2008-10-14","10","14","2008"
"189785","2008-10-15","10","15","2008"
"189786","2008-10-16","10","16","2008"
"189787","2008-10-17","10","17","2008"
"189788","2008-10-18","10","18","2008"
"189789","2008-10-19","10","19","2008"
"189790","2008-10-20","10","20","2008"
"189791","2008-10-21","10","21","2008"
"189792","2008-10-22","10","22","2008"
"189793","2008-10-23","10","23","2008"
"189794","2008-10-24","10","24","2008"
"189795","2008-10-25","10","25","2008"
"189796","2008-10-26","10","26","2008"
"189797","2008-10-27","10","27","2008"
"189798","2008-10-28","10","28","2008"
"189799","2008-10-29","10","29","2008"
"189800","2008-10-30","10","30","2008"
"189801","2008-10-31","10","31","2008"
"189871","2008-11-01","11","1","2008"
"189872","2008-11-02","11","2","2008"
"189873","2008-11-03","11","3","2008"
"189874","2008-11-04","11","4","2008"
"189875","2008-11-05","11","5","2008"
"189876","2008-11-06","11","6","2008"
"189877","2008-11-07","11","7","2008"
"189878","2008-11-08","11","8","2008"
"189879","2008-11-09","11","9","2008"
"189880","2008-11-10","11","10","2008"
"189881","2008-11-11","11","11","2008"
"189882","2008-11-12","11","12","2008"
"189883","2008-11-13","11","13","2008"
"189884","2008-11-14","11","14","2008"
"189885","2008-11-15","11","15","2008"
"189886","2008-11-16","11","16","2008"
"189887","2008-11-17","11","17","2008"
"189888","2008-11-18","11","18","2008"
"189889","2008-11-19","11","19","2008"
"189890","2008-11-20","11","20","2008"
"189891","2008-11-21","11","21","2008"
"189892","2008-11-22","11","22","2008"
"189893","2008-11-23","11","23","2008"
"189894","2008-11-24","11","24","2008"
"189895","2008-11-25","11","25","2008"
"189896","2008-11-26","11","26","2008"
"189897","2008-11-27","11","27","2008"
"189898","2008-11-28","11","28","2008"
"189899","2008-11-29","11","29","2008"
"189900","2008-11-30","11","30","2008"
"189971","2008-12-01","12","1","2008"
"189972","2008-12-02","12","2","2008"
"189973","2008-12-03","12","3","2008"
"189974","2008-12-04","12","4","2008"
"189975","2008-12-05","12","5","2008"
"189976","2008-12-06","12","6","2008"
"189977","2008-12-07","12","7","2008"
"189978","2008-12-08","12","8","2008"
"189979","2008-12-09","12","9","2008"
"189980","2008-12-10","12","10","2008"
"189981","2008-12-11","12","11","2008"
"189982","2008-12-12","12","12","2008"
"189983","2008-12-13","12","13","2008"
"189984","2008-12-14","12","14","2008"
"189985","2008-12-15","12","15","2008"
"189986","2008-12-16","12","16","2008"
"189987","2008-12-17","12","17","2008"
"189988","2008-12-18","12","18","2008"
"189989","2008-12-19","12","19","2008"
"189990","2008-12-20","12","20","2008"
"189991","2008-12-21","12","21","2008"
"189992","2008-12-22","12","22","2008"
"189993","2008-12-23","12","23","2008"
"189994","2008-12-24","12","24","2008"
"189995","2008-12-25","12","25","2008"
"189996","2008-12-26","12","26","2008"
"189997","2008-12-27","12","27","2008"
"189998","2008-12-28","12","28","2008"
"189999","2008-12-29","12","29","2008"
"190000","2008-12-30","12","30","2008"
"190001","2008-12-31","12","31","2008"
"198871","2009-01-01","1","1","2009"
"198872","2009-01-02","1","2","2009"
"198873","2009-01-03","1","3","2009"
"198874","2009-01-04","1","4","2009"
"198875","2009-01-05","1","5","2009"
"198876","2009-01-06","1","6","2009"
"198877","2009-01-07","1","7","2009"
"198878","2009-01-08","1","8","2009"
"198879","2009-01-09","1","9","2009"
"198880","2009-01-10","1","10","2009"
"198881","2009-01-11","1","11","2009"
"198882","2009-01-12","1","12","2009"
"198883","2009-01-13","1","13","2009"
"198884","2009-01-14","1","14","2009"
"198885","2009-01-15","1","15","2009"
"198886","2009-01-16","1","16","2009"
"198887","2009-01-17","1","17","2009"
"198888","2009-01-18","1","18","2009"
"198889","2009-01-19","1","19","2009"
"198890","2009-01-20","1","20","2009"
"198891","2009-01-21","1","21","2009"
"198892","2009-01-22","1","22","2009"
"198893","2009-01-23","1","23","2009"
"198894","2009-01-24","1","24","2009"
"198895","2009-01-25","1","25","2009"
"198896","2009-01-26","1","26","2009"
"198897","2009-01-27","1","27","2009"
"198898","2009-01-28","1","28","2009"
"198899","2009-01-29","1","29","2009"
"198900","2009-01-30","1","30","2009"
"198901","2009-01-31","1","31","2009"
"198971","2009-02-01","2","1","2009"
"198972","2009-02-02","2","2","2009"
"198973","2009-02-03","2","3","2009"
"198974","2009-02-04","2","4","2009"
"198975","2009-02-05","2","5","2009"
"198976","2009-02-06","2","6","2009"
"198977","2009-02-07","2","7","2009"
"198978","2009-02-08","2","8","2009"
"198979","2009-02-09","2","9","2009"
"198980","2009-02-10","2","10","2009"
"198981","2009-02-11","2","11","2009"
"198982","2009-02-12","2","12","2009"
"198983","2009-02-13","2","13","2009"
"198984","2009-02-14","2","14","2009"
"198985","2009-02-15","2","15","2009"
"198986","2009-02-16","2","16","2009"
"198987","2009-02-17","2","17","2009"
"198988","2009-02-18","2","18","2009"
"198989","2009-02-19","2","19","2009"
"198990","2009-02-20","2","20","2009"
"198991","2009-02-21","2","21","2009"
"198992","2009-02-22","2","22","2009"
"198993","2009-02-23","2","23","2009"
"198994","2009-02-24","2","24","2009"
"198995","2009-02-25","2","25","2009"
"198996","2009-02-26","2","26","2009"
"198997","2009-02-27","2","27","2009"
"198998","2009-02-28","2","28","2009"
"199071","2009-03-01","3","1","2009"
"199072","2009-03-02","3","2","2009"
"199073","2009-03-03","3","3","2009"
"199074","2009-03-04","3","4","2009"
"199075","2009-03-05","3","5","2009"
"199076","2009-03-06","3","6","2009"
"199077","2009-03-07","3","7","2009"
"199078","2009-03-08","3","8","2009"
"199079","2009-03-09","3","9","2009"
"199080","2009-03-10","3","10","2009"
"199081","2009-03-11","3","11","2009"
"199082","2009-03-12","3","12","2009"
"199083","2009-03-13","3","13","2009"
"199084","2009-03-14","3","14","2009"
"199085","2009-03-15","3","15","2009"
"199086","2009-03-16","3","16","2009"
"199087","2009-03-17","3","17","2009"
"199088","2009-03-18","3","18","2009"
"199089","2009-03-19","3","19","2009"
"199090","2009-03-20","3","20","2009"
"199091","2009-03-21","3","21","2009"
"199092","2009-03-22","3","22","2009"
"199093","2009-03-23","3","23","2009"
"199094","2009-03-24","3","24","2009"
"199095","2009-03-25","3","25","2009"
"199096","2009-03-26","3","26","2009"
"199097","2009-03-27","3","27","2009"
"199098","2009-03-28","3","28","2009"
"199099","2009-03-29","3","29","2009"
"199100","2009-03-30","3","30","2009"
"199101","2009-03-31","3","31","2009"
"199171","2009-04-01","4","1","2009"
"199172","2009-04-02","4","2","2009"
"199173","2009-04-03","4","3","2009"
"199174","2009-04-04","4","4","2009"
"199175","2009-04-05","4","5","2009"
"199176","2009-04-06","4","6","2009"
"199177","2009-04-07","4","7","2009"
"199178","2009-04-08","4","8","2009"
"199179","2009-04-09","4","9","2009"
"199180","2009-04-10","4","10","2009"
"199181","2009-04-11","4","11","2009"
"199182","2009-04-12","4","12","2009"
"199183","2009-04-13","4","13","2009"
"199184","2009-04-14","4","14","2009"
"199185","2009-04-15","4","15","2009"
"199186","2009-04-16","4","16","2009"
"199187","2009-04-17","4","17","2009"
"199188","2009-04-18","4","18","2009"
"199189","2009-04-19","4","19","2009"
"199190","2009-04-20","4","20","2009"
"199191","2009-04-21","4","21","2009"
"199192","2009-04-22","4","22","2009"
"199193","2009-04-23","4","23","2009"
"199194","2009-04-24","4","24","2009"
"199195","2009-04-25","4","25","2009"
"199196","2009-04-26","4","26","2009"
"199197","2009-04-27","4","27","2009"
"199198","2009-04-28","4","28","2009"
"199199","2009-04-29","4","29","2009"
"199200","2009-04-30","4","30","2009"
"199271","2009-05-01","5","1","2009"
"199272","2009-05-02","5","2","2009"
"199273","2009-05-03","5","3","2009"
"199274","2009-05-04","5","4","2009"
"199275","2009-05-05","5","5","2009"
"199276","2009-05-06","5","6","2009"
"199277","2009-05-07","5","7","2009"
"199278","2009-05-08","5","8","2009"
"199279","2009-05-09","5","9","2009"
"199280","2009-05-10","5","10","2009"
"199281","2009-05-11","5","11","2009"
"199282","2009-05-12","5","12","2009"
"199283","2009-05-13","5","13","2009"
"199284","2009-05-14","5","14","2009"
"199285","2009-05-15","5","15","2009"
"199286","2009-05-16","5","16","2009"
"199287","2009-05-17","5","17","2009"
"199288","2009-05-18","5","18","2009"
"199289","2009-05-19","5","19","2009"
"199290","2009-05-20","5","20","2009"
"199291","2009-05-21","5","21","2009"
"199292","2009-05-22","5","22","2009"
"199293","2009-05-23","5","23","2009"
"199294","2009-05-24","5","24","2009"
"199295","2009-05-25","5","25","2009"
"199296","2009-05-26","5","26","2009"
"199297","2009-05-27","5","27","2009"
"199298","2009-05-28","5","28","2009"
"199299","2009-05-29","5","29","2009"
"199300","2009-05-30","5","30","2009"
"199301","2009-05-31","5","31","2009"
"199371","2009-06-01","6","1","2009"
"199372","2009-06-02","6","2","2009"
"199373","2009-06-03","6","3","2009"
"199374","2009-06-04","6","4","2009"
"199375","2009-06-05","6","5","2009"
"199376","2009-06-06","6","6","2009"
"199377","2009-06-07","6","7","2009"
"199378","2009-06-08","6","8","2009"
"199379","2009-06-09","6","9","2009"
"199380","2009-06-10","6","10","2009"
"199381","2009-06-11","6","11","2009"
"199382","2009-06-12","6","12","2009"
"199383","2009-06-13","6","13","2009"
"199384","2009-06-14","6","14","2009"
"199385","2009-06-15","6","15","2009"
"199386","2009-06-16","6","16","2009"
"199387","2009-06-17","6","17","2009"
"199388","2009-06-18","6","18","2009"
"199389","2009-06-19","6","19","2009"
"199390","2009-06-20","6","20","2009"
"199391","2009-06-21","6","21","2009"
"199392","2009-06-22","6","22","2009"
"199393","2009-06-23","6","23","2009"
"199394","2009-06-24","6","24","2009"
"199395","2009-06-25","6","25","2009"
"199396","2009-06-26","6","26","2009"
"199397","2009-06-27","6","27","2009"
"199398","2009-06-28","6","28","2009"
"199399","2009-06-29","6","29","2009"
"199400","2009-06-30","6","30","2009"
"199471","2009-07-01","7","1","2009"
"199472","2009-07-02","7","2","2009"
"199473","2009-07-03","7","3","2009"
"199474","2009-07-04","7","4","2009"
"199475","2009-07-05","7","5","2009"
"199476","2009-07-06","7","6","2009"
"199477","2009-07-07","7","7","2009"
"199478","2009-07-08","7","8","2009"
"199479","2009-07-09","7","9","2009"
"199480","2009-07-10","7","10","2009"
"199481","2009-07-11","7","11","2009"
"199482","2009-07-12","7","12","2009"
"199483","2009-07-13","7","13","2009"
"199484","2009-07-14","7","14","2009"
"199485","2009-07-15","7","15","2009"
"199486","2009-07-16","7","16","2009"
"199487","2009-07-17","7","17","2009"
"199488","2009-07-18","7","18","2009"
"199489","2009-07-19","7","19","2009"
"199490","2009-07-20","7","20","2009"
"199491","2009-07-21","7","21","2009"
"199492","2009-07-22","7","22","2009"
"199493","2009-07-23","7","23","2009"
"199494","2009-07-24","7","24","2009"
"199495","2009-07-25","7","25","2009"
"199496","2009-07-26","7","26","2009"
"199497","2009-07-27","7","27","2009"
"199498","2009-07-28","7","28","2009"
"199499","2009-07-29","7","29","2009"
"199500","2009-07-30","7","30","2009"
"199501","2009-07-31","7","31","2009"
"199571","2009-08-01","8","1","2009"
"199572","2009-08-02","8","2","2009"
"199573","2009-08-03","8","3","2009"
"199574","2009-08-04","8","4","2009"
"199575","2009-08-05","8","5","2009"
"199576","2009-08-06","8","6","2009"
"199577","2009-08-07","8","7","2009"
"199578","2009-08-08","8","8","2009"
"199579","2009-08-09","8","9","2009"
"199580","2009-08-10","8","10","2009"
"199581","2009-08-11","8","11","2009"
"199582","2009-08-12","8","12","2009"
"199583","2009-08-13","8","13","2009"
"199584","2009-08-14","8","14","2009"
"199585","2009-08-15","8","15","2009"
"199586","2009-08-16","8","16","2009"
"199587","2009-08-17","8","17","2009"
"199588","2009-08-18","8","18","2009"
"199589","2009-08-19","8","19","2009"
"199590","2009-08-20","8","20","2009"
"199591","2009-08-21","8","21","2009"
"199592","2009-08-22","8","22","2009"
"199593","2009-08-23","8","23","2009"
"199594","2009-08-24","8","24","2009"
"199595","2009-08-25","8","25","2009"
"199596","2009-08-26","8","26","2009"
"199597","2009-08-27","8","27","2009"
"199598","2009-08-28","8","28","2009"
"199599","2009-08-29","8","29","2009"
"199600","2009-08-30","8","30","2009"
"199601","2009-08-31","8","31","2009"
"199671","2009-09-01","9","1","2009"
"199672","2009-09-02","9","2","2009"
"199673","2009-09-03","9","3","2009"
"199674","2009-09-04","9","4","2009"
"199675","2009-09-05","9","5","2009"
"199676","2009-09-06","9","6","2009"
"199677","2009-09-07","9","7","2009"
"199678","2009-09-08","9","8","2009"
"199679","2009-09-09","9","9","2009"
"199680","2009-09-10","9","10","2009"
"199681","2009-09-11","9","11","2009"
"199682","2009-09-12","9","12","2009"
"199683","2009-09-13","9","13","2009"
"199684","2009-09-14","9","14","2009"
"199685","2009-09-15","9","15","2009"
"199686","2009-09-16","9","16","2009"
"199687","2009-09-17","9","17","2009"
"199688","2009-09-18","9","18","2009"
"199689","2009-09-19","9","19","2009"
"199690","2009-09-20","9","20","2009"
"199691","2009-09-21","9","21","2009"
"199692","2009-09-22","9","22","2009"
"199693","2009-09-23","9","23","2009"
"199694","2009-09-24","9","24","2009"
"199695","2009-09-25","9","25","2009"
"199696","2009-09-26","9","26","2009"
"199697","2009-09-27","9","27","2009"
"199698","2009-09-28","9","28","2009"
"199699","2009-09-29","9","29","2009"
"199700","2009-09-30","9","30","2009"
"199771","2009-10-01","10","1","2009"
"199772","2009-10-02","10","2","2009"
"199773","2009-10-03","10","3","2009"
"199774","2009-10-04","10","4","2009"
"199775","2009-10-05","10","5","2009"
"199776","2009-10-06","10","6","2009"
"199777","2009-10-07","10","7","2009"
"199778","2009-10-08","10","8","2009"
"199779","2009-10-09","10","9","2009"
"199780","2009-10-10","10","10","2009"
"199781","2009-10-11","10","11","2009"
"199782","2009-10-12","10","12","2009"
"199783","2009-10-13","10","13","2009"
"199784","2009-10-14","10","14","2009"
"199785","2009-10-15","10","15","2009"
"199786","2009-10-16","10","16","2009"
"199787","2009-10-17","10","17","2009"
"199788","2009-10-18","10","18","2009"
"199789","2009-10-19","10","19","2009"
"199790","2009-10-20","10","20","2009"
"199791","2009-10-21","10","21","2009"
"199792","2009-10-22","10","22","2009"
"199793","2009-10-23","10","23","2009"
"199794","2009-10-24","10","24","2009"
"199795","2009-10-25","10","25","2009"
"199796","2009-10-26","10","26","2009"
"199797","2009-10-27","10","27","2009"
"199798","2009-10-28","10","28","2009"
"199799","2009-10-29","10","29","2009"
"199800","2009-10-30","10","30","2009"
"199801","2009-10-31","10","31","2009"
"199871","2009-11-01","11","1","2009"
"199872","2009-11-02","11","2","2009"
"199873","2009-11-03","11","3","2009"
"199874","2009-11-04","11","4","2009"
"199875","2009-11-05","11","5","2009"
"199876","2009-11-06","11","6","2009"
"199877","2009-11-07","11","7","2009"
"199878","2009-11-08","11","8","2009"
"199879","2009-11-09","11","9","2009"
"199880","2009-11-10","11","10","2009"
"199881","2009-11-11","11","11","2009"
"199882","2009-11-12","11","12","2009"
"199883","2009-11-13","11","13","2009"
"199884","2009-11-14","11","14","2009"
"199885","2009-11-15","11","15","2009"
"199886","2009-11-16","11","16","2009"
"199887","2009-11-17","11","17","2009"
"199888","2009-11-18","11","18","2009"
"199889","2009-11-19","11","19","2009"
"199890","2009-11-20","11","20","2009"
"199891","2009-11-21","11","21","2009"
"199892","2009-11-22","11","22","2009"
"199893","2009-11-23","11","23","2009"
"199894","2009-11-24","11","24","2009"
"199895","2009-11-25","11","25","2009"
"199896","2009-11-26","11","26","2009"
"199897","2009-11-27","11","27","2009"
"199898","2009-11-28","11","28","2009"
"199899","2009-11-29","11","29","2009"
"199900","2009-11-30","11","30","2009"
"199971","2009-12-01","12","1","2009"
"199972","2009-12-02","12","2","2009"
"199973","2009-12-03","12","3","2009"
"199974","2009-12-04","12","4","2009"
"199975","2009-12-05","12","5","2009"
"199976","2009-12-06","12","6","2009"
"199977","2009-12-07","12","7","2009"
"199978","2009-12-08","12","8","2009"
"199979","2009-12-09","12","9","2009"
"199980","2009-12-10","12","10","2009"
"199981","2009-12-11","12","11","2009"
"199982","2009-12-12","12","12","2009"
"199983","2009-12-13","12","13","2009"
"199984","2009-12-14","12","14","2009"
"199985","2009-12-15","12","15","2009"
"199986","2009-12-16","12","16","2009"
"199987","2009-12-17","12","17","2009"
"199988","2009-12-18","12","18","2009"
"199989","2009-12-19","12","19","2009"
"199990","2009-12-20","12","20","2009"
"199991","2009-12-21","12","21","2009"
"199992","2009-12-22","12","22","2009"
"199993","2009-12-23","12","23","2009"
"199994","2009-12-24","12","24","2009"
"199995","2009-12-25","12","25","2009"
"199996","2009-12-26","12","26","2009"
"199997","2009-12-27","12","27","2009"
"199998","2009-12-28","12","28","2009"
"199999","2009-12-29","12","29","2009"
"200000","2009-12-30","12","30","2009"
"200001","2009-12-31","12","31","2009"
"208871","2010-01-01","1","1","2010"
"208872","2010-01-02","1","2","2010"
"208873","2010-01-03","1","3","2010"
"208874","2010-01-04","1","4","2010"
"208875","2010-01-05","1","5","2010"
"208876","2010-01-06","1","6","2010"
"208877","2010-01-07","1","7","2010"
"208878","2010-01-08","1","8","2010"
"208879","2010-01-09","1","9","2010"
"208880","2010-01-10","1","10","2010"
"208881","2010-01-11","1","11","2010"
"208882","2010-01-12","1","12","2010"
"208883","2010-01-13","1","13","2010"
"208884","2010-01-14","1","14","2010"
"208885","2010-01-15","1","15","2010"
"208886","2010-01-16","1","16","2010"
"208887","2010-01-17","1","17","2010"
"208888","2010-01-18","1","18","2010"
"208889","2010-01-19","1","19","2010"
"208890","2010-01-20","1","20","2010"
"208891","2010-01-21","1","21","2010"
"208892","2010-01-22","1","22","2010"
"208893","2010-01-23","1","23","2010"
"208894","2010-01-24","1","24","2010"
"208895","2010-01-25","1","25","2010"
"208896","2010-01-26","1","26","2010"
"208897","2010-01-27","1","27","2010"
"208898","2010-01-28","1","28","2010"
"208899","2010-01-29","1","29","2010"
"208900","2010-01-30","1","30","2010"
"208901","2010-01-31","1","31","2010"
"208971","2010-02-01","2","1","2010"
"208972","2010-02-02","2","2","2010"
"208973","2010-02-03","2","3","2010"
"208974","2010-02-04","2","4","2010"
"208975","2010-02-05","2","5","2010"
"208976","2010-02-06","2","6","2010"
"208977","2010-02-07","2","7","2010"
"208978","2010-02-08","2","8","2010"
"208979","2010-02-09","2","9","2010"
"208980","2010-02-10","2","10","2010"
"208981","2010-02-11","2","11","2010"
"208982","2010-02-12","2","12","2010"
"208983","2010-02-13","2","13","2010"
"208984","2010-02-14","2","14","2010"
"208985","2010-02-15","2","15","2010"
"208986","2010-02-16","2","16","2010"
"208987","2010-02-17","2","17","2010"
"208988","2010-02-18","2","18","2010"
"208989","2010-02-19","2","19","2010"
"208990","2010-02-20","2","20","2010"
"208991","2010-02-21","2","21","2010"
"208992","2010-02-22","2","22","2010"
"208993","2010-02-23","2","23","2010"
"208994","2010-02-24","2","24","2010"
"208995","2010-02-25","2","25","2010"
"208996","2010-02-26","2","26","2010"
"208997","2010-02-27","2","27","2010"
"208998","2010-02-28","2","28","2010"
"209071","2010-03-01","3","1","2010"
"209072","2010-03-02","3","2","2010"
"209073","2010-03-03","3","3","2010"
"209074","2010-03-04","3","4","2010"
"209075","2010-03-05","3","5","2010"
"209076","2010-03-06","3","6","2010"
"209077","2010-03-07","3","7","2010"
"209078","2010-03-08","3","8","2010"
"209079","2010-03-09","3","9","2010"
"209080","2010-03-10","3","10","2010"
"209081","2010-03-11","3","11","2010"
"209082","2010-03-12","3","12","2010"
"209083","2010-03-13","3","13","2010"
"209084","2010-03-14","3","14","2010"
"209085","2010-03-15","3","15","2010"
"209086","2010-03-16","3","16","2010"
"209087","2010-03-17","3","17","2010"
"209088","2010-03-18","3","18","2010"
"209089","2010-03-19","3","19","2010"
"209090","2010-03-20","3","20","2010"
"209091","2010-03-21","3","21","2010"
"209092","2010-03-22","3","22","2010"
"209093","2010-03-23","3","23","2010"
"209094","2010-03-24","3","24","2010"
"209095","2010-03-25","3","25","2010"
"209096","2010-03-26","3","26","2010"
"209097","2010-03-27","3","27","2010"
"209098","2010-03-28","3","28","2010"
"209099","2010-03-29","3","29","2010"
"209100","2010-03-30","3","30","2010"
"209101","2010-03-31","3","31","2010"
"209171","2010-04-01","4","1","2010"
"209172","2010-04-02","4","2","2010"
"209173","2010-04-03","4","3","2010"
"209174","2010-04-04","4","4","2010"
"209175","2010-04-05","4","5","2010"
"209176","2010-04-06","4","6","2010"
"209177","2010-04-07","4","7","2010"
"209178","2010-04-08","4","8","2010"
"209179","2010-04-09","4","9","2010"
"209180","2010-04-10","4","10","2010"
"209181","2010-04-11","4","11","2010"
"209182","2010-04-12","4","12","2010"
"209183","2010-04-13","4","13","2010"
"209184","2010-04-14","4","14","2010"
"209185","2010-04-15","4","15","2010"
"209186","2010-04-16","4","16","2010"
"209187","2010-04-17","4","17","2010"
"209188","2010-04-18","4","18","2010"
"209189","2010-04-19","4","19","2010"
"209190","2010-04-20","4","20","2010"
"209191","2010-04-21","4","21","2010"
"209192","2010-04-22","4","22","2010"
"209193","2010-04-23","4","23","2010"
"209194","2010-04-24","4","24","2010"
"209195","2010-04-25","4","25","2010"
"209196","2010-04-26","4","26","2010"
"209197","2010-04-27","4","27","2010"
"209198","2010-04-28","4","28","2010"
"209199","2010-04-29","4","29","2010"
"209200","2010-04-30","4","30","2010"
"209271","2010-05-01","5","1","2010"
"209272","2010-05-02","5","2","2010"
"209273","2010-05-03","5","3","2010"
"209274","2010-05-04","5","4","2010"
"209275","2010-05-05","5","5","2010"
"209276","2010-05-06","5","6","2010"
"209277","2010-05-07","5","7","2010"
"209278","2010-05-08","5","8","2010"
"209279","2010-05-09","5","9","2010"
"209280","2010-05-10","5","10","2010"
"209281","2010-05-11","5","11","2010"
"209282","2010-05-12","5","12","2010"
"209283","2010-05-13","5","13","2010"
"209284","2010-05-14","5","14","2010"
"209285","2010-05-15","5","15","2010"
"209286","2010-05-16","5","16","2010"
"209287","2010-05-17","5","17","2010"
"209288","2010-05-18","5","18","2010"
"209289","2010-05-19","5","19","2010"
"209290","2010-05-20","5","20","2010"
"209291","2010-05-21","5","21","2010"
"209292","2010-05-22","5","22","2010"
"209293","2010-05-23","5","23","2010"
"209294","2010-05-24","5","24","2010"
"209295","2010-05-25","5","25","2010"
"209296","2010-05-26","5","26","2010"
"209297","2010-05-27","5","27","2010"
"209298","2010-05-28","5","28","2010"
"209299","2010-05-29","5","29","2010"
"209300","2010-05-30","5","30","2010"
"209301","2010-05-31","5","31","2010"
"209371","2010-06-01","6","1","2010"
"209372","2010-06-02","6","2","2010"
"209373","2010-06-03","6","3","2010"
"209374","2010-06-04","6","4","2010"
"209375","2010-06-05","6","5","2010"
"209376","2010-06-06","6","6","2010"
"209377","2010-06-07","6","7","2010"
"209378","2010-06-08","6","8","2010"
"209379","2010-06-09","6","9","2010"
"209380","2010-06-10","6","10","2010"
"209381","2010-06-11","6","11","2010"
"209382","2010-06-12","6","12","2010"
"209383","2010-06-13","6","13","2010"
"209384","2010-06-14","6","14","2010"
"209385","2010-06-15","6","15","2010"
"209386","2010-06-16","6","16","2010"
"209387","2010-06-17","6","17","2010"
"209388","2010-06-18","6","18","2010"
"209389","2010-06-19","6","19","2010"
"209390","2010-06-20","6","20","2010"
"209391","2010-06-21","6","21","2010"
"209392","2010-06-22","6","22","2010"
"209393","2010-06-23","6","23","2010"
"209394","2010-06-24","6","24","2010"
"209395","2010-06-25","6","25","2010"
"209396","2010-06-26","6","26","2010"
"209397","2010-06-27","6","27","2010"
"209398","2010-06-28","6","28","2010"
"209399","2010-06-29","6","29","2010"
"209400","2010-06-30","6","30","2010"
"209471","2010-07-01","7","1","2010"
"209472","2010-07-02","7","2","2010"
"209473","2010-07-03","7","3","2010"
"209474","2010-07-04","7","4","2010"
"209475","2010-07-05","7","5","2010"
"209476","2010-07-06","7","6","2010"
"209477","2010-07-07","7","7","2010"
"209478","2010-07-08","7","8","2010"
"209479","2010-07-09","7","9","2010"
"209480","2010-07-10","7","10","2010"
"209481","2010-07-11","7","11","2010"
"209482","2010-07-12","7","12","2010"
"209483","2010-07-13","7","13","2010"
"209484","2010-07-14","7","14","2010"
"209485","2010-07-15","7","15","2010"
"209486","2010-07-16","7","16","2010"
"209487","2010-07-17","7","17","2010"
"209488","2010-07-18","7","18","2010"
"209489","2010-07-19","7","19","2010"
"209490","2010-07-20","7","20","2010"
"209491","2010-07-21","7","21","2010"
"209492","2010-07-22","7","22","2010"
"209493","2010-07-23","7","23","2010"
"209494","2010-07-24","7","24","2010"
"209495","2010-07-25","7","25","2010"
"209496","2010-07-26","7","26","2010"
"209497","2010-07-27","7","27","2010"
"209498","2010-07-28","7","28","2010"
"209499","2010-07-29","7","29","2010"
"209500","2010-07-30","7","30","2010"
"209501","2010-07-31","7","31","2010"
"209571","2010-08-01","8","1","2010"
"209572","2010-08-02","8","2","2010"
"209573","2010-08-03","8","3","2010"
"209574","2010-08-04","8","4","2010"
"209575","2010-08-05","8","5","2010"
"209576","2010-08-06","8","6","2010"
"209577","2010-08-07","8","7","2010"
"209578","2010-08-08","8","8","2010"
"209579","2010-08-09","8","9","2010"
"209580","2010-08-10","8","10","2010"
"209581","2010-08-11","8","11","2010"
"209582","2010-08-12","8","12","2010"
"209583","2010-08-13","8","13","2010"
"209584","2010-08-14","8","14","2010"
"209585","2010-08-15","8","15","2010"
"209586","2010-08-16","8","16","2010"
"209587","2010-08-17","8","17","2010"
"209588","2010-08-18","8","18","2010"
"209589","2010-08-19","8","19","2010"
"209590","2010-08-20","8","20","2010"
"209591","2010-08-21","8","21","2010"
"209592","2010-08-22","8","22","2010"
"209593","2010-08-23","8","23","2010"
"209594","2010-08-24","8","24","2010"
"209595","2010-08-25","8","25","2010"
"209596","2010-08-26","8","26","2010"
"209597","2010-08-27","8","27","2010"
"209598","2010-08-28","8","28","2010"
"209599","2010-08-29","8","29","2010"
"209600","2010-08-30","8","30","2010"
"209601","2010-08-31","8","31","2010"
"209671","2010-09-01","9","1","2010"
"209672","2010-09-02","9","2","2010"
"209673","2010-09-03","9","3","2010"
"209674","2010-09-04","9","4","2010"
"209675","2010-09-05","9","5","2010"
"209676","2010-09-06","9","6","2010"
"209677","2010-09-07","9","7","2010"
"209678","2010-09-08","9","8","2010"
"209679","2010-09-09","9","9","2010"
"209680","2010-09-10","9","10","2010"
"209681","2010-09-11","9","11","2010"
"209682","2010-09-12","9","12","2010"
"209683","2010-09-13","9","13","2010"
"209684","2010-09-14","9","14","2010"
"209685","2010-09-15","9","15","2010"
"209686","2010-09-16","9","16","2010"
"209687","2010-09-17","9","17","2010"
"209688","2010-09-18","9","18","2010"
"209689","2010-09-19","9","19","2010"
"209690","2010-09-20","9","20","2010"
"209691","2010-09-21","9","21","2010"
"209692","2010-09-22","9","22","2010"
"209693","2010-09-23","9","23","2010"
"209694","2010-09-24","9","24","2010"
"209695","2010-09-25","9","25","2010"
"209696","2010-09-26","9","26","2010"
"209697","2010-09-27","9","27","2010"
"209698","2010-09-28","9","28","2010"
"209699","2010-09-29","9","29","2010"
"209700","2010-09-30","9","30","2010"
"209771","2010-10-01","10","1","2010"
"209772","2010-10-02","10","2","2010"
"209773","2010-10-03","10","3","2010"
"209774","2010-10-04","10","4","2010"
"209775","2010-10-05","10","5","2010"
"209776","2010-10-06","10","6","2010"
"209777","2010-10-07","10","7","2010"
"209778","2010-10-08","10","8","2010"
"209779","2010-10-09","10","9","2010"
"209780","2010-10-10","10","10","2010"
"209781","2010-10-11","10","11","2010"
"209782","2010-10-12","10","12","2010"
"209783","2010-10-13","10","13","2010"
"209784","2010-10-14","10","14","2010"
"209785","2010-10-15","10","15","2010"
"209786","2010-10-16","10","16","2010"
"209787","2010-10-17","10","17","2010"
"209788","2010-10-18","10","18","2010"
"209789","2010-10-19","10","19","2010"
"209790","2010-10-20","10","20","2010"
"209791","2010-10-21","10","21","2010"
"209792","2010-10-22","10","22","2010"
"209793","2010-10-23","10","23","2010"
"209794","2010-10-24","10","24","2010"
"209795","2010-10-25","10","25","2010"
"209796","2010-10-26","10","26","2010"
"209797","2010-10-27","10","27","2010"
"209798","2010-10-28","10","28","2010"
"209799","2010-10-29","10","29","2010"
"209800","2010-10-30","10","30","2010"
"209801","2010-10-31","10","31","2010"
"209871","2010-11-01","11","1","2010"
"209872","2010-11-02","11","2","2010"
"209873","2010-11-03","11","3","2010"
"209874","2010-11-04","11","4","2010"
"209875","2010-11-05","11","5","2010"
"209876","2010-11-06","11","6","2010"
"209877","2010-11-07","11","7","2010"
"209878","2010-11-08","11","8","2010"
"209879","2010-11-09","11","9","2010"
"209880","2010-11-10","11","10","2010"
"209881","2010-11-11","11","11","2010"
"209882","2010-11-12","11","12","2010"
"209883","2010-11-13","11","13","2010"
"209884","2010-11-14","11","14","2010"
"209885","2010-11-15","11","15","2010"
"209886","2010-11-16","11","16","2010"
"209887","2010-11-17","11","17","2010"
"209888","2010-11-18","11","18","2010"
"209889","2010-11-19","11","19","2010"
"209890","2010-11-20","11","20","2010"
"209891","2010-11-21","11","21","2010"
"209892","2010-11-22","11","22","2010"
"209893","2010-11-23","11","23","2010"
"209894","2010-11-24","11","24","2010"
"209895","2010-11-25","11","25","2010"
"209896","2010-11-26","11","26","2010"
"209897","2010-11-27","11","27","2010"
"209898","2010-11-28","11","28","2010"
"209899","2010-11-29","11","29","2010"
"209900","2010-11-30","11","30","2010"
"209971","2010-12-01","12","1","2010"
"209972","2010-12-02","12","2","2010"
"209973","2010-12-03","12","3","2010"
"209974","2010-12-04","12","4","2010"
"209975","2010-12-05","12","5","2010"
"209976","2010-12-06","12","6","2010"
"209977","2010-12-07","12","7","2010"
"209978","2010-12-08","12","8","2010"
"209979","2010-12-09","12","9","2010"
"209980","2010-12-10","12","10","2010"
"209981","2010-12-11","12","11","2010"
"209982","2010-12-12","12","12","2010"
"209983","2010-12-13","12","13","2010"
"209984","2010-12-14","12","14","2010"
"209985","2010-12-15","12","15","2010"
"209986","2010-12-16","12","16","2010"
"209987","2010-12-17","12","17","2010"
"209988","2010-12-18","12","18","2010"
"209989","2010-12-19","12","19","2010"
"209990","2010-12-20","12","20","2010"
"209991","2010-12-21","12","21","2010"
"209992","2010-12-22","12","22","2010"
"209993","2010-12-23","12","23","2010"
"209994","2010-12-24","12","24","2010"
"209995","2010-12-25","12","25","2010"
"209996","2010-12-26","12","26","2010"
"209997","2010-12-27","12","27","2010"
"209998","2010-12-28","12","28","2010"
"209999","2010-12-29","12","29","2010"
"210000","2010-12-30","12","30","2010"
"210001","2010-12-31","12","31","2010"
"218871","2011-01-01","1","1","2011"
"218872","2011-01-02","1","2","2011"
"218873","2011-01-03","1","3","2011"
"218874","2011-01-04","1","4","2011"
"218875","2011-01-05","1","5","2011"
"218876","2011-01-06","1","6","2011"
"218877","2011-01-07","1","7","2011"
"218878","2011-01-08","1","8","2011"
"218879","2011-01-09","1","9","2011"
"218880","2011-01-10","1","10","2011"
"218881","2011-01-11","1","11","2011"
"218882","2011-01-12","1","12","2011"
"218883","2011-01-13","1","13","2011"
"218884","2011-01-14","1","14","2011"
"218885","2011-01-15","1","15","2011"
"218886","2011-01-16","1","16","2011"
"218887","2011-01-17","1","17","2011"
"218888","2011-01-18","1","18","2011"
"218889","2011-01-19","1","19","2011"
"218890","2011-01-20","1","20","2011"
"218891","2011-01-21","1","21","2011"
"218892","2011-01-22","1","22","2011"
"218893","2011-01-23","1","23","2011"
"218894","2011-01-24","1","24","2011"
"218895","2011-01-25","1","25","2011"
"218896","2011-01-26","1","26","2011"
"218897","2011-01-27","1","27","2011"
"218898","2011-01-28","1","28","2011"
"218899","2011-01-29","1","29","2011"
"218900","2011-01-30","1","30","2011"
"218901","2011-01-31","1","31","2011"
"218971","2011-02-01","2","1","2011"
"218972","2011-02-02","2","2","2011"
"218973","2011-02-03","2","3","2011"
"218974","2011-02-04","2","4","2011"
"218975","2011-02-05","2","5","2011"
"218976","2011-02-06","2","6","2011"
"218977","2011-02-07","2","7","2011"
"218978","2011-02-08","2","8","2011"
"218979","2011-02-09","2","9","2011"
"218980","2011-02-10","2","10","2011"
"218981","2011-02-11","2","11","2011"
"218982","2011-02-12","2","12","2011"
"218983","2011-02-13","2","13","2011"
"218984","2011-02-14","2","14","2011"
"218985","2011-02-15","2","15","2011"
"218986","2011-02-16","2","16","2011"
"218987","2011-02-17","2","17","2011"
"218988","2011-02-18","2","18","2011"
"218989","2011-02-19","2","19","2011"
"218990","2011-02-20","2","20","2011"
"218991","2011-02-21","2","21","2011"
"218992","2011-02-22","2","22","2011"
"218993","2011-02-23","2","23","2011"
"218994","2011-02-24","2","24","2011"
"218995","2011-02-25","2","25","2011"
"218996","2011-02-26","2","26","2011"
"218997","2011-02-27","2","27","2011"
"218998","2011-02-28","2","28","2011"
"219071","2011-03-01","3","1","2011"
"219072","2011-03-02","3","2","2011"
"219073","2011-03-03","3","3","2011"
"219074","2011-03-04","3","4","2011"
"219075","2011-03-05","3","5","2011"
"219076","2011-03-06","3","6","2011"
"219077","2011-03-07","3","7","2011"
"219078","2011-03-08","3","8","2011"
"219079","2011-03-09","3","9","2011"
"219080","2011-03-10","3","10","2011"
"219081","2011-03-11","3","11","2011"
"219082","2011-03-12","3","12","2011"
"219083","2011-03-13","3","13","2011"
"219084","2011-03-14","3","14","2011"
"219085","2011-03-15","3","15","2011"
"219086","2011-03-16","3","16","2011"
"219087","2011-03-17","3","17","2011"
"219088","2011-03-18","3","18","2011"
"219089","2011-03-19","3","19","2011"
"219090","2011-03-20","3","20","2011"
"219091","2011-03-21","3","21","2011"
"219092","2011-03-22","3","22","2011"
"219093","2011-03-23","3","23","2011"
"219094","2011-03-24","3","24","2011"
"219095","2011-03-25","3","25","2011"
"219096","2011-03-26","3","26","2011"
"219097","2011-03-27","3","27","2011"
"219098","2011-03-28","3","28","2011"
"219099","2011-03-29","3","29","2011"
"219100","2011-03-30","3","30","2011"
"219101","2011-03-31","3","31","2011"
"219171","2011-04-01","4","1","2011"
"219172","2011-04-02","4","2","2011"
"219173","2011-04-03","4","3","2011"
"219174","2011-04-04","4","4","2011"
"219175","2011-04-05","4","5","2011"
"219176","2011-04-06","4","6","2011"
"219177","2011-04-07","4","7","2011"
"219178","2011-04-08","4","8","2011"
"219179","2011-04-09","4","9","2011"
"219180","2011-04-10","4","10","2011"
"219181","2011-04-11","4","11","2011"
"219182","2011-04-12","4","12","2011"
"219183","2011-04-13","4","13","2011"
"219184","2011-04-14","4","14","2011"
"219185","2011-04-15","4","15","2011"
"219186","2011-04-16","4","16","2011"
"219187","2011-04-17","4","17","2011"
"219188","2011-04-18","4","18","2011"
"219189","2011-04-19","4","19","2011"
"219190","2011-04-20","4","20","2011"
"219191","2011-04-21","4","21","2011"
"219192","2011-04-22","4","22","2011"
"219193","2011-04-23","4","23","2011"
"219194","2011-04-24","4","24","2011"
"219195","2011-04-25","4","25","2011"
"219196","2011-04-26","4","26","2011"
"219197","2011-04-27","4","27","2011"
"219198","2011-04-28","4","28","2011"
"219199","2011-04-29","4","29","2011"
"219200","2011-04-30","4","30","2011"
"219271","2011-05-01","5","1","2011"
"219272","2011-05-02","5","2","2011"
"219273","2011-05-03","5","3","2011"
"219274","2011-05-04","5","4","2011"
"219275","2011-05-05","5","5","2011"
"219276","2011-05-06","5","6","2011"
"219277","2011-05-07","5","7","2011"
"219278","2011-05-08","5","8","2011"
"219279","2011-05-09","5","9","2011"
"219280","2011-05-10","5","10","2011"
"219281","2011-05-11","5","11","2011"
"219282","2011-05-12","5","12","2011"
"219283","2011-05-13","5","13","2011"
"219284","2011-05-14","5","14","2011"
"219285","2011-05-15","5","15","2011"
"219286","2011-05-16","5","16","2011"
"219287","2011-05-17","5","17","2011"
"219288","2011-05-18","5","18","2011"
"219289","2011-05-19","5","19","2011"
"219290","2011-05-20","5","20","2011"
"219291","2011-05-21","5","21","2011"
"219292","2011-05-22","5","22","2011"
"219293","2011-05-23","5","23","2011"
"219294","2011-05-24","5","24","2011"
"219295","2011-05-25","5","25","2011"
"219296","2011-05-26","5","26","2011"
"219297","2011-05-27","5","27","2011"
"219298","2011-05-28","5","28","2011"
"219299","2011-05-29","5","29","2011"
"219300","2011-05-30","5","30","2011"
"219301","2011-05-31","5","31","2011"
"219371","2011-06-01","6","1","2011"
"219372","2011-06-02","6","2","2011"
"219373","2011-06-03","6","3","2011"
"219374","2011-06-04","6","4","2011"
"219375","2011-06-05","6","5","2011"
"219376","2011-06-06","6","6","2011"
"219377","2011-06-07","6","7","2011"
"219378","2011-06-08","6","8","2011"
"219379","2011-06-09","6","9","2011"
"219380","2011-06-10","6","10","2011"
"219381","2011-06-11","6","11","2011"
"219382","2011-06-12","6","12","2011"
"219383","2011-06-13","6","13","2011"
"219384","2011-06-14","6","14","2011"
"219385","2011-06-15","6","15","2011"
"219386","2011-06-16","6","16","2011"
"219387","2011-06-17","6","17","2011"
"219388","2011-06-18","6","18","2011"
"219389","2011-06-19","6","19","2011"
"219390","2011-06-20","6","20","2011"
"219391","2011-06-21","6","21","2011"
"219392","2011-06-22","6","22","2011"
"219393","2011-06-23","6","23","2011"
"219394","2011-06-24","6","24","2011"
"219395","2011-06-25","6","25","2011"
"219396","2011-06-26","6","26","2011"
"219397","2011-06-27","6","27","2011"
"219398","2011-06-28","6","28","2011"
"219399","2011-06-29","6","29","2011"
"219400","2011-06-30","6","30","2011"
"219471","2011-07-01","7","1","2011"
"219472","2011-07-02","7","2","2011"
"219473","2011-07-03","7","3","2011"
"219474","2011-07-04","7","4","2011"
"219475","2011-07-05","7","5","2011"
"219476","2011-07-06","7","6","2011"
"219477","2011-07-07","7","7","2011"
"219478","2011-07-08","7","8","2011"
"219479","2011-07-09","7","9","2011"
"219480","2011-07-10","7","10","2011"
"219481","2011-07-11","7","11","2011"
"219482","2011-07-12","7","12","2011"
"219483","2011-07-13","7","13","2011"
"219484","2011-07-14","7","14","2011"
"219485","2011-07-15","7","15","2011"
"219486","2011-07-16","7","16","2011"
"219487","2011-07-17","7","17","2011"
"219488","2011-07-18","7","18","2011"
"219489","2011-07-19","7","19","2011"
"219490","2011-07-20","7","20","2011"
"219491","2011-07-21","7","21","2011"
"219492","2011-07-22","7","22","2011"
"219493","2011-07-23","7","23","2011"
"219494","2011-07-24","7","24","2011"
"219495","2011-07-25","7","25","2011"
"219496","2011-07-26","7","26","2011"
"219497","2011-07-27","7","27","2011"
"219498","2011-07-28","7","28","2011"
"219499","2011-07-29","7","29","2011"
"219500","2011-07-30","7","30","2011"
"219501","2011-07-31","7","31","2011"
"219571","2011-08-01","8","1","2011"
"219572","2011-08-02","8","2","2011"
"219573","2011-08-03","8","3","2011"
"219574","2011-08-04","8","4","2011"
"219575","2011-08-05","8","5","2011"
"219576","2011-08-06","8","6","2011"
"219577","2011-08-07","8","7","2011"
"219578","2011-08-08","8","8","2011"
"219579","2011-08-09","8","9","2011"
"219580","2011-08-10","8","10","2011"
"219581","2011-08-11","8","11","2011"
"219582","2011-08-12","8","12","2011"
"219583","2011-08-13","8","13","2011"
"219584","2011-08-14","8","14","2011"
"219585","2011-08-15","8","15","2011"
"219586","2011-08-16","8","16","2011"
"219587","2011-08-17","8","17","2011"
"219588","2011-08-18","8","18","2011"
"219589","2011-08-19","8","19","2011"
"219590","2011-08-20","8","20","2011"
"219591","2011-08-21","8","21","2011"
"219592","2011-08-22","8","22","2011"
"219593","2011-08-23","8","23","2011"
"219594","2011-08-24","8","24","2011"
"219595","2011-08-25","8","25","2011"
"219596","2011-08-26","8","26","2011"
"219597","2011-08-27","8","27","2011"
"219598","2011-08-28","8","28","2011"
"219599","2011-08-29","8","29","2011"
"219600","2011-08-30","8","30","2011"
"219601","2011-08-31","8","31","2011"
"219671","2011-09-01","9","1","2011"
"219672","2011-09-02","9","2","2011"
"219673","2011-09-03","9","3","2011"
"219674","2011-09-04","9","4","2011"
"219675","2011-09-05","9","5","2011"
"219676","2011-09-06","9","6","2011"
"219677","2011-09-07","9","7","2011"
"219678","2011-09-08","9","8","2011"
"219679","2011-09-09","9","9","2011"
"219680","2011-09-10","9","10","2011"
"219681","2011-09-11","9","11","2011"
"219682","2011-09-12","9","12","2011"
"219683","2011-09-13","9","13","2011"
"219684","2011-09-14","9","14","2011"
"219685","2011-09-15","9","15","2011"
"219686","2011-09-16","9","16","2011"
"219687","2011-09-17","9","17","2011"
"219688","2011-09-18","9","18","2011"
"219689","2011-09-19","9","19","2011"
"219690","2011-09-20","9","20","2011"
"219691","2011-09-21","9","21","2011"
"219692","2011-09-22","9","22","2011"
"219693","2011-09-23","9","23","2011"
"219694","2011-09-24","9","24","2011"
"219695","2011-09-25","9","25","2011"
"219696","2011-09-26","9","26","2011"
"219697","2011-09-27","9","27","2011"
"219698","2011-09-28","9","28","2011"
"219699","2011-09-29","9","29","2011"
"219700","2011-09-30","9","30","2011"
"219771","2011-10-01","10","1","2011"
"219772","2011-10-02","10","2","2011"
"219773","2011-10-03","10","3","2011"
"219774","2011-10-04","10","4","2011"
"219775","2011-10-05","10","5","2011"
"219776","2011-10-06","10","6","2011"
"219777","2011-10-07","10","7","2011"
"219778","2011-10-08","10","8","2011"
"219779","2011-10-09","10","9","2011"
"219780","2011-10-10","10","10","2011"
"219781","2011-10-11","10","11","2011"
"219782","2011-10-12","10","12","2011"
"219783","2011-10-13","10","13","2011"
"219784","2011-10-14","10","14","2011"
"219785","2011-10-15","10","15","2011"
"219786","2011-10-16","10","16","2011"
"219787","2011-10-17","10","17","2011"
"219788","2011-10-18","10","18","2011"
"219789","2011-10-19","10","19","2011"
"219790","2011-10-20","10","20","2011"
"219791","2011-10-21","10","21","2011"
"219792","2011-10-22","10","22","2011"
"219793","2011-10-23","10","23","2011"
"219794","2011-10-24","10","24","2011"
"219795","2011-10-25","10","25","2011"
"219796","2011-10-26","10","26","2011"
"219797","2011-10-27","10","27","2011"
"219798","2011-10-28","10","28","2011"
"219799","2011-10-29","10","29","2011"
"219800","2011-10-30","10","30","2011"
"219801","2011-10-31","10","31","2011"
"219871","2011-11-01","11","1","2011"
"219872","2011-11-02","11","2","2011"
"219873","2011-11-03","11","3","2011"
"219874","2011-11-04","11","4","2011"
"219875","2011-11-05","11","5","2011"
"219876","2011-11-06","11","6","2011"
"219877","2011-11-07","11","7","2011"
"219878","2011-11-08","11","8","2011"
"219879","2011-11-09","11","9","2011"
"219880","2011-11-10","11","10","2011"
"219881","2011-11-11","11","11","2011"
"219882","2011-11-12","11","12","2011"
"219883","2011-11-13","11","13","2011"
"219884","2011-11-14","11","14","2011"
"219885","2011-11-15","11","15","2011"
"219886","2011-11-16","11","16","2011"
"219887","2011-11-17","11","17","2011"
"219888","2011-11-18","11","18","2011"
"219889","2011-11-19","11","19","2011"
"219890","2011-11-20","11","20","2011"
"219891","2011-11-21","11","21","2011"
"219892","2011-11-22","11","22","2011"
"219893","2011-11-23","11","23","2011"
"219894","2011-11-24","11","24","2011"
"219895","2011-11-25","11","25","2011"
"219896","2011-11-26","11","26","2011"
"219897","2011-11-27","11","27","2011"
"219898","2011-11-28","11","28","2011"
"219899","2011-11-29","11","29","2011"
"219900","2011-11-30","11","30","2011"
"219971","2011-12-01","12","1","2011"
"219972","2011-12-02","12","2","2011"
"219973","2011-12-03","12","3","2011"
"219974","2011-12-04","12","4","2011"
"219975","2011-12-05","12","5","2011"
"219976","2011-12-06","12","6","2011"
"219977","2011-12-07","12","7","2011"
"219978","2011-12-08","12","8","2011"
"219979","2011-12-09","12","9","2011"
"219980","2011-12-10","12","10","2011"
"219981","2011-12-11","12","11","2011"
"219982","2011-12-12","12","12","2011"
"219983","2011-12-13","12","13","2011"
"219984","2011-12-14","12","14","2011"
"219985","2011-12-15","12","15","2011"
"219986","2011-12-16","12","16","2011"
"219987","2011-12-17","12","17","2011"
"219988","2011-12-18","12","18","2011"
"219989","2011-12-19","12","19","2011"
"219990","2011-12-20","12","20","2011"
"219991","2011-12-21","12","21","2011"
"219992","2011-12-22","12","22","2011"
"219993","2011-12-23","12","23","2011"
"219994","2011-12-24","12","24","2011"
"219995","2011-12-25","12","25","2011"
"219996","2011-12-26","12","26","2011"
"219997","2011-12-27","12","27","2011"
"219998","2011-12-28","12","28","2011"
"219999","2011-12-29","12","29","2011"
"220000","2011-12-30","12","30","2011"
"220001","2011-12-31","12","31","2011"
"228871","2012-01-01","1","1","2012"
"228872","2012-01-02","1","2","2012"
"228873","2012-01-03","1","3","2012"
"228874","2012-01-04","1","4","2012"
"228875","2012-01-05","1","5","2012"
"228876","2012-01-06","1","6","2012"
"228877","2012-01-07","1","7","2012"
"228878","2012-01-08","1","8","2012"
"228879","2012-01-09","1","9","2012"
"228880","2012-01-10","1","10","2012"
"228881","2012-01-11","1","11","2012"
"228882","2012-01-12","1","12","2012"
"228883","2012-01-13","1","13","2012"
"228884","2012-01-14","1","14","2012"
"228885","2012-01-15","1","15","2012"
"228886","2012-01-16","1","16","2012"
"228887","2012-01-17","1","17","2012"
"228888","2012-01-18","1","18","2012"
"228889","2012-01-19","1","19","2012"
"228890","2012-01-20","1","20","2012"
"228891","2012-01-21","1","21","2012"
"228892","2012-01-22","1","22","2012"
"228893","2012-01-23","1","23","2012"
"228894","2012-01-24","1","24","2012"
"228895","2012-01-25","1","25","2012"
"228896","2012-01-26","1","26","2012"
"228897","2012-01-27","1","27","2012"
"228898","2012-01-28","1","28","2012"
"228899","2012-01-29","1","29","2012"
"228900","2012-01-30","1","30","2012"
"228901","2012-01-31","1","31","2012"
"228971","2012-02-01","2","1","2012"
"228972","2012-02-02","2","2","2012"
"228973","2012-02-03","2","3","2012"
"228974","2012-02-04","2","4","2012"
"228975","2012-02-05","2","5","2012"
"228976","2012-02-06","2","6","2012"
"228977","2012-02-07","2","7","2012"
"228978","2012-02-08","2","8","2012"
"228979","2012-02-09","2","9","2012"
"228980","2012-02-10","2","10","2012"
"228981","2012-02-11","2","11","2012"
"228982","2012-02-12","2","12","2012"
"228983","2012-02-13","2","13","2012"
"228984","2012-02-14","2","14","2012"
"228985","2012-02-15","2","15","2012"
"228986","2012-02-16","2","16","2012"
"228987","2012-02-17","2","17","2012"
"228988","2012-02-18","2","18","2012"
"228989","2012-02-19","2","19","2012"
"228990","2012-02-20","2","20","2012"
"228991","2012-02-21","2","21","2012"
"228992","2012-02-22","2","22","2012"
"228993","2012-02-23","2","23","2012"
"228994","2012-02-24","2","24","2012"
"228995","2012-02-25","2","25","2012"
"228996","2012-02-26","2","26","2012"
"228997","2012-02-27","2","27","2012"
"228998","2012-02-28","2","28","2012"
"228999","2012-02-29","2","29","2012"
"229071","2012-03-01","3","1","2012"
"229072","2012-03-02","3","2","2012"
"229073","2012-03-03","3","3","2012"
"229074","2012-03-04","3","4","2012"
"229075","2012-03-05","3","5","2012"
"229076","2012-03-06","3","6","2012"
"229077","2012-03-07","3","7","2012"
"229078","2012-03-08","3","8","2012"
"229079","2012-03-09","3","9","2012"
"229080","2012-03-10","3","10","2012"
"229081","2012-03-11","3","11","2012"
"229082","2012-03-12","3","12","2012"
"229083","2012-03-13","3","13","2012"
"229084","2012-03-14","3","14","2012"
"229085","2012-03-15","3","15","2012"
"229086","2012-03-16","3","16","2012"
"229087","2012-03-17","3","17","2012"
"229088","2012-03-18","3","18","2012"
"229089","2012-03-19","3","19","2012"
"229090","2012-03-20","3","20","2012"
"229091","2012-03-21","3","21","2012"
"229092","2012-03-22","3","22","2012"
"229093","2012-03-23","3","23","2012"
"229094","2012-03-24","3","24","2012"
"229095","2012-03-25","3","25","2012"
"229096","2012-03-26","3","26","2012"
"229097","2012-03-27","3","27","2012"
"229098","2012-03-28","3","28","2012"
"229099","2012-03-29","3","29","2012"
"229100","2012-03-30","3","30","2012"
"229101","2012-03-31","3","31","2012"
"229171","2012-04-01","4","1","2012"
"229172","2012-04-02","4","2","2012"
"229173","2012-04-03","4","3","2012"
"229174","2012-04-04","4","4","2012"
"229175","2012-04-05","4","5","2012"
"229176","2012-04-06","4","6","2012"
"229177","2012-04-07","4","7","2012"
"229178","2012-04-08","4","8","2012"
"229179","2012-04-09","4","9","2012"
"229180","2012-04-10","4","10","2012"
"229181","2012-04-11","4","11","2012"
"229182","2012-04-12","4","12","2012"
"229183","2012-04-13","4","13","2012"
"229184","2012-04-14","4","14","2012"
"229185","2012-04-15","4","15","2012"
"229186","2012-04-16","4","16","2012"
"229187","2012-04-17","4","17","2012"
"229188","2012-04-18","4","18","2012"
"229189","2012-04-19","4","19","2012"
"229190","2012-04-20","4","20","2012"
"229191","2012-04-21","4","21","2012"
"229192","2012-04-22","4","22","2012"
"229193","2012-04-23","4","23","2012"
"229194","2012-04-24","4","24","2012"
"229195","2012-04-25","4","25","2012"
"229196","2012-04-26","4","26","2012"
"229197","2012-04-27","4","27","2012"
"229198","2012-04-28","4","28","2012"
"229199","2012-04-29","4","29","2012"
"229200","2012-04-30","4","30","2012"
"229271","2012-05-01","5","1","2012"
"229272","2012-05-02","5","2","2012"
"229273","2012-05-03","5","3","2012"
"229274","2012-05-04","5","4","2012"
"229275","2012-05-05","5","5","2012"
"229276","2012-05-06","5","6","2012"
"229277","2012-05-07","5","7","2012"
"229278","2012-05-08","5","8","2012"
"229279","2012-05-09","5","9","2012"
"229280","2012-05-10","5","10","2012"
"229281","2012-05-11","5","11","2012"
"229282","2012-05-12","5","12","2012"
"229283","2012-05-13","5","13","2012"
"229284","2012-05-14","5","14","2012"
"229285","2012-05-15","5","15","2012"
"229286","2012-05-16","5","16","2012"
"229287","2012-05-17","5","17","2012"
"229288","2012-05-18","5","18","2012"
"229289","2012-05-19","5","19","2012"
"229290","2012-05-20","5","20","2012"
"229291","2012-05-21","5","21","2012"
"229292","2012-05-22","5","22","2012"
"229293","2012-05-23","5","23","2012"
"229294","2012-05-24","5","24","2012"
"229295","2012-05-25","5","25","2012"
"229296","2012-05-26","5","26","2012"
"229297","2012-05-27","5","27","2012"
"229298","2012-05-28","5","28","2012"
"229299","2012-05-29","5","29","2012"
"229300","2012-05-30","5","30","2012"
"229301","2012-05-31","5","31","2012"
"229371","2012-06-01","6","1","2012"
"229372","2012-06-02","6","2","2012"
"229373","2012-06-03","6","3","2012"
"229374","2012-06-04","6","4","2012"
"229375","2012-06-05","6","5","2012"
"229376","2012-06-06","6","6","2012"
"229377","2012-06-07","6","7","2012"
"229378","2012-06-08","6","8","2012"
"229379","2012-06-09","6","9","2012"
"229380","2012-06-10","6","10","2012"
"229381","2012-06-11","6","11","2012"
"229382","2012-06-12","6","12","2012"
"229383","2012-06-13","6","13","2012"
"229384","2012-06-14","6","14","2012"
"229385","2012-06-15","6","15","2012"
"229386","2012-06-16","6","16","2012"
"229387","2012-06-17","6","17","2012"
"229388","2012-06-18","6","18","2012"
"229389","2012-06-19","6","19","2012"
"229390","2012-06-20","6","20","2012"
"229391","2012-06-21","6","21","2012"
"229392","2012-06-22","6","22","2012"
"229393","2012-06-23","6","23","2012"
"229394","2012-06-24","6","24","2012"
"229395","2012-06-25","6","25","2012"
"229396","2012-06-26","6","26","2012"
"229397","2012-06-27","6","27","2012"
"229398","2012-06-28","6","28","2012"
"229399","2012-06-29","6","29","2012"
"229400","2012-06-30","6","30","2012"
"229471","2012-07-01","7","1","2012"
"229472","2012-07-02","7","2","2012"
"229473","2012-07-03","7","3","2012"
"229474","2012-07-04","7","4","2012"
"229475","2012-07-05","7","5","2012"
"229476","2012-07-06","7","6","2012"
"229477","2012-07-07","7","7","2012"
"229478","2012-07-08","7","8","2012"
"229479","2012-07-09","7","9","2012"
"229480","2012-07-10","7","10","2012"
"229481","2012-07-11","7","11","2012"
"229482","2012-07-12","7","12","2012"
"229483","2012-07-13","7","13","2012"
"229484","2012-07-14","7","14","2012"
"229485","2012-07-15","7","15","2012"
"229486","2012-07-16","7","16","2012"
"229487","2012-07-17","7","17","2012"
"229488","2012-07-18","7","18","2012"
"229489","2012-07-19","7","19","2012"
"229490","2012-07-20","7","20","2012"
"229491","2012-07-21","7","21","2012"
"229492","2012-07-22","7","22","2012"
"229493","2012-07-23","7","23","2012"
"229494","2012-07-24","7","24","2012"
"229495","2012-07-25","7","25","2012"
"229496","2012-07-26","7","26","2012"
"229497","2012-07-27","7","27","2012"
"229498","2012-07-28","7","28","2012"
"229499","2012-07-29","7","29","2012"
"229500","2012-07-30","7","30","2012"
"229501","2012-07-31","7","31","2012"
"229571","2012-08-01","8","1","2012"
"229572","2012-08-02","8","2","2012"
"229573","2012-08-03","8","3","2012"
"229574","2012-08-04","8","4","2012"
"229575","2012-08-05","8","5","2012"
"229576","2012-08-06","8","6","2012"
"229577","2012-08-07","8","7","2012"
"229578","2012-08-08","8","8","2012"
"229579","2012-08-09","8","9","2012"
"229580","2012-08-10","8","10","2012"
"229581","2012-08-11","8","11","2012"
"229582","2012-08-12","8","12","2012"
"229583","2012-08-13","8","13","2012"
"229584","2012-08-14","8","14","2012"
"229585","2012-08-15","8","15","2012"
"229586","2012-08-16","8","16","2012"
"229587","2012-08-17","8","17","2012"
"229588","2012-08-18","8","18","2012"
"229589","2012-08-19","8","19","2012"
"229590","2012-08-20","8","20","2012"
"229591","2012-08-21","8","21","2012"
"229592","2012-08-22","8","22","2012"
"229593","2012-08-23","8","23","2012"
"229594","2012-08-24","8","24","2012"
"229595","2012-08-25","8","25","2012"
"229596","2012-08-26","8","26","2012"
"229597","2012-08-27","8","27","2012"
"229598","2012-08-28","8","28","2012"
"229599","2012-08-29","8","29","2012"
"229600","2012-08-30","8","30","2012"
"229601","2012-08-31","8","31","2012"
"229671","2012-09-01","9","1","2012"
"229672","2012-09-02","9","2","2012"
"229673","2012-09-03","9","3","2012"
"229674","2012-09-04","9","4","2012"
"229675","2012-09-05","9","5","2012"
"229676","2012-09-06","9","6","2012"
"229677","2012-09-07","9","7","2012"
"229678","2012-09-08","9","8","2012"
"229679","2012-09-09","9","9","2012"
"229680","2012-09-10","9","10","2012"
"229681","2012-09-11","9","11","2012"
"229682","2012-09-12","9","12","2012"
"229683","2012-09-13","9","13","2012"
"229684","2012-09-14","9","14","2012"
"229685","2012-09-15","9","15","2012"
"229686","2012-09-16","9","16","2012"
"229687","2012-09-17","9","17","2012"
"229688","2012-09-18","9","18","2012"
"229689","2012-09-19","9","19","2012"
"229690","2012-09-20","9","20","2012"
"229691","2012-09-21","9","21","2012"
"229692","2012-09-22","9","22","2012"
"229693","2012-09-23","9","23","2012"
"229694","2012-09-24","9","24","2012"
"229695","2012-09-25","9","25","2012"
"229696","2012-09-26","9","26","2012"
"229697","2012-09-27","9","27","2012"
"229698","2012-09-28","9","28","2012"
"229699","2012-09-29","9","29","2012"
"229700","2012-09-30","9","30","2012"
"229771","2012-10-01","10","1","2012"
"229772","2012-10-02","10","2","2012"
"229773","2012-10-03","10","3","2012"
"229774","2012-10-04","10","4","2012"
"229775","2012-10-05","10","5","2012"
"229776","2012-10-06","10","6","2012"
"229777","2012-10-07","10","7","2012"
"229778","2012-10-08","10","8","2012"
"229779","2012-10-09","10","9","2012"
"229780","2012-10-10","10","10","2012"
"229781","2012-10-11","10","11","2012"
"229782","2012-10-12","10","12","2012"
"229783","2012-10-13","10","13","2012"
"229784","2012-10-14","10","14","2012"
"229785","2012-10-15","10","15","2012"
"229786","2012-10-16","10","16","2012"
"229787","2012-10-17","10","17","2012"
"229788","2012-10-18","10","18","2012"
"229789","2012-10-19","10","19","2012"
"229790","2012-10-20","10","20","2012"
"229791","2012-10-21","10","21","2012"
"229792","2012-10-22","10","22","2012"
"229793","2012-10-23","10","23","2012"
"229794","2012-10-24","10","24","2012"
"229795","2012-10-25","10","25","2012"
"229796","2012-10-26","10","26","2012"
"229797","2012-10-27","10","27","2012"
"229798","2012-10-28","10","28","2012"
"229799","2012-10-29","10","29","2012"
"229800","2012-10-30","10","30","2012"
"229801","2012-10-31","10","31","2012"
"229871","2012-11-01","11","1","2012"
"229872","2012-11-02","11","2","2012"
"229873","2012-11-03","11","3","2012"
"229874","2012-11-04","11","4","2012"
"229875","2012-11-05","11","5","2012"
"229876","2012-11-06","11","6","2012"
"229877","2012-11-07","11","7","2012"
"229878","2012-11-08","11","8","2012"
"229879","2012-11-09","11","9","2012"
"229880","2012-11-10","11","10","2012"
"229881","2012-11-11","11","11","2012"
"229882","2012-11-12","11","12","2012"
"229883","2012-11-13","11","13","2012"
"229884","2012-11-14","11","14","2012"
"229885","2012-11-15","11","15","2012"
"229886","2012-11-16","11","16","2012"
"229887","2012-11-17","11","17","2012"
"229888","2012-11-18","11","18","2012"
"229889","2012-11-19","11","19","2012"
"229890","2012-11-20","11","20","2012"
"229891","2012-11-21","11","21","2012"
"229892","2012-11-22","11","22","2012"
"229893","2012-11-23","11","23","2012"
"229894","2012-11-24","11","24","2012"
"229895","2012-11-25","11","25","2012"
"229896","2012-11-26","11","26","2012"
"229897","2012-11-27","11","27","2012"
"229898","2012-11-28","11","28","2012"
"229899","2012-11-29","11","29","2012"
"229900","2012-11-30","11","30","2012"
"229971","2012-12-01","12","1","2012"
"229972","2012-12-02","12","2","2012"
"229973","2012-12-03","12","3","2012"
"229974","2012-12-04","12","4","2012"
"229975","2012-12-05","12","5","2012"
"229976","2012-12-06","12","6","2012"
"229977","2012-12-07","12","7","2012"
"229978","2012-12-08","12","8","2012"
"229979","2012-12-09","12","9","2012"
"229980","2012-12-10","12","10","2012"
"229981","2012-12-11","12","11","2012"
"229982","2012-12-12","12","12","2012"
"229983","2012-12-13","12","13","2012"
"229984","2012-12-14","12","14","2012"
"229985","2012-12-15","12","15","2012"
"229986","2012-12-16","12","16","2012"
"229987","2012-12-17","12","17","2012"
"229988","2012-12-18","12","18","2012"
"229989","2012-12-19","12","19","2012"
"229990","2012-12-20","12","20","2012"
"229991","2012-12-21","12","21","2012"
"229992","2012-12-22","12","22","2012"
"229993","2012-12-23","12","23","2012"
"229994","2012-12-24","12","24","2012"
"229995","2012-12-25","12","25","2012"
"229996","2012-12-26","12","26","2012"
"229997","2012-12-27","12","27","2012"
"229998","2012-12-28","12","28","2012"
"229999","2012-12-29","12","29","2012"
"230000","2012-12-30","12","30","2012"
"230001","2012-12-31","12","31","2012"
"238871","2013-01-01","1","1","2013"
"238872","2013-01-02","1","2","2013"
"238873","2013-01-03","1","3","2013"
"238874","2013-01-04","1","4","2013"
"238875","2013-01-05","1","5","2013"
"238876","2013-01-06","1","6","2013"
"238877","2013-01-07","1","7","2013"
"238878","2013-01-08","1","8","2013"
"238879","2013-01-09","1","9","2013"
"238880","2013-01-10","1","10","2013"
"238881","2013-01-11","1","11","2013"
"238882","2013-01-12","1","12","2013"
"238883","2013-01-13","1","13","2013"
"238884","2013-01-14","1","14","2013"
"238885","2013-01-15","1","15","2013"
"238886","2013-01-16","1","16","2013"
"238887","2013-01-17","1","17","2013"
"238888","2013-01-18","1","18","2013"
"238889","2013-01-19","1","19","2013"
"238890","2013-01-20","1","20","2013"
"238891","2013-01-21","1","21","2013"
"238892","2013-01-22","1","22","2013"
"238893","2013-01-23","1","23","2013"
"238894","2013-01-24","1","24","2013"
"238895","2013-01-25","1","25","2013"
"238896","2013-01-26","1","26","2013"
"238897","2013-01-27","1","27","2013"
"238898","2013-01-28","1","28","2013"
"238899","2013-01-29","1","29","2013"
"238900","2013-01-30","1","30","2013"
"238901","2013-01-31","1","31","2013"
"238971","2013-02-01","2","1","2013"
"238972","2013-02-02","2","2","2013"
"238973","2013-02-03","2","3","2013"
"238974","2013-02-04","2","4","2013"
"238975","2013-02-05","2","5","2013"
"238976","2013-02-06","2","6","2013"
"238977","2013-02-07","2","7","2013"
"238978","2013-02-08","2","8","2013"
"238979","2013-02-09","2","9","2013"
"238980","2013-02-10","2","10","2013"
"238981","2013-02-11","2","11","2013"
"238982","2013-02-12","2","12","2013"
"238983","2013-02-13","2","13","2013"
"238984","2013-02-14","2","14","2013"
"238985","2013-02-15","2","15","2013"
"238986","2013-02-16","2","16","2013"
"238987","2013-02-17","2","17","2013"
"238988","2013-02-18","2","18","2013"
"238989","2013-02-19","2","19","2013"
"238990","2013-02-20","2","20","2013"
"238991","2013-02-21","2","21","2013"
"238992","2013-02-22","2","22","2013"
"238993","2013-02-23","2","23","2013"
"238994","2013-02-24","2","24","2013"
"238995","2013-02-25","2","25","2013"
"238996","2013-02-26","2","26","2013"
"238997","2013-02-27","2","27","2013"
"238998","2013-02-28","2","28","2013"
"239071","2013-03-01","3","1","2013"
"239072","2013-03-02","3","2","2013"
"239073","2013-03-03","3","3","2013"
"239074","2013-03-04","3","4","2013"
"239075","2013-03-05","3","5","2013"
"239076","2013-03-06","3","6","2013"
"239077","2013-03-07","3","7","2013"
"239078","2013-03-08","3","8","2013"
"239079","2013-03-09","3","9","2013"
"239080","2013-03-10","3","10","2013"
"239081","2013-03-11","3","11","2013"
"239082","2013-03-12","3","12","2013"
"239083","2013-03-13","3","13","2013"
"239084","2013-03-14","3","14","2013"
"239085","2013-03-15","3","15","2013"
"239086","2013-03-16","3","16","2013"
"239087","2013-03-17","3","17","2013"
"239088","2013-03-18","3","18","2013"
"239089","2013-03-19","3","19","2013"
"239090","2013-03-20","3","20","2013"
"239091","2013-03-21","3","21","2013"
"239092","2013-03-22","3","22","2013"
"239093","2013-03-23","3","23","2013"
"239094","2013-03-24","3","24","2013"
"239095","2013-03-25","3","25","2013"
"239096","2013-03-26","3","26","2013"
"239097","2013-03-27","3","27","2013"
"239098","2013-03-28","3","28","2013"
"239099","2013-03-29","3","29","2013"
"239100","2013-03-30","3","30","2013"
"239101","2013-03-31","3","31","2013"
"239171","2013-04-01","4","1","2013"
"239172","2013-04-02","4","2","2013"
"239173","2013-04-03","4","3","2013"
"239174","2013-04-04","4","4","2013"
"239175","2013-04-05","4","5","2013"
"239176","2013-04-06","4","6","2013"
"239177","2013-04-07","4","7","2013"
"239178","2013-04-08","4","8","2013"
"239179","2013-04-09","4","9","2013"
"239180","2013-04-10","4","10","2013"
"239181","2013-04-11","4","11","2013"
"239182","2013-04-12","4","12","2013"
"239183","2013-04-13","4","13","2013"
"239184","2013-04-14","4","14","2013"
"239185","2013-04-15","4","15","2013"
"239186","2013-04-16","4","16","2013"
"239187","2013-04-17","4","17","2013"
"239188","2013-04-18","4","18","2013"
"239189","2013-04-19","4","19","2013"
"239190","2013-04-20","4","20","2013"
"239191","2013-04-21","4","21","2013"
"239192","2013-04-22","4","22","2013"
"239193","2013-04-23","4","23","2013"
"239194","2013-04-24","4","24","2013"
"239195","2013-04-25","4","25","2013"
"239196","2013-04-26","4","26","2013"
"239197","2013-04-27","4","27","2013"
"239198","2013-04-28","4","28","2013"
"239199","2013-04-29","4","29","2013"
"239200","2013-04-30","4","30","2013"
"239271","2013-05-01","5","1","2013"
"239272","2013-05-02","5","2","2013"
"239273","2013-05-03","5","3","2013"
"239274","2013-05-04","5","4","2013"
"239275","2013-05-05","5","5","2013"
"239276","2013-05-06","5","6","2013"
"239277","2013-05-07","5","7","2013"
"239278","2013-05-08","5","8","2013"
"239279","2013-05-09","5","9","2013"
"239280","2013-05-10","5","10","2013"
"239281","2013-05-11","5","11","2013"
"239282","2013-05-12","5","12","2013"
"239283","2013-05-13","5","13","2013"
"239284","2013-05-14","5","14","2013"
"239285","2013-05-15","5","15","2013"
"239286","2013-05-16","5","16","2013"
"239287","2013-05-17","5","17","2013"
"239288","2013-05-18","5","18","2013"
"239289","2013-05-19","5","19","2013"
"239290","2013-05-20","5","20","2013"
"239291","2013-05-21","5","21","2013"
"239292","2013-05-22","5","22","2013"
"239293","2013-05-23","5","23","2013"
"239294","2013-05-24","5","24","2013"
"239295","2013-05-25","5","25","2013"
"239296","2013-05-26","5","26","2013"
"239297","2013-05-27","5","27","2013"
"239298","2013-05-28","5","28","2013"
"239299","2013-05-29","5","29","2013"
"239300","2013-05-30","5","30","2013"
"239301","2013-05-31","5","31","2013"
"239371","2013-06-01","6","1","2013"
"239372","2013-06-02","6","2","2013"
"239373","2013-06-03","6","3","2013"
"239374","2013-06-04","6","4","2013"
"239375","2013-06-05","6","5","2013"
"239376","2013-06-06","6","6","2013"
"239377","2013-06-07","6","7","2013"
"239378","2013-06-08","6","8","2013"
"239379","2013-06-09","6","9","2013"
"239380","2013-06-10","6","10","2013"
"239381","2013-06-11","6","11","2013"
"239382","2013-06-12","6","12","2013"
"239383","2013-06-13","6","13","2013"
"239384","2013-06-14","6","14","2013"
"239385","2013-06-15","6","15","2013"
"239386","2013-06-16","6","16","2013"
"239387","2013-06-17","6","17","2013"
"239388","2013-06-18","6","18","2013"
"239389","2013-06-19","6","19","2013"
"239390","2013-06-20","6","20","2013"
"239391","2013-06-21","6","21","2013"
"239392","2013-06-22","6","22","2013"
"239393","2013-06-23","6","23","2013"
"239394","2013-06-24","6","24","2013"
"239395","2013-06-25","6","25","2013"
"239396","2013-06-26","6","26","2013"
"239397","2013-06-27","6","27","2013"
"239398","2013-06-28","6","28","2013"
"239399","2013-06-29","6","29","2013"
"239400","2013-06-30","6","30","2013"
"239471","2013-07-01","7","1","2013"
"239472","2013-07-02","7","2","2013"
"239473","2013-07-03","7","3","2013"
"239474","2013-07-04","7","4","2013"
"239475","2013-07-05","7","5","2013"
"239476","2013-07-06","7","6","2013"
"239477","2013-07-07","7","7","2013"
"239478","2013-07-08","7","8","2013"
"239479","2013-07-09","7","9","2013"
"239480","2013-07-10","7","10","2013"
"239481","2013-07-11","7","11","2013"
"239482","2013-07-12","7","12","2013"
"239483","2013-07-13","7","13","2013"
"239484","2013-07-14","7","14","2013"
"239485","2013-07-15","7","15","2013"
"239486","2013-07-16","7","16","2013"
"239487","2013-07-17","7","17","2013"
"239488","2013-07-18","7","18","2013"
"239489","2013-07-19","7","19","2013"
"239490","2013-07-20","7","20","2013"
"239491","2013-07-21","7","21","2013"
"239492","2013-07-22","7","22","2013"
"239493","2013-07-23","7","23","2013"
"239494","2013-07-24","7","24","2013"
"239495","2013-07-25","7","25","2013"
"239496","2013-07-26","7","26","2013"
"239497","2013-07-27","7","27","2013"
"239498","2013-07-28","7","28","2013"
"239499","2013-07-29","7","29","2013"
"239500","2013-07-30","7","30","2013"
"239501","2013-07-31","7","31","2013"
"239571","2013-08-01","8","1","2013"
"239572","2013-08-02","8","2","2013"
"239573","2013-08-03","8","3","2013"
"239574","2013-08-04","8","4","2013"
"239575","2013-08-05","8","5","2013"
"239576","2013-08-06","8","6","2013"
"239577","2013-08-07","8","7","2013"
"239578","2013-08-08","8","8","2013"
"239579","2013-08-09","8","9","2013"
"239580","2013-08-10","8","10","2013"
"239581","2013-08-11","8","11","2013"
"239582","2013-08-12","8","12","2013"
"239583","2013-08-13","8","13","2013"
"239584","2013-08-14","8","14","2013"
"239585","2013-08-15","8","15","2013"
"239586","2013-08-16","8","16","2013"
"239587","2013-08-17","8","17","2013"
"239588","2013-08-18","8","18","2013"
"239589","2013-08-19","8","19","2013"
"239590","2013-08-20","8","20","2013"
"239591","2013-08-21","8","21","2013"
"239592","2013-08-22","8","22","2013"
"239593","2013-08-23","8","23","2013"
"239594","2013-08-24","8","24","2013"
"239595","2013-08-25","8","25","2013"
"239596","2013-08-26","8","26","2013"
"239597","2013-08-27","8","27","2013"
"239598","2013-08-28","8","28","2013"
"239599","2013-08-29","8","29","2013"
"239600","2013-08-30","8","30","2013"
"239601","2013-08-31","8","31","2013"
"239671","2013-09-01","9","1","2013"
"239672","2013-09-02","9","2","2013"
"239673","2013-09-03","9","3","2013"
"239674","2013-09-04","9","4","2013"
"239675","2013-09-05","9","5","2013"
"239676","2013-09-06","9","6","2013"
"239677","2013-09-07","9","7","2013"
"239678","2013-09-08","9","8","2013"
"239679","2013-09-09","9","9","2013"
"239680","2013-09-10","9","10","2013"
"239681","2013-09-11","9","11","2013"
"239682","2013-09-12","9","12","2013"
"239683","2013-09-13","9","13","2013"
"239684","2013-09-14","9","14","2013"
"239685","2013-09-15","9","15","2013"
"239686","2013-09-16","9","16","2013"
"239687","2013-09-17","9","17","2013"
"239688","2013-09-18","9","18","2013"
"239689","2013-09-19","9","19","2013"
"239690","2013-09-20","9","20","2013"
"239691","2013-09-21","9","21","2013"
"239692","2013-09-22","9","22","2013"
"239693","2013-09-23","9","23","2013"
"239694","2013-09-24","9","24","2013"
"239695","2013-09-25","9","25","2013"
"239696","2013-09-26","9","26","2013"
"239697","2013-09-27","9","27","2013"
"239698","2013-09-28","9","28","2013"
"239699","2013-09-29","9","29","2013"
"239700","2013-09-30","9","30","2013"
"239771","2013-10-01","10","1","2013"
"239772","2013-10-02","10","2","2013"
"239773","2013-10-03","10","3","2013"
"239774","2013-10-04","10","4","2013"
"239775","2013-10-05","10","5","2013"
"239776","2013-10-06","10","6","2013"
"239777","2013-10-07","10","7","2013"
"239778","2013-10-08","10","8","2013"
"239779","2013-10-09","10","9","2013"
"239780","2013-10-10","10","10","2013"
"239781","2013-10-11","10","11","2013"
"239782","2013-10-12","10","12","2013"
"239783","2013-10-13","10","13","2013"
"239784","2013-10-14","10","14","2013"
"239785","2013-10-15","10","15","2013"
"239786","2013-10-16","10","16","2013"
"239787","2013-10-17","10","17","2013"
"239788","2013-10-18","10","18","2013"
"239789","2013-10-19","10","19","2013"
"239790","2013-10-20","10","20","2013"
"239791","2013-10-21","10","21","2013"
"239792","2013-10-22","10","22","2013"
"239793","2013-10-23","10","23","2013"
"239794","2013-10-24","10","24","2013"
"239795","2013-10-25","10","25","2013"
"239796","2013-10-26","10","26","2013"
"239797","2013-10-27","10","27","2013"
"239798","2013-10-28","10","28","2013"
"239799","2013-10-29","10","29","2013"
"239800","2013-10-30","10","30","2013"
"239801","2013-10-31","10","31","2013"
"239871","2013-11-01","11","1","2013"
"239872","2013-11-02","11","2","2013"
"239873","2013-11-03","11","3","2013"
"239874","2013-11-04","11","4","2013"
"239875","2013-11-05","11","5","2013"
"239876","2013-11-06","11","6","2013"
"239877","2013-11-07","11","7","2013"
"239878","2013-11-08","11","8","2013"
"239879","2013-11-09","11","9","2013"
"239880","2013-11-10","11","10","2013"
"239881","2013-11-11","11","11","2013"
"239882","2013-11-12","11","12","2013"
"239883","2013-11-13","11","13","2013"
"239884","2013-11-14","11","14","2013"
"239885","2013-11-15","11","15","2013"
"239886","2013-11-16","11","16","2013"
"239887","2013-11-17","11","17","2013"
"239888","2013-11-18","11","18","2013"
"239889","2013-11-19","11","19","2013"
"239890","2013-11-20","11","20","2013"
"239891","2013-11-21","11","21","2013"
"239892","2013-11-22","11","22","2013"
"239893","2013-11-23","11","23","2013"
"239894","2013-11-24","11","24","2013"
"239895","2013-11-25","11","25","2013"
"239896","2013-11-26","11","26","2013"
"239897","2013-11-27","11","27","2013"
"239898","2013-11-28","11","28","2013"
"239899","2013-11-29","11","29","2013"
"239900","2013-11-30","11","30","2013"
"239971","2013-12-01","12","1","2013"
"239972","2013-12-02","12","2","2013"
"239973","2013-12-03","12","3","2013"
"239974","2013-12-04","12","4","2013"
"239975","2013-12-05","12","5","2013"
"239976","2013-12-06","12","6","2013"
"239977","2013-12-07","12","7","2013"
"239978","2013-12-08","12","8","2013"
"239979","2013-12-09","12","9","2013"
"239980","2013-12-10","12","10","2013"
"239981","2013-12-11","12","11","2013"
"239982","2013-12-12","12","12","2013"
"239983","2013-12-13","12","13","2013"
"239984","2013-12-14","12","14","2013"
"239985","2013-12-15","12","15","2013"
"239986","2013-12-16","12","16","2013"
"239987","2013-12-17","12","17","2013"
"239988","2013-12-18","12","18","2013"
"239989","2013-12-19","12","19","2013"
"239990","2013-12-20","12","20","2013"
"239991","2013-12-21","12","21","2013"
"239992","2013-12-22","12","22","2013"
"239993","2013-12-23","12","23","2013"
"239994","2013-12-24","12","24","2013"
"239995","2013-12-25","12","25","2013"
"239996","2013-12-26","12","26","2013"
"239997","2013-12-27","12","27","2013"
"239998","2013-12-28","12","28","2013"
"239999","2013-12-29","12","29","2013"
"240000","2013-12-30","12","30","2013"
"240001","2013-12-31","12","31","2013"
"248871","2014-01-01","1","1","2014"
"248872","2014-01-02","1","2","2014"
"248873","2014-01-03","1","3","2014"
"248874","2014-01-04","1","4","2014"
"248875","2014-01-05","1","5","2014"
"248876","2014-01-06","1","6","2014"
"248877","2014-01-07","1","7","2014"
"248878","2014-01-08","1","8","2014"
"248879","2014-01-09","1","9","2014"
"248880","2014-01-10","1","10","2014"
"248881","2014-01-11","1","11","2014"
"248882","2014-01-12","1","12","2014"
"248883","2014-01-13","1","13","2014"
"248884","2014-01-14","1","14","2014"
"248885","2014-01-15","1","15","2014"
"248886","2014-01-16","1","16","2014"
"248887","2014-01-17","1","17","2014"
"248888","2014-01-18","1","18","2014"
"248889","2014-01-19","1","19","2014"
"248890","2014-01-20","1","20","2014"
"248891","2014-01-21","1","21","2014"
"248892","2014-01-22","1","22","2014"
"248893","2014-01-23","1","23","2014"
"248894","2014-01-24","1","24","2014"
"248895","2014-01-25","1","25","2014"
"248896","2014-01-26","1","26","2014"
"248897","2014-01-27","1","27","2014"
"248898","2014-01-28","1","28","2014"
"248899","2014-01-29","1","29","2014"
"248900","2014-01-30","1","30","2014"
"248901","2014-01-31","1","31","2014"
"248971","2014-02-01","2","1","2014"
"248972","2014-02-02","2","2","2014"
"248973","2014-02-03","2","3","2014"
"248974","2014-02-04","2","4","2014"
"248975","2014-02-05","2","5","2014"
"248976","2014-02-06","2","6","2014"
"248977","2014-02-07","2","7","2014"
"248978","2014-02-08","2","8","2014"
"248979","2014-02-09","2","9","2014"
"248980","2014-02-10","2","10","2014"
"248981","2014-02-11","2","11","2014"
"248982","2014-02-12","2","12","2014"
"248983","2014-02-13","2","13","2014"
"248984","2014-02-14","2","14","2014"
"248985","2014-02-15","2","15","2014"
"248986","2014-02-16","2","16","2014"
"248987","2014-02-17","2","17","2014"
"248988","2014-02-18","2","18","2014"
"248989","2014-02-19","2","19","2014"
"248990","2014-02-20","2","20","2014"
"248991","2014-02-21","2","21","2014"
"248992","2014-02-22","2","22","2014"
"248993","2014-02-23","2","23","2014"
"248994","2014-02-24","2","24","2014"
"248995","2014-02-25","2","25","2014"
"248996","2014-02-26","2","26","2014"
"248997","2014-02-27","2","27","2014"
"248998","2014-02-28","2","28","2014"
"249071","2014-03-01","3","1","2014"
"249072","2014-03-02","3","2","2014"
"249073","2014-03-03","3","3","2014"
"249074","2014-03-04","3","4","2014"
"249075","2014-03-05","3","5","2014"
"249076","2014-03-06","3","6","2014"
"249077","2014-03-07","3","7","2014"
"249078","2014-03-08","3","8","2014"
"249079","2014-03-09","3","9","2014"
"249080","2014-03-10","3","10","2014"
"249081","2014-03-11","3","11","2014"
"249082","2014-03-12","3","12","2014"
"249083","2014-03-13","3","13","2014"
"249084","2014-03-14","3","14","2014"
"249085","2014-03-15","3","15","2014"
"249086","2014-03-16","3","16","2014"
"249087","2014-03-17","3","17","2014"
"249088","2014-03-18","3","18","2014"
"249089","2014-03-19","3","19","2014"
"249090","2014-03-20","3","20","2014"
"249091","2014-03-21","3","21","2014"
"249092","2014-03-22","3","22","2014"
"249093","2014-03-23","3","23","2014"
"249094","2014-03-24","3","24","2014"
"249095","2014-03-25","3","25","2014"
"249096","2014-03-26","3","26","2014"
"249097","2014-03-27","3","27","2014"
"249098","2014-03-28","3","28","2014"
"249099","2014-03-29","3","29","2014"
"249100","2014-03-30","3","30","2014"
"249101","2014-03-31","3","31","2014"
"249171","2014-04-01","4","1","2014"
"249172","2014-04-02","4","2","2014"
"249173","2014-04-03","4","3","2014"
"249174","2014-04-04","4","4","2014"
"249175","2014-04-05","4","5","2014"
"249176","2014-04-06","4","6","2014"
"249177","2014-04-07","4","7","2014"
"249178","2014-04-08","4","8","2014"
"249179","2014-04-09","4","9","2014"
"249180","2014-04-10","4","10","2014"
"249181","2014-04-11","4","11","2014"
"249182","2014-04-12","4","12","2014"
"249183","2014-04-13","4","13","2014"
"249184","2014-04-14","4","14","2014"
"249185","2014-04-15","4","15","2014"
"249186","2014-04-16","4","16","2014"
"249187","2014-04-17","4","17","2014"
"249188","2014-04-18","4","18","2014"
"249189","2014-04-19","4","19","2014"
"249190","2014-04-20","4","20","2014"
"249191","2014-04-21","4","21","2014"
"249192","2014-04-22","4","22","2014"
"249193","2014-04-23","4","23","2014"
"249194","2014-04-24","4","24","2014"
"249195","2014-04-25","4","25","2014"
"249196","2014-04-26","4","26","2014"
"249197","2014-04-27","4","27","2014"
"249198","2014-04-28","4","28","2014"
"249199","2014-04-29","4","29","2014"
"249200","2014-04-30","4","30","2014"
"249271","2014-05-01","5","1","2014"
"249272","2014-05-02","5","2","2014"
"249273","2014-05-03","5","3","2014"
"249274","2014-05-04","5","4","2014"
"249275","2014-05-05","5","5","2014"
"249276","2014-05-06","5","6","2014"
"249277","2014-05-07","5","7","2014"
"249278","2014-05-08","5","8","2014"
"249279","2014-05-09","5","9","2014"
"249280","2014-05-10","5","10","2014"
"249281","2014-05-11","5","11","2014"
"249282","2014-05-12","5","12","2014"
"249283","2014-05-13","5","13","2014"
"249284","2014-05-14","5","14","2014"
"249285","2014-05-15","5","15","2014"
"249286","2014-05-16","5","16","2014"
"249287","2014-05-17","5","17","2014"
"249288","2014-05-18","5","18","2014"
"249289","2014-05-19","5","19","2014"
"249290","2014-05-20","5","20","2014"
"249291","2014-05-21","5","21","2014"
"249292","2014-05-22","5","22","2014"
"249293","2014-05-23","5","23","2014"
"249294","2014-05-24","5","24","2014"
"249295","2014-05-25","5","25","2014"
"249296","2014-05-26","5","26","2014"
"249297","2014-05-27","5","27","2014"
"249298","2014-05-28","5","28","2014"
"249299","2014-05-29","5","29","2014"
"249300","2014-05-30","5","30","2014"
"249301","2014-05-31","5","31","2014"
"249371","2014-06-01","6","1","2014"
"249372","2014-06-02","6","2","2014"
"249373","2014-06-03","6","3","2014"
"249374","2014-06-04","6","4","2014"
"249375","2014-06-05","6","5","2014"
"249376","2014-06-06","6","6","2014"
"249377","2014-06-07","6","7","2014"
"249378","2014-06-08","6","8","2014"
"249379","2014-06-09","6","9","2014"
"249380","2014-06-10","6","10","2014"
"249381","2014-06-11","6","11","2014"
"249382","2014-06-12","6","12","2014"
"249383","2014-06-13","6","13","2014"
"249384","2014-06-14","6","14","2014"
"249385","2014-06-15","6","15","2014"
"249386","2014-06-16","6","16","2014"
"249387","2014-06-17","6","17","2014"
"249388","2014-06-18","6","18","2014"
"249389","2014-06-19","6","19","2014"
"249390","2014-06-20","6","20","2014"
"249391","2014-06-21","6","21","2014"
"249392","2014-06-22","6","22","2014"
"249393","2014-06-23","6","23","2014"
"249394","2014-06-24","6","24","2014"
"249395","2014-06-25","6","25","2014"
"249396","2014-06-26","6","26","2014"
"249397","2014-06-27","6","27","2014"
"249398","2014-06-28","6","28","2014"
"249399","2014-06-29","6","29","2014"
"249400","2014-06-30","6","30","2014"
"249471","2014-07-01","7","1","2014"
"249472","2014-07-02","7","2","2014"
"249473","2014-07-03","7","3","2014"
"249474","2014-07-04","7","4","2014"
"249475","2014-07-05","7","5","2014"
"249476","2014-07-06","7","6","2014"
"249477","2014-07-07","7","7","2014"
"249478","2014-07-08","7","8","2014"
"249479","2014-07-09","7","9","2014"
"249480","2014-07-10","7","10","2014"
"249481","2014-07-11","7","11","2014"
"249482","2014-07-12","7","12","2014"
"249483","2014-07-13","7","13","2014"
"249484","2014-07-14","7","14","2014"
"249485","2014-07-15","7","15","2014"
"249486","2014-07-16","7","16","2014"
"249487","2014-07-17","7","17","2014"
"249488","2014-07-18","7","18","2014"
"249489","2014-07-19","7","19","2014"
"249490","2014-07-20","7","20","2014"
"249491","2014-07-21","7","21","2014"
"249492","2014-07-22","7","22","2014"
"249493","2014-07-23","7","23","2014"
"249494","2014-07-24","7","24","2014"
"249495","2014-07-25","7","25","2014"
"249496","2014-07-26","7","26","2014"
"249497","2014-07-27","7","27","2014"
"249498","2014-07-28","7","28","2014"
"249499","2014-07-29","7","29","2014"
"249500","2014-07-30","7","30","2014"
"249501","2014-07-31","7","31","2014"
"249571","2014-08-01","8","1","2014"
"249572","2014-08-02","8","2","2014"
"249573","2014-08-03","8","3","2014"
"249574","2014-08-04","8","4","2014"
"249575","2014-08-05","8","5","2014"
"249576","2014-08-06","8","6","2014"
"249577","2014-08-07","8","7","2014"
"249578","2014-08-08","8","8","2014"
"249579","2014-08-09","8","9","2014"
"249580","2014-08-10","8","10","2014"
"249581","2014-08-11","8","11","2014"
"249582","2014-08-12","8","12","2014"
"249583","2014-08-13","8","13","2014"
"249584","2014-08-14","8","14","2014"
"249585","2014-08-15","8","15","2014"
"249586","2014-08-16","8","16","2014"
"249587","2014-08-17","8","17","2014"
"249588","2014-08-18","8","18","2014"
"249589","2014-08-19","8","19","2014"
"249590","2014-08-20","8","20","2014"
"249591","2014-08-21","8","21","2014"
"249592","2014-08-22","8","22","2014"
"249593","2014-08-23","8","23","2014"
"249594","2014-08-24","8","24","2014"
"249595","2014-08-25","8","25","2014"
"249596","2014-08-26","8","26","2014"
"249597","2014-08-27","8","27","2014"
"249598","2014-08-28","8","28","2014"
"249599","2014-08-29","8","29","2014"
"249600","2014-08-30","8","30","2014"
"249601","2014-08-31","8","31","2014"
"249671","2014-09-01","9","1","2014"
"249672","2014-09-02","9","2","2014"
"249673","2014-09-03","9","3","2014"
"249674","2014-09-04","9","4","2014"
"249675","2014-09-05","9","5","2014"
"249676","2014-09-06","9","6","2014"
"249677","2014-09-07","9","7","2014"
"249678","2014-09-08","9","8","2014"
"249679","2014-09-09","9","9","2014"
"249680","2014-09-10","9","10","2014"
"249681","2014-09-11","9","11","2014"
"249682","2014-09-12","9","12","2014"
"249683","2014-09-13","9","13","2014"
"249684","2014-09-14","9","14","2014"
"249685","2014-09-15","9","15","2014"
"249686","2014-09-16","9","16","2014"
"249687","2014-09-17","9","17","2014"
"249688","2014-09-18","9","18","2014"
"249689","2014-09-19","9","19","2014"
"249690","2014-09-20","9","20","2014"
"249691","2014-09-21","9","21","2014"
"249692","2014-09-22","9","22","2014"
"249693","2014-09-23","9","23","2014"
"249694","2014-09-24","9","24","2014"
"249695","2014-09-25","9","25","2014"
"249696","2014-09-26","9","26","2014"
"249697","2014-09-27","9","27","2014"
"249698","2014-09-28","9","28","2014"
"249699","2014-09-29","9","29","2014"
"249700","2014-09-30","9","30","2014"
"249771","2014-10-01","10","1","2014"
"249772","2014-10-02","10","2","2014"
"249773","2014-10-03","10","3","2014"
"249774","2014-10-04","10","4","2014"
"249775","2014-10-05","10","5","2014"
"249776","2014-10-06","10","6","2014"
"249777","2014-10-07","10","7","2014"
"249778","2014-10-08","10","8","2014"
"249779","2014-10-09","10","9","2014"
"249780","2014-10-10","10","10","2014"
"249781","2014-10-11","10","11","2014"
"249782","2014-10-12","10","12","2014"
"249783","2014-10-13","10","13","2014"
"249784","2014-10-14","10","14","2014"
"249785","2014-10-15","10","15","2014"
"249786","2014-10-16","10","16","2014"
"249787","2014-10-17","10","17","2014"
"249788","2014-10-18","10","18","2014"
"249789","2014-10-19","10","19","2014"
"249790","2014-10-20","10","20","2014"
"249791","2014-10-21","10","21","2014"
"249792","2014-10-22","10","22","2014"
"249793","2014-10-23","10","23","2014"
"249794","2014-10-24","10","24","2014"
"249795","2014-10-25","10","25","2014"
"249796","2014-10-26","10","26","2014"
"249797","2014-10-27","10","27","2014"
"249798","2014-10-28","10","28","2014"
"249799","2014-10-29","10","29","2014"
"249800","2014-10-30","10","30","2014"
"249801","2014-10-31","10","31","2014"
"249871","2014-11-01","11","1","2014"
"249872","2014-11-02","11","2","2014"
"249873","2014-11-03","11","3","2014"
"249874","2014-11-04","11","4","2014"
"249875","2014-11-05","11","5","2014"
"249876","2014-11-06","11","6","2014"
"249877","2014-11-07","11","7","2014"
"249878","2014-11-08","11","8","2014"
"249879","2014-11-09","11","9","2014"
"249880","2014-11-10","11","10","2014"
"249881","2014-11-11","11","11","2014"
"249882","2014-11-12","11","12","2014"
"249883","2014-11-13","11","13","2014"
"249884","2014-11-14","11","14","2014"
"249885","2014-11-15","11","15","2014"
"249886","2014-11-16","11","16","2014"
"249887","2014-11-17","11","17","2014"
"249888","2014-11-18","11","18","2014"
"249889","2014-11-19","11","19","2014"
"249890","2014-11-20","11","20","2014"
"249891","2014-11-21","11","21","2014"
"249892","2014-11-22","11","22","2014"
"249893","2014-11-23","11","23","2014"
"249894","2014-11-24","11","24","2014"
"249895","2014-11-25","11","25","2014"
"249896","2014-11-26","11","26","2014"
"249897","2014-11-27","11","27","2014"
"249898","2014-11-28","11","28","2014"
"249899","2014-11-29","11","29","2014"
"249900","2014-11-30","11","30","2014"
"249971","2014-12-01","12","1","2014"
"249972","2014-12-02","12","2","2014"
"249973","2014-12-03","12","3","2014"
"249974","2014-12-04","12","4","2014"
"249975","2014-12-05","12","5","2014"
"249976","2014-12-06","12","6","2014"
"249977","2014-12-07","12","7","2014"
"249978","2014-12-08","12","8","2014"
"249979","2014-12-09","12","9","2014"
"249980","2014-12-10","12","10","2014"
"249981","2014-12-11","12","11","2014"
"249982","2014-12-12","12","12","2014"
"249983","2014-12-13","12","13","2014"
"249984","2014-12-14","12","14","2014"
"249985","2014-12-15","12","15","2014"
"249986","2014-12-16","12","16","2014"
"249987","2014-12-17","12","17","2014"
"249988","2014-12-18","12","18","2014"
"249989","2014-12-19","12","19","2014"
"249990","2014-12-20","12","20","2014"
"249991","2014-12-21","12","21","2014"
"249992","2014-12-22","12","22","2014"
"249993","2014-12-23","12","23","2014"
"249994","2014-12-24","12","24","2014"
"249995","2014-12-25","12","25","2014"
"249996","2014-12-26","12","26","2014"
"249997","2014-12-27","12","27","2014"
"249998","2014-12-28","12","28","2014"
"249999","2014-12-29","12","29","2014"
"250000","2014-12-30","12","30","2014"
"250001","2014-12-31","12","31","2014"
"258871","2015-01-01","1","1","2015"
"258872","2015-01-02","1","2","2015"
"258873","2015-01-03","1","3","2015"
"258874","2015-01-04","1","4","2015"
"258875","2015-01-05","1","5","2015"
"258876","2015-01-06","1","6","2015"
"258877","2015-01-07","1","7","2015"
"258878","2015-01-08","1","8","2015"
"258879","2015-01-09","1","9","2015"
"258880","2015-01-10","1","10","2015"
"258881","2015-01-11","1","11","2015"
"258882","2015-01-12","1","12","2015"
"258883","2015-01-13","1","13","2015"
"258884","2015-01-14","1","14","2015"
"258885","2015-01-15","1","15","2015"
"258886","2015-01-16","1","16","2015"
"258887","2015-01-17","1","17","2015"
"258888","2015-01-18","1","18","2015"
"258889","2015-01-19","1","19","2015"
"258890","2015-01-20","1","20","2015"
"258891","2015-01-21","1","21","2015"
"258892","2015-01-22","1","22","2015"
"258893","2015-01-23","1","23","2015"
"258894","2015-01-24","1","24","2015"
"258895","2015-01-25","1","25","2015"
"258896","2015-01-26","1","26","2015"
"258897","2015-01-27","1","27","2015"
"258898","2015-01-28","1","28","2015"
"258899","2015-01-29","1","29","2015"
"258900","2015-01-30","1","30","2015"
"258901","2015-01-31","1","31","2015"
"258971","2015-02-01","2","1","2015"
"258972","2015-02-02","2","2","2015"
"258973","2015-02-03","2","3","2015"
"258974","2015-02-04","2","4","2015"
"258975","2015-02-05","2","5","2015"
"258976","2015-02-06","2","6","2015"
"258977","2015-02-07","2","7","2015"
"258978","2015-02-08","2","8","2015"
"258979","2015-02-09","2","9","2015"
"258980","2015-02-10","2","10","2015"
"258981","2015-02-11","2","11","2015"
"258982","2015-02-12","2","12","2015"
"258983","2015-02-13","2","13","2015"
"258984","2015-02-14","2","14","2015"
"258985","2015-02-15","2","15","2015"
"258986","2015-02-16","2","16","2015"
"258987","2015-02-17","2","17","2015"
"258988","2015-02-18","2","18","2015"
"258989","2015-02-19","2","19","2015"
"258990","2015-02-20","2","20","2015"
"258991","2015-02-21","2","21","2015"
"258992","2015-02-22","2","22","2015"
"258993","2015-02-23","2","23","2015"
"258994","2015-02-24","2","24","2015"
"258995","2015-02-25","2","25","2015"
"258996","2015-02-26","2","26","2015"
"258997","2015-02-27","2","27","2015"
"258998","2015-02-28","2","28","2015"
"259071","2015-03-01","3","1","2015"
"259072","2015-03-02","3","2","2015"
"259073","2015-03-03","3","3","2015"
"259074","2015-03-04","3","4","2015"
"259075","2015-03-05","3","5","2015"
"259076","2015-03-06","3","6","2015"
"259077","2015-03-07","3","7","2015"
"259078","2015-03-08","3","8","2015"
"259079","2015-03-09","3","9","2015"
"259080","2015-03-10","3","10","2015"
"259081","2015-03-11","3","11","2015"
"259082","2015-03-12","3","12","2015"
"259083","2015-03-13","3","13","2015"
"259084","2015-03-14","3","14","2015"
"259085","2015-03-15","3","15","2015"
"259086","2015-03-16","3","16","2015"
"259087","2015-03-17","3","17","2015"
"259088","2015-03-18","3","18","2015"
"259089","2015-03-19","3","19","2015"
"259090","2015-03-20","3","20","2015"
"259091","2015-03-21","3","21","2015"
"259092","2015-03-22","3","22","2015"
"259093","2015-03-23","3","23","2015"
"259094","2015-03-24","3","24","2015"
"259095","2015-03-25","3","25","2015"
"259096","2015-03-26","3","26","2015"
"259097","2015-03-27","3","27","2015"
"259098","2015-03-28","3","28","2015"
"259099","2015-03-29","3","29","2015"
"259100","2015-03-30","3","30","2015"
"259101","2015-03-31","3","31","2015"
"259171","2015-04-01","4","1","2015"
"259172","2015-04-02","4","2","2015"
"259173","2015-04-03","4","3","2015"
"259174","2015-04-04","4","4","2015"
"259175","2015-04-05","4","5","2015"
"259176","2015-04-06","4","6","2015"
"259177","2015-04-07","4","7","2015"
"259178","2015-04-08","4","8","2015"
"259179","2015-04-09","4","9","2015"
"259180","2015-04-10","4","10","2015"
"259181","2015-04-11","4","11","2015"
"259182","2015-04-12","4","12","2015"
"259183","2015-04-13","4","13","2015"
"259184","2015-04-14","4","14","2015"
"259185","2015-04-15","4","15","2015"
"259186","2015-04-16","4","16","2015"
"259187","2015-04-17","4","17","2015"
"259188","2015-04-18","4","18","2015"
"259189","2015-04-19","4","19","2015"
"259190","2015-04-20","4","20","2015"
"259191","2015-04-21","4","21","2015"
"259192","2015-04-22","4","22","2015"
"259193","2015-04-23","4","23","2015"
"259194","2015-04-24","4","24","2015"
"259195","2015-04-25","4","25","2015"
"259196","2015-04-26","4","26","2015"
"259197","2015-04-27","4","27","2015"
"259198","2015-04-28","4","28","2015"
"259199","2015-04-29","4","29","2015"
"259200","2015-04-30","4","30","2015"
"259271","2015-05-01","5","1","2015"
"259272","2015-05-02","5","2","2015"
"259273","2015-05-03","5","3","2015"
"259274","2015-05-04","5","4","2015"
"259275","2015-05-05","5","5","2015"
"259276","2015-05-06","5","6","2015"
"259277","2015-05-07","5","7","2015"
"259278","2015-05-08","5","8","2015"
"259279","2015-05-09","5","9","2015"
"259280","2015-05-10","5","10","2015"
"259281","2015-05-11","5","11","2015"
"259282","2015-05-12","5","12","2015"
"259283","2015-05-13","5","13","2015"
"259284","2015-05-14","5","14","2015"
"259285","2015-05-15","5","15","2015"
"259286","2015-05-16","5","16","2015"
"259287","2015-05-17","5","17","2015"
"259288","2015-05-18","5","18","2015"
"259289","2015-05-19","5","19","2015"
"259290","2015-05-20","5","20","2015"
"259291","2015-05-21","5","21","2015"
"259292","2015-05-22","5","22","2015"
"259293","2015-05-23","5","23","2015"
"259294","2015-05-24","5","24","2015"
"259295","2015-05-25","5","25","2015"
"259296","2015-05-26","5","26","2015"
"259297","2015-05-27","5","27","2015"
"259298","2015-05-28","5","28","2015"
"259299","2015-05-29","5","29","2015"
"259300","2015-05-30","5","30","2015"
"259301","2015-05-31","5","31","2015"
"259371","2015-06-01","6","1","2015"
"259372","2015-06-02","6","2","2015"
"259373","2015-06-03","6","3","2015"
"259374","2015-06-04","6","4","2015"
"259375","2015-06-05","6","5","2015"
"259376","2015-06-06","6","6","2015"
"259377","2015-06-07","6","7","2015"
"259378","2015-06-08","6","8","2015"
"259379","2015-06-09","6","9","2015"
"259380","2015-06-10","6","10","2015"
"259381","2015-06-11","6","11","2015"
"259382","2015-06-12","6","12","2015"
"259383","2015-06-13","6","13","2015"
"259384","2015-06-14","6","14","2015"
"259385","2015-06-15","6","15","2015"
"259386","2015-06-16","6","16","2015"
"259387","2015-06-17","6","17","2015"
"259388","2015-06-18","6","18","2015"
"259389","2015-06-19","6","19","2015"
"259390","2015-06-20","6","20","2015"
"259391","2015-06-21","6","21","2015"
"259392","2015-06-22","6","22","2015"
"259393","2015-06-23","6","23","2015"
"259394","2015-06-24","6","24","2015"
"259395","2015-06-25","6","25","2015"
"259396","2015-06-26","6","26","2015"
"259397","2015-06-27","6","27","2015"
"259398","2015-06-28","6","28","2015"
"259399","2015-06-29","6","29","2015"
"259400","2015-06-30","6","30","2015"
"259471","2015-07-01","7","1","2015"
"259472","2015-07-02","7","2","2015"
"259473","2015-07-03","7","3","2015"
"259474","2015-07-04","7","4","2015"
"259475","2015-07-05","7","5","2015"
"259476","2015-07-06","7","6","2015"
"259477","2015-07-07","7","7","2015"
"259478","2015-07-08","7","8","2015"
"259479","2015-07-09","7","9","2015"
"259480","2015-07-10","7","10","2015"
"259481","2015-07-11","7","11","2015"
"259482","2015-07-12","7","12","2015"
"259483","2015-07-13","7","13","2015"
"259484","2015-07-14","7","14","2015"
"259485","2015-07-15","7","15","2015"
"259486","2015-07-16","7","16","2015"
"259487","2015-07-17","7","17","2015"
"259488","2015-07-18","7","18","2015"
"259489","2015-07-19","7","19","2015"
"259490","2015-07-20","7","20","2015"
"259491","2015-07-21","7","21","2015"
"259492","2015-07-22","7","22","2015"
"259493","2015-07-23","7","23","2015"
"259494","2015-07-24","7","24","2015"
"259495","2015-07-25","7","25","2015"
"259496","2015-07-26","7","26","2015"
"259497","2015-07-27","7","27","2015"
"259498","2015-07-28","7","28","2015"
"259499","2015-07-29","7","29","2015"
"259500","2015-07-30","7","30","2015"
"259501","2015-07-31","7","31","2015"
"259571","2015-08-01","8","1","2015"
"259572","2015-08-02","8","2","2015"
"259573","2015-08-03","8","3","2015"
"259574","2015-08-04","8","4","2015"
"259575","2015-08-05","8","5","2015"
"259576","2015-08-06","8","6","2015"
"259577","2015-08-07","8","7","2015"
"259578","2015-08-08","8","8","2015"
"259579","2015-08-09","8","9","2015"
"259580","2015-08-10","8","10","2015"
"259581","2015-08-11","8","11","2015"
"259582","2015-08-12","8","12","2015"
"259583","2015-08-13","8","13","2015"
"259584","2015-08-14","8","14","2015"
"259585","2015-08-15","8","15","2015"
"259586","2015-08-16","8","16","2015"
"259587","2015-08-17","8","17","2015"
"259588","2015-08-18","8","18","2015"
"259589","2015-08-19","8","19","2015"
"259590","2015-08-20","8","20","2015"
"259591","2015-08-21","8","21","2015"
"259592","2015-08-22","8","22","2015"
"259593","2015-08-23","8","23","2015"
"259594","2015-08-24","8","24","2015"
"259595","2015-08-25","8","25","2015"
"259596","2015-08-26","8","26","2015"
"259597","2015-08-27","8","27","2015"
"259598","2015-08-28","8","28","2015"
"259599","2015-08-29","8","29","2015"
"259600","2015-08-30","8","30","2015"
"259601","2015-08-31","8","31","2015"
"259671","2015-09-01","9","1","2015"
"259672","2015-09-02","9","2","2015"
"259673","2015-09-03","9","3","2015"
"259674","2015-09-04","9","4","2015"
"259675","2015-09-05","9","5","2015"
"259676","2015-09-06","9","6","2015"
"259677","2015-09-07","9","7","2015"
"259678","2015-09-08","9","8","2015"
"259679","2015-09-09","9","9","2015"
"259680","2015-09-10","9","10","2015"
"259681","2015-09-11","9","11","2015"
"259682","2015-09-12","9","12","2015"
"259683","2015-09-13","9","13","2015"
"259684","2015-09-14","9","14","2015"
"259685","2015-09-15","9","15","2015"
"259686","2015-09-16","9","16","2015"
"259687","2015-09-17","9","17","2015"
"259688","2015-09-18","9","18","2015"
"259689","2015-09-19","9","19","2015"
"259690","2015-09-20","9","20","2015"
"259691","2015-09-21","9","21","2015"
"259692","2015-09-22","9","22","2015"
"259693","2015-09-23","9","23","2015"
"259694","2015-09-24","9","24","2015"
"259695","2015-09-25","9","25","2015"
"259696","2015-09-26","9","26","2015"
"259697","2015-09-27","9","27","2015"
"259698","2015-09-28","9","28","2015"
"259699","2015-09-29","9","29","2015"
"259700","2015-09-30","9","30","2015"
"259771","2015-10-01","10","1","2015"
"259772","2015-10-02","10","2","2015"
"259773","2015-10-03","10","3","2015"
"259774","2015-10-04","10","4","2015"
"259775","2015-10-05","10","5","2015"
"259776","2015-10-06","10","6","2015"
"259777","2015-10-07","10","7","2015"
"259778","2015-10-08","10","8","2015"
"259779","2015-10-09","10","9","2015"
"259780","2015-10-10","10","10","2015"
"259781","2015-10-11","10","11","2015"
"259782","2015-10-12","10","12","2015"
"259783","2015-10-13","10","13","2015"
"259784","2015-10-14","10","14","2015"
"259785","2015-10-15","10","15","2015"
"259786","2015-10-16","10","16","2015"
"259787","2015-10-17","10","17","2015"
"259788","2015-10-18","10","18","2015"
"259789","2015-10-19","10","19","2015"
"259790","2015-10-20","10","20","2015"
"259791","2015-10-21","10","21","2015"
"259792","2015-10-22","10","22","2015"
"259793","2015-10-23","10","23","2015"
"259794","2015-10-24","10","24","2015"
"259795","2015-10-25","10","25","2015"
"259796","2015-10-26","10","26","2015"
"259797","2015-10-27","10","27","2015"
"259798","2015-10-28","10","28","2015"
"259799","2015-10-29","10","29","2015"
"259800","2015-10-30","10","30","2015"
"259801","2015-10-31","10","31","2015"
"259871","2015-11-01","11","1","2015"
"259872","2015-11-02","11","2","2015"
"259873","2015-11-03","11","3","2015"
"259874","2015-11-04","11","4","2015"
"259875","2015-11-05","11","5","2015"
"259876","2015-11-06","11","6","2015"
"259877","2015-11-07","11","7","2015"
"259878","2015-11-08","11","8","2015"
"259879","2015-11-09","11","9","2015"
"259880","2015-11-10","11","10","2015"
"259881","2015-11-11","11","11","2015"
"259882","2015-11-12","11","12","2015"
"259883","2015-11-13","11","13","2015"
"259884","2015-11-14","11","14","2015"
"259885","2015-11-15","11","15","2015"
"259886","2015-11-16","11","16","2015"
"259887","2015-11-17","11","17","2015"
"259888","2015-11-18","11","18","2015"
"259889","2015-11-19","11","19","2015"
"259890","2015-11-20","11","20","2015"
"259891","2015-11-21","11","21","2015"
"259892","2015-11-22","11","22","2015"
"259893","2015-11-23","11","23","2015"
"259894","2015-11-24","11","24","2015"
"259895","2015-11-25","11","25","2015"
"259896","2015-11-26","11","26","2015"
"259897","2015-11-27","11","27","2015"
"259898","2015-11-28","11","28","2015"
"259899","2015-11-29","11","29","2015"
"259900","2015-11-30","11","30","2015"
"259971","2015-12-01","12","1","2015"
"259972","2015-12-02","12","2","2015"
"259973","2015-12-03","12","3","2015"
"259974","2015-12-04","12","4","2015"
"259975","2015-12-05","12","5","2015"
"259976","2015-12-06","12","6","2015"
"259977","2015-12-07","12","7","2015"
"259978","2015-12-08","12","8","2015"
"259979","2015-12-09","12","9","2015"
"259980","2015-12-10","12","10","2015"
"259981","2015-12-11","12","11","2015"
"259982","2015-12-12","12","12","2015"
"259983","2015-12-13","12","13","2015"
"259984","2015-12-14","12","14","2015"
"259985","2015-12-15","12","15","2015"
"259986","2015-12-16","12","16","2015"
"259987","2015-12-17","12","17","2015"
"259988","2015-12-18","12","18","2015"
"259989","2015-12-19","12","19","2015"
"259990","2015-12-20","12","20","2015"
"259991","2015-12-21","12","21","2015"
"259992","2015-12-22","12","22","2015"
"259993","2015-12-23","12","23","2015"
"259994","2015-12-24","12","24","2015"
"259995","2015-12-25","12","25","2015"
"259996","2015-12-26","12","26","2015"
"259997","2015-12-27","12","27","2015"
"259998","2015-12-28","12","28","2015"
"259999","2015-12-29","12","29","2015"
"260000","2015-12-30","12","30","2015"
"260001","2015-12-31","12","31","2015"
"268871","2016-01-01","1","1","2016"
"268872","2016-01-02","1","2","2016"
"268873","2016-01-03","1","3","2016"
"268874","2016-01-04","1","4","2016"
"268875","2016-01-05","1","5","2016"
"268876","2016-01-06","1","6","2016"
"268877","2016-01-07","1","7","2016"
"268878","2016-01-08","1","8","2016"
"268879","2016-01-09","1","9","2016"
"268880","2016-01-10","1","10","2016"
"268881","2016-01-11","1","11","2016"
"268882","2016-01-12","1","12","2016"
"268883","2016-01-13","1","13","2016"
"268884","2016-01-14","1","14","2016"
"268885","2016-01-15","1","15","2016"
"268886","2016-01-16","1","16","2016"
"268887","2016-01-17","1","17","2016"
"268888","2016-01-18","1","18","2016"
"268889","2016-01-19","1","19","2016"
"268890","2016-01-20","1","20","2016"
"268891","2016-01-21","1","21","2016"
"268892","2016-01-22","1","22","2016"
"268893","2016-01-23","1","23","2016"
"268894","2016-01-24","1","24","2016"
"268895","2016-01-25","1","25","2016"
"268896","2016-01-26","1","26","2016"
"268897","2016-01-27","1","27","2016"
"268898","2016-01-28","1","28","2016"
"268899","2016-01-29","1","29","2016"
"268900","2016-01-30","1","30","2016"
"268901","2016-01-31","1","31","2016"
"268971","2016-02-01","2","1","2016"
"268972","2016-02-02","2","2","2016"
"268973","2016-02-03","2","3","2016"
"268974","2016-02-04","2","4","2016"
"268975","2016-02-05","2","5","2016"
"268976","2016-02-06","2","6","2016"
"268977","2016-02-07","2","7","2016"
"268978","2016-02-08","2","8","2016"
"268979","2016-02-09","2","9","2016"
"268980","2016-02-10","2","10","2016"
"268981","2016-02-11","2","11","2016"
"268982","2016-02-12","2","12","2016"
"268983","2016-02-13","2","13","2016"
"268984","2016-02-14","2","14","2016"
"268985","2016-02-15","2","15","2016"
"268986","2016-02-16","2","16","2016"
"268987","2016-02-17","2","17","2016"
"268988","2016-02-18","2","18","2016"
"268989","2016-02-19","2","19","2016"
"268990","2016-02-20","2","20","2016"
"268991","2016-02-21","2","21","2016"
"268992","2016-02-22","2","22","2016"
"268993","2016-02-23","2","23","2016"
"268994","2016-02-24","2","24","2016"
"268995","2016-02-25","2","25","2016"
"268996","2016-02-26","2","26","2016"
"268997","2016-02-27","2","27","2016"
"268998","2016-02-28","2","28","2016"
"268999","2016-02-29","2","29","2016"
"269071","2016-03-01","3","1","2016"
"269072","2016-03-02","3","2","2016"
"269073","2016-03-03","3","3","2016"
"269074","2016-03-04","3","4","2016"
"269075","2016-03-05","3","5","2016"
"269076","2016-03-06","3","6","2016"
"269077","2016-03-07","3","7","2016"
"269078","2016-03-08","3","8","2016"
"269079","2016-03-09","3","9","2016"
"269080","2016-03-10","3","10","2016"
"269081","2016-03-11","3","11","2016"
"269082","2016-03-12","3","12","2016"
"269083","2016-03-13","3","13","2016"
"269084","2016-03-14","3","14","2016"
"269085","2016-03-15","3","15","2016"
"269086","2016-03-16","3","16","2016"
"269087","2016-03-17","3","17","2016"
"269088","2016-03-18","3","18","2016"
"269089","2016-03-19","3","19","2016"
"269090","2016-03-20","3","20","2016"
"269091","2016-03-21","3","21","2016"
"269092","2016-03-22","3","22","2016"
"269093","2016-03-23","3","23","2016"
"269094","2016-03-24","3","24","2016"
"269095","2016-03-25","3","25","2016"
"269096","2016-03-26","3","26","2016"
"269097","2016-03-27","3","27","2016"
"269098","2016-03-28","3","28","2016"
"269099","2016-03-29","3","29","2016"
"269100","2016-03-30","3","30","2016"
"269101","2016-03-31","3","31","2016"
"269171","2016-04-01","4","1","2016"
"269172","2016-04-02","4","2","2016"
"269173","2016-04-03","4","3","2016"
"269174","2016-04-04","4","4","2016"
"269175","2016-04-05","4","5","2016"
"269176","2016-04-06","4","6","2016"
"269177","2016-04-07","4","7","2016"
"269178","2016-04-08","4","8","2016"
"269179","2016-04-09","4","9","2016"
"269180","2016-04-10","4","10","2016"
"269181","2016-04-11","4","11","2016"
"269182","2016-04-12","4","12","2016"
"269183","2016-04-13","4","13","2016"
"269184","2016-04-14","4","14","2016"
"269185","2016-04-15","4","15","2016"
"269186","2016-04-16","4","16","2016"
"269187","2016-04-17","4","17","2016"
"269188","2016-04-18","4","18","2016"
"269189","2016-04-19","4","19","2016"
"269190","2016-04-20","4","20","2016"
"269191","2016-04-21","4","21","2016"
"269192","2016-04-22","4","22","2016"
"269193","2016-04-23","4","23","2016"
"269194","2016-04-24","4","24","2016"
"269195","2016-04-25","4","25","2016"
"269196","2016-04-26","4","26","2016"
"269197","2016-04-27","4","27","2016"
"269198","2016-04-28","4","28","2016"
"269199","2016-04-29","4","29","2016"
"269200","2016-04-30","4","30","2016"
"269271","2016-05-01","5","1","2016"
"269272","2016-05-02","5","2","2016"
"269273","2016-05-03","5","3","2016"
"269274","2016-05-04","5","4","2016"
"269275","2016-05-05","5","5","2016"
"269276","2016-05-06","5","6","2016"
"269277","2016-05-07","5","7","2016"
"269278","2016-05-08","5","8","2016"
"269279","2016-05-09","5","9","2016"
"269280","2016-05-10","5","10","2016"
"269281","2016-05-11","5","11","2016"
"269282","2016-05-12","5","12","2016"
"269283","2016-05-13","5","13","2016"
"269284","2016-05-14","5","14","2016"
"269285","2016-05-15","5","15","2016"
"269286","2016-05-16","5","16","2016"
"269287","2016-05-17","5","17","2016"
"269288","2016-05-18","5","18","2016"
"269289","2016-05-19","5","19","2016"
"269290","2016-05-20","5","20","2016"
"269291","2016-05-21","5","21","2016"
"269292","2016-05-22","5","22","2016"
"269293","2016-05-23","5","23","2016"
"269294","2016-05-24","5","24","2016"
"269295","2016-05-25","5","25","2016"
"269296","2016-05-26","5","26","2016"
"269297","2016-05-27","5","27","2016"
"269298","2016-05-28","5","28","2016"
"269299","2016-05-29","5","29","2016"
"269300","2016-05-30","5","30","2016"
"269301","2016-05-31","5","31","2016"
"269371","2016-06-01","6","1","2016"
"269372","2016-06-02","6","2","2016"
"269373","2016-06-03","6","3","2016"
"269374","2016-06-04","6","4","2016"
"269375","2016-06-05","6","5","2016"
"269376","2016-06-06","6","6","2016"
"269377","2016-06-07","6","7","2016"
"269378","2016-06-08","6","8","2016"
"269379","2016-06-09","6","9","2016"
"269380","2016-06-10","6","10","2016"
"269381","2016-06-11","6","11","2016"
"269382","2016-06-12","6","12","2016"
"269383","2016-06-13","6","13","2016"
"269384","2016-06-14","6","14","2016"
"269385","2016-06-15","6","15","2016"
"269386","2016-06-16","6","16","2016"
"269387","2016-06-17","6","17","2016"
"269388","2016-06-18","6","18","2016"
"269389","2016-06-19","6","19","2016"
"269390","2016-06-20","6","20","2016"
"269391","2016-06-21","6","21","2016"
"269392","2016-06-22","6","22","2016"
"269393","2016-06-23","6","23","2016"
"269394","2016-06-24","6","24","2016"
"269395","2016-06-25","6","25","2016"
"269396","2016-06-26","6","26","2016"
"269397","2016-06-27","6","27","2016"
"269398","2016-06-28","6","28","2016"
"269399","2016-06-29","6","29","2016"
"269400","2016-06-30","6","30","2016"
"269471","2016-07-01","7","1","2016"
"269472","2016-07-02","7","2","2016"
"269473","2016-07-03","7","3","2016"
"269474","2016-07-04","7","4","2016"
"269475","2016-07-05","7","5","2016"
"269476","2016-07-06","7","6","2016"
"269477","2016-07-07","7","7","2016"
"269478","2016-07-08","7","8","2016"
"269479","2016-07-09","7","9","2016"
"269480","2016-07-10","7","10","2016"
"269481","2016-07-11","7","11","2016"
"269482","2016-07-12","7","12","2016"
"269483","2016-07-13","7","13","2016"
"269484","2016-07-14","7","14","2016"
"269485","2016-07-15","7","15","2016"
"269486","2016-07-16","7","16","2016"
"269487","2016-07-17","7","17","2016"
"269488","2016-07-18","7","18","2016"
"269489","2016-07-19","7","19","2016"
"269490","2016-07-20","7","20","2016"
"269491","2016-07-21","7","21","2016"
"269492","2016-07-22","7","22","2016"
"269493","2016-07-23","7","23","2016"
"269494","2016-07-24","7","24","2016"
"269495","2016-07-25","7","25","2016"
"269496","2016-07-26","7","26","2016"
"269497","2016-07-27","7","27","2016"
"269498","2016-07-28","7","28","2016"
"269499","2016-07-29","7","29","2016"
"269500","2016-07-30","7","30","2016"
"269501","2016-07-31","7","31","2016"
"269571","2016-08-01","8","1","2016"
"269572","2016-08-02","8","2","2016"
"269573","2016-08-03","8","3","2016"
"269574","2016-08-04","8","4","2016"
"269575","2016-08-05","8","5","2016"
"269576","2016-08-06","8","6","2016"
"269577","2016-08-07","8","7","2016"
"269578","2016-08-08","8","8","2016"
"269579","2016-08-09","8","9","2016"
"269580","2016-08-10","8","10","2016"
"269581","2016-08-11","8","11","2016"
"269582","2016-08-12","8","12","2016"
"269583","2016-08-13","8","13","2016"
"269584","2016-08-14","8","14","2016"
"269585","2016-08-15","8","15","2016"
"269586","2016-08-16","8","16","2016"
"269587","2016-08-17","8","17","2016"
"269588","2016-08-18","8","18","2016"
"269589","2016-08-19","8","19","2016"
"269590","2016-08-20","8","20","2016"
"269591","2016-08-21","8","21","2016"
"269592","2016-08-22","8","22","2016"
"269593","2016-08-23","8","23","2016"
"269594","2016-08-24","8","24","2016"
"269595","2016-08-25","8","25","2016"
"269596","2016-08-26","8","26","2016"
"269597","2016-08-27","8","27","2016"
"269598","2016-08-28","8","28","2016"
"269599","2016-08-29","8","29","2016"
"269600","2016-08-30","8","30","2016"
"269601","2016-08-31","8","31","2016"
"269671","2016-09-01","9","1","2016"
"269672","2016-09-02","9","2","2016"
"269673","2016-09-03","9","3","2016"
"269674","2016-09-04","9","4","2016"
"269675","2016-09-05","9","5","2016"
"269676","2016-09-06","9","6","2016"
"269677","2016-09-07","9","7","2016"
"269678","2016-09-08","9","8","2016"
"269679","2016-09-09","9","9","2016"
"269680","2016-09-10","9","10","2016"
"269681","2016-09-11","9","11","2016"
"269682","2016-09-12","9","12","2016"
"269683","2016-09-13","9","13","2016"
"269684","2016-09-14","9","14","2016"
"269685","2016-09-15","9","15","2016"
"269686","2016-09-16","9","16","2016"
"269687","2016-09-17","9","17","2016"
"269688","2016-09-18","9","18","2016"
"269689","2016-09-19","9","19","2016"
"269690","2016-09-20","9","20","2016"
"269691","2016-09-21","9","21","2016"
"269692","2016-09-22","9","22","2016"
"269693","2016-09-23","9","23","2016"
"269694","2016-09-24","9","24","2016"
"269695","2016-09-25","9","25","2016"
"269696","2016-09-26","9","26","2016"
"269697","2016-09-27","9","27","2016"
"269698","2016-09-28","9","28","2016"
"269699","2016-09-29","9","29","2016"
"269700","2016-09-30","9","30","2016"
"269771","2016-10-01","10","1","2016"
"269772","2016-10-02","10","2","2016"
"269773","2016-10-03","10","3","2016"
"269774","2016-10-04","10","4","2016"
"269775","2016-10-05","10","5","2016"
"269776","2016-10-06","10","6","2016"
"269777","2016-10-07","10","7","2016"
"269778","2016-10-08","10","8","2016"
"269779","2016-10-09","10","9","2016"
"269780","2016-10-10","10","10","2016"
"269781","2016-10-11","10","11","2016"
"269782","2016-10-12","10","12","2016"
"269783","2016-10-13","10","13","2016"
"269784","2016-10-14","10","14","2016"
"269785","2016-10-15","10","15","2016"
"269786","2016-10-16","10","16","2016"
"269787","2016-10-17","10","17","2016"
"269788","2016-10-18","10","18","2016"
"269789","2016-10-19","10","19","2016"
"269790","2016-10-20","10","20","2016"
"269791","2016-10-21","10","21","2016"
"269792","2016-10-22","10","22","2016"
"269793","2016-10-23","10","23","2016"
"269794","2016-10-24","10","24","2016"
"269795","2016-10-25","10","25","2016"
"269796","2016-10-26","10","26","2016"
"269797","2016-10-27","10","27","2016"
"269798","2016-10-28","10","28","2016"
"269799","2016-10-29","10","29","2016"
"269800","2016-10-30","10","30","2016"
"269801","2016-10-31","10","31","2016"
"269871","2016-11-01","11","1","2016"
"269872","2016-11-02","11","2","2016"
"269873","2016-11-03","11","3","2016"
"269874","2016-11-04","11","4","2016"
"269875","2016-11-05","11","5","2016"
"269876","2016-11-06","11","6","2016"
"269877","2016-11-07","11","7","2016"
"269878","2016-11-08","11","8","2016"
"269879","2016-11-09","11","9","2016"
"269880","2016-11-10","11","10","2016"
"269881","2016-11-11","11","11","2016"
"269882","2016-11-12","11","12","2016"
"269883","2016-11-13","11","13","2016"
"269884","2016-11-14","11","14","2016"
"269885","2016-11-15","11","15","2016"
"269886","2016-11-16","11","16","2016"
"269887","2016-11-17","11","17","2016"
"269888","2016-11-18","11","18","2016"
"269889","2016-11-19","11","19","2016"
"269890","2016-11-20","11","20","2016"
"269891","2016-11-21","11","21","2016"
"269892","2016-11-22","11","22","2016"
"269893","2016-11-23","11","23","2016"
"269894","2016-11-24","11","24","2016"
"269895","2016-11-25","11","25","2016"
"269896","2016-11-26","11","26","2016"
"269897","2016-11-27","11","27","2016"
"269898","2016-11-28","11","28","2016"
"269899","2016-11-29","11","29","2016"
"269900","2016-11-30","11","30","2016"
"269971","2016-12-01","12","1","2016"
"269972","2016-12-02","12","2","2016"
"269973","2016-12-03","12","3","2016"
"269974","2016-12-04","12","4","2016"
"269975","2016-12-05","12","5","2016"
"269976","2016-12-06","12","6","2016"
"269977","2016-12-07","12","7","2016"
"269978","2016-12-08","12","8","2016"
"269979","2016-12-09","12","9","2016"
"269980","2016-12-10","12","10","2016"
"269981","2016-12-11","12","11","2016"
"269982","2016-12-12","12","12","2016"
"269983","2016-12-13","12","13","2016"
"269984","2016-12-14","12","14","2016"
"269985","2016-12-15","12","15","2016"
"269986","2016-12-16","12","16","2016"
"269987","2016-12-17","12","17","2016"
"269988","2016-12-18","12","18","2016"
"269989","2016-12-19","12","19","2016"
"269990","2016-12-20","12","20","2016"
"269991","2016-12-21","12","21","2016"
"269992","2016-12-22","12","22","2016"
"269993","2016-12-23","12","23","2016"
"269994","2016-12-24","12","24","2016"
"269995","2016-12-25","12","25","2016"
"269996","2016-12-26","12","26","2016"
"269997","2016-12-27","12","27","2016"
"269998","2016-12-28","12","28","2016"
"269999","2016-12-29","12","29","2016"
"270000","2016-12-30","12","30","2016"
"270001","2016-12-31","12","31","2016"
"278871","2017-01-01","1","1","2017"
"278872","2017-01-02","1","2","2017"
"278873","2017-01-03","1","3","2017"
"278874","2017-01-04","1","4","2017"
"278875","2017-01-05","1","5","2017"
"278876","2017-01-06","1","6","2017"
"278877","2017-01-07","1","7","2017"
"278878","2017-01-08","1","8","2017"
"278879","2017-01-09","1","9","2017"
"278880","2017-01-10","1","10","2017"
"278881","2017-01-11","1","11","2017"
"278882","2017-01-12","1","12","2017"
"278883","2017-01-13","1","13","2017"
"278884","2017-01-14","1","14","2017"
"278885","2017-01-15","1","15","2017"
"278886","2017-01-16","1","16","2017"
"278887","2017-01-17","1","17","2017"
"278888","2017-01-18","1","18","2017"
"278889","2017-01-19","1","19","2017"
"278890","2017-01-20","1","20","2017"
"278891","2017-01-21","1","21","2017"
"278892","2017-01-22","1","22","2017"
"278893","2017-01-23","1","23","2017"
"278894","2017-01-24","1","24","2017"
"278895","2017-01-25","1","25","2017"
"278896","2017-01-26","1","26","2017"
"278897","2017-01-27","1","27","2017"
"278898","2017-01-28","1","28","2017"
"278899","2017-01-29","1","29","2017"
"278900","2017-01-30","1","30","2017"
"278901","2017-01-31","1","31","2017"
"278971","2017-02-01","2","1","2017"
"278972","2017-02-02","2","2","2017"
"278973","2017-02-03","2","3","2017"
"278974","2017-02-04","2","4","2017"
"278975","2017-02-05","2","5","2017"
"278976","2017-02-06","2","6","2017"
"278977","2017-02-07","2","7","2017"
"278978","2017-02-08","2","8","2017"
"278979","2017-02-09","2","9","2017"
"278980","2017-02-10","2","10","2017"
"278981","2017-02-11","2","11","2017"
"278982","2017-02-12","2","12","2017"
"278983","2017-02-13","2","13","2017"
"278984","2017-02-14","2","14","2017"
"278985","2017-02-15","2","15","2017"
"278986","2017-02-16","2","16","2017"
"278987","2017-02-17","2","17","2017"
"278988","2017-02-18","2","18","2017"
"278989","2017-02-19","2","19","2017"
"278990","2017-02-20","2","20","2017"
"278991","2017-02-21","2","21","2017"
"278992","2017-02-22","2","22","2017"
"278993","2017-02-23","2","23","2017"
"278994","2017-02-24","2","24","2017"
"278995","2017-02-25","2","25","2017"
"278996","2017-02-26","2","26","2017"
"278997","2017-02-27","2","27","2017"
"278998","2017-02-28","2","28","2017"
"279071","2017-03-01","3","1","2017"
"279072","2017-03-02","3","2","2017"
"279073","2017-03-03","3","3","2017"
"279074","2017-03-04","3","4","2017"
"279075","2017-03-05","3","5","2017"
"279076","2017-03-06","3","6","2017"
"279077","2017-03-07","3","7","2017"
"279078","2017-03-08","3","8","2017"
"279079","2017-03-09","3","9","2017"
"279080","2017-03-10","3","10","2017"
"279081","2017-03-11","3","11","2017"
"279082","2017-03-12","3","12","2017"
"279083","2017-03-13","3","13","2017"
"279084","2017-03-14","3","14","2017"
"279085","2017-03-15","3","15","2017"
"279086","2017-03-16","3","16","2017"
"279087","2017-03-17","3","17","2017"
"279088","2017-03-18","3","18","2017"
"279089","2017-03-19","3","19","2017"
"279090","2017-03-20","3","20","2017"
"279091","2017-03-21","3","21","2017"
"279092","2017-03-22","3","22","2017"
"279093","2017-03-23","3","23","2017"
"279094","2017-03-24","3","24","2017"
"279095","2017-03-25","3","25","2017"
"279096","2017-03-26","3","26","2017"
"279097","2017-03-27","3","27","2017"
"279098","2017-03-28","3","28","2017"
"279099","2017-03-29","3","29","2017"
"279100","2017-03-30","3","30","2017"
"279101","2017-03-31","3","31","2017"
"279171","2017-04-01","4","1","2017"
"279172","2017-04-02","4","2","2017"
"279173","2017-04-03","4","3","2017"
"279174","2017-04-04","4","4","2017"
"279175","2017-04-05","4","5","2017"
"279176","2017-04-06","4","6","2017"
"279177","2017-04-07","4","7","2017"
"279178","2017-04-08","4","8","2017"
"279179","2017-04-09","4","9","2017"
"279180","2017-04-10","4","10","2017"
"279181","2017-04-11","4","11","2017"
"279182","2017-04-12","4","12","2017"
"279183","2017-04-13","4","13","2017"
"279184","2017-04-14","4","14","2017"
"279185","2017-04-15","4","15","2017"
"279186","2017-04-16","4","16","2017"
"279187","2017-04-17","4","17","2017"
"279188","2017-04-18","4","18","2017"
"279189","2017-04-19","4","19","2017"
"279190","2017-04-20","4","20","2017"
"279191","2017-04-21","4","21","2017"
"279192","2017-04-22","4","22","2017"
"279193","2017-04-23","4","23","2017"
"279194","2017-04-24","4","24","2017"
"279195","2017-04-25","4","25","2017"
"279196","2017-04-26","4","26","2017"
"279197","2017-04-27","4","27","2017"
"279198","2017-04-28","4","28","2017"
"279199","2017-04-29","4","29","2017"
"279200","2017-04-30","4","30","2017"
"279271","2017-05-01","5","1","2017"
"279272","2017-05-02","5","2","2017"
"279273","2017-05-03","5","3","2017"
"279274","2017-05-04","5","4","2017"
"279275","2017-05-05","5","5","2017"
"279276","2017-05-06","5","6","2017"
"279277","2017-05-07","5","7","2017"
"279278","2017-05-08","5","8","2017"
"279279","2017-05-09","5","9","2017"
"279280","2017-05-10","5","10","2017"
"279281","2017-05-11","5","11","2017"
"279282","2017-05-12","5","12","2017"
"279283","2017-05-13","5","13","2017"
"279284","2017-05-14","5","14","2017"
"279285","2017-05-15","5","15","2017"
"279286","2017-05-16","5","16","2017"
"279287","2017-05-17","5","17","2017"
"279288","2017-05-18","5","18","2017"
"279289","2017-05-19","5","19","2017"
"279290","2017-05-20","5","20","2017"
"279291","2017-05-21","5","21","2017"
"279292","2017-05-22","5","22","2017"
"279293","2017-05-23","5","23","2017"
"279294","2017-05-24","5","24","2017"
"279295","2017-05-25","5","25","2017"
"279296","2017-05-26","5","26","2017"
"279297","2017-05-27","5","27","2017"
"279298","2017-05-28","5","28","2017"
"279299","2017-05-29","5","29","2017"
"279300","2017-05-30","5","30","2017"
"279301","2017-05-31","5","31","2017"
"279371","2017-06-01","6","1","2017"
"279372","2017-06-02","6","2","2017"
"279373","2017-06-03","6","3","2017"
"279374","2017-06-04","6","4","2017"
"279375","2017-06-05","6","5","2017"
"279376","2017-06-06","6","6","2017"
"279377","2017-06-07","6","7","2017"
"279378","2017-06-08","6","8","2017"
"279379","2017-06-09","6","9","2017"
"279380","2017-06-10","6","10","2017"
"279381","2017-06-11","6","11","2017"
"279382","2017-06-12","6","12","2017"
"279383","2017-06-13","6","13","2017"
"279384","2017-06-14","6","14","2017"
"279385","2017-06-15","6","15","2017"
"279386","2017-06-16","6","16","2017"
"279387","2017-06-17","6","17","2017"
"279388","2017-06-18","6","18","2017"
"279389","2017-06-19","6","19","2017"
"279390","2017-06-20","6","20","2017"
"279391","2017-06-21","6","21","2017"
"279392","2017-06-22","6","22","2017"
"279393","2017-06-23","6","23","2017"
"279394","2017-06-24","6","24","2017"
"279395","2017-06-25","6","25","2017"
"279396","2017-06-26","6","26","2017"
"279397","2017-06-27","6","27","2017"
"279398","2017-06-28","6","28","2017"
"279399","2017-06-29","6","29","2017"
"279400","2017-06-30","6","30","2017"
"279471","2017-07-01","7","1","2017"
"279472","2017-07-02","7","2","2017"
"279473","2017-07-03","7","3","2017"
"279474","2017-07-04","7","4","2017"
"279475","2017-07-05","7","5","2017"
"279476","2017-07-06","7","6","2017"
"279477","2017-07-07","7","7","2017"
"279478","2017-07-08","7","8","2017"
"279479","2017-07-09","7","9","2017"
"279480","2017-07-10","7","10","2017"
"279481","2017-07-11","7","11","2017"
"279482","2017-07-12","7","12","2017"
"279483","2017-07-13","7","13","2017"
"279484","2017-07-14","7","14","2017"
"279485","2017-07-15","7","15","2017"
"279486","2017-07-16","7","16","2017"
"279487","2017-07-17","7","17","2017"
"279488","2017-07-18","7","18","2017"
"279489","2017-07-19","7","19","2017"
"279490","2017-07-20","7","20","2017"
"279491","2017-07-21","7","21","2017"
"279492","2017-07-22","7","22","2017"
"279493","2017-07-23","7","23","2017"
"279494","2017-07-24","7","24","2017"
"279495","2017-07-25","7","25","2017"
"279496","2017-07-26","7","26","2017"
"279497","2017-07-27","7","27","2017"
"279498","2017-07-28","7","28","2017"
"279499","2017-07-29","7","29","2017"
"279500","2017-07-30","7","30","2017"
"279501","2017-07-31","7","31","2017"
"279571","2017-08-01","8","1","2017"
"279572","2017-08-02","8","2","2017"
"279573","2017-08-03","8","3","2017"
"279574","2017-08-04","8","4","2017"
"279575","2017-08-05","8","5","2017"
"279576","2017-08-06","8","6","2017"
"279577","2017-08-07","8","7","2017"
"279578","2017-08-08","8","8","2017"
"279579","2017-08-09","8","9","2017"
"279580","2017-08-10","8","10","2017"
"279581","2017-08-11","8","11","2017"
"279582","2017-08-12","8","12","2017"
"279583","2017-08-13","8","13","2017"
"279584","2017-08-14","8","14","2017"
"279585","2017-08-15","8","15","2017"
"279586","2017-08-16","8","16","2017"
"279587","2017-08-17","8","17","2017"
"279588","2017-08-18","8","18","2017"
"279589","2017-08-19","8","19","2017"
"279590","2017-08-20","8","20","2017"
"279591","2017-08-21","8","21","2017"
"279592","2017-08-22","8","22","2017"
"279593","2017-08-23","8","23","2017"
"279594","2017-08-24","8","24","2017"
"279595","2017-08-25","8","25","2017"
"279596","2017-08-26","8","26","2017"
"279597","2017-08-27","8","27","2017"
"279598","2017-08-28","8","28","2017"
"279599","2017-08-29","8","29","2017"
"279600","2017-08-30","8","30","2017"
"279601","2017-08-31","8","31","2017"
"279671","2017-09-01","9","1","2017"
"279672","2017-09-02","9","2","2017"
"279673","2017-09-03","9","3","2017"
"279674","2017-09-04","9","4","2017"
"279675","2017-09-05","9","5","2017"
"279676","2017-09-06","9","6","2017"
"279677","2017-09-07","9","7","2017"
"279678","2017-09-08","9","8","2017"
"279679","2017-09-09","9","9","2017"
"279680","2017-09-10","9","10","2017"
"279681","2017-09-11","9","11","2017"
"279682","2017-09-12","9","12","2017"
"279683","2017-09-13","9","13","2017"
"279684","2017-09-14","9","14","2017"
"279685","2017-09-15","9","15","2017"
"279686","2017-09-16","9","16","2017"
"279687","2017-09-17","9","17","2017"
"279688","2017-09-18","9","18","2017"
"279689","2017-09-19","9","19","2017"
"279690","2017-09-20","9","20","2017"
"279691","2017-09-21","9","21","2017"
"279692","2017-09-22","9","22","2017"
"279693","2017-09-23","9","23","2017"
"279694","2017-09-24","9","24","2017"
"279695","2017-09-25","9","25","2017"
"279696","2017-09-26","9","26","2017"
"279697","2017-09-27","9","27","2017"
"279698","2017-09-28","9","28","2017"
"279699","2017-09-29","9","29","2017"
"279700","2017-09-30","9","30","2017"
"279771","2017-10-01","10","1","2017"
"279772","2017-10-02","10","2","2017"
"279773","2017-10-03","10","3","2017"
"279774","2017-10-04","10","4","2017"
"279775","2017-10-05","10","5","2017"
"279776","2017-10-06","10","6","2017"
"279777","2017-10-07","10","7","2017"
"279778","2017-10-08","10","8","2017"
"279779","2017-10-09","10","9","2017"
"279780","2017-10-10","10","10","2017"
"279781","2017-10-11","10","11","2017"
"279782","2017-10-12","10","12","2017"
"279783","2017-10-13","10","13","2017"
"279784","2017-10-14","10","14","2017"
"279785","2017-10-15","10","15","2017"
"279786","2017-10-16","10","16","2017"
"279787","2017-10-17","10","17","2017"
"279788","2017-10-18","10","18","2017"
"279789","2017-10-19","10","19","2017"
"279790","2017-10-20","10","20","2017"
"279791","2017-10-21","10","21","2017"
"279792","2017-10-22","10","22","2017"
"279793","2017-10-23","10","23","2017"
"279794","2017-10-24","10","24","2017"
"279795","2017-10-25","10","25","2017"
"279796","2017-10-26","10","26","2017"
"279797","2017-10-27","10","27","2017"
"279798","2017-10-28","10","28","2017"
"279799","2017-10-29","10","29","2017"
"279800","2017-10-30","10","30","2017"
"279801","2017-10-31","10","31","2017"
"279871","2017-11-01","11","1","2017"
"279872","2017-11-02","11","2","2017"
"279873","2017-11-03","11","3","2017"
"279874","2017-11-04","11","4","2017"
"279875","2017-11-05","11","5","2017"
"279876","2017-11-06","11","6","2017"
"279877","2017-11-07","11","7","2017"
"279878","2017-11-08","11","8","2017"
"279879","2017-11-09","11","9","2017"
"279880","2017-11-10","11","10","2017"
"279881","2017-11-11","11","11","2017"
"279882","2017-11-12","11","12","2017"
"279883","2017-11-13","11","13","2017"
"279884","2017-11-14","11","14","2017"
"279885","2017-11-15","11","15","2017"
"279886","2017-11-16","11","16","2017"
"279887","2017-11-17","11","17","2017"
"279888","2017-11-18","11","18","2017"
"279889","2017-11-19","11","19","2017"
"279890","2017-11-20","11","20","2017"
"279891","2017-11-21","11","21","2017"
"279892","2017-11-22","11","22","2017"
"279893","2017-11-23","11","23","2017"
"279894","2017-11-24","11","24","2017"
"279895","2017-11-25","11","25","2017"
"279896","2017-11-26","11","26","2017"
"279897","2017-11-27","11","27","2017"
"279898","2017-11-28","11","28","2017"
"279899","2017-11-29","11","29","2017"
"279900","2017-11-30","11","30","2017"
"279971","2017-12-01","12","1","2017"
"279972","2017-12-02","12","2","2017"
"279973","2017-12-03","12","3","2017"
"279974","2017-12-04","12","4","2017"
"279975","2017-12-05","12","5","2017"
"279976","2017-12-06","12","6","2017"
"279977","2017-12-07","12","7","2017"
"279978","2017-12-08","12","8","2017"
"279979","2017-12-09","12","9","2017"
"279980","2017-12-10","12","10","2017"
"279981","2017-12-11","12","11","2017"
"279982","2017-12-12","12","12","2017"
"279983","2017-12-13","12","13","2017"
"279984","2017-12-14","12","14","2017"
"279985","2017-12-15","12","15","2017"
"279986","2017-12-16","12","16","2017"
"279987","2017-12-17","12","17","2017"
"279988","2017-12-18","12","18","2017"
"279989","2017-12-19","12","19","2017"
"279990","2017-12-20","12","20","2017"
"279991","2017-12-21","12","21","2017"
"279992","2017-12-22","12","22","2017"
"279993","2017-12-23","12","23","2017"
"279994","2017-12-24","12","24","2017"
"279995","2017-12-25","12","25","2017"
"279996","2017-12-26","12","26","2017"
"279997","2017-12-27","12","27","2017"
"279998","2017-12-28","12","28","2017"
"279999","2017-12-29","12","29","2017"
"280000","2017-12-30","12","30","2017"
"280001","2017-12-31","12","31","2017"
"288871","2018-01-01","1","1","2018"
"288872","2018-01-02","1","2","2018"
"288873","2018-01-03","1","3","2018"
"288874","2018-01-04","1","4","2018"
"288875","2018-01-05","1","5","2018"
"288876","2018-01-06","1","6","2018"
"288877","2018-01-07","1","7","2018"
"288878","2018-01-08","1","8","2018"
"288879","2018-01-09","1","9","2018"
"288880","2018-01-10","1","10","2018"
"288881","2018-01-11","1","11","2018"
"288882","2018-01-12","1","12","2018"
"288883","2018-01-13","1","13","2018"
"288884","2018-01-14","1","14","2018"
"288885","2018-01-15","1","15","2018"
"288886","2018-01-16","1","16","2018"
"288887","2018-01-17","1","17","2018"
"288888","2018-01-18","1","18","2018"
"288889","2018-01-19","1","19","2018"
"288890","2018-01-20","1","20","2018"
"288891","2018-01-21","1","21","2018"
"288892","2018-01-22","1","22","2018"
"288893","2018-01-23","1","23","2018"
"288894","2018-01-24","1","24","2018"
"288895","2018-01-25","1","25","2018"
"288896","2018-01-26","1","26","2018"
"288897","2018-01-27","1","27","2018"
"288898","2018-01-28","1","28","2018"
"288899","2018-01-29","1","29","2018"
"288900","2018-01-30","1","30","2018"
"288901","2018-01-31","1","31","2018"
"288971","2018-02-01","2","1","2018"
"288972","2018-02-02","2","2","2018"
"288973","2018-02-03","2","3","2018"
"288974","2018-02-04","2","4","2018"
"288975","2018-02-05","2","5","2018"
"288976","2018-02-06","2","6","2018"
"288977","2018-02-07","2","7","2018"
"288978","2018-02-08","2","8","2018"
"288979","2018-02-09","2","9","2018"
"288980","2018-02-10","2","10","2018"
"288981","2018-02-11","2","11","2018"
"288982","2018-02-12","2","12","2018"
"288983","2018-02-13","2","13","2018"
"288984","2018-02-14","2","14","2018"
"288985","2018-02-15","2","15","2018"
"288986","2018-02-16","2","16","2018"
"288987","2018-02-17","2","17","2018"
"288988","2018-02-18","2","18","2018"
"288989","2018-02-19","2","19","2018"
"288990","2018-02-20","2","20","2018"
"288991","2018-02-21","2","21","2018"
"288992","2018-02-22","2","22","2018"
"288993","2018-02-23","2","23","2018"
"288994","2018-02-24","2","24","2018"
"288995","2018-02-25","2","25","2018"
"288996","2018-02-26","2","26","2018"
"288997","2018-02-27","2","27","2018"
"288998","2018-02-28","2","28","2018"
"289071","2018-03-01","3","1","2018"
"289072","2018-03-02","3","2","2018"
"289073","2018-03-03","3","3","2018"
"289074","2018-03-04","3","4","2018"
"289075","2018-03-05","3","5","2018"
"289076","2018-03-06","3","6","2018"
"289077","2018-03-07","3","7","2018"
"289078","2018-03-08","3","8","2018"
"289079","2018-03-09","3","9","2018"
"289080","2018-03-10","3","10","2018"
"289081","2018-03-11","3","11","2018"
"289082","2018-03-12","3","12","2018"
"289083","2018-03-13","3","13","2018"
"289084","2018-03-14","3","14","2018"
"289085","2018-03-15","3","15","2018"
"289086","2018-03-16","3","16","2018"
"289087","2018-03-17","3","17","2018"
"289088","2018-03-18","3","18","2018"
"289089","2018-03-19","3","19","2018"
"289090","2018-03-20","3","20","2018"
"289091","2018-03-21","3","21","2018"
"289092","2018-03-22","3","22","2018"
"289093","2018-03-23","3","23","2018"
"289094","2018-03-24","3","24","2018"
"289095","2018-03-25","3","25","2018"
"289096","2018-03-26","3","26","2018"
"289097","2018-03-27","3","27","2018"
"289098","2018-03-28","3","28","2018"
"289099","2018-03-29","3","29","2018"
"289100","2018-03-30","3","30","2018"
"289101","2018-03-31","3","31","2018"
"289171","2018-04-01","4","1","2018"
"289172","2018-04-02","4","2","2018"
"289173","2018-04-03","4","3","2018"
"289174","2018-04-04","4","4","2018"
"289175","2018-04-05","4","5","2018"
"289176","2018-04-06","4","6","2018"
"289177","2018-04-07","4","7","2018"
"289178","2018-04-08","4","8","2018"
"289179","2018-04-09","4","9","2018"
"289180","2018-04-10","4","10","2018"
"289181","2018-04-11","4","11","2018"
"289182","2018-04-12","4","12","2018"
"289183","2018-04-13","4","13","2018"
"289184","2018-04-14","4","14","2018"
"289185","2018-04-15","4","15","2018"
"289186","2018-04-16","4","16","2018"
"289187","2018-04-17","4","17","2018"
"289188","2018-04-18","4","18","2018"
"289189","2018-04-19","4","19","2018"
"289190","2018-04-20","4","20","2018"
"289191","2018-04-21","4","21","2018"
"289192","2018-04-22","4","22","2018"
"289193","2018-04-23","4","23","2018"
"289194","2018-04-24","4","24","2018"
"289195","2018-04-25","4","25","2018"
"289196","2018-04-26","4","26","2018"
"289197","2018-04-27","4","27","2018"
"289198","2018-04-28","4","28","2018"
"289199","2018-04-29","4","29","2018"
"289200","2018-04-30","4","30","2018"
"289271","2018-05-01","5","1","2018"
"289272","2018-05-02","5","2","2018"
"289273","2018-05-03","5","3","2018"
"289274","2018-05-04","5","4","2018"
"289275","2018-05-05","5","5","2018"
"289276","2018-05-06","5","6","2018"
"289277","2018-05-07","5","7","2018"
"289278","2018-05-08","5","8","2018"
"289279","2018-05-09","5","9","2018"
"289280","2018-05-10","5","10","2018"
"289281","2018-05-11","5","11","2018"
"289282","2018-05-12","5","12","2018"
"289283","2018-05-13","5","13","2018"
"289284","2018-05-14","5","14","2018"
"289285","2018-05-15","5","15","2018"
"289286","2018-05-16","5","16","2018"
"289287","2018-05-17","5","17","2018"
"289288","2018-05-18","5","18","2018"
"289289","2018-05-19","5","19","2018"
"289290","2018-05-20","5","20","2018"
"289291","2018-05-21","5","21","2018"
"289292","2018-05-22","5","22","2018"
"289293","2018-05-23","5","23","2018"
"289294","2018-05-24","5","24","2018"
"289295","2018-05-25","5","25","2018"
"289296","2018-05-26","5","26","2018"
"289297","2018-05-27","5","27","2018"
"289298","2018-05-28","5","28","2018"
"289299","2018-05-29","5","29","2018"
"289300","2018-05-30","5","30","2018"
"289301","2018-05-31","5","31","2018"
"289371","2018-06-01","6","1","2018"
"289372","2018-06-02","6","2","2018"
"289373","2018-06-03","6","3","2018"
"289374","2018-06-04","6","4","2018"
"289375","2018-06-05","6","5","2018"
"289376","2018-06-06","6","6","2018"
"289377","2018-06-07","6","7","2018"
"289378","2018-06-08","6","8","2018"
"289379","2018-06-09","6","9","2018"
"289380","2018-06-10","6","10","2018"
"289381","2018-06-11","6","11","2018"
"289382","2018-06-12","6","12","2018"
"289383","2018-06-13","6","13","2018"
"289384","2018-06-14","6","14","2018"
"289385","2018-06-15","6","15","2018"
"289386","2018-06-16","6","16","2018"
"289387","2018-06-17","6","17","2018"
"289388","2018-06-18","6","18","2018"
"289389","2018-06-19","6","19","2018"
"289390","2018-06-20","6","20","2018"
"289391","2018-06-21","6","21","2018"
"289392","2018-06-22","6","22","2018"
"289393","2018-06-23","6","23","2018"
"289394","2018-06-24","6","24","2018"
"289395","2018-06-25","6","25","2018"
"289396","2018-06-26","6","26","2018"
"289397","2018-06-27","6","27","2018"
"289398","2018-06-28","6","28","2018"
"289399","2018-06-29","6","29","2018"
"289400","2018-06-30","6","30","2018"
"289471","2018-07-01","7","1","2018"
"289472","2018-07-02","7","2","2018"
"289473","2018-07-03","7","3","2018"
"289474","2018-07-04","7","4","2018"
"289475","2018-07-05","7","5","2018"
"289476","2018-07-06","7","6","2018"
"289477","2018-07-07","7","7","2018"
"289478","2018-07-08","7","8","2018"
"289479","2018-07-09","7","9","2018"
"289480","2018-07-10","7","10","2018"
"289481","2018-07-11","7","11","2018"
"289482","2018-07-12","7","12","2018"
"289483","2018-07-13","7","13","2018"
"289484","2018-07-14","7","14","2018"
"289485","2018-07-15","7","15","2018"
"289486","2018-07-16","7","16","2018"
"289487","2018-07-17","7","17","2018"
"289488","2018-07-18","7","18","2018"
"289489","2018-07-19","7","19","2018"
"289490","2018-07-20","7","20","2018"
"289491","2018-07-21","7","21","2018"
"289492","2018-07-22","7","22","2018"
"289493","2018-07-23","7","23","2018"
"289494","2018-07-24","7","24","2018"
"289495","2018-07-25","7","25","2018"
"289496","2018-07-26","7","26","2018"
"289497","2018-07-27","7","27","2018"
"289498","2018-07-28","7","28","2018"
"289499","2018-07-29","7","29","2018"
"289500","2018-07-30","7","30","2018"
"289501","2018-07-31","7","31","2018"
"289571","2018-08-01","8","1","2018"
"289572","2018-08-02","8","2","2018"
"289573","2018-08-03","8","3","2018"
"289574","2018-08-04","8","4","2018"
"289575","2018-08-05","8","5","2018"
"289576","2018-08-06","8","6","2018"
"289577","2018-08-07","8","7","2018"
"289578","2018-08-08","8","8","2018"
"289579","2018-08-09","8","9","2018"
"289580","2018-08-10","8","10","2018"
"289581","2018-08-11","8","11","2018"
"289582","2018-08-12","8","12","2018"
"289583","2018-08-13","8","13","2018"
"289584","2018-08-14","8","14","2018"
"289585","2018-08-15","8","15","2018"
"289586","2018-08-16","8","16","2018"
"289587","2018-08-17","8","17","2018"
"289588","2018-08-18","8","18","2018"
"289589","2018-08-19","8","19","2018"
"289590","2018-08-20","8","20","2018"
"289591","2018-08-21","8","21","2018"
"289592","2018-08-22","8","22","2018"
"289593","2018-08-23","8","23","2018"
"289594","2018-08-24","8","24","2018"
"289595","2018-08-25","8","25","2018"
"289596","2018-08-26","8","26","2018"
"289597","2018-08-27","8","27","2018"
"289598","2018-08-28","8","28","2018"
"289599","2018-08-29","8","29","2018"
"289600","2018-08-30","8","30","2018"
"289601","2018-08-31","8","31","2018"
"289671","2018-09-01","9","1","2018"
"289672","2018-09-02","9","2","2018"
"289673","2018-09-03","9","3","2018"
"289674","2018-09-04","9","4","2018"
"289675","2018-09-05","9","5","2018"
"289676","2018-09-06","9","6","2018"
"289677","2018-09-07","9","7","2018"
"289678","2018-09-08","9","8","2018"
"289679","2018-09-09","9","9","2018"
"289680","2018-09-10","9","10","2018"
"289681","2018-09-11","9","11","2018"
"289682","2018-09-12","9","12","2018"
"289683","2018-09-13","9","13","2018"
"289684","2018-09-14","9","14","2018"
"289685","2018-09-15","9","15","2018"
"289686","2018-09-16","9","16","2018"
"289687","2018-09-17","9","17","2018"
"289688","2018-09-18","9","18","2018"
"289689","2018-09-19","9","19","2018"
"289690","2018-09-20","9","20","2018"
"289691","2018-09-21","9","21","2018"
"289692","2018-09-22","9","22","2018"
"289693","2018-09-23","9","23","2018"
"289694","2018-09-24","9","24","2018"
"289695","2018-09-25","9","25","2018"
"289696","2018-09-26","9","26","2018"
"289697","2018-09-27","9","27","2018"
"289698","2018-09-28","9","28","2018"
"289699","2018-09-29","9","29","2018"
"289700","2018-09-30","9","30","2018"
"289771","2018-10-01","10","1","2018"
"289772","2018-10-02","10","2","2018"
"289773","2018-10-03","10","3","2018"
"289774","2018-10-04","10","4","2018"
"289775","2018-10-05","10","5","2018"
"289776","2018-10-06","10","6","2018"
"289777","2018-10-07","10","7","2018"
"289778","2018-10-08","10","8","2018"
"289779","2018-10-09","10","9","2018"
"289780","2018-10-10","10","10","2018"
"289781","2018-10-11","10","11","2018"
"289782","2018-10-12","10","12","2018"
"289783","2018-10-13","10","13","2018"
"289784","2018-10-14","10","14","2018"
"289785","2018-10-15","10","15","2018"
"289786","2018-10-16","10","16","2018"
"289787","2018-10-17","10","17","2018"
"289788","2018-10-18","10","18","2018"
"289789","2018-10-19","10","19","2018"
"289790","2018-10-20","10","20","2018"
"289791","2018-10-21","10","21","2018"
"289792","2018-10-22","10","22","2018"
"289793","2018-10-23","10","23","2018"
"289794","2018-10-24","10","24","2018"
"289795","2018-10-25","10","25","2018"
"289796","2018-10-26","10","26","2018"
"289797","2018-10-27","10","27","2018"
"289798","2018-10-28","10","28","2018"
"289799","2018-10-29","10","29","2018"
"289800","2018-10-30","10","30","2018"
"289801","2018-10-31","10","31","2018"
"289871","2018-11-01","11","1","2018"
"289872","2018-11-02","11","2","2018"
"289873","2018-11-03","11","3","2018"
"289874","2018-11-04","11","4","2018"
"289875","2018-11-05","11","5","2018"
"289876","2018-11-06","11","6","2018"
"289877","2018-11-07","11","7","2018"
"289878","2018-11-08","11","8","2018"
"289879","2018-11-09","11","9","2018"
"289880","2018-11-10","11","10","2018"
"289881","2018-11-11","11","11","2018"
"289882","2018-11-12","11","12","2018"
"289883","2018-11-13","11","13","2018"
"289884","2018-11-14","11","14","2018"
"289885","2018-11-15","11","15","2018"
"289886","2018-11-16","11","16","2018"
"289887","2018-11-17","11","17","2018"
"289888","2018-11-18","11","18","2018"
"289889","2018-11-19","11","19","2018"
"289890","2018-11-20","11","20","2018"
"289891","2018-11-21","11","21","2018"
"289892","2018-11-22","11","22","2018"
"289893","2018-11-23","11","23","2018"
"289894","2018-11-24","11","24","2018"
"289895","2018-11-25","11","25","2018"
"289896","2018-11-26","11","26","2018"
"289897","2018-11-27","11","27","2018"
"289898","2018-11-28","11","28","2018"
"289899","2018-11-29","11","29","2018"
"289900","2018-11-30","11","30","2018"
"289971","2018-12-01","12","1","2018"
"289972","2018-12-02","12","2","2018"
"289973","2018-12-03","12","3","2018"
"289974","2018-12-04","12","4","2018"
"289975","2018-12-05","12","5","2018"
"289976","2018-12-06","12","6","2018"
"289977","2018-12-07","12","7","2018"
"289978","2018-12-08","12","8","2018"
"289979","2018-12-09","12","9","2018"
"289980","2018-12-10","12","10","2018"
"289981","2018-12-11","12","11","2018"
"289982","2018-12-12","12","12","2018"
"289983","2018-12-13","12","13","2018"
"289984","2018-12-14","12","14","2018"
"289985","2018-12-15","12","15","2018"
"289986","2018-12-16","12","16","2018"
"289987","2018-12-17","12","17","2018"
"289988","2018-12-18","12","18","2018"
"289989","2018-12-19","12","19","2018"
"289990","2018-12-20","12","20","2018"
"289991","2018-12-21","12","21","2018"
"289992","2018-12-22","12","22","2018"
"289993","2018-12-23","12","23","2018"
"289994","2018-12-24","12","24","2018"
"289995","2018-12-25","12","25","2018"
"289996","2018-12-26","12","26","2018"
"289997","2018-12-27","12","27","2018"
"289998","2018-12-28","12","28","2018"
"289999","2018-12-29","12","29","2018"
"290000","2018-12-30","12","30","2018"
"290001","2018-12-31","12","31","2018"
"298871","2019-01-01","1","1","2019"
"298872","2019-01-02","1","2","2019"
"298873","2019-01-03","1","3","2019"
"298874","2019-01-04","1","4","2019"
"298875","2019-01-05","1","5","2019"
"298876","2019-01-06","1","6","2019"
"298877","2019-01-07","1","7","2019"
"298878","2019-01-08","1","8","2019"
"298879","2019-01-09","1","9","2019"
"298880","2019-01-10","1","10","2019"
"298881","2019-01-11","1","11","2019"
"298882","2019-01-12","1","12","2019"
"298883","2019-01-13","1","13","2019"
"298884","2019-01-14","1","14","2019"
"298885","2019-01-15","1","15","2019"
"298886","2019-01-16","1","16","2019"
"298887","2019-01-17","1","17","2019"
"298888","2019-01-18","1","18","2019"
"298889","2019-01-19","1","19","2019"
"298890","2019-01-20","1","20","2019"
"298891","2019-01-21","1","21","2019"
"298892","2019-01-22","1","22","2019"
"298893","2019-01-23","1","23","2019"
"298894","2019-01-24","1","24","2019"
"298895","2019-01-25","1","25","2019"
"298896","2019-01-26","1","26","2019"
"298897","2019-01-27","1","27","2019"
"298898","2019-01-28","1","28","2019"
"298899","2019-01-29","1","29","2019"
"298900","2019-01-30","1","30","2019"
"298901","2019-01-31","1","31","2019"
"298971","2019-02-01","2","1","2019"
"298972","2019-02-02","2","2","2019"
"298973","2019-02-03","2","3","2019"
"298974","2019-02-04","2","4","2019"
"298975","2019-02-05","2","5","2019"
"298976","2019-02-06","2","6","2019"
"298977","2019-02-07","2","7","2019"
"298978","2019-02-08","2","8","2019"
"298979","2019-02-09","2","9","2019"
"298980","2019-02-10","2","10","2019"
"298981","2019-02-11","2","11","2019"
"298982","2019-02-12","2","12","2019"
"298983","2019-02-13","2","13","2019"
"298984","2019-02-14","2","14","2019"
"298985","2019-02-15","2","15","2019"
"298986","2019-02-16","2","16","2019"
"298987","2019-02-17","2","17","2019"
"298988","2019-02-18","2","18","2019"
"298989","2019-02-19","2","19","2019"
"298990","2019-02-20","2","20","2019"
"298991","2019-02-21","2","21","2019"
"298992","2019-02-22","2","22","2019"
"298993","2019-02-23","2","23","2019"
"298994","2019-02-24","2","24","2019"
"298995","2019-02-25","2","25","2019"
"298996","2019-02-26","2","26","2019"
"298997","2019-02-27","2","27","2019"
"298998","2019-02-28","2","28","2019"
"299071","2019-03-01","3","1","2019"
"299072","2019-03-02","3","2","2019"
"299073","2019-03-03","3","3","2019"
"299074","2019-03-04","3","4","2019"
"299075","2019-03-05","3","5","2019"
"299076","2019-03-06","3","6","2019"
"299077","2019-03-07","3","7","2019"
"299078","2019-03-08","3","8","2019"
"299079","2019-03-09","3","9","2019"
"299080","2019-03-10","3","10","2019"
"299081","2019-03-11","3","11","2019"
"299082","2019-03-12","3","12","2019"
"299083","2019-03-13","3","13","2019"
"299084","2019-03-14","3","14","2019"
"299085","2019-03-15","3","15","2019"
"299086","2019-03-16","3","16","2019"
"299087","2019-03-17","3","17","2019"
"299088","2019-03-18","3","18","2019"
"299089","2019-03-19","3","19","2019"
"299090","2019-03-20","3","20","2019"
"299091","2019-03-21","3","21","2019"
"299092","2019-03-22","3","22","2019"
"299093","2019-03-23","3","23","2019"
"299094","2019-03-24","3","24","2019"
"299095","2019-03-25","3","25","2019"
"299096","2019-03-26","3","26","2019"
"299097","2019-03-27","3","27","2019"
"299098","2019-03-28","3","28","2019"
"299099","2019-03-29","3","29","2019"
"299100","2019-03-30","3","30","2019"
"299101","2019-03-31","3","31","2019"
"299171","2019-04-01","4","1","2019"
"299172","2019-04-02","4","2","2019"
"299173","2019-04-03","4","3","2019"
"299174","2019-04-04","4","4","2019"
"299175","2019-04-05","4","5","2019"
"299176","2019-04-06","4","6","2019"
"299177","2019-04-07","4","7","2019"
"299178","2019-04-08","4","8","2019"
"299179","2019-04-09","4","9","2019"
"299180","2019-04-10","4","10","2019"
"299181","2019-04-11","4","11","2019"
"299182","2019-04-12","4","12","2019"
"299183","2019-04-13","4","13","2019"
"299184","2019-04-14","4","14","2019"
"299185","2019-04-15","4","15","2019"
"299186","2019-04-16","4","16","2019"
"299187","2019-04-17","4","17","2019"
"299188","2019-04-18","4","18","2019"
"299189","2019-04-19","4","19","2019"
"299190","2019-04-20","4","20","2019"
"299191","2019-04-21","4","21","2019"
"299192","2019-04-22","4","22","2019"
"299193","2019-04-23","4","23","2019"
"299194","2019-04-24","4","24","2019"
"299195","2019-04-25","4","25","2019"
"299196","2019-04-26","4","26","2019"
"299197","2019-04-27","4","27","2019"
"299198","2019-04-28","4","28","2019"
"299199","2019-04-29","4","29","2019"
"299200","2019-04-30","4","30","2019"
"299271","2019-05-01","5","1","2019"
"299272","2019-05-02","5","2","2019"
"299273","2019-05-03","5","3","2019"
"299274","2019-05-04","5","4","2019"
"299275","2019-05-05","5","5","2019"
"299276","2019-05-06","5","6","2019"
"299277","2019-05-07","5","7","2019"
"299278","2019-05-08","5","8","2019"
"299279","2019-05-09","5","9","2019"
"299280","2019-05-10","5","10","2019"
"299281","2019-05-11","5","11","2019"
"299282","2019-05-12","5","12","2019"
"299283","2019-05-13","5","13","2019"
"299284","2019-05-14","5","14","2019"
"299285","2019-05-15","5","15","2019"
"299286","2019-05-16","5","16","2019"
"299287","2019-05-17","5","17","2019"
"299288","2019-05-18","5","18","2019"
"299289","2019-05-19","5","19","2019"
"299290","2019-05-20","5","20","2019"
"299291","2019-05-21","5","21","2019"
"299292","2019-05-22","5","22","2019"
"299293","2019-05-23","5","23","2019"
"299294","2019-05-24","5","24","2019"
"299295","2019-05-25","5","25","2019"
"299296","2019-05-26","5","26","2019"
"299297","2019-05-27","5","27","2019"
"299298","2019-05-28","5","28","2019"
"299299","2019-05-29","5","29","2019"
"299300","2019-05-30","5","30","2019"
"299301","2019-05-31","5","31","2019"
"299371","2019-06-01","6","1","2019"
"299372","2019-06-02","6","2","2019"
"299373","2019-06-03","6","3","2019"
"299374","2019-06-04","6","4","2019"
"299375","2019-06-05","6","5","2019"
"299376","2019-06-06","6","6","2019"
"299377","2019-06-07","6","7","2019"
"299378","2019-06-08","6","8","2019"
"299379","2019-06-09","6","9","2019"
"299380","2019-06-10","6","10","2019"
"299381","2019-06-11","6","11","2019"
"299382","2019-06-12","6","12","2019"
"299383","2019-06-13","6","13","2019"
"299384","2019-06-14","6","14","2019"
"299385","2019-06-15","6","15","2019"
"299386","2019-06-16","6","16","2019"
"299387","2019-06-17","6","17","2019"
"299388","2019-06-18","6","18","2019"
"299389","2019-06-19","6","19","2019"
"299390","2019-06-20","6","20","2019"
"299391","2019-06-21","6","21","2019"
"299392","2019-06-22","6","22","2019"
"299393","2019-06-23","6","23","2019"
"299394","2019-06-24","6","24","2019"
"299395","2019-06-25","6","25","2019"
"299396","2019-06-26","6","26","2019"
"299397","2019-06-27","6","27","2019"
"299398","2019-06-28","6","28","2019"
"299399","2019-06-29","6","29","2019"
"299400","2019-06-30","6","30","2019"
"299471","2019-07-01","7","1","2019"
"299472","2019-07-02","7","2","2019"
"299473","2019-07-03","7","3","2019"
"299474","2019-07-04","7","4","2019"
"299475","2019-07-05","7","5","2019"
"299476","2019-07-06","7","6","2019"
"299477","2019-07-07","7","7","2019"
"299478","2019-07-08","7","8","2019"
"299479","2019-07-09","7","9","2019"
"299480","2019-07-10","7","10","2019"
"299481","2019-07-11","7","11","2019"
"299482","2019-07-12","7","12","2019"
"299483","2019-07-13","7","13","2019"
"299484","2019-07-14","7","14","2019"
"299485","2019-07-15","7","15","2019"
"299486","2019-07-16","7","16","2019"
"299487","2019-07-17","7","17","2019"
"299488","2019-07-18","7","18","2019"
"299489","2019-07-19","7","19","2019"
"299490","2019-07-20","7","20","2019"
"299491","2019-07-21","7","21","2019"
"299492","2019-07-22","7","22","2019"
"299493","2019-07-23","7","23","2019"
"299494","2019-07-24","7","24","2019"
"299495","2019-07-25","7","25","2019"
"299496","2019-07-26","7","26","2019"
"299497","2019-07-27","7","27","2019"
"299498","2019-07-28","7","28","2019"
"299499","2019-07-29","7","29","2019"
"299500","2019-07-30","7","30","2019"
"299501","2019-07-31","7","31","2019"
"299571","2019-08-01","8","1","2019"
"299572","2019-08-02","8","2","2019"
"299573","2019-08-03","8","3","2019"
"299574","2019-08-04","8","4","2019"
"299575","2019-08-05","8","5","2019"
"299576","2019-08-06","8","6","2019"
"299577","2019-08-07","8","7","2019"
"299578","2019-08-08","8","8","2019"
"299579","2019-08-09","8","9","2019"
"299580","2019-08-10","8","10","2019"
"299581","2019-08-11","8","11","2019"
"299582","2019-08-12","8","12","2019"
"299583","2019-08-13","8","13","2019"
"299584","2019-08-14","8","14","2019"
"299585","2019-08-15","8","15","2019"
"299586","2019-08-16","8","16","2019"
"299587","2019-08-17","8","17","2019"
"299588","2019-08-18","8","18","2019"
"299589","2019-08-19","8","19","2019"
"299590","2019-08-20","8","20","2019"
"299591","2019-08-21","8","21","2019"
"299592","2019-08-22","8","22","2019"
"299593","2019-08-23","8","23","2019"
"299594","2019-08-24","8","24","2019"
"299595","2019-08-25","8","25","2019"
"299596","2019-08-26","8","26","2019"
"299597","2019-08-27","8","27","2019"
"299598","2019-08-28","8","28","2019"
"299599","2019-08-29","8","29","2019"
"299600","2019-08-30","8","30","2019"
"299601","2019-08-31","8","31","2019"
"299671","2019-09-01","9","1","2019"
"299672","2019-09-02","9","2","2019"
"299673","2019-09-03","9","3","2019"
"299674","2019-09-04","9","4","2019"
"299675","2019-09-05","9","5","2019"
"299676","2019-09-06","9","6","2019"
"299677","2019-09-07","9","7","2019"
"299678","2019-09-08","9","8","2019"
"299679","2019-09-09","9","9","2019"
"299680","2019-09-10","9","10","2019"
"299681","2019-09-11","9","11","2019"
"299682","2019-09-12","9","12","2019"
"299683","2019-09-13","9","13","2019"
"299684","2019-09-14","9","14","2019"
"299685","2019-09-15","9","15","2019"
"299686","2019-09-16","9","16","2019"
"299687","2019-09-17","9","17","2019"
"299688","2019-09-18","9","18","2019"
"299689","2019-09-19","9","19","2019"
"299690","2019-09-20","9","20","2019"
"299691","2019-09-21","9","21","2019"
"299692","2019-09-22","9","22","2019"
"299693","2019-09-23","9","23","2019"
"299694","2019-09-24","9","24","2019"
"299695","2019-09-25","9","25","2019"
"299696","2019-09-26","9","26","2019"
"299697","2019-09-27","9","27","2019"
"299698","2019-09-28","9","28","2019"
"299699","2019-09-29","9","29","2019"
"299700","2019-09-30","9","30","2019"
"299771","2019-10-01","10","1","2019"
"299772","2019-10-02","10","2","2019"
"299773","2019-10-03","10","3","2019"
"299774","2019-10-04","10","4","2019"
"299775","2019-10-05","10","5","2019"
"299776","2019-10-06","10","6","2019"
"299777","2019-10-07","10","7","2019"
"299778","2019-10-08","10","8","2019"
"299779","2019-10-09","10","9","2019"
"299780","2019-10-10","10","10","2019"
"299781","2019-10-11","10","11","2019"
"299782","2019-10-12","10","12","2019"
"299783","2019-10-13","10","13","2019"
"299784","2019-10-14","10","14","2019"
"299785","2019-10-15","10","15","2019"
"299786","2019-10-16","10","16","2019"
"299787","2019-10-17","10","17","2019"
"299788","2019-10-18","10","18","2019"
"299789","2019-10-19","10","19","2019"
"299790","2019-10-20","10","20","2019"
"299791","2019-10-21","10","21","2019"
"299792","2019-10-22","10","22","2019"
"299793","2019-10-23","10","23","2019"
"299794","2019-10-24","10","24","2019"
"299795","2019-10-25","10","25","2019"
"299796","2019-10-26","10","26","2019"
"299797","2019-10-27","10","27","2019"
"299798","2019-10-28","10","28","2019"
"299799","2019-10-29","10","29","2019"
"299800","2019-10-30","10","30","2019"
"299801","2019-10-31","10","31","2019"
"299871","2019-11-01","11","1","2019"
"299872","2019-11-02","11","2","2019"
"299873","2019-11-03","11","3","2019"
"299874","2019-11-04","11","4","2019"
"299875","2019-11-05","11","5","2019"
"299876","2019-11-06","11","6","2019"
"299877","2019-11-07","11","7","2019"
"299878","2019-11-08","11","8","2019"
"299879","2019-11-09","11","9","2019"
"299880","2019-11-10","11","10","2019"
"299881","2019-11-11","11","11","2019"
"299882","2019-11-12","11","12","2019"
"299883","2019-11-13","11","13","2019"
"299884","2019-11-14","11","14","2019"
"299885","2019-11-15","11","15","2019"
"299886","2019-11-16","11","16","2019"
"299887","2019-11-17","11","17","2019"
"299888","2019-11-18","11","18","2019"
"299889","2019-11-19","11","19","2019"
"299890","2019-11-20","11","20","2019"
"299891","2019-11-21","11","21","2019"
"299892","2019-11-22","11","22","2019"
"299893","2019-11-23","11","23","2019"
"299894","2019-11-24","11","24","2019"
"299895","2019-11-25","11","25","2019"
"299896","2019-11-26","11","26","2019"
"299897","2019-11-27","11","27","2019"
"299898","2019-11-28","11","28","2019"
"299899","2019-11-29","11","29","2019"
"299900","2019-11-30","11","30","2019"
"299971","2019-12-01","12","1","2019"
"299972","2019-12-02","12","2","2019"
"299973","2019-12-03","12","3","2019"
"299974","2019-12-04","12","4","2019"
"299975","2019-12-05","12","5","2019"
"299976","2019-12-06","12","6","2019"
"299977","2019-12-07","12","7","2019"
"299978","2019-12-08","12","8","2019"
"299979","2019-12-09","12","9","2019"
"299980","2019-12-10","12","10","2019"
"299981","2019-12-11","12","11","2019"
"299982","2019-12-12","12","12","2019"
"299983","2019-12-13","12","13","2019"
"299984","2019-12-14","12","14","2019"
"299985","2019-12-15","12","15","2019"
"299986","2019-12-16","12","16","2019"
"299987","2019-12-17","12","17","2019"
"299988","2019-12-18","12","18","2019"
"299989","2019-12-19","12","19","2019"
"299990","2019-12-20","12","20","2019"
"299991","2019-12-21","12","21","2019"
"299992","2019-12-22","12","22","2019"
"299993","2019-12-23","12","23","2019"
"299994","2019-12-24","12","24","2019"
"299995","2019-12-25","12","25","2019"
"299996","2019-12-26","12","26","2019"
"299997","2019-12-27","12","27","2019"
"299998","2019-12-28","12","28","2019"
"299999","2019-12-29","12","29","2019"
"300000","2019-12-30","12","30","2019"
"300001","2019-12-31","12","31","2019"
"308871","2020-01-01","1","1","2020"
"308872","2020-01-02","1","2","2020"
"308873","2020-01-03","1","3","2020"
"308874","2020-01-04","1","4","2020"
"308875","2020-01-05","1","5","2020"
"308876","2020-01-06","1","6","2020"
"308877","2020-01-07","1","7","2020"
"308878","2020-01-08","1","8","2020"
"308879","2020-01-09","1","9","2020"
"308880","2020-01-10","1","10","2020"
"308881","2020-01-11","1","11","2020"
"308882","2020-01-12","1","12","2020"
"308883","2020-01-13","1","13","2020"
"308884","2020-01-14","1","14","2020"
"308885","2020-01-15","1","15","2020"
"308886","2020-01-16","1","16","2020"
"308887","2020-01-17","1","17","2020"
"308888","2020-01-18","1","18","2020"
"308889","2020-01-19","1","19","2020"
"308890","2020-01-20","1","20","2020"
"308891","2020-01-21","1","21","2020"
"308892","2020-01-22","1","22","2020"
"308893","2020-01-23","1","23","2020"
"308894","2020-01-24","1","24","2020"
"308895","2020-01-25","1","25","2020"
"308896","2020-01-26","1","26","2020"
"308897","2020-01-27","1","27","2020"
"308898","2020-01-28","1","28","2020"
"308899","2020-01-29","1","29","2020"
"308900","2020-01-30","1","30","2020"
"308901","2020-01-31","1","31","2020"
"308971","2020-02-01","2","1","2020"
"308972","2020-02-02","2","2","2020"
"308973","2020-02-03","2","3","2020"
"308974","2020-02-04","2","4","2020"
"308975","2020-02-05","2","5","2020"
"308976","2020-02-06","2","6","2020"
"308977","2020-02-07","2","7","2020"
"308978","2020-02-08","2","8","2020"
"308979","2020-02-09","2","9","2020"
"308980","2020-02-10","2","10","2020"
"308981","2020-02-11","2","11","2020"
"308982","2020-02-12","2","12","2020"
"308983","2020-02-13","2","13","2020"
"308984","2020-02-14","2","14","2020"
"308985","2020-02-15","2","15","2020"
"308986","2020-02-16","2","16","2020"
"308987","2020-02-17","2","17","2020"
"308988","2020-02-18","2","18","2020"
"308989","2020-02-19","2","19","2020"
"308990","2020-02-20","2","20","2020"
"308991","2020-02-21","2","21","2020"
"308992","2020-02-22","2","22","2020"
"308993","2020-02-23","2","23","2020"
"308994","2020-02-24","2","24","2020"
"308995","2020-02-25","2","25","2020"
"308996","2020-02-26","2","26","2020"
"308997","2020-02-27","2","27","2020"
"308998","2020-02-28","2","28","2020"
"308999","2020-02-29","2","29","2020"
"309071","2020-03-01","3","1","2020"
"309072","2020-03-02","3","2","2020"
"309073","2020-03-03","3","3","2020"
"309074","2020-03-04","3","4","2020"
"309075","2020-03-05","3","5","2020"
"309076","2020-03-06","3","6","2020"
"309077","2020-03-07","3","7","2020"
"309078","2020-03-08","3","8","2020"
"309079","2020-03-09","3","9","2020"
"309080","2020-03-10","3","10","2020"
"309081","2020-03-11","3","11","2020"
"309082","2020-03-12","3","12","2020"
"309083","2020-03-13","3","13","2020"
"309084","2020-03-14","3","14","2020"
"309085","2020-03-15","3","15","2020"
"309086","2020-03-16","3","16","2020"
"309087","2020-03-17","3","17","2020"
"309088","2020-03-18","3","18","2020"
"309089","2020-03-19","3","19","2020"
"309090","2020-03-20","3","20","2020"
"309091","2020-03-21","3","21","2020"
"309092","2020-03-22","3","22","2020"
"309093","2020-03-23","3","23","2020"
"309094","2020-03-24","3","24","2020"
"309095","2020-03-25","3","25","2020"
"309096","2020-03-26","3","26","2020"
"309097","2020-03-27","3","27","2020"
"309098","2020-03-28","3","28","2020"
"309099","2020-03-29","3","29","2020"
"309100","2020-03-30","3","30","2020"
"309101","2020-03-31","3","31","2020"
"309171","2020-04-01","4","1","2020"
"309172","2020-04-02","4","2","2020"
"309173","2020-04-03","4","3","2020"
"309174","2020-04-04","4","4","2020"
"309175","2020-04-05","4","5","2020"
"309176","2020-04-06","4","6","2020"
"309177","2020-04-07","4","7","2020"
"309178","2020-04-08","4","8","2020"
"309179","2020-04-09","4","9","2020"
"309180","2020-04-10","4","10","2020"
"309181","2020-04-11","4","11","2020"
"309182","2020-04-12","4","12","2020"
"309183","2020-04-13","4","13","2020"
"309184","2020-04-14","4","14","2020"
"309185","2020-04-15","4","15","2020"
"309186","2020-04-16","4","16","2020"
"309187","2020-04-17","4","17","2020"
"309188","2020-04-18","4","18","2020"
"309189","2020-04-19","4","19","2020"
"309190","2020-04-20","4","20","2020"
"309191","2020-04-21","4","21","2020"
"309192","2020-04-22","4","22","2020"
"309193","2020-04-23","4","23","2020"
"309194","2020-04-24","4","24","2020"
"309195","2020-04-25","4","25","2020"
"309196","2020-04-26","4","26","2020"
"309197","2020-04-27","4","27","2020"
"309198","2020-04-28","4","28","2020"
"309199","2020-04-29","4","29","2020"
"309200","2020-04-30","4","30","2020"
"309271","2020-05-01","5","1","2020"
"309272","2020-05-02","5","2","2020"
"309273","2020-05-03","5","3","2020"
"309274","2020-05-04","5","4","2020"
"309275","2020-05-05","5","5","2020"
"309276","2020-05-06","5","6","2020"
"309277","2020-05-07","5","7","2020"
"309278","2020-05-08","5","8","2020"
"309279","2020-05-09","5","9","2020"
"309280","2020-05-10","5","10","2020"
"309281","2020-05-11","5","11","2020"
"309282","2020-05-12","5","12","2020"
"309283","2020-05-13","5","13","2020"
"309284","2020-05-14","5","14","2020"
"309285","2020-05-15","5","15","2020"
"309286","2020-05-16","5","16","2020"
"309287","2020-05-17","5","17","2020"
"309288","2020-05-18","5","18","2020"
"309289","2020-05-19","5","19","2020"
"309290","2020-05-20","5","20","2020"
"309291","2020-05-21","5","21","2020"
"309292","2020-05-22","5","22","2020"
"309293","2020-05-23","5","23","2020"
"309294","2020-05-24","5","24","2020"
"309295","2020-05-25","5","25","2020"
"309296","2020-05-26","5","26","2020"
"309297","2020-05-27","5","27","2020"
"309298","2020-05-28","5","28","2020"
"309299","2020-05-29","5","29","2020"
"309300","2020-05-30","5","30","2020"
"309301","2020-05-31","5","31","2020"
"309371","2020-06-01","6","1","2020"
"309372","2020-06-02","6","2","2020"
"309373","2020-06-03","6","3","2020"
"309374","2020-06-04","6","4","2020"
"309375","2020-06-05","6","5","2020"
"309376","2020-06-06","6","6","2020"
"309377","2020-06-07","6","7","2020"
"309378","2020-06-08","6","8","2020"
"309379","2020-06-09","6","9","2020"
"309380","2020-06-10","6","10","2020"
"309381","2020-06-11","6","11","2020"
"309382","2020-06-12","6","12","2020"
"309383","2020-06-13","6","13","2020"
"309384","2020-06-14","6","14","2020"
"309385","2020-06-15","6","15","2020"
"309386","2020-06-16","6","16","2020"
"309387","2020-06-17","6","17","2020"
"309388","2020-06-18","6","18","2020"
"309389","2020-06-19","6","19","2020"
"309390","2020-06-20","6","20","2020"
"309391","2020-06-21","6","21","2020"
"309392","2020-06-22","6","22","2020"
"309393","2020-06-23","6","23","2020"
"309394","2020-06-24","6","24","2020"
"309395","2020-06-25","6","25","2020"
"309396","2020-06-26","6","26","2020"
"309397","2020-06-27","6","27","2020"
"309398","2020-06-28","6","28","2020"
"309399","2020-06-29","6","29","2020"
"309400","2020-06-30","6","30","2020"
"309471","2020-07-01","7","1","2020"
"309472","2020-07-02","7","2","2020"
"309473","2020-07-03","7","3","2020"
"309474","2020-07-04","7","4","2020"
"309475","2020-07-05","7","5","2020"
"309476","2020-07-06","7","6","2020"
"309477","2020-07-07","7","7","2020"
"309478","2020-07-08","7","8","2020"
"309479","2020-07-09","7","9","2020"
"309480","2020-07-10","7","10","2020"
"309481","2020-07-11","7","11","2020"
"309482","2020-07-12","7","12","2020"
"309483","2020-07-13","7","13","2020"
"309484","2020-07-14","7","14","2020"
"309485","2020-07-15","7","15","2020"
"309486","2020-07-16","7","16","2020"
"309487","2020-07-17","7","17","2020"
"309488","2020-07-18","7","18","2020"
"309489","2020-07-19","7","19","2020"
"309490","2020-07-20","7","20","2020"
"309491","2020-07-21","7","21","2020"
"309492","2020-07-22","7","22","2020"
"309493","2020-07-23","7","23","2020"
"309494","2020-07-24","7","24","2020"
"309495","2020-07-25","7","25","2020"
"309496","2020-07-26","7","26","2020"
"309497","2020-07-27","7","27","2020"
"309498","2020-07-28","7","28","2020"
"309499","2020-07-29","7","29","2020"
"309500","2020-07-30","7","30","2020"
"309501","2020-07-31","7","31","2020"
"309571","2020-08-01","8","1","2020"
"309572","2020-08-02","8","2","2020"
"309573","2020-08-03","8","3","2020"
"309574","2020-08-04","8","4","2020"
"309575","2020-08-05","8","5","2020"
"309576","2020-08-06","8","6","2020"
"309577","2020-08-07","8","7","2020"
"309578","2020-08-08","8","8","2020"
"309579","2020-08-09","8","9","2020"
"309580","2020-08-10","8","10","2020"
"309581","2020-08-11","8","11","2020"
"309582","2020-08-12","8","12","2020"
"309583","2020-08-13","8","13","2020"
"309584","2020-08-14","8","14","2020"
"309585","2020-08-15","8","15","2020"
"309586","2020-08-16","8","16","2020"
"309587","2020-08-17","8","17","2020"
"309588","2020-08-18","8","18","2020"
"309589","2020-08-19","8","19","2020"
"309590","2020-08-20","8","20","2020"
"309591","2020-08-21","8","21","2020"
"309592","2020-08-22","8","22","2020"
"309593","2020-08-23","8","23","2020"
"309594","2020-08-24","8","24","2020"
"309595","2020-08-25","8","25","2020"
"309596","2020-08-26","8","26","2020"
"309597","2020-08-27","8","27","2020"
"309598","2020-08-28","8","28","2020"
"309599","2020-08-29","8","29","2020"
"309600","2020-08-30","8","30","2020"
"309601","2020-08-31","8","31","2020"
"309671","2020-09-01","9","1","2020"
"309672","2020-09-02","9","2","2020"
"309673","2020-09-03","9","3","2020"
"309674","2020-09-04","9","4","2020"
"309675","2020-09-05","9","5","2020"
"309676","2020-09-06","9","6","2020"
"309677","2020-09-07","9","7","2020"
"309678","2020-09-08","9","8","2020"
"309679","2020-09-09","9","9","2020"
"309680","2020-09-10","9","10","2020"
"309681","2020-09-11","9","11","2020"
"309682","2020-09-12","9","12","2020"
"309683","2020-09-13","9","13","2020"
"309684","2020-09-14","9","14","2020"
"309685","2020-09-15","9","15","2020"
"309686","2020-09-16","9","16","2020"
"309687","2020-09-17","9","17","2020"
"309688","2020-09-18","9","18","2020"
"309689","2020-09-19","9","19","2020"
"309690","2020-09-20","9","20","2020"
"309691","2020-09-21","9","21","2020"
"309692","2020-09-22","9","22","2020"
"309693","2020-09-23","9","23","2020"
"309694","2020-09-24","9","24","2020"
"309695","2020-09-25","9","25","2020"
"309696","2020-09-26","9","26","2020"
"309697","2020-09-27","9","27","2020"
"309698","2020-09-28","9","28","2020"
"309699","2020-09-29","9","29","2020"
"309700","2020-09-30","9","30","2020"
"309771","2020-10-01","10","1","2020"
"309772","2020-10-02","10","2","2020"
"309773","2020-10-03","10","3","2020"
"309774","2020-10-04","10","4","2020"
"309775","2020-10-05","10","5","2020"
"309776","2020-10-06","10","6","2020"
"309777","2020-10-07","10","7","2020"
"309778","2020-10-08","10","8","2020"
"309779","2020-10-09","10","9","2020"
"309780","2020-10-10","10","10","2020"
"309781","2020-10-11","10","11","2020"
"309782","2020-10-12","10","12","2020"
"309783","2020-10-13","10","13","2020"
"309784","2020-10-14","10","14","2020"
"309785","2020-10-15","10","15","2020"
"309786","2020-10-16","10","16","2020"
"309787","2020-10-17","10","17","2020"
"309788","2020-10-18","10","18","2020"
"309789","2020-10-19","10","19","2020"
"309790","2020-10-20","10","20","2020"
"309791","2020-10-21","10","21","2020"
"309792","2020-10-22","10","22","2020"
"309793","2020-10-23","10","23","2020"
"309794","2020-10-24","10","24","2020"
"309795","2020-10-25","10","25","2020"
"309796","2020-10-26","10","26","2020"
"309797","2020-10-27","10","27","2020"
"309798","2020-10-28","10","28","2020"
"309799","2020-10-29","10","29","2020"
"309800","2020-10-30","10","30","2020"
"309801","2020-10-31","10","31","2020"
"309871","2020-11-01","11","1","2020"
"309872","2020-11-02","11","2","2020"
"309873","2020-11-03","11","3","2020"
"309874","2020-11-04","11","4","2020"
"309875","2020-11-05","11","5","2020"
"309876","2020-11-06","11","6","2020"
"309877","2020-11-07","11","7","2020"
"309878","2020-11-08","11","8","2020"
"309879","2020-11-09","11","9","2020"
"309880","2020-11-10","11","10","2020"
"309881","2020-11-11","11","11","2020"
"309882","2020-11-12","11","12","2020"
"309883","2020-11-13","11","13","2020"
"309884","2020-11-14","11","14","2020"
"309885","2020-11-15","11","15","2020"
"309886","2020-11-16","11","16","2020"
"309887","2020-11-17","11","17","2020"
"309888","2020-11-18","11","18","2020"
"309889","2020-11-19","11","19","2020"
"309890","2020-11-20","11","20","2020"
"309891","2020-11-21","11","21","2020"
"309892","2020-11-22","11","22","2020"
"309893","2020-11-23","11","23","2020"
"309894","2020-11-24","11","24","2020"
"309895","2020-11-25","11","25","2020"
"309896","2020-11-26","11","26","2020"
"309897","2020-11-27","11","27","2020"
"309898","2020-11-28","11","28","2020"
"309899","2020-11-29","11","29","2020"
"309900","2020-11-30","11","30","2020"
"309971","2020-12-01","12","1","2020"
"309972","2020-12-02","12","2","2020"
"309973","2020-12-03","12","3","2020"
"309974","2020-12-04","12","4","2020"
"309975","2020-12-05","12","5","2020"
"309976","2020-12-06","12","6","2020"
"309977","2020-12-07","12","7","2020"
"309978","2020-12-08","12","8","2020"
"309979","2020-12-09","12","9","2020"
"309980","2020-12-10","12","10","2020"
"309981","2020-12-11","12","11","2020"
"309982","2020-12-12","12","12","2020"
"309983","2020-12-13","12","13","2020"
"309984","2020-12-14","12","14","2020"
"309985","2020-12-15","12","15","2020"
"309986","2020-12-16","12","16","2020"
"309987","2020-12-17","12","17","2020"
"309988","2020-12-18","12","18","2020"
"309989","2020-12-19","12","19","2020"
"309990","2020-12-20","12","20","2020"
"309991","2020-12-21","12","21","2020"
"309992","2020-12-22","12","22","2020"
"309993","2020-12-23","12","23","2020"
"309994","2020-12-24","12","24","2020"
"309995","2020-12-25","12","25","2020"
"309996","2020-12-26","12","26","2020"
"309997","2020-12-27","12","27","2020"
"309998","2020-12-28","12","28","2020"
"309999","2020-12-29","12","29","2020"
"310000","2020-12-30","12","30","2020"
"310001","2020-12-31","12","31","2020"
"318871","2021-01-01","1","1","2021"
"318872","2021-01-02","1","2","2021"
"318873","2021-01-03","1","3","2021"
"318874","2021-01-04","1","4","2021"
"318875","2021-01-05","1","5","2021"
"318876","2021-01-06","1","6","2021"
"318877","2021-01-07","1","7","2021"
"318878","2021-01-08","1","8","2021"
"318879","2021-01-09","1","9","2021"
"318880","2021-01-10","1","10","2021"
"318881","2021-01-11","1","11","2021"
"318882","2021-01-12","1","12","2021"
"318883","2021-01-13","1","13","2021"
"318884","2021-01-14","1","14","2021"
"318885","2021-01-15","1","15","2021"
"318886","2021-01-16","1","16","2021"
"318887","2021-01-17","1","17","2021"
"318888","2021-01-18","1","18","2021"
"318889","2021-01-19","1","19","2021"
"318890","2021-01-20","1","20","2021"
"318891","2021-01-21","1","21","2021"
"318892","2021-01-22","1","22","2021"
"318893","2021-01-23","1","23","2021"
"318894","2021-01-24","1","24","2021"
"318895","2021-01-25","1","25","2021"
"318896","2021-01-26","1","26","2021"
"318897","2021-01-27","1","27","2021"
"318898","2021-01-28","1","28","2021"
"318899","2021-01-29","1","29","2021"
"318900","2021-01-30","1","30","2021"
"318901","2021-01-31","1","31","2021"
"318971","2021-02-01","2","1","2021"
"318972","2021-02-02","2","2","2021"
"318973","2021-02-03","2","3","2021"
"318974","2021-02-04","2","4","2021"
"318975","2021-02-05","2","5","2021"
"318976","2021-02-06","2","6","2021"
"318977","2021-02-07","2","7","2021"
"318978","2021-02-08","2","8","2021"
"318979","2021-02-09","2","9","2021"
"318980","2021-02-10","2","10","2021"
"318981","2021-02-11","2","11","2021"
"318982","2021-02-12","2","12","2021"
"318983","2021-02-13","2","13","2021"
"318984","2021-02-14","2","14","2021"
"318985","2021-02-15","2","15","2021"
"318986","2021-02-16","2","16","2021"
"318987","2021-02-17","2","17","2021"
"318988","2021-02-18","2","18","2021"
"318989","2021-02-19","2","19","2021"
"318990","2021-02-20","2","20","2021"
"318991","2021-02-21","2","21","2021"
"318992","2021-02-22","2","22","2021"
"318993","2021-02-23","2","23","2021"
"318994","2021-02-24","2","24","2021"
"318995","2021-02-25","2","25","2021"
"318996","2021-02-26","2","26","2021"
"318997","2021-02-27","2","27","2021"
"318998","2021-02-28","2","28","2021"
"319071","2021-03-01","3","1","2021"
"319072","2021-03-02","3","2","2021"
"319073","2021-03-03","3","3","2021"
"319074","2021-03-04","3","4","2021"
"319075","2021-03-05","3","5","2021"
"319076","2021-03-06","3","6","2021"
"319077","2021-03-07","3","7","2021"
"319078","2021-03-08","3","8","2021"
"319079","2021-03-09","3","9","2021"
"319080","2021-03-10","3","10","2021"
"319081","2021-03-11","3","11","2021"
"319082","2021-03-12","3","12","2021"
"319083","2021-03-13","3","13","2021"
"319084","2021-03-14","3","14","2021"
"319085","2021-03-15","3","15","2021"
"319086","2021-03-16","3","16","2021"
"319087","2021-03-17","3","17","2021"
"319088","2021-03-18","3","18","2021"
"319089","2021-03-19","3","19","2021"
"319090","2021-03-20","3","20","2021"
"319091","2021-03-21","3","21","2021"
"319092","2021-03-22","3","22","2021"
"319093","2021-03-23","3","23","2021"
"319094","2021-03-24","3","24","2021"
"319095","2021-03-25","3","25","2021"
"319096","2021-03-26","3","26","2021"
"319097","2021-03-27","3","27","2021"
"319098","2021-03-28","3","28","2021"
"319099","2021-03-29","3","29","2021"
"319100","2021-03-30","3","30","2021"
"319101","2021-03-31","3","31","2021"
"319171","2021-04-01","4","1","2021"
"319172","2021-04-02","4","2","2021"
"319173","2021-04-03","4","3","2021"
"319174","2021-04-04","4","4","2021"
"319175","2021-04-05","4","5","2021"
"319176","2021-04-06","4","6","2021"
"319177","2021-04-07","4","7","2021"
"319178","2021-04-08","4","8","2021"
"319179","2021-04-09","4","9","2021"
"319180","2021-04-10","4","10","2021"
"319181","2021-04-11","4","11","2021"
"319182","2021-04-12","4","12","2021"
"319183","2021-04-13","4","13","2021"
"319184","2021-04-14","4","14","2021"
"319185","2021-04-15","4","15","2021"
"319186","2021-04-16","4","16","2021"
"319187","2021-04-17","4","17","2021"
"319188","2021-04-18","4","18","2021"
"319189","2021-04-19","4","19","2021"
"319190","2021-04-20","4","20","2021"
"319191","2021-04-21","4","21","2021"
"319192","2021-04-22","4","22","2021"
"319193","2021-04-23","4","23","2021"
"319194","2021-04-24","4","24","2021"
"319195","2021-04-25","4","25","2021"
"319196","2021-04-26","4","26","2021"
"319197","2021-04-27","4","27","2021"
"319198","2021-04-28","4","28","2021"
"319199","2021-04-29","4","29","2021"
"319200","2021-04-30","4","30","2021"
"319271","2021-05-01","5","1","2021"
"319272","2021-05-02","5","2","2021"
"319273","2021-05-03","5","3","2021"
"319274","2021-05-04","5","4","2021"
"319275","2021-05-05","5","5","2021"
"319276","2021-05-06","5","6","2021"
"319277","2021-05-07","5","7","2021"
"319278","2021-05-08","5","8","2021"
"319279","2021-05-09","5","9","2021"
"319280","2021-05-10","5","10","2021"
"319281","2021-05-11","5","11","2021"
"319282","2021-05-12","5","12","2021"
"319283","2021-05-13","5","13","2021"
"319284","2021-05-14","5","14","2021"
"319285","2021-05-15","5","15","2021"
"319286","2021-05-16","5","16","2021"
"319287","2021-05-17","5","17","2021"
"319288","2021-05-18","5","18","2021"
"319289","2021-05-19","5","19","2021"
"319290","2021-05-20","5","20","2021"
"319291","2021-05-21","5","21","2021"
"319292","2021-05-22","5","22","2021"
"319293","2021-05-23","5","23","2021"
"319294","2021-05-24","5","24","2021"
"319295","2021-05-25","5","25","2021"
"319296","2021-05-26","5","26","2021"
"319297","2021-05-27","5","27","2021"
"319298","2021-05-28","5","28","2021"
"319299","2021-05-29","5","29","2021"
"319300","2021-05-30","5","30","2021"
"319301","2021-05-31","5","31","2021"
"319371","2021-06-01","6","1","2021"
"319372","2021-06-02","6","2","2021"
"319373","2021-06-03","6","3","2021"
"319374","2021-06-04","6","4","2021"
"319375","2021-06-05","6","5","2021"
"319376","2021-06-06","6","6","2021"
"319377","2021-06-07","6","7","2021"
"319378","2021-06-08","6","8","2021"
"319379","2021-06-09","6","9","2021"
"319380","2021-06-10","6","10","2021"
"319381","2021-06-11","6","11","2021"
"319382","2021-06-12","6","12","2021"
"319383","2021-06-13","6","13","2021"
"319384","2021-06-14","6","14","2021"
"319385","2021-06-15","6","15","2021"
"319386","2021-06-16","6","16","2021"
"319387","2021-06-17","6","17","2021"
"319388","2021-06-18","6","18","2021"
"319389","2021-06-19","6","19","2021"
"319390","2021-06-20","6","20","2021"
"319391","2021-06-21","6","21","2021"
"319392","2021-06-22","6","22","2021"
"319393","2021-06-23","6","23","2021"
"319394","2021-06-24","6","24","2021"
"319395","2021-06-25","6","25","2021"
"319396","2021-06-26","6","26","2021"
"319397","2021-06-27","6","27","2021"
"319398","2021-06-28","6","28","2021"
"319399","2021-06-29","6","29","2021"
"319400","2021-06-30","6","30","2021"
"319471","2021-07-01","7","1","2021"
"319472","2021-07-02","7","2","2021"
"319473","2021-07-03","7","3","2021"
"319474","2021-07-04","7","4","2021"
"319475","2021-07-05","7","5","2021"
"319476","2021-07-06","7","6","2021"
"319477","2021-07-07","7","7","2021"
"319478","2021-07-08","7","8","2021"
"319479","2021-07-09","7","9","2021"
"319480","2021-07-10","7","10","2021"
"319481","2021-07-11","7","11","2021"
"319482","2021-07-12","7","12","2021"
"319483","2021-07-13","7","13","2021"
"319484","2021-07-14","7","14","2021"
"319485","2021-07-15","7","15","2021"
"319486","2021-07-16","7","16","2021"
"319487","2021-07-17","7","17","2021"
"319488","2021-07-18","7","18","2021"
"319489","2021-07-19","7","19","2021"
"319490","2021-07-20","7","20","2021"
"319491","2021-07-21","7","21","2021"
"319492","2021-07-22","7","22","2021"
"319493","2021-07-23","7","23","2021"
"319494","2021-07-24","7","24","2021"
"319495","2021-07-25","7","25","2021"
"319496","2021-07-26","7","26","2021"
"319497","2021-07-27","7","27","2021"
"319498","2021-07-28","7","28","2021"
"319499","2021-07-29","7","29","2021"
"319500","2021-07-30","7","30","2021"
"319501","2021-07-31","7","31","2021"
"319571","2021-08-01","8","1","2021"
"319572","2021-08-02","8","2","2021"
"319573","2021-08-03","8","3","2021"
"319574","2021-08-04","8","4","2021"
"319575","2021-08-05","8","5","2021"
"319576","2021-08-06","8","6","2021"
"319577","2021-08-07","8","7","2021"
"319578","2021-08-08","8","8","2021"
"319579","2021-08-09","8","9","2021"
"319580","2021-08-10","8","10","2021"
"319581","2021-08-11","8","11","2021"
"319582","2021-08-12","8","12","2021"
"319583","2021-08-13","8","13","2021"
"319584","2021-08-14","8","14","2021"
"319585","2021-08-15","8","15","2021"
"319586","2021-08-16","8","16","2021"
"319587","2021-08-17","8","17","2021"
"319588","2021-08-18","8","18","2021"
"319589","2021-08-19","8","19","2021"
"319590","2021-08-20","8","20","2021"
"319591","2021-08-21","8","21","2021"
"319592","2021-08-22","8","22","2021"
"319593","2021-08-23","8","23","2021"
"319594","2021-08-24","8","24","2021"
"319595","2021-08-25","8","25","2021"
"319596","2021-08-26","8","26","2021"
"319597","2021-08-27","8","27","2021"
"319598","2021-08-28","8","28","2021"
"319599","2021-08-29","8","29","2021"
"319600","2021-08-30","8","30","2021"
"319601","2021-08-31","8","31","2021"
"319671","2021-09-01","9","1","2021"
"319672","2021-09-02","9","2","2021"
"319673","2021-09-03","9","3","2021"
"319674","2021-09-04","9","4","2021"
"319675","2021-09-05","9","5","2021"
"319676","2021-09-06","9","6","2021"
"319677","2021-09-07","9","7","2021"
"319678","2021-09-08","9","8","2021"
"319679","2021-09-09","9","9","2021"
"319680","2021-09-10","9","10","2021"
"319681","2021-09-11","9","11","2021"
"319682","2021-09-12","9","12","2021"
"319683","2021-09-13","9","13","2021"
"319684","2021-09-14","9","14","2021"
"319685","2021-09-15","9","15","2021"
"319686","2021-09-16","9","16","2021"
"319687","2021-09-17","9","17","2021"
"319688","2021-09-18","9","18","2021"
"319689","2021-09-19","9","19","2021"
"319690","2021-09-20","9","20","2021"
"319691","2021-09-21","9","21","2021"
"319692","2021-09-22","9","22","2021"
"319693","2021-09-23","9","23","2021"
"319694","2021-09-24","9","24","2021"
"319695","2021-09-25","9","25","2021"
"319696","2021-09-26","9","26","2021"
"319697","2021-09-27","9","27","2021"
"319698","2021-09-28","9","28","2021"
"319699","2021-09-29","9","29","2021"
"319700","2021-09-30","9","30","2021"
"319771","2021-10-01","10","1","2021"
"319772","2021-10-02","10","2","2021"
"319773","2021-10-03","10","3","2021"
"319774","2021-10-04","10","4","2021"
"319775","2021-10-05","10","5","2021"
"319776","2021-10-06","10","6","2021"
"319777","2021-10-07","10","7","2021"
"319778","2021-10-08","10","8","2021"
"319779","2021-10-09","10","9","2021"
"319780","2021-10-10","10","10","2021"
"319781","2021-10-11","10","11","2021"
"319782","2021-10-12","10","12","2021"
"319783","2021-10-13","10","13","2021"
"319784","2021-10-14","10","14","2021"
"319785","2021-10-15","10","15","2021"
"319786","2021-10-16","10","16","2021"
"319787","2021-10-17","10","17","2021"
"319788","2021-10-18","10","18","2021"
"319789","2021-10-19","10","19","2021"
"319790","2021-10-20","10","20","2021"
"319791","2021-10-21","10","21","2021"
"319792","2021-10-22","10","22","2021"
"319793","2021-10-23","10","23","2021"
"319794","2021-10-24","10","24","2021"
"319795","2021-10-25","10","25","2021"
"319796","2021-10-26","10","26","2021"
"319797","2021-10-27","10","27","2021"
"319798","2021-10-28","10","28","2021"
"319799","2021-10-29","10","29","2021"
"319800","2021-10-30","10","30","2021"
"319801","2021-10-31","10","31","2021"
"319871","2021-11-01","11","1","2021"
"319872","2021-11-02","11","2","2021"
"319873","2021-11-03","11","3","2021"
"319874","2021-11-04","11","4","2021"
"319875","2021-11-05","11","5","2021"
"319876","2021-11-06","11","6","2021"
"319877","2021-11-07","11","7","2021"
"319878","2021-11-08","11","8","2021"
"319879","2021-11-09","11","9","2021"
"319880","2021-11-10","11","10","2021"
"319881","2021-11-11","11","11","2021"
"319882","2021-11-12","11","12","2021"
"319883","2021-11-13","11","13","2021"
"319884","2021-11-14","11","14","2021"
"319885","2021-11-15","11","15","2021"
"319886","2021-11-16","11","16","2021"
"319887","2021-11-17","11","17","2021"
"319888","2021-11-18","11","18","2021"
"319889","2021-11-19","11","19","2021"
"319890","2021-11-20","11","20","2021"
"319891","2021-11-21","11","21","2021"
"319892","2021-11-22","11","22","2021"
"319893","2021-11-23","11","23","2021"
"319894","2021-11-24","11","24","2021"
"319895","2021-11-25","11","25","2021"
"319896","2021-11-26","11","26","2021"
"319897","2021-11-27","11","27","2021"
"319898","2021-11-28","11","28","2021"
"319899","2021-11-29","11","29","2021"
"319900","2021-11-30","11","30","2021"
"319971","2021-12-01","12","1","2021"
"319972","2021-12-02","12","2","2021"
"319973","2021-12-03","12","3","2021"
"319974","2021-12-04","12","4","2021"
"319975","2021-12-05","12","5","2021"
"319976","2021-12-06","12","6","2021"
"319977","2021-12-07","12","7","2021"
"319978","2021-12-08","12","8","2021"
"319979","2021-12-09","12","9","2021"
"319980","2021-12-10","12","10","2021"
"319981","2021-12-11","12","11","2021"
"319982","2021-12-12","12","12","2021"
"319983","2021-12-13","12","13","2021"
"319984","2021-12-14","12","14","2021"
"319985","2021-12-15","12","15","2021"
"319986","2021-12-16","12","16","2021"
"319987","2021-12-17","12","17","2021"
"319988","2021-12-18","12","18","2021"
"319989","2021-12-19","12","19","2021"
"319990","2021-12-20","12","20","2021"
"319991","2021-12-21","12","21","2021"
"319992","2021-12-22","12","22","2021"
"319993","2021-12-23","12","23","2021"
"319994","2021-12-24","12","24","2021"
"319995","2021-12-25","12","25","2021"
"319996","2021-12-26","12","26","2021"
"319997","2021-12-27","12","27","2021"
"319998","2021-12-28","12","28","2021"
"319999","2021-12-29","12","29","2021"
"320000","2021-12-30","12","30","2021"
"320001","2021-12-31","12","31","2021"
"328871","2022-01-01","1","1","2022"
"328872","2022-01-02","1","2","2022"
"328873","2022-01-03","1","3","2022"
"328874","2022-01-04","1","4","2022"
"328875","2022-01-05","1","5","2022"
"328876","2022-01-06","1","6","2022"
"328877","2022-01-07","1","7","2022"
"328878","2022-01-08","1","8","2022"
"328879","2022-01-09","1","9","2022"
"328880","2022-01-10","1","10","2022"
"328881","2022-01-11","1","11","2022"
"328882","2022-01-12","1","12","2022"
"328883","2022-01-13","1","13","2022"
"328884","2022-01-14","1","14","2022"
"328885","2022-01-15","1","15","2022"
"328886","2022-01-16","1","16","2022"
"328887","2022-01-17","1","17","2022"
"328888","2022-01-18","1","18","2022"
"328889","2022-01-19","1","19","2022"
"328890","2022-01-20","1","20","2022"
"328891","2022-01-21","1","21","2022"
"328892","2022-01-22","1","22","2022"
"328893","2022-01-23","1","23","2022"
"328894","2022-01-24","1","24","2022"
"328895","2022-01-25","1","25","2022"
"328896","2022-01-26","1","26","2022"
"328897","2022-01-27","1","27","2022"
"328898","2022-01-28","1","28","2022"
"328899","2022-01-29","1","29","2022"
"328900","2022-01-30","1","30","2022"
"328901","2022-01-31","1","31","2022"
"328971","2022-02-01","2","1","2022"
"328972","2022-02-02","2","2","2022"
"328973","2022-02-03","2","3","2022"
"328974","2022-02-04","2","4","2022"
"328975","2022-02-05","2","5","2022"
"328976","2022-02-06","2","6","2022"
"328977","2022-02-07","2","7","2022"
"328978","2022-02-08","2","8","2022"
"328979","2022-02-09","2","9","2022"
"328980","2022-02-10","2","10","2022"
"328981","2022-02-11","2","11","2022"
"328982","2022-02-12","2","12","2022"
"328983","2022-02-13","2","13","2022"
"328984","2022-02-14","2","14","2022"
"328985","2022-02-15","2","15","2022"
"328986","2022-02-16","2","16","2022"
"328987","2022-02-17","2","17","2022"
"328988","2022-02-18","2","18","2022"
"328989","2022-02-19","2","19","2022"
"328990","2022-02-20","2","20","2022"
"328991","2022-02-21","2","21","2022"
"328992","2022-02-22","2","22","2022"
"328993","2022-02-23","2","23","2022"
"328994","2022-02-24","2","24","2022"
"328995","2022-02-25","2","25","2022"
"328996","2022-02-26","2","26","2022"
"328997","2022-02-27","2","27","2022"
"328998","2022-02-28","2","28","2022"
"329071","2022-03-01","3","1","2022"
"329072","2022-03-02","3","2","2022"
"329073","2022-03-03","3","3","2022"
"329074","2022-03-04","3","4","2022"
"329075","2022-03-05","3","5","2022"
"329076","2022-03-06","3","6","2022"
"329077","2022-03-07","3","7","2022"
"329078","2022-03-08","3","8","2022"
"329079","2022-03-09","3","9","2022"
"329080","2022-03-10","3","10","2022"
"329081","2022-03-11","3","11","2022"
"329082","2022-03-12","3","12","2022"
"329083","2022-03-13","3","13","2022"
"329084","2022-03-14","3","14","2022"
"329085","2022-03-15","3","15","2022"
"329086","2022-03-16","3","16","2022"
"329087","2022-03-17","3","17","2022"
"329088","2022-03-18","3","18","2022"
"329089","2022-03-19","3","19","2022"
"329090","2022-03-20","3","20","2022"
"329091","2022-03-21","3","21","2022"
"329092","2022-03-22","3","22","2022"
"329093","2022-03-23","3","23","2022"
"329094","2022-03-24","3","24","2022"
"329095","2022-03-25","3","25","2022"
"329096","2022-03-26","3","26","2022"
"329097","2022-03-27","3","27","2022"
"329098","2022-03-28","3","28","2022"
"329099","2022-03-29","3","29","2022"
"329100","2022-03-30","3","30","2022"
"329101","2022-03-31","3","31","2022"
"329171","2022-04-01","4","1","2022"
"329172","2022-04-02","4","2","2022"
"329173","2022-04-03","4","3","2022"
"329174","2022-04-04","4","4","2022"
"329175","2022-04-05","4","5","2022"
"329176","2022-04-06","4","6","2022"
"329177","2022-04-07","4","7","2022"
"329178","2022-04-08","4","8","2022"
"329179","2022-04-09","4","9","2022"
"329180","2022-04-10","4","10","2022"
"329181","2022-04-11","4","11","2022"
"329182","2022-04-12","4","12","2022"
"329183","2022-04-13","4","13","2022"
"329184","2022-04-14","4","14","2022"
"329185","2022-04-15","4","15","2022"
"329186","2022-04-16","4","16","2022"
"329187","2022-04-17","4","17","2022"
"329188","2022-04-18","4","18","2022"
"329189","2022-04-19","4","19","2022"
"329190","2022-04-20","4","20","2022"
"329191","2022-04-21","4","21","2022"
"329192","2022-04-22","4","22","2022"
"329193","2022-04-23","4","23","2022"
"329194","2022-04-24","4","24","2022"
"329195","2022-04-25","4","25","2022"
"329196","2022-04-26","4","26","2022"
"329197","2022-04-27","4","27","2022"
"329198","2022-04-28","4","28","2022"
"329199","2022-04-29","4","29","2022"
"329200","2022-04-30","4","30","2022"
"329271","2022-05-01","5","1","2022"
"329272","2022-05-02","5","2","2022"
"329273","2022-05-03","5","3","2022"
"329274","2022-05-04","5","4","2022"
"329275","2022-05-05","5","5","2022"
"329276","2022-05-06","5","6","2022"
"329277","2022-05-07","5","7","2022"
"329278","2022-05-08","5","8","2022"
"329279","2022-05-09","5","9","2022"
"329280","2022-05-10","5","10","2022"
"329281","2022-05-11","5","11","2022"
"329282","2022-05-12","5","12","2022"
"329283","2022-05-13","5","13","2022"
"329284","2022-05-14","5","14","2022"
"329285","2022-05-15","5","15","2022"
"329286","2022-05-16","5","16","2022"
"329287","2022-05-17","5","17","2022"
"329288","2022-05-18","5","18","2022"
"329289","2022-05-19","5","19","2022"
"329290","2022-05-20","5","20","2022"
"329291","2022-05-21","5","21","2022"
"329292","2022-05-22","5","22","2022"
"329293","2022-05-23","5","23","2022"
"329294","2022-05-24","5","24","2022"
"329295","2022-05-25","5","25","2022"
"329296","2022-05-26","5","26","2022"
"329297","2022-05-27","5","27","2022"
"329298","2022-05-28","5","28","2022"
"329299","2022-05-29","5","29","2022"
"329300","2022-05-30","5","30","2022"
"329301","2022-05-31","5","31","2022"
"329371","2022-06-01","6","1","2022"
"329372","2022-06-02","6","2","2022"
"329373","2022-06-03","6","3","2022"
"329374","2022-06-04","6","4","2022"
"329375","2022-06-05","6","5","2022"
"329376","2022-06-06","6","6","2022"
"329377","2022-06-07","6","7","2022"
"329378","2022-06-08","6","8","2022"
"329379","2022-06-09","6","9","2022"
"329380","2022-06-10","6","10","2022"
"329381","2022-06-11","6","11","2022"
"329382","2022-06-12","6","12","2022"
"329383","2022-06-13","6","13","2022"
"329384","2022-06-14","6","14","2022"
"329385","2022-06-15","6","15","2022"
"329386","2022-06-16","6","16","2022"
"329387","2022-06-17","6","17","2022"
"329388","2022-06-18","6","18","2022"
"329389","2022-06-19","6","19","2022"
"329390","2022-06-20","6","20","2022"
"329391","2022-06-21","6","21","2022"
"329392","2022-06-22","6","22","2022"
"329393","2022-06-23","6","23","2022"
"329394","2022-06-24","6","24","2022"
"329395","2022-06-25","6","25","2022"
"329396","2022-06-26","6","26","2022"
"329397","2022-06-27","6","27","2022"
"329398","2022-06-28","6","28","2022"
"329399","2022-06-29","6","29","2022"
"329400","2022-06-30","6","30","2022"
"329471","2022-07-01","7","1","2022"
"329472","2022-07-02","7","2","2022"
"329473","2022-07-03","7","3","2022"
"329474","2022-07-04","7","4","2022"
"329475","2022-07-05","7","5","2022"
"329476","2022-07-06","7","6","2022"
"329477","2022-07-07","7","7","2022"
"329478","2022-07-08","7","8","2022"
"329479","2022-07-09","7","9","2022"
"329480","2022-07-10","7","10","2022"
"329481","2022-07-11","7","11","2022"
"329482","2022-07-12","7","12","2022"
"329483","2022-07-13","7","13","2022"
"329484","2022-07-14","7","14","2022"
"329485","2022-07-15","7","15","2022"
"329486","2022-07-16","7","16","2022"
"329487","2022-07-17","7","17","2022"
"329488","2022-07-18","7","18","2022"
"329489","2022-07-19","7","19","2022"
"329490","2022-07-20","7","20","2022"
"329491","2022-07-21","7","21","2022"
"329492","2022-07-22","7","22","2022"
"329493","2022-07-23","7","23","2022"
"329494","2022-07-24","7","24","2022"
"329495","2022-07-25","7","25","2022"
"329496","2022-07-26","7","26","2022"
"329497","2022-07-27","7","27","2022"
"329498","2022-07-28","7","28","2022"
"329499","2022-07-29","7","29","2022"
"329500","2022-07-30","7","30","2022"
"329501","2022-07-31","7","31","2022"
"329571","2022-08-01","8","1","2022"
"329572","2022-08-02","8","2","2022"
"329573","2022-08-03","8","3","2022"
"329574","2022-08-04","8","4","2022"
"329575","2022-08-05","8","5","2022"
"329576","2022-08-06","8","6","2022"
"329577","2022-08-07","8","7","2022"
"329578","2022-08-08","8","8","2022"
"329579","2022-08-09","8","9","2022"
"329580","2022-08-10","8","10","2022"
"329581","2022-08-11","8","11","2022"
"329582","2022-08-12","8","12","2022"
"329583","2022-08-13","8","13","2022"
"329584","2022-08-14","8","14","2022"
"329585","2022-08-15","8","15","2022"
"329586","2022-08-16","8","16","2022"
"329587","2022-08-17","8","17","2022"
"329588","2022-08-18","8","18","2022"
"329589","2022-08-19","8","19","2022"
"329590","2022-08-20","8","20","2022"
"329591","2022-08-21","8","21","2022"
"329592","2022-08-22","8","22","2022"
"329593","2022-08-23","8","23","2022"
"329594","2022-08-24","8","24","2022"
"329595","2022-08-25","8","25","2022"
"329596","2022-08-26","8","26","2022"
"329597","2022-08-27","8","27","2022"
"329598","2022-08-28","8","28","2022"
"329599","2022-08-29","8","29","2022"
"329600","2022-08-30","8","30","2022"
"329601","2022-08-31","8","31","2022"
"329671","2022-09-01","9","1","2022"
"329672","2022-09-02","9","2","2022"
"329673","2022-09-03","9","3","2022"
"329674","2022-09-04","9","4","2022"
"329675","2022-09-05","9","5","2022"
"329676","2022-09-06","9","6","2022"
"329677","2022-09-07","9","7","2022"
"329678","2022-09-08","9","8","2022"
"329679","2022-09-09","9","9","2022"
"329680","2022-09-10","9","10","2022"
"329681","2022-09-11","9","11","2022"
"329682","2022-09-12","9","12","2022"
"329683","2022-09-13","9","13","2022"
"329684","2022-09-14","9","14","2022"
"329685","2022-09-15","9","15","2022"
"329686","2022-09-16","9","16","2022"
"329687","2022-09-17","9","17","2022"
"329688","2022-09-18","9","18","2022"
"329689","2022-09-19","9","19","2022"
"329690","2022-09-20","9","20","2022"
"329691","2022-09-21","9","21","2022"
"329692","2022-09-22","9","22","2022"
"329693","2022-09-23","9","23","2022"
"329694","2022-09-24","9","24","2022"
"329695","2022-09-25","9","25","2022"
"329696","2022-09-26","9","26","2022"
"329697","2022-09-27","9","27","2022"
"329698","2022-09-28","9","28","2022"
"329699","2022-09-29","9","29","2022"
"329700","2022-09-30","9","30","2022"
"329771","2022-10-01","10","1","2022"
"329772","2022-10-02","10","2","2022"
"329773","2022-10-03","10","3","2022"
"329774","2022-10-04","10","4","2022"
"329775","2022-10-05","10","5","2022"
"329776","2022-10-06","10","6","2022"
"329777","2022-10-07","10","7","2022"
"329778","2022-10-08","10","8","2022"
"329779","2022-10-09","10","9","2022"
"329780","2022-10-10","10","10","2022"
"329781","2022-10-11","10","11","2022"
"329782","2022-10-12","10","12","2022"
"329783","2022-10-13","10","13","2022"
"329784","2022-10-14","10","14","2022"
"329785","2022-10-15","10","15","2022"
"329786","2022-10-16","10","16","2022"
"329787","2022-10-17","10","17","2022"
"329788","2022-10-18","10","18","2022"
"329789","2022-10-19","10","19","2022"
"329790","2022-10-20","10","20","2022"
"329791","2022-10-21","10","21","2022"
"329792","2022-10-22","10","22","2022"
"329793","2022-10-23","10","23","2022"
"329794","2022-10-24","10","24","2022"
"329795","2022-10-25","10","25","2022"
"329796","2022-10-26","10","26","2022"
"329797","2022-10-27","10","27","2022"
"329798","2022-10-28","10","28","2022"
"329799","2022-10-29","10","29","2022"
"329800","2022-10-30","10","30","2022"
"329801","2022-10-31","10","31","2022"
"329871","2022-11-01","11","1","2022"
"329872","2022-11-02","11","2","2022"
"329873","2022-11-03","11","3","2022"
"329874","2022-11-04","11","4","2022"
"329875","2022-11-05","11","5","2022"
"329876","2022-11-06","11","6","2022"
"329877","2022-11-07","11","7","2022"
"329878","2022-11-08","11","8","2022"
"329879","2022-11-09","11","9","2022"
"329880","2022-11-10","11","10","2022"
"329881","2022-11-11","11","11","2022"
"329882","2022-11-12","11","12","2022"
"329883","2022-11-13","11","13","2022"
"329884","2022-11-14","11","14","2022"
"329885","2022-11-15","11","15","2022"
"329886","2022-11-16","11","16","2022"
"329887","2022-11-17","11","17","2022"
"329888","2022-11-18","11","18","2022"
"329889","2022-11-19","11","19","2022"
"329890","2022-11-20","11","20","2022"
"329891","2022-11-21","11","21","2022"
"329892","2022-11-22","11","22","2022"
"329893","2022-11-23","11","23","2022"
"329894","2022-11-24","11","24","2022"
"329895","2022-11-25","11","25","2022"
"329896","2022-11-26","11","26","2022"
"329897","2022-11-27","11","27","2022"
"329898","2022-11-28","11","28","2022"
"329899","2022-11-29","11","29","2022"
"329900","2022-11-30","11","30","2022"
"329971","2022-12-01","12","1","2022"
"329972","2022-12-02","12","2","2022"
"329973","2022-12-03","12","3","2022"
"329974","2022-12-04","12","4","2022"
"329975","2022-12-05","12","5","2022"
"329976","2022-12-06","12","6","2022"
"329977","2022-12-07","12","7","2022"
"329978","2022-12-08","12","8","2022"
"329979","2022-12-09","12","9","2022"
"329980","2022-12-10","12","10","2022"
"329981","2022-12-11","12","11","2022"
"329982","2022-12-12","12","12","2022"
"329983","2022-12-13","12","13","2022"
"329984","2022-12-14","12","14","2022"
"329985","2022-12-15","12","15","2022"
"329986","2022-12-16","12","16","2022"
"329987","2022-12-17","12","17","2022"
"329988","2022-12-18","12","18","2022"
"329989","2022-12-19","12","19","2022"
"329990","2022-12-20","12","20","2022"
"329991","2022-12-21","12","21","2022"
"329992","2022-12-22","12","22","2022"
"329993","2022-12-23","12","23","2022"
"329994","2022-12-24","12","24","2022"
"329995","2022-12-25","12","25","2022"
"329996","2022-12-26","12","26","2022"
"329997","2022-12-27","12","27","2022"
"329998","2022-12-28","12","28","2022"
"329999","2022-12-29","12","29","2022"
"330000","2022-12-30","12","30","2022"
"330001","2022-12-31","12","31","2022"
"338871","2023-01-01","1","1","2023"
"338872","2023-01-02","1","2","2023"
"338873","2023-01-03","1","3","2023"
"338874","2023-01-04","1","4","2023"
"338875","2023-01-05","1","5","2023"
"338876","2023-01-06","1","6","2023"
"338877","2023-01-07","1","7","2023"
"338878","2023-01-08","1","8","2023"
"338879","2023-01-09","1","9","2023"
"338880","2023-01-10","1","10","2023"
"338881","2023-01-11","1","11","2023"
"338882","2023-01-12","1","12","2023"
"338883","2023-01-13","1","13","2023"
"338884","2023-01-14","1","14","2023"
"338885","2023-01-15","1","15","2023"
"338886","2023-01-16","1","16","2023"
"338887","2023-01-17","1","17","2023"
"338888","2023-01-18","1","18","2023"
"338889","2023-01-19","1","19","2023"
"338890","2023-01-20","1","20","2023"
"338891","2023-01-21","1","21","2023"
"338892","2023-01-22","1","22","2023"
"338893","2023-01-23","1","23","2023"
"338894","2023-01-24","1","24","2023"
"338895","2023-01-25","1","25","2023"
"338896","2023-01-26","1","26","2023"
"338897","2023-01-27","1","27","2023"
"338898","2023-01-28","1","28","2023"
"338899","2023-01-29","1","29","2023"
"338900","2023-01-30","1","30","2023"
"338901","2023-01-31","1","31","2023"
"338971","2023-02-01","2","1","2023"
"338972","2023-02-02","2","2","2023"
"338973","2023-02-03","2","3","2023"
"338974","2023-02-04","2","4","2023"
"338975","2023-02-05","2","5","2023"
"338976","2023-02-06","2","6","2023"
"338977","2023-02-07","2","7","2023"
"338978","2023-02-08","2","8","2023"
"338979","2023-02-09","2","9","2023"
"338980","2023-02-10","2","10","2023"
"338981","2023-02-11","2","11","2023"
"338982","2023-02-12","2","12","2023"
"338983","2023-02-13","2","13","2023"
"338984","2023-02-14","2","14","2023"
"338985","2023-02-15","2","15","2023"
"338986","2023-02-16","2","16","2023"
"338987","2023-02-17","2","17","2023"
"338988","2023-02-18","2","18","2023"
"338989","2023-02-19","2","19","2023"
"338990","2023-02-20","2","20","2023"
"338991","2023-02-21","2","21","2023"
"338992","2023-02-22","2","22","2023"
"338993","2023-02-23","2","23","2023"
"338994","2023-02-24","2","24","2023"
"338995","2023-02-25","2","25","2023"
"338996","2023-02-26","2","26","2023"
"338997","2023-02-27","2","27","2023"
"338998","2023-02-28","2","28","2023"
"339071","2023-03-01","3","1","2023"
"339072","2023-03-02","3","2","2023"
"339073","2023-03-03","3","3","2023"
"339074","2023-03-04","3","4","2023"
"339075","2023-03-05","3","5","2023"
"339076","2023-03-06","3","6","2023"
"339077","2023-03-07","3","7","2023"
"339078","2023-03-08","3","8","2023"
"339079","2023-03-09","3","9","2023"
"339080","2023-03-10","3","10","2023"
"339081","2023-03-11","3","11","2023"
"339082","2023-03-12","3","12","2023"
"339083","2023-03-13","3","13","2023"
"339084","2023-03-14","3","14","2023"
"339085","2023-03-15","3","15","2023"
"339086","2023-03-16","3","16","2023"
"339087","2023-03-17","3","17","2023"
"339088","2023-03-18","3","18","2023"
"339089","2023-03-19","3","19","2023"
"339090","2023-03-20","3","20","2023"
"339091","2023-03-21","3","21","2023"
"339092","2023-03-22","3","22","2023"
"339093","2023-03-23","3","23","2023"
"339094","2023-03-24","3","24","2023"
"339095","2023-03-25","3","25","2023"
"339096","2023-03-26","3","26","2023"
"339097","2023-03-27","3","27","2023"
"339098","2023-03-28","3","28","2023"
"339099","2023-03-29","3","29","2023"
"339100","2023-03-30","3","30","2023"
"339101","2023-03-31","3","31","2023"
"339171","2023-04-01","4","1","2023"
"339172","2023-04-02","4","2","2023"
"339173","2023-04-03","4","3","2023"
"339174","2023-04-04","4","4","2023"
"339175","2023-04-05","4","5","2023"
"339176","2023-04-06","4","6","2023"
"339177","2023-04-07","4","7","2023"
"339178","2023-04-08","4","8","2023"
"339179","2023-04-09","4","9","2023"
"339180","2023-04-10","4","10","2023"
"339181","2023-04-11","4","11","2023"
"339182","2023-04-12","4","12","2023"
"339183","2023-04-13","4","13","2023"
"339184","2023-04-14","4","14","2023"
"339185","2023-04-15","4","15","2023"
"339186","2023-04-16","4","16","2023"
"339187","2023-04-17","4","17","2023"
"339188","2023-04-18","4","18","2023"
"339189","2023-04-19","4","19","2023"
"339190","2023-04-20","4","20","2023"
"339191","2023-04-21","4","21","2023"
"339192","2023-04-22","4","22","2023"
"339193","2023-04-23","4","23","2023"
"339194","2023-04-24","4","24","2023"
"339195","2023-04-25","4","25","2023"
"339196","2023-04-26","4","26","2023"
"339197","2023-04-27","4","27","2023"
"339198","2023-04-28","4","28","2023"
"339199","2023-04-29","4","29","2023"
"339200","2023-04-30","4","30","2023"
"339271","2023-05-01","5","1","2023"
"339272","2023-05-02","5","2","2023"
"339273","2023-05-03","5","3","2023"
"339274","2023-05-04","5","4","2023"
"339275","2023-05-05","5","5","2023"
"339276","2023-05-06","5","6","2023"
"339277","2023-05-07","5","7","2023"
"339278","2023-05-08","5","8","2023"
"339279","2023-05-09","5","9","2023"
"339280","2023-05-10","5","10","2023"
"339281","2023-05-11","5","11","2023"
"339282","2023-05-12","5","12","2023"
"339283","2023-05-13","5","13","2023"
"339284","2023-05-14","5","14","2023"
"339285","2023-05-15","5","15","2023"
"339286","2023-05-16","5","16","2023"
"339287","2023-05-17","5","17","2023"
"339288","2023-05-18","5","18","2023"
"339289","2023-05-19","5","19","2023"
"339290","2023-05-20","5","20","2023"
"339291","2023-05-21","5","21","2023"
"339292","2023-05-22","5","22","2023"
"339293","2023-05-23","5","23","2023"
"339294","2023-05-24","5","24","2023"
"339295","2023-05-25","5","25","2023"
"339296","2023-05-26","5","26","2023"
"339297","2023-05-27","5","27","2023"
"339298","2023-05-28","5","28","2023"
"339299","2023-05-29","5","29","2023"
"339300","2023-05-30","5","30","2023"
"339301","2023-05-31","5","31","2023"
"339371","2023-06-01","6","1","2023"
"339372","2023-06-02","6","2","2023"
"339373","2023-06-03","6","3","2023"
"339374","2023-06-04","6","4","2023"
"339375","2023-06-05","6","5","2023"
"339376","2023-06-06","6","6","2023"
"339377","2023-06-07","6","7","2023"
"339378","2023-06-08","6","8","2023"
"339379","2023-06-09","6","9","2023"
"339380","2023-06-10","6","10","2023"
"339381","2023-06-11","6","11","2023"
"339382","2023-06-12","6","12","2023"
"339383","2023-06-13","6","13","2023"
"339384","2023-06-14","6","14","2023"
"339385","2023-06-15","6","15","2023"
"339386","2023-06-16","6","16","2023"
"339387","2023-06-17","6","17","2023"
"339388","2023-06-18","6","18","2023"
"339389","2023-06-19","6","19","2023"
"339390","2023-06-20","6","20","2023"
"339391","2023-06-21","6","21","2023"
"339392","2023-06-22","6","22","2023"
"339393","2023-06-23","6","23","2023"
"339394","2023-06-24","6","24","2023"
"339395","2023-06-25","6","25","2023"
"339396","2023-06-26","6","26","2023"
"339397","2023-06-27","6","27","2023"
"339398","2023-06-28","6","28","2023"
"339399","2023-06-29","6","29","2023"
"339400","2023-06-30","6","30","2023"
"339471","2023-07-01","7","1","2023"
"339472","2023-07-02","7","2","2023"
"339473","2023-07-03","7","3","2023"
"339474","2023-07-04","7","4","2023"
"339475","2023-07-05","7","5","2023"
"339476","2023-07-06","7","6","2023"
"339477","2023-07-07","7","7","2023"
"339478","2023-07-08","7","8","2023"
"339479","2023-07-09","7","9","2023"
"339480","2023-07-10","7","10","2023"
"339481","2023-07-11","7","11","2023"
"339482","2023-07-12","7","12","2023"
"339483","2023-07-13","7","13","2023"
"339484","2023-07-14","7","14","2023"
"339485","2023-07-15","7","15","2023"
"339486","2023-07-16","7","16","2023"
"339487","2023-07-17","7","17","2023"
"339488","2023-07-18","7","18","2023"
"339489","2023-07-19","7","19","2023"
"339490","2023-07-20","7","20","2023"
"339491","2023-07-21","7","21","2023"
"339492","2023-07-22","7","22","2023"
"339493","2023-07-23","7","23","2023"
"339494","2023-07-24","7","24","2023"
"339495","2023-07-25","7","25","2023"
"339496","2023-07-26","7","26","2023"
"339497","2023-07-27","7","27","2023"
"339498","2023-07-28","7","28","2023"
"339499","2023-07-29","7","29","2023"
"339500","2023-07-30","7","30","2023"
"339501","2023-07-31","7","31","2023"
"339571","2023-08-01","8","1","2023"
"339572","2023-08-02","8","2","2023"
"339573","2023-08-03","8","3","2023"
"339574","2023-08-04","8","4","2023"
"339575","2023-08-05","8","5","2023"
"339576","2023-08-06","8","6","2023"
"339577","2023-08-07","8","7","2023"
"339578","2023-08-08","8","8","2023"
"339579","2023-08-09","8","9","2023"
"339580","2023-08-10","8","10","2023"
"339581","2023-08-11","8","11","2023"
"339582","2023-08-12","8","12","2023"
"339583","2023-08-13","8","13","2023"
"339584","2023-08-14","8","14","2023"
"339585","2023-08-15","8","15","2023"
"339586","2023-08-16","8","16","2023"
"339587","2023-08-17","8","17","2023"
"339588","2023-08-18","8","18","2023"
"339589","2023-08-19","8","19","2023"
"339590","2023-08-20","8","20","2023"
"339591","2023-08-21","8","21","2023"
"339592","2023-08-22","8","22","2023"
"339593","2023-08-23","8","23","2023"
"339594","2023-08-24","8","24","2023"
"339595","2023-08-25","8","25","2023"
"339596","2023-08-26","8","26","2023"
"339597","2023-08-27","8","27","2023"
"339598","2023-08-28","8","28","2023"
"339599","2023-08-29","8","29","2023"
"339600","2023-08-30","8","30","2023"
"339601","2023-08-31","8","31","2023"
"339671","2023-09-01","9","1","2023"
"339672","2023-09-02","9","2","2023"
"339673","2023-09-03","9","3","2023"
"339674","2023-09-04","9","4","2023"
"339675","2023-09-05","9","5","2023"
"339676","2023-09-06","9","6","2023"
"339677","2023-09-07","9","7","2023"
"339678","2023-09-08","9","8","2023"
"339679","2023-09-09","9","9","2023"
"339680","2023-09-10","9","10","2023"
"339681","2023-09-11","9","11","2023"
"339682","2023-09-12","9","12","2023"
"339683","2023-09-13","9","13","2023"
"339684","2023-09-14","9","14","2023"
"339685","2023-09-15","9","15","2023"
"339686","2023-09-16","9","16","2023"
"339687","2023-09-17","9","17","2023"
"339688","2023-09-18","9","18","2023"
"339689","2023-09-19","9","19","2023"
"339690","2023-09-20","9","20","2023"
"339691","2023-09-21","9","21","2023"
"339692","2023-09-22","9","22","2023"
"339693","2023-09-23","9","23","2023"
"339694","2023-09-24","9","24","2023"
"339695","2023-09-25","9","25","2023"
"339696","2023-09-26","9","26","2023"
"339697","2023-09-27","9","27","2023"
"339698","2023-09-28","9","28","2023"
"339699","2023-09-29","9","29","2023"
"339700","2023-09-30","9","30","2023"
"339771","2023-10-01","10","1","2023"
"339772","2023-10-02","10","2","2023"
"339773","2023-10-03","10","3","2023"
"339774","2023-10-04","10","4","2023"
"339775","2023-10-05","10","5","2023"
"339776","2023-10-06","10","6","2023"
"339777","2023-10-07","10","7","2023"
"339778","2023-10-08","10","8","2023"
"339779","2023-10-09","10","9","2023"
"339780","2023-10-10","10","10","2023"
"339781","2023-10-11","10","11","2023"
"339782","2023-10-12","10","12","2023"
"339783","2023-10-13","10","13","2023"
"339784","2023-10-14","10","14","2023"
"339785","2023-10-15","10","15","2023"
"339786","2023-10-16","10","16","2023"
"339787","2023-10-17","10","17","2023"
"339788","2023-10-18","10","18","2023"
"339789","2023-10-19","10","19","2023"
"339790","2023-10-20","10","20","2023"
"339791","2023-10-21","10","21","2023"
"339792","2023-10-22","10","22","2023"
"339793","2023-10-23","10","23","2023"
"339794","2023-10-24","10","24","2023"
"339795","2023-10-25","10","25","2023"
"339796","2023-10-26","10","26","2023"
"339797","2023-10-27","10","27","2023"
"339798","2023-10-28","10","28","2023"
"339799","2023-10-29","10","29","2023"
"339800","2023-10-30","10","30","2023"
"339801","2023-10-31","10","31","2023"
"339871","2023-11-01","11","1","2023"
"339872","2023-11-02","11","2","2023"
"339873","2023-11-03","11","3","2023"
"339874","2023-11-04","11","4","2023"
"339875","2023-11-05","11","5","2023"
"339876","2023-11-06","11","6","2023"
"339877","2023-11-07","11","7","2023"
"339878","2023-11-08","11","8","2023"
"339879","2023-11-09","11","9","2023"
"339880","2023-11-10","11","10","2023"
"339881","2023-11-11","11","11","2023"
"339882","2023-11-12","11","12","2023"
"339883","2023-11-13","11","13","2023"
"339884","2023-11-14","11","14","2023"
"339885","2023-11-15","11","15","2023"
"339886","2023-11-16","11","16","2023"
"339887","2023-11-17","11","17","2023"
"339888","2023-11-18","11","18","2023"
"339889","2023-11-19","11","19","2023"
"339890","2023-11-20","11","20","2023"
"339891","2023-11-21","11","21","2023"
"339892","2023-11-22","11","22","2023"
"339893","2023-11-23","11","23","2023"
"339894","2023-11-24","11","24","2023"
"339895","2023-11-25","11","25","2023"
"339896","2023-11-26","11","26","2023"
"339897","2023-11-27","11","27","2023"
"339898","2023-11-28","11","28","2023"
"339899","2023-11-29","11","29","2023"
"339900","2023-11-30","11","30","2023"
"339971","2023-12-01","12","1","2023"
"339972","2023-12-02","12","2","2023"
"339973","2023-12-03","12","3","2023"
"339974","2023-12-04","12","4","2023"
"339975","2023-12-05","12","5","2023"
"339976","2023-12-06","12","6","2023"
"339977","2023-12-07","12","7","2023"
"339978","2023-12-08","12","8","2023"
"339979","2023-12-09","12","9","2023"
"339980","2023-12-10","12","10","2023"
"339981","2023-12-11","12","11","2023"
"339982","2023-12-12","12","12","2023"
"339983","2023-12-13","12","13","2023"
"339984","2023-12-14","12","14","2023"
"339985","2023-12-15","12","15","2023"
"339986","2023-12-16","12","16","2023"
"339987","2023-12-17","12","17","2023"
"339988","2023-12-18","12","18","2023"
"339989","2023-12-19","12","19","2023"
"339990","2023-12-20","12","20","2023"
"339991","2023-12-21","12","21","2023"
"339992","2023-12-22","12","22","2023"
"339993","2023-12-23","12","23","2023"
"339994","2023-12-24","12","24","2023"
"339995","2023-12-25","12","25","2023"
"339996","2023-12-26","12","26","2023"
"339997","2023-12-27","12","27","2023"
"339998","2023-12-28","12","28","2023"
"339999","2023-12-29","12","29","2023"
"340000","2023-12-30","12","30","2023"
"340001","2023-12-31","12","31","2023"
"348871","2024-01-01","1","1","2024"
"348872","2024-01-02","1","2","2024"
"348873","2024-01-03","1","3","2024"
"348874","2024-01-04","1","4","2024"
"348875","2024-01-05","1","5","2024"
"348876","2024-01-06","1","6","2024"
"348877","2024-01-07","1","7","2024"
"348878","2024-01-08","1","8","2024"
"348879","2024-01-09","1","9","2024"
"348880","2024-01-10","1","10","2024"
"348881","2024-01-11","1","11","2024"
"348882","2024-01-12","1","12","2024"
"348883","2024-01-13","1","13","2024"
"348884","2024-01-14","1","14","2024"
"348885","2024-01-15","1","15","2024"
"348886","2024-01-16","1","16","2024"
"348887","2024-01-17","1","17","2024"
"348888","2024-01-18","1","18","2024"
"348889","2024-01-19","1","19","2024"
"348890","2024-01-20","1","20","2024"
"348891","2024-01-21","1","21","2024"
"348892","2024-01-22","1","22","2024"
"348893","2024-01-23","1","23","2024"
"348894","2024-01-24","1","24","2024"
"348895","2024-01-25","1","25","2024"
"348896","2024-01-26","1","26","2024"
"348897","2024-01-27","1","27","2024"
"348898","2024-01-28","1","28","2024"
"348899","2024-01-29","1","29","2024"
"348900","2024-01-30","1","30","2024"
"348901","2024-01-31","1","31","2024"
"348971","2024-02-01","2","1","2024"
"348972","2024-02-02","2","2","2024"
"348973","2024-02-03","2","3","2024"
"348974","2024-02-04","2","4","2024"
"348975","2024-02-05","2","5","2024"
"348976","2024-02-06","2","6","2024"
"348977","2024-02-07","2","7","2024"
"348978","2024-02-08","2","8","2024"
"348979","2024-02-09","2","9","2024"
"348980","2024-02-10","2","10","2024"
"348981","2024-02-11","2","11","2024"
"348982","2024-02-12","2","12","2024"
"348983","2024-02-13","2","13","2024"
"348984","2024-02-14","2","14","2024"
"348985","2024-02-15","2","15","2024"
"348986","2024-02-16","2","16","2024"
"348987","2024-02-17","2","17","2024"
"348988","2024-02-18","2","18","2024"
"348989","2024-02-19","2","19","2024"
"348990","2024-02-20","2","20","2024"
"348991","2024-02-21","2","21","2024"
"348992","2024-02-22","2","22","2024"
"348993","2024-02-23","2","23","2024"
"348994","2024-02-24","2","24","2024"
"348995","2024-02-25","2","25","2024"
"348996","2024-02-26","2","26","2024"
"348997","2024-02-27","2","27","2024"
"348998","2024-02-28","2","28","2024"
"348999","2024-02-29","2","29","2024"
"349071","2024-03-01","3","1","2024"
"349072","2024-03-02","3","2","2024"
"349073","2024-03-03","3","3","2024"
"349074","2024-03-04","3","4","2024"
"349075","2024-03-05","3","5","2024"
"349076","2024-03-06","3","6","2024"
"349077","2024-03-07","3","7","2024"
"349078","2024-03-08","3","8","2024"
"349079","2024-03-09","3","9","2024"
"349080","2024-03-10","3","10","2024"
"349081","2024-03-11","3","11","2024"
"349082","2024-03-12","3","12","2024"
"349083","2024-03-13","3","13","2024"
"349084","2024-03-14","3","14","2024"
"349085","2024-03-15","3","15","2024"
"349086","2024-03-16","3","16","2024"
"349087","2024-03-17","3","17","2024"
"349088","2024-03-18","3","18","2024"
"349089","2024-03-19","3","19","2024"
"349090","2024-03-20","3","20","2024"
"349091","2024-03-21","3","21","2024"
"349092","2024-03-22","3","22","2024"
"349093","2024-03-23","3","23","2024"
"349094","2024-03-24","3","24","2024"
"349095","2024-03-25","3","25","2024"
"349096","2024-03-26","3","26","2024"
"349097","2024-03-27","3","27","2024"
"349098","2024-03-28","3","28","2024"
"349099","2024-03-29","3","29","2024"
"349100","2024-03-30","3","30","2024"
"349101","2024-03-31","3","31","2024"
"349171","2024-04-01","4","1","2024"
"349172","2024-04-02","4","2","2024"
"349173","2024-04-03","4","3","2024"
"349174","2024-04-04","4","4","2024"
"349175","2024-04-05","4","5","2024"
"349176","2024-04-06","4","6","2024"
"349177","2024-04-07","4","7","2024"
"349178","2024-04-08","4","8","2024"
"349179","2024-04-09","4","9","2024"
"349180","2024-04-10","4","10","2024"
"349181","2024-04-11","4","11","2024"
"349182","2024-04-12","4","12","2024"
"349183","2024-04-13","4","13","2024"
"349184","2024-04-14","4","14","2024"
"349185","2024-04-15","4","15","2024"
"349186","2024-04-16","4","16","2024"
"349187","2024-04-17","4","17","2024"
"349188","2024-04-18","4","18","2024"
"349189","2024-04-19","4","19","2024"
"349190","2024-04-20","4","20","2024"
"349191","2024-04-21","4","21","2024"
"349192","2024-04-22","4","22","2024"
"349193","2024-04-23","4","23","2024"
"349194","2024-04-24","4","24","2024"
"349195","2024-04-25","4","25","2024"
"349196","2024-04-26","4","26","2024"
"349197","2024-04-27","4","27","2024"
"349198","2024-04-28","4","28","2024"
"349199","2024-04-29","4","29","2024"
"349200","2024-04-30","4","30","2024"
"349271","2024-05-01","5","1","2024"
"349272","2024-05-02","5","2","2024"
"349273","2024-05-03","5","3","2024"
"349274","2024-05-04","5","4","2024"
"349275","2024-05-05","5","5","2024"
"349276","2024-05-06","5","6","2024"
"349277","2024-05-07","5","7","2024"
"349278","2024-05-08","5","8","2024"
"349279","2024-05-09","5","9","2024"
"349280","2024-05-10","5","10","2024"
"349281","2024-05-11","5","11","2024"
"349282","2024-05-12","5","12","2024"
"349283","2024-05-13","5","13","2024"
"349284","2024-05-14","5","14","2024"
"349285","2024-05-15","5","15","2024"
"349286","2024-05-16","5","16","2024"
"349287","2024-05-17","5","17","2024"
"349288","2024-05-18","5","18","2024"
"349289","2024-05-19","5","19","2024"
"349290","2024-05-20","5","20","2024"
"349291","2024-05-21","5","21","2024"
"349292","2024-05-22","5","22","2024"
"349293","2024-05-23","5","23","2024"
"349294","2024-05-24","5","24","2024"
"349295","2024-05-25","5","25","2024"
"349296","2024-05-26","5","26","2024"
"349297","2024-05-27","5","27","2024"
"349298","2024-05-28","5","28","2024"
"349299","2024-05-29","5","29","2024"
"349300","2024-05-30","5","30","2024"
"349301","2024-05-31","5","31","2024"
"349371","2024-06-01","6","1","2024"
"349372","2024-06-02","6","2","2024"
"349373","2024-06-03","6","3","2024"
"349374","2024-06-04","6","4","2024"
"349375","2024-06-05","6","5","2024"
"349376","2024-06-06","6","6","2024"
"349377","2024-06-07","6","7","2024"
"349378","2024-06-08","6","8","2024"
"349379","2024-06-09","6","9","2024"
"349380","2024-06-10","6","10","2024"
"349381","2024-06-11","6","11","2024"
"349382","2024-06-12","6","12","2024"
"349383","2024-06-13","6","13","2024"
"349384","2024-06-14","6","14","2024"
"349385","2024-06-15","6","15","2024"
"349386","2024-06-16","6","16","2024"
"349387","2024-06-17","6","17","2024"
"349388","2024-06-18","6","18","2024"
"349389","2024-06-19","6","19","2024"
"349390","2024-06-20","6","20","2024"
"349391","2024-06-21","6","21","2024"
"349392","2024-06-22","6","22","2024"
"349393","2024-06-23","6","23","2024"
"349394","2024-06-24","6","24","2024"
"349395","2024-06-25","6","25","2024"
"349396","2024-06-26","6","26","2024"
"349397","2024-06-27","6","27","2024"
"349398","2024-06-28","6","28","2024"
"349399","2024-06-29","6","29","2024"
"349400","2024-06-30","6","30","2024"
"349471","2024-07-01","7","1","2024"
"349472","2024-07-02","7","2","2024"
"349473","2024-07-03","7","3","2024"
"349474","2024-07-04","7","4","2024"
"349475","2024-07-05","7","5","2024"
"349476","2024-07-06","7","6","2024"
"349477","2024-07-07","7","7","2024"
"349478","2024-07-08","7","8","2024"
"349479","2024-07-09","7","9","2024"
"349480","2024-07-10","7","10","2024"
"349481","2024-07-11","7","11","2024"
"349482","2024-07-12","7","12","2024"
"349483","2024-07-13","7","13","2024"
"349484","2024-07-14","7","14","2024"
"349485","2024-07-15","7","15","2024"
"349486","2024-07-16","7","16","2024"
"349487","2024-07-17","7","17","2024"
"349488","2024-07-18","7","18","2024"
"349489","2024-07-19","7","19","2024"
"349490","2024-07-20","7","20","2024"
"349491","2024-07-21","7","21","2024"
"349492","2024-07-22","7","22","2024"
"349493","2024-07-23","7","23","2024"
"349494","2024-07-24","7","24","2024"
"349495","2024-07-25","7","25","2024"
"349496","2024-07-26","7","26","2024"
"349497","2024-07-27","7","27","2024"
"349498","2024-07-28","7","28","2024"
"349499","2024-07-29","7","29","2024"
"349500","2024-07-30","7","30","2024"
"349501","2024-07-31","7","31","2024"
"349571","2024-08-01","8","1","2024"
"349572","2024-08-02","8","2","2024"
"349573","2024-08-03","8","3","2024"
"349574","2024-08-04","8","4","2024"
"349575","2024-08-05","8","5","2024"
"349576","2024-08-06","8","6","2024"
"349577","2024-08-07","8","7","2024"
"349578","2024-08-08","8","8","2024"
"349579","2024-08-09","8","9","2024"
"349580","2024-08-10","8","10","2024"
"349581","2024-08-11","8","11","2024"
"349582","2024-08-12","8","12","2024"
"349583","2024-08-13","8","13","2024"
"349584","2024-08-14","8","14","2024"
"349585","2024-08-15","8","15","2024"
"349586","2024-08-16","8","16","2024"
"349587","2024-08-17","8","17","2024"
"349588","2024-08-18","8","18","2024"
"349589","2024-08-19","8","19","2024"
"349590","2024-08-20","8","20","2024"
"349591","2024-08-21","8","21","2024"
"349592","2024-08-22","8","22","2024"
"349593","2024-08-23","8","23","2024"
"349594","2024-08-24","8","24","2024"
"349595","2024-08-25","8","25","2024"
"349596","2024-08-26","8","26","2024"
"349597","2024-08-27","8","27","2024"
"349598","2024-08-28","8","28","2024"
"349599","2024-08-29","8","29","2024"
"349600","2024-08-30","8","30","2024"
"349601","2024-08-31","8","31","2024"
"349671","2024-09-01","9","1","2024"
"349672","2024-09-02","9","2","2024"
"349673","2024-09-03","9","3","2024"
"349674","2024-09-04","9","4","2024"
"349675","2024-09-05","9","5","2024"
"349676","2024-09-06","9","6","2024"
"349677","2024-09-07","9","7","2024"
"349678","2024-09-08","9","8","2024"
"349679","2024-09-09","9","9","2024"
"349680","2024-09-10","9","10","2024"
"349681","2024-09-11","9","11","2024"
"349682","2024-09-12","9","12","2024"
"349683","2024-09-13","9","13","2024"
"349684","2024-09-14","9","14","2024"
"349685","2024-09-15","9","15","2024"
"349686","2024-09-16","9","16","2024"
"349687","2024-09-17","9","17","2024"
"349688","2024-09-18","9","18","2024"
"349689","2024-09-19","9","19","2024"
"349690","2024-09-20","9","20","2024"
"349691","2024-09-21","9","21","2024"
"349692","2024-09-22","9","22","2024"
"349693","2024-09-23","9","23","2024"
"349694","2024-09-24","9","24","2024"
"349695","2024-09-25","9","25","2024"
"349696","2024-09-26","9","26","2024"
"349697","2024-09-27","9","27","2024"
"349698","2024-09-28","9","28","2024"
"349699","2024-09-29","9","29","2024"
"349700","2024-09-30","9","30","2024"
"349771","2024-10-01","10","1","2024"
"349772","2024-10-02","10","2","2024"
"349773","2024-10-03","10","3","2024"
"349774","2024-10-04","10","4","2024"
"349775","2024-10-05","10","5","2024"
"349776","2024-10-06","10","6","2024"
"349777","2024-10-07","10","7","2024"
"349778","2024-10-08","10","8","2024"
"349779","2024-10-09","10","9","2024"
"349780","2024-10-10","10","10","2024"
"349781","2024-10-11","10","11","2024"
"349782","2024-10-12","10","12","2024"
"349783","2024-10-13","10","13","2024"
"349784","2024-10-14","10","14","2024"
"349785","2024-10-15","10","15","2024"
"349786","2024-10-16","10","16","2024"
"349787","2024-10-17","10","17","2024"
"349788","2024-10-18","10","18","2024"
"349789","2024-10-19","10","19","2024"
"349790","2024-10-20","10","20","2024"
"349791","2024-10-21","10","21","2024"
"349792","2024-10-22","10","22","2024"
"349793","2024-10-23","10","23","2024"
"349794","2024-10-24","10","24","2024"
"349795","2024-10-25","10","25","2024"
"349796","2024-10-26","10","26","2024"
"349797","2024-10-27","10","27","2024"
"349798","2024-10-28","10","28","2024"
"349799","2024-10-29","10","29","2024"
"349800","2024-10-30","10","30","2024"
"349801","2024-10-31","10","31","2024"
"349871","2024-11-01","11","1","2024"
"349872","2024-11-02","11","2","2024"
"349873","2024-11-03","11","3","2024"
"349874","2024-11-04","11","4","2024"
"349875","2024-11-05","11","5","2024"
"349876","2024-11-06","11","6","2024"
"349877","2024-11-07","11","7","2024"
"349878","2024-11-08","11","8","2024"
"349879","2024-11-09","11","9","2024"
"349880","2024-11-10","11","10","2024"
"349881","2024-11-11","11","11","2024"
"349882","2024-11-12","11","12","2024"
"349883","2024-11-13","11","13","2024"
"349884","2024-11-14","11","14","2024"
"349885","2024-11-15","11","15","2024"
"349886","2024-11-16","11","16","2024"
"349887","2024-11-17","11","17","2024"
"349888","2024-11-18","11","18","2024"
"349889","2024-11-19","11","19","2024"
"349890","2024-11-20","11","20","2024"
"349891","2024-11-21","11","21","2024"
"349892","2024-11-22","11","22","2024"
"349893","2024-11-23","11","23","2024"
"349894","2024-11-24","11","24","2024"
"349895","2024-11-25","11","25","2024"
"349896","2024-11-26","11","26","2024"
"349897","2024-11-27","11","27","2024"
"349898","2024-11-28","11","28","2024"
"349899","2024-11-29","11","29","2024"
"349900","2024-11-30","11","30","2024"
"349971","2024-12-01","12","1","2024"
"349972","2024-12-02","12","2","2024"
"349973","2024-12-03","12","3","2024"
"349974","2024-12-04","12","4","2024"
"349975","2024-12-05","12","5","2024"
"349976","2024-12-06","12","6","2024"
"349977","2024-12-07","12","7","2024"
"349978","2024-12-08","12","8","2024"
"349979","2024-12-09","12","9","2024"
"349980","2024-12-10","12","10","2024"
"349981","2024-12-11","12","11","2024"
"349982","2024-12-12","12","12","2024"
"349983","2024-12-13","12","13","2024"
"349984","2024-12-14","12","14","2024"
"349985","2024-12-15","12","15","2024"
"349986","2024-12-16","12","16","2024"
"349987","2024-12-17","12","17","2024"
"349988","2024-12-18","12","18","2024"
"349989","2024-12-19","12","19","2024"
"349990","2024-12-20","12","20","2024"
"349991","2024-12-21","12","21","2024"
"349992","2024-12-22","12","22","2024"
"349993","2024-12-23","12","23","2024"
"349994","2024-12-24","12","24","2024"
"349995","2024-12-25","12","25","2024"
"349996","2024-12-26","12","26","2024"
"349997","2024-12-27","12","27","2024"
"349998","2024-12-28","12","28","2024"
"349999","2024-12-29","12","29","2024"
"350000","2024-12-30","12","30","2024"
"350001","2024-12-31","12","31","2024"
"358871","2025-01-01","1","1","2025"
"358872","2025-01-02","1","2","2025"
"358873","2025-01-03","1","3","2025"
"358874","2025-01-04","1","4","2025"
"358875","2025-01-05","1","5","2025"
"358876","2025-01-06","1","6","2025"
"358877","2025-01-07","1","7","2025"
"358878","2025-01-08","1","8","2025"
"358879","2025-01-09","1","9","2025"
"358880","2025-01-10","1","10","2025"
"358881","2025-01-11","1","11","2025"
"358882","2025-01-12","1","12","2025"
"358883","2025-01-13","1","13","2025"
"358884","2025-01-14","1","14","2025"
"358885","2025-01-15","1","15","2025"
"358886","2025-01-16","1","16","2025"
"358887","2025-01-17","1","17","2025"
"358888","2025-01-18","1","18","2025"
"358889","2025-01-19","1","19","2025"
"358890","2025-01-20","1","20","2025"
"358891","2025-01-21","1","21","2025"
"358892","2025-01-22","1","22","2025"
"358893","2025-01-23","1","23","2025"
"358894","2025-01-24","1","24","2025"
"358895","2025-01-25","1","25","2025"
"358896","2025-01-26","1","26","2025"
"358897","2025-01-27","1","27","2025"
"358898","2025-01-28","1","28","2025"
"358899","2025-01-29","1","29","2025"
"358900","2025-01-30","1","30","2025"
"358901","2025-01-31","1","31","2025"
"358971","2025-02-01","2","1","2025"
"358972","2025-02-02","2","2","2025"
"358973","2025-02-03","2","3","2025"
"358974","2025-02-04","2","4","2025"
"358975","2025-02-05","2","5","2025"
"358976","2025-02-06","2","6","2025"
"358977","2025-02-07","2","7","2025"
"358978","2025-02-08","2","8","2025"
"358979","2025-02-09","2","9","2025"
"358980","2025-02-10","2","10","2025"
"358981","2025-02-11","2","11","2025"
"358982","2025-02-12","2","12","2025"
"358983","2025-02-13","2","13","2025"
"358984","2025-02-14","2","14","2025"
"358985","2025-02-15","2","15","2025"
"358986","2025-02-16","2","16","2025"
"358987","2025-02-17","2","17","2025"
"358988","2025-02-18","2","18","2025"
"358989","2025-02-19","2","19","2025"
"358990","2025-02-20","2","20","2025"
"358991","2025-02-21","2","21","2025"
"358992","2025-02-22","2","22","2025"
"358993","2025-02-23","2","23","2025"
"358994","2025-02-24","2","24","2025"
"358995","2025-02-25","2","25","2025"
"358996","2025-02-26","2","26","2025"
"358997","2025-02-27","2","27","2025"
"358998","2025-02-28","2","28","2025"
"359071","2025-03-01","3","1","2025"
"359072","2025-03-02","3","2","2025"
"359073","2025-03-03","3","3","2025"
"359074","2025-03-04","3","4","2025"
"359075","2025-03-05","3","5","2025"
"359076","2025-03-06","3","6","2025"
"359077","2025-03-07","3","7","2025"
"359078","2025-03-08","3","8","2025"
"359079","2025-03-09","3","9","2025"
"359080","2025-03-10","3","10","2025"
"359081","2025-03-11","3","11","2025"
"359082","2025-03-12","3","12","2025"
"359083","2025-03-13","3","13","2025"
"359084","2025-03-14","3","14","2025"
"359085","2025-03-15","3","15","2025"
"359086","2025-03-16","3","16","2025"
"359087","2025-03-17","3","17","2025"
"359088","2025-03-18","3","18","2025"
"359089","2025-03-19","3","19","2025"
"359090","2025-03-20","3","20","2025"
"359091","2025-03-21","3","21","2025"
"359092","2025-03-22","3","22","2025"
"359093","2025-03-23","3","23","2025"
"359094","2025-03-24","3","24","2025"
"359095","2025-03-25","3","25","2025"
"359096","2025-03-26","3","26","2025"
"359097","2025-03-27","3","27","2025"
"359098","2025-03-28","3","28","2025"
"359099","2025-03-29","3","29","2025"
"359100","2025-03-30","3","30","2025"
"359101","2025-03-31","3","31","2025"
"359171","2025-04-01","4","1","2025"
"359172","2025-04-02","4","2","2025"
"359173","2025-04-03","4","3","2025"
"359174","2025-04-04","4","4","2025"
"359175","2025-04-05","4","5","2025"
"359176","2025-04-06","4","6","2025"
"359177","2025-04-07","4","7","2025"
"359178","2025-04-08","4","8","2025"
"359179","2025-04-09","4","9","2025"
"359180","2025-04-10","4","10","2025"
"359181","2025-04-11","4","11","2025"
"359182","2025-04-12","4","12","2025"
"359183","2025-04-13","4","13","2025"
"359184","2025-04-14","4","14","2025"
"359185","2025-04-15","4","15","2025"
"359186","2025-04-16","4","16","2025"
"359187","2025-04-17","4","17","2025"
"359188","2025-04-18","4","18","2025"
"359189","2025-04-19","4","19","2025"
"359190","2025-04-20","4","20","2025"
"359191","2025-04-21","4","21","2025"
"359192","2025-04-22","4","22","2025"
"359193","2025-04-23","4","23","2025"
"359194","2025-04-24","4","24","2025"
"359195","2025-04-25","4","25","2025"
"359196","2025-04-26","4","26","2025"
"359197","2025-04-27","4","27","2025"
"359198","2025-04-28","4","28","2025"
"359199","2025-04-29","4","29","2025"
"359200","2025-04-30","4","30","2025"
"359271","2025-05-01","5","1","2025"
"359272","2025-05-02","5","2","2025"
"359273","2025-05-03","5","3","2025"
"359274","2025-05-04","5","4","2025"
"359275","2025-05-05","5","5","2025"
"359276","2025-05-06","5","6","2025"
"359277","2025-05-07","5","7","2025"
"359278","2025-05-08","5","8","2025"
"359279","2025-05-09","5","9","2025"
"359280","2025-05-10","5","10","2025"
"359281","2025-05-11","5","11","2025"
"359282","2025-05-12","5","12","2025"
"359283","2025-05-13","5","13","2025"
"359284","2025-05-14","5","14","2025"
"359285","2025-05-15","5","15","2025"
"359286","2025-05-16","5","16","2025"
"359287","2025-05-17","5","17","2025"
"359288","2025-05-18","5","18","2025"
"359289","2025-05-19","5","19","2025"
"359290","2025-05-20","5","20","2025"
"359291","2025-05-21","5","21","2025"
"359292","2025-05-22","5","22","2025"
"359293","2025-05-23","5","23","2025"
"359294","2025-05-24","5","24","2025"
"359295","2025-05-25","5","25","2025"
"359296","2025-05-26","5","26","2025"
"359297","2025-05-27","5","27","2025"
"359298","2025-05-28","5","28","2025"
"359299","2025-05-29","5","29","2025"
"359300","2025-05-30","5","30","2025"
"359301","2025-05-31","5","31","2025"
"359371","2025-06-01","6","1","2025"
"359372","2025-06-02","6","2","2025"
"359373","2025-06-03","6","3","2025"
"359374","2025-06-04","6","4","2025"
"359375","2025-06-05","6","5","2025"
"359376","2025-06-06","6","6","2025"
"359377","2025-06-07","6","7","2025"
"359378","2025-06-08","6","8","2025"
"359379","2025-06-09","6","9","2025"
"359380","2025-06-10","6","10","2025"
"359381","2025-06-11","6","11","2025"
"359382","2025-06-12","6","12","2025"
"359383","2025-06-13","6","13","2025"
"359384","2025-06-14","6","14","2025"
"359385","2025-06-15","6","15","2025"
"359386","2025-06-16","6","16","2025"
"359387","2025-06-17","6","17","2025"
"359388","2025-06-18","6","18","2025"
"359389","2025-06-19","6","19","2025"
"359390","2025-06-20","6","20","2025"
"359391","2025-06-21","6","21","2025"
"359392","2025-06-22","6","22","2025"
"359393","2025-06-23","6","23","2025"
"359394","2025-06-24","6","24","2025"
"359395","2025-06-25","6","25","2025"
"359396","2025-06-26","6","26","2025"
"359397","2025-06-27","6","27","2025"
"359398","2025-06-28","6","28","2025"
"359399","2025-06-29","6","29","2025"
"359400","2025-06-30","6","30","2025"
"359471","2025-07-01","7","1","2025"
"359472","2025-07-02","7","2","2025"
"359473","2025-07-03","7","3","2025"
"359474","2025-07-04","7","4","2025"
"359475","2025-07-05","7","5","2025"
"359476","2025-07-06","7","6","2025"
"359477","2025-07-07","7","7","2025"
"359478","2025-07-08","7","8","2025"
"359479","2025-07-09","7","9","2025"
"359480","2025-07-10","7","10","2025"
"359481","2025-07-11","7","11","2025"
"359482","2025-07-12","7","12","2025"
"359483","2025-07-13","7","13","2025"
"359484","2025-07-14","7","14","2025"
"359485","2025-07-15","7","15","2025"
"359486","2025-07-16","7","16","2025"
"359487","2025-07-17","7","17","2025"
"359488","2025-07-18","7","18","2025"
"359489","2025-07-19","7","19","2025"
"359490","2025-07-20","7","20","2025"
"359491","2025-07-21","7","21","2025"
"359492","2025-07-22","7","22","2025"
"359493","2025-07-23","7","23","2025"
"359494","2025-07-24","7","24","2025"
"359495","2025-07-25","7","25","2025"
"359496","2025-07-26","7","26","2025"
"359497","2025-07-27","7","27","2025"
"359498","2025-07-28","7","28","2025"
"359499","2025-07-29","7","29","2025"
"359500","2025-07-30","7","30","2025"
"359501","2025-07-31","7","31","2025"
"359571","2025-08-01","8","1","2025"
"359572","2025-08-02","8","2","2025"
"359573","2025-08-03","8","3","2025"
"359574","2025-08-04","8","4","2025"
"359575","2025-08-05","8","5","2025"
"359576","2025-08-06","8","6","2025"
"359577","2025-08-07","8","7","2025"
"359578","2025-08-08","8","8","2025"
"359579","2025-08-09","8","9","2025"
"359580","2025-08-10","8","10","2025"
"359581","2025-08-11","8","11","2025"
"359582","2025-08-12","8","12","2025"
"359583","2025-08-13","8","13","2025"
"359584","2025-08-14","8","14","2025"
"359585","2025-08-15","8","15","2025"
"359586","2025-08-16","8","16","2025"
"359587","2025-08-17","8","17","2025"
"359588","2025-08-18","8","18","2025"
"359589","2025-08-19","8","19","2025"
"359590","2025-08-20","8","20","2025"
"359591","2025-08-21","8","21","2025"
"359592","2025-08-22","8","22","2025"
"359593","2025-08-23","8","23","2025"
"359594","2025-08-24","8","24","2025"
"359595","2025-08-25","8","25","2025"
"359596","2025-08-26","8","26","2025"
"359597","2025-08-27","8","27","2025"
"359598","2025-08-28","8","28","2025"
"359599","2025-08-29","8","29","2025"
"359600","2025-08-30","8","30","2025"
"359601","2025-08-31","8","31","2025"
"359671","2025-09-01","9","1","2025"
"359672","2025-09-02","9","2","2025"
"359673","2025-09-03","9","3","2025"
"359674","2025-09-04","9","4","2025"
"359675","2025-09-05","9","5","2025"
"359676","2025-09-06","9","6","2025"
"359677","2025-09-07","9","7","2025"
"359678","2025-09-08","9","8","2025"
"359679","2025-09-09","9","9","2025"
"359680","2025-09-10","9","10","2025"
"359681","2025-09-11","9","11","2025"
"359682","2025-09-12","9","12","2025"
"359683","2025-09-13","9","13","2025"
"359684","2025-09-14","9","14","2025"
"359685","2025-09-15","9","15","2025"
"359686","2025-09-16","9","16","2025"
"359687","2025-09-17","9","17","2025"
"359688","2025-09-18","9","18","2025"
"359689","2025-09-19","9","19","2025"
"359690","2025-09-20","9","20","2025"
"359691","2025-09-21","9","21","2025"
"359692","2025-09-22","9","22","2025"
"359693","2025-09-23","9","23","2025"
"359694","2025-09-24","9","24","2025"
"359695","2025-09-25","9","25","2025"
"359696","2025-09-26","9","26","2025"
"359697","2025-09-27","9","27","2025"
"359698","2025-09-28","9","28","2025"
"359699","2025-09-29","9","29","2025"
"359700","2025-09-30","9","30","2025"
"359771","2025-10-01","10","1","2025"
"359772","2025-10-02","10","2","2025"
"359773","2025-10-03","10","3","2025"
"359774","2025-10-04","10","4","2025"
"359775","2025-10-05","10","5","2025"
"359776","2025-10-06","10","6","2025"
"359777","2025-10-07","10","7","2025"
"359778","2025-10-08","10","8","2025"
"359779","2025-10-09","10","9","2025"
"359780","2025-10-10","10","10","2025"
"359781","2025-10-11","10","11","2025"
"359782","2025-10-12","10","12","2025"
"359783","2025-10-13","10","13","2025"
"359784","2025-10-14","10","14","2025"
"359785","2025-10-15","10","15","2025"
"359786","2025-10-16","10","16","2025"
"359787","2025-10-17","10","17","2025"
"359788","2025-10-18","10","18","2025"
"359789","2025-10-19","10","19","2025"
"359790","2025-10-20","10","20","2025"
"359791","2025-10-21","10","21","2025"
"359792","2025-10-22","10","22","2025"
"359793","2025-10-23","10","23","2025"
"359794","2025-10-24","10","24","2025"
"359795","2025-10-25","10","25","2025"
"359796","2025-10-26","10","26","2025"
"359797","2025-10-27","10","27","2025"
"359798","2025-10-28","10","28","2025"
"359799","2025-10-29","10","29","2025"
"359800","2025-10-30","10","30","2025"
"359801","2025-10-31","10","31","2025"
"359871","2025-11-01","11","1","2025"
"359872","2025-11-02","11","2","2025"
"359873","2025-11-03","11","3","2025"
"359874","2025-11-04","11","4","2025"
"359875","2025-11-05","11","5","2025"
"359876","2025-11-06","11","6","2025"
"359877","2025-11-07","11","7","2025"
"359878","2025-11-08","11","8","2025"
"359879","2025-11-09","11","9","2025"
"359880","2025-11-10","11","10","2025"
"359881","2025-11-11","11","11","2025"
"359882","2025-11-12","11","12","2025"
"359883","2025-11-13","11","13","2025"
"359884","2025-11-14","11","14","2025"
"359885","2025-11-15","11","15","2025"
"359886","2025-11-16","11","16","2025"
"359887","2025-11-17","11","17","2025"
"359888","2025-11-18","11","18","2025"
"359889","2025-11-19","11","19","2025"
"359890","2025-11-20","11","20","2025"
"359891","2025-11-21","11","21","2025"
"359892","2025-11-22","11","22","2025"
"359893","2025-11-23","11","23","2025"
"359894","2025-11-24","11","24","2025"
"359895","2025-11-25","11","25","2025"
"359896","2025-11-26","11","26","2025"
"359897","2025-11-27","11","27","2025"
"359898","2025-11-28","11","28","2025"
"359899","2025-11-29","11","29","2025"
"359900","2025-11-30","11","30","2025"
"359971","2025-12-01","12","1","2025"
"359972","2025-12-02","12","2","2025"
"359973","2025-12-03","12","3","2025"
"359974","2025-12-04","12","4","2025"
"359975","2025-12-05","12","5","2025"
"359976","2025-12-06","12","6","2025"
"359977","2025-12-07","12","7","2025"
"359978","2025-12-08","12","8","2025"
"359979","2025-12-09","12","9","2025"
"359980","2025-12-10","12","10","2025"
"359981","2025-12-11","12","11","2025"
"359982","2025-12-12","12","12","2025"
"359983","2025-12-13","12","13","2025"
"359984","2025-12-14","12","14","2025"
"359985","2025-12-15","12","15","2025"
"359986","2025-12-16","12","16","2025"
"359987","2025-12-17","12","17","2025"
"359988","2025-12-18","12","18","2025"
"359989","2025-12-19","12","19","2025"
"359990","2025-12-20","12","20","2025"
"359991","2025-12-21","12","21","2025"
"359992","2025-12-22","12","22","2025"
"359993","2025-12-23","12","23","2025"
"359994","2025-12-24","12","24","2025"
"359995","2025-12-25","12","25","2025"
"359996","2025-12-26","12","26","2025"
"359997","2025-12-27","12","27","2025"
"359998","2025-12-28","12","28","2025"
"359999","2025-12-29","12","29","2025"
"360000","2025-12-30","12","30","2025"
"360001","2025-12-31","12","31","2025"
"368871","2026-01-01","1","1","2026"
"368872","2026-01-02","1","2","2026"
"368873","2026-01-03","1","3","2026"
"368874","2026-01-04","1","4","2026"
"368875","2026-01-05","1","5","2026"
"368876","2026-01-06","1","6","2026"
"368877","2026-01-07","1","7","2026"
"368878","2026-01-08","1","8","2026"
"368879","2026-01-09","1","9","2026"
"368880","2026-01-10","1","10","2026"
"368881","2026-01-11","1","11","2026"
"368882","2026-01-12","1","12","2026"
"368883","2026-01-13","1","13","2026"
"368884","2026-01-14","1","14","2026"
"368885","2026-01-15","1","15","2026"
"368886","2026-01-16","1","16","2026"
"368887","2026-01-17","1","17","2026"
"368888","2026-01-18","1","18","2026"
"368889","2026-01-19","1","19","2026"
"368890","2026-01-20","1","20","2026"
"368891","2026-01-21","1","21","2026"
"368892","2026-01-22","1","22","2026"
"368893","2026-01-23","1","23","2026"
"368894","2026-01-24","1","24","2026"
"368895","2026-01-25","1","25","2026"
"368896","2026-01-26","1","26","2026"
"368897","2026-01-27","1","27","2026"
"368898","2026-01-28","1","28","2026"
"368899","2026-01-29","1","29","2026"
"368900","2026-01-30","1","30","2026"
"368901","2026-01-31","1","31","2026"
"368971","2026-02-01","2","1","2026"
"368972","2026-02-02","2","2","2026"
"368973","2026-02-03","2","3","2026"
"368974","2026-02-04","2","4","2026"
"368975","2026-02-05","2","5","2026"
"368976","2026-02-06","2","6","2026"
"368977","2026-02-07","2","7","2026"
"368978","2026-02-08","2","8","2026"
"368979","2026-02-09","2","9","2026"
"368980","2026-02-10","2","10","2026"
"368981","2026-02-11","2","11","2026"
"368982","2026-02-12","2","12","2026"
"368983","2026-02-13","2","13","2026"
"368984","2026-02-14","2","14","2026"
"368985","2026-02-15","2","15","2026"
"368986","2026-02-16","2","16","2026"
"368987","2026-02-17","2","17","2026"
"368988","2026-02-18","2","18","2026"
"368989","2026-02-19","2","19","2026"
"368990","2026-02-20","2","20","2026"
"368991","2026-02-21","2","21","2026"
"368992","2026-02-22","2","22","2026"
"368993","2026-02-23","2","23","2026"
"368994","2026-02-24","2","24","2026"
"368995","2026-02-25","2","25","2026"
"368996","2026-02-26","2","26","2026"
"368997","2026-02-27","2","27","2026"
"368998","2026-02-28","2","28","2026"
"369071","2026-03-01","3","1","2026"
"369072","2026-03-02","3","2","2026"
"369073","2026-03-03","3","3","2026"
"369074","2026-03-04","3","4","2026"
"369075","2026-03-05","3","5","2026"
"369076","2026-03-06","3","6","2026"
"369077","2026-03-07","3","7","2026"
"369078","2026-03-08","3","8","2026"
"369079","2026-03-09","3","9","2026"
"369080","2026-03-10","3","10","2026"
"369081","2026-03-11","3","11","2026"
"369082","2026-03-12","3","12","2026"
"369083","2026-03-13","3","13","2026"
"369084","2026-03-14","3","14","2026"
"369085","2026-03-15","3","15","2026"
"369086","2026-03-16","3","16","2026"
"369087","2026-03-17","3","17","2026"
"369088","2026-03-18","3","18","2026"
"369089","2026-03-19","3","19","2026"
"369090","2026-03-20","3","20","2026"
"369091","2026-03-21","3","21","2026"
"369092","2026-03-22","3","22","2026"
"369093","2026-03-23","3","23","2026"
"369094","2026-03-24","3","24","2026"
"369095","2026-03-25","3","25","2026"
"369096","2026-03-26","3","26","2026"
"369097","2026-03-27","3","27","2026"
"369098","2026-03-28","3","28","2026"
"369099","2026-03-29","3","29","2026"
"369100","2026-03-30","3","30","2026"
"369101","2026-03-31","3","31","2026"
"369171","2026-04-01","4","1","2026"
"369172","2026-04-02","4","2","2026"
"369173","2026-04-03","4","3","2026"
"369174","2026-04-04","4","4","2026"
"369175","2026-04-05","4","5","2026"
"369176","2026-04-06","4","6","2026"
"369177","2026-04-07","4","7","2026"
"369178","2026-04-08","4","8","2026"
"369179","2026-04-09","4","9","2026"
"369180","2026-04-10","4","10","2026"
"369181","2026-04-11","4","11","2026"
"369182","2026-04-12","4","12","2026"
"369183","2026-04-13","4","13","2026"
"369184","2026-04-14","4","14","2026"
"369185","2026-04-15","4","15","2026"
"369186","2026-04-16","4","16","2026"
"369187","2026-04-17","4","17","2026"
"369188","2026-04-18","4","18","2026"
"369189","2026-04-19","4","19","2026"
"369190","2026-04-20","4","20","2026"
"369191","2026-04-21","4","21","2026"
"369192","2026-04-22","4","22","2026"
"369193","2026-04-23","4","23","2026"
"369194","2026-04-24","4","24","2026"
"369195","2026-04-25","4","25","2026"
"369196","2026-04-26","4","26","2026"
"369197","2026-04-27","4","27","2026"
"369198","2026-04-28","4","28","2026"
"369199","2026-04-29","4","29","2026"
"369200","2026-04-30","4","30","2026"
"369271","2026-05-01","5","1","2026"
"369272","2026-05-02","5","2","2026"
"369273","2026-05-03","5","3","2026"
"369274","2026-05-04","5","4","2026"
"369275","2026-05-05","5","5","2026"
"369276","2026-05-06","5","6","2026"
"369277","2026-05-07","5","7","2026"
"369278","2026-05-08","5","8","2026"
"369279","2026-05-09","5","9","2026"
"369280","2026-05-10","5","10","2026"
"369281","2026-05-11","5","11","2026"
"369282","2026-05-12","5","12","2026"
"369283","2026-05-13","5","13","2026"
"369284","2026-05-14","5","14","2026"
"369285","2026-05-15","5","15","2026"
"369286","2026-05-16","5","16","2026"
"369287","2026-05-17","5","17","2026"
"369288","2026-05-18","5","18","2026"
"369289","2026-05-19","5","19","2026"
"369290","2026-05-20","5","20","2026"
"369291","2026-05-21","5","21","2026"
"369292","2026-05-22","5","22","2026"
"369293","2026-05-23","5","23","2026"
"369294","2026-05-24","5","24","2026"
"369295","2026-05-25","5","25","2026"
"369296","2026-05-26","5","26","2026"
"369297","2026-05-27","5","27","2026"
"369298","2026-05-28","5","28","2026"
"369299","2026-05-29","5","29","2026"
"369300","2026-05-30","5","30","2026"
"369301","2026-05-31","5","31","2026"
"369371","2026-06-01","6","1","2026"
"369372","2026-06-02","6","2","2026"
"369373","2026-06-03","6","3","2026"
"369374","2026-06-04","6","4","2026"
"369375","2026-06-05","6","5","2026"
"369376","2026-06-06","6","6","2026"
"369377","2026-06-07","6","7","2026"
"369378","2026-06-08","6","8","2026"
"369379","2026-06-09","6","9","2026"
"369380","2026-06-10","6","10","2026"
"369381","2026-06-11","6","11","2026"
"369382","2026-06-12","6","12","2026"
"369383","2026-06-13","6","13","2026"
"369384","2026-06-14","6","14","2026"
"369385","2026-06-15","6","15","2026"
"369386","2026-06-16","6","16","2026"
"369387","2026-06-17","6","17","2026"
"369388","2026-06-18","6","18","2026"
"369389","2026-06-19","6","19","2026"
"369390","2026-06-20","6","20","2026"
"369391","2026-06-21","6","21","2026"
"369392","2026-06-22","6","22","2026"
"369393","2026-06-23","6","23","2026"
"369394","2026-06-24","6","24","2026"
"369395","2026-06-25","6","25","2026"
"369396","2026-06-26","6","26","2026"
"369397","2026-06-27","6","27","2026"
"369398","2026-06-28","6","28","2026"
"369399","2026-06-29","6","29","2026"
"369400","2026-06-30","6","30","2026"
"369471","2026-07-01","7","1","2026"
"369472","2026-07-02","7","2","2026"
"369473","2026-07-03","7","3","2026"
"369474","2026-07-04","7","4","2026"
"369475","2026-07-05","7","5","2026"
"369476","2026-07-06","7","6","2026"
"369477","2026-07-07","7","7","2026"
"369478","2026-07-08","7","8","2026"
"369479","2026-07-09","7","9","2026"
"369480","2026-07-10","7","10","2026"
"369481","2026-07-11","7","11","2026"
"369482","2026-07-12","7","12","2026"
"369483","2026-07-13","7","13","2026"
"369484","2026-07-14","7","14","2026"
"369485","2026-07-15","7","15","2026"
"369486","2026-07-16","7","16","2026"
"369487","2026-07-17","7","17","2026"
"369488","2026-07-18","7","18","2026"
"369489","2026-07-19","7","19","2026"
"369490","2026-07-20","7","20","2026"
"369491","2026-07-21","7","21","2026"
"369492","2026-07-22","7","22","2026"
"369493","2026-07-23","7","23","2026"
"369494","2026-07-24","7","24","2026"
"369495","2026-07-25","7","25","2026"
"369496","2026-07-26","7","26","2026"
"369497","2026-07-27","7","27","2026"
"369498","2026-07-28","7","28","2026"
"369499","2026-07-29","7","29","2026"
"369500","2026-07-30","7","30","2026"
"369501","2026-07-31","7","31","2026"
"369571","2026-08-01","8","1","2026"
"369572","2026-08-02","8","2","2026"
"369573","2026-08-03","8","3","2026"
"369574","2026-08-04","8","4","2026"
"369575","2026-08-05","8","5","2026"
"369576","2026-08-06","8","6","2026"
"369577","2026-08-07","8","7","2026"
"369578","2026-08-08","8","8","2026"
"369579","2026-08-09","8","9","2026"
"369580","2026-08-10","8","10","2026"
"369581","2026-08-11","8","11","2026"
"369582","2026-08-12","8","12","2026"
"369583","2026-08-13","8","13","2026"
"369584","2026-08-14","8","14","2026"
"369585","2026-08-15","8","15","2026"
"369586","2026-08-16","8","16","2026"
"369587","2026-08-17","8","17","2026"
"369588","2026-08-18","8","18","2026"
"369589","2026-08-19","8","19","2026"
"369590","2026-08-20","8","20","2026"
"369591","2026-08-21","8","21","2026"
"369592","2026-08-22","8","22","2026"
"369593","2026-08-23","8","23","2026"
"369594","2026-08-24","8","24","2026"
"369595","2026-08-25","8","25","2026"
"369596","2026-08-26","8","26","2026"
"369597","2026-08-27","8","27","2026"
"369598","2026-08-28","8","28","2026"
"369599","2026-08-29","8","29","2026"
"369600","2026-08-30","8","30","2026"
"369601","2026-08-31","8","31","2026"
"369671","2026-09-01","9","1","2026"
"369672","2026-09-02","9","2","2026"
"369673","2026-09-03","9","3","2026"
"369674","2026-09-04","9","4","2026"
"369675","2026-09-05","9","5","2026"
"369676","2026-09-06","9","6","2026"
"369677","2026-09-07","9","7","2026"
"369678","2026-09-08","9","8","2026"
"369679","2026-09-09","9","9","2026"
"369680","2026-09-10","9","10","2026"
"369681","2026-09-11","9","11","2026"
"369682","2026-09-12","9","12","2026"
"369683","2026-09-13","9","13","2026"
"369684","2026-09-14","9","14","2026"
"369685","2026-09-15","9","15","2026"
"369686","2026-09-16","9","16","2026"
"369687","2026-09-17","9","17","2026"
"369688","2026-09-18","9","18","2026"
"369689","2026-09-19","9","19","2026"
"369690","2026-09-20","9","20","2026"
"369691","2026-09-21","9","21","2026"
"369692","2026-09-22","9","22","2026"
"369693","2026-09-23","9","23","2026"
"369694","2026-09-24","9","24","2026"
"369695","2026-09-25","9","25","2026"
"369696","2026-09-26","9","26","2026"
"369697","2026-09-27","9","27","2026"
"369698","2026-09-28","9","28","2026"
"369699","2026-09-29","9","29","2026"
"369700","2026-09-30","9","30","2026"
"369771","2026-10-01","10","1","2026"
"369772","2026-10-02","10","2","2026"
"369773","2026-10-03","10","3","2026"
"369774","2026-10-04","10","4","2026"
"369775","2026-10-05","10","5","2026"
"369776","2026-10-06","10","6","2026"
"369777","2026-10-07","10","7","2026"
"369778","2026-10-08","10","8","2026"
"369779","2026-10-09","10","9","2026"
"369780","2026-10-10","10","10","2026"
"369781","2026-10-11","10","11","2026"
"369782","2026-10-12","10","12","2026"
"369783","2026-10-13","10","13","2026"
"369784","2026-10-14","10","14","2026"
"369785","2026-10-15","10","15","2026"
"369786","2026-10-16","10","16","2026"
"369787","2026-10-17","10","17","2026"
"369788","2026-10-18","10","18","2026"
"369789","2026-10-19","10","19","2026"
"369790","2026-10-20","10","20","2026"
"369791","2026-10-21","10","21","2026"
"369792","2026-10-22","10","22","2026"
"369793","2026-10-23","10","23","2026"
"369794","2026-10-24","10","24","2026"
"369795","2026-10-25","10","25","2026"
"369796","2026-10-26","10","26","2026"
"369797","2026-10-27","10","27","2026"
"369798","2026-10-28","10","28","2026"
"369799","2026-10-29","10","29","2026"
"369800","2026-10-30","10","30","2026"
"369801","2026-10-31","10","31","2026"
"369871","2026-11-01","11","1","2026"
"369872","2026-11-02","11","2","2026"
"369873","2026-11-03","11","3","2026"
"369874","2026-11-04","11","4","2026"
"369875","2026-11-05","11","5","2026"
"369876","2026-11-06","11","6","2026"
"369877","2026-11-07","11","7","2026"
"369878","2026-11-08","11","8","2026"
"369879","2026-11-09","11","9","2026"
"369880","2026-11-10","11","10","2026"
"369881","2026-11-11","11","11","2026"
"369882","2026-11-12","11","12","2026"
"369883","2026-11-13","11","13","2026"
"369884","2026-11-14","11","14","2026"
"369885","2026-11-15","11","15","2026"
"369886","2026-11-16","11","16","2026"
"369887","2026-11-17","11","17","2026"
"369888","2026-11-18","11","18","2026"
"369889","2026-11-19","11","19","2026"
"369890","2026-11-20","11","20","2026"
"369891","2026-11-21","11","21","2026"
"369892","2026-11-22","11","22","2026"
"369893","2026-11-23","11","23","2026"
"369894","2026-11-24","11","24","2026"
"369895","2026-11-25","11","25","2026"
"369896","2026-11-26","11","26","2026"
"369897","2026-11-27","11","27","2026"
"369898","2026-11-28","11","28","2026"
"369899","2026-11-29","11","29","2026"
"369900","2026-11-30","11","30","2026"
"369971","2026-12-01","12","1","2026"
"369972","2026-12-02","12","2","2026"
"369973","2026-12-03","12","3","2026"
"369974","2026-12-04","12","4","2026"
"369975","2026-12-05","12","5","2026"
"369976","2026-12-06","12","6","2026"
"369977","2026-12-07","12","7","2026"
"369978","2026-12-08","12","8","2026"
"369979","2026-12-09","12","9","2026"
"369980","2026-12-10","12","10","2026"
"369981","2026-12-11","12","11","2026"
"369982","2026-12-12","12","12","2026"
"369983","2026-12-13","12","13","2026"
"369984","2026-12-14","12","14","2026"
"369985","2026-12-15","12","15","2026"
"369986","2026-12-16","12","16","2026"
"369987","2026-12-17","12","17","2026"
"369988","2026-12-18","12","18","2026"
"369989","2026-12-19","12","19","2026"
"369990","2026-12-20","12","20","2026"
"369991","2026-12-21","12","21","2026"
"369992","2026-12-22","12","22","2026"
"369993","2026-12-23","12","23","2026"
"369994","2026-12-24","12","24","2026"
"369995","2026-12-25","12","25","2026"
"369996","2026-12-26","12","26","2026"
"369997","2026-12-27","12","27","2026"
"369998","2026-12-28","12","28","2026"
"369999","2026-12-29","12","29","2026"
"370000","2026-12-30","12","30","2026"
"370001","2026-12-31","12","31","2026"
"378871","2027-01-01","1","1","2027"
"378872","2027-01-02","1","2","2027"
"378873","2027-01-03","1","3","2027"
"378874","2027-01-04","1","4","2027"
"378875","2027-01-05","1","5","2027"
"378876","2027-01-06","1","6","2027"
"378877","2027-01-07","1","7","2027"
"378878","2027-01-08","1","8","2027"
"378879","2027-01-09","1","9","2027"
"378880","2027-01-10","1","10","2027"
"378881","2027-01-11","1","11","2027"
"378882","2027-01-12","1","12","2027"
"378883","2027-01-13","1","13","2027"
"378884","2027-01-14","1","14","2027"
"378885","2027-01-15","1","15","2027"
"378886","2027-01-16","1","16","2027"
"378887","2027-01-17","1","17","2027"
"378888","2027-01-18","1","18","2027"
"378889","2027-01-19","1","19","2027"
"378890","2027-01-20","1","20","2027"
"378891","2027-01-21","1","21","2027"
"378892","2027-01-22","1","22","2027"
"378893","2027-01-23","1","23","2027"
"378894","2027-01-24","1","24","2027"
"378895","2027-01-25","1","25","2027"
"378896","2027-01-26","1","26","2027"
"378897","2027-01-27","1","27","2027"
"378898","2027-01-28","1","28","2027"
"378899","2027-01-29","1","29","2027"
"378900","2027-01-30","1","30","2027"
"378901","2027-01-31","1","31","2027"
"378971","2027-02-01","2","1","2027"
"378972","2027-02-02","2","2","2027"
"378973","2027-02-03","2","3","2027"
"378974","2027-02-04","2","4","2027"
"378975","2027-02-05","2","5","2027"
"378976","2027-02-06","2","6","2027"
"378977","2027-02-07","2","7","2027"
"378978","2027-02-08","2","8","2027"
"378979","2027-02-09","2","9","2027"
"378980","2027-02-10","2","10","2027"
"378981","2027-02-11","2","11","2027"
"378982","2027-02-12","2","12","2027"
"378983","2027-02-13","2","13","2027"
"378984","2027-02-14","2","14","2027"
"378985","2027-02-15","2","15","2027"
"378986","2027-02-16","2","16","2027"
"378987","2027-02-17","2","17","2027"
"378988","2027-02-18","2","18","2027"
"378989","2027-02-19","2","19","2027"
"378990","2027-02-20","2","20","2027"
"378991","2027-02-21","2","21","2027"
"378992","2027-02-22","2","22","2027"
"378993","2027-02-23","2","23","2027"
"378994","2027-02-24","2","24","2027"
"378995","2027-02-25","2","25","2027"
"378996","2027-02-26","2","26","2027"
"378997","2027-02-27","2","27","2027"
"378998","2027-02-28","2","28","2027"
"379071","2027-03-01","3","1","2027"
"379072","2027-03-02","3","2","2027"
"379073","2027-03-03","3","3","2027"
"379074","2027-03-04","3","4","2027"
"379075","2027-03-05","3","5","2027"
"379076","2027-03-06","3","6","2027"
"379077","2027-03-07","3","7","2027"
"379078","2027-03-08","3","8","2027"
"379079","2027-03-09","3","9","2027"
"379080","2027-03-10","3","10","2027"
"379081","2027-03-11","3","11","2027"
"379082","2027-03-12","3","12","2027"
"379083","2027-03-13","3","13","2027"
"379084","2027-03-14","3","14","2027"
"379085","2027-03-15","3","15","2027"
"379086","2027-03-16","3","16","2027"
"379087","2027-03-17","3","17","2027"
"379088","2027-03-18","3","18","2027"
"379089","2027-03-19","3","19","2027"
"379090","2027-03-20","3","20","2027"
"379091","2027-03-21","3","21","2027"
"379092","2027-03-22","3","22","2027"
"379093","2027-03-23","3","23","2027"
"379094","2027-03-24","3","24","2027"
"379095","2027-03-25","3","25","2027"
"379096","2027-03-26","3","26","2027"
"379097","2027-03-27","3","27","2027"
"379098","2027-03-28","3","28","2027"
"379099","2027-03-29","3","29","2027"
"379100","2027-03-30","3","30","2027"
"379101","2027-03-31","3","31","2027"
"379171","2027-04-01","4","1","2027"
"379172","2027-04-02","4","2","2027"
"379173","2027-04-03","4","3","2027"
"379174","2027-04-04","4","4","2027"
"379175","2027-04-05","4","5","2027"
"379176","2027-04-06","4","6","2027"
"379177","2027-04-07","4","7","2027"
"379178","2027-04-08","4","8","2027"
"379179","2027-04-09","4","9","2027"
"379180","2027-04-10","4","10","2027"
"379181","2027-04-11","4","11","2027"
"379182","2027-04-12","4","12","2027"
"379183","2027-04-13","4","13","2027"
"379184","2027-04-14","4","14","2027"
"379185","2027-04-15","4","15","2027"
"379186","2027-04-16","4","16","2027"
"379187","2027-04-17","4","17","2027"
"379188","2027-04-18","4","18","2027"
"379189","2027-04-19","4","19","2027"
"379190","2027-04-20","4","20","2027"
"379191","2027-04-21","4","21","2027"
"379192","2027-04-22","4","22","2027"
"379193","2027-04-23","4","23","2027"
"379194","2027-04-24","4","24","2027"
"379195","2027-04-25","4","25","2027"
"379196","2027-04-26","4","26","2027"
"379197","2027-04-27","4","27","2027"
"379198","2027-04-28","4","28","2027"
"379199","2027-04-29","4","29","2027"
"379200","2027-04-30","4","30","2027"
"379271","2027-05-01","5","1","2027"
"379272","2027-05-02","5","2","2027"
"379273","2027-05-03","5","3","2027"
"379274","2027-05-04","5","4","2027"
"379275","2027-05-05","5","5","2027"
"379276","2027-05-06","5","6","2027"
"379277","2027-05-07","5","7","2027"
"379278","2027-05-08","5","8","2027"
"379279","2027-05-09","5","9","2027"
"379280","2027-05-10","5","10","2027"
"379281","2027-05-11","5","11","2027"
"379282","2027-05-12","5","12","2027"
"379283","2027-05-13","5","13","2027"
"379284","2027-05-14","5","14","2027"
"379285","2027-05-15","5","15","2027"
"379286","2027-05-16","5","16","2027"
"379287","2027-05-17","5","17","2027"
"379288","2027-05-18","5","18","2027"
"379289","2027-05-19","5","19","2027"
"379290","2027-05-20","5","20","2027"
"379291","2027-05-21","5","21","2027"
"379292","2027-05-22","5","22","2027"
"379293","2027-05-23","5","23","2027"
"379294","2027-05-24","5","24","2027"
"379295","2027-05-25","5","25","2027"
"379296","2027-05-26","5","26","2027"
"379297","2027-05-27","5","27","2027"
"379298","2027-05-28","5","28","2027"
"379299","2027-05-29","5","29","2027"
"379300","2027-05-30","5","30","2027"
"379301","2027-05-31","5","31","2027"
"379371","2027-06-01","6","1","2027"
"379372","2027-06-02","6","2","2027"
"379373","2027-06-03","6","3","2027"
"379374","2027-06-04","6","4","2027"
"379375","2027-06-05","6","5","2027"
"379376","2027-06-06","6","6","2027"
"379377","2027-06-07","6","7","2027"
"379378","2027-06-08","6","8","2027"
"379379","2027-06-09","6","9","2027"
"379380","2027-06-10","6","10","2027"
"379381","2027-06-11","6","11","2027"
"379382","2027-06-12","6","12","2027"
"379383","2027-06-13","6","13","2027"
"379384","2027-06-14","6","14","2027"
"379385","2027-06-15","6","15","2027"
"379386","2027-06-16","6","16","2027"
"379387","2027-06-17","6","17","2027"
"379388","2027-06-18","6","18","2027"
"379389","2027-06-19","6","19","2027"
"379390","2027-06-20","6","20","2027"
"379391","2027-06-21","6","21","2027"
"379392","2027-06-22","6","22","2027"
"379393","2027-06-23","6","23","2027"
"379394","2027-06-24","6","24","2027"
"379395","2027-06-25","6","25","2027"
"379396","2027-06-26","6","26","2027"
"379397","2027-06-27","6","27","2027"
"379398","2027-06-28","6","28","2027"
"379399","2027-06-29","6","29","2027"
"379400","2027-06-30","6","30","2027"
"379471","2027-07-01","7","1","2027"
"379472","2027-07-02","7","2","2027"
"379473","2027-07-03","7","3","2027"
"379474","2027-07-04","7","4","2027"
"379475","2027-07-05","7","5","2027"
"379476","2027-07-06","7","6","2027"
"379477","2027-07-07","7","7","2027"
"379478","2027-07-08","7","8","2027"
"379479","2027-07-09","7","9","2027"
"379480","2027-07-10","7","10","2027"
"379481","2027-07-11","7","11","2027"
"379482","2027-07-12","7","12","2027"
"379483","2027-07-13","7","13","2027"
"379484","2027-07-14","7","14","2027"
"379485","2027-07-15","7","15","2027"
"379486","2027-07-16","7","16","2027"
"379487","2027-07-17","7","17","2027"
"379488","2027-07-18","7","18","2027"
"379489","2027-07-19","7","19","2027"
"379490","2027-07-20","7","20","2027"
"379491","2027-07-21","7","21","2027"
"379492","2027-07-22","7","22","2027"
"379493","2027-07-23","7","23","2027"
"379494","2027-07-24","7","24","2027"
"379495","2027-07-25","7","25","2027"
"379496","2027-07-26","7","26","2027"
"379497","2027-07-27","7","27","2027"
"379498","2027-07-28","7","28","2027"
"379499","2027-07-29","7","29","2027"
"379500","2027-07-30","7","30","2027"
"379501","2027-07-31","7","31","2027"
"379571","2027-08-01","8","1","2027"
"379572","2027-08-02","8","2","2027"
"379573","2027-08-03","8","3","2027"
"379574","2027-08-04","8","4","2027"
"379575","2027-08-05","8","5","2027"
"379576","2027-08-06","8","6","2027"
"379577","2027-08-07","8","7","2027"
"379578","2027-08-08","8","8","2027"
"379579","2027-08-09","8","9","2027"
"379580","2027-08-10","8","10","2027"
"379581","2027-08-11","8","11","2027"
"379582","2027-08-12","8","12","2027"
"379583","2027-08-13","8","13","2027"
"379584","2027-08-14","8","14","2027"
"379585","2027-08-15","8","15","2027"
"379586","2027-08-16","8","16","2027"
"379587","2027-08-17","8","17","2027"
"379588","2027-08-18","8","18","2027"
"379589","2027-08-19","8","19","2027"
"379590","2027-08-20","8","20","2027"
"379591","2027-08-21","8","21","2027"
"379592","2027-08-22","8","22","2027"
"379593","2027-08-23","8","23","2027"
"379594","2027-08-24","8","24","2027"
"379595","2027-08-25","8","25","2027"
"379596","2027-08-26","8","26","2027"
"379597","2027-08-27","8","27","2027"
"379598","2027-08-28","8","28","2027"
"379599","2027-08-29","8","29","2027"
"379600","2027-08-30","8","30","2027"
"379601","2027-08-31","8","31","2027"
"379671","2027-09-01","9","1","2027"
"379672","2027-09-02","9","2","2027"
"379673","2027-09-03","9","3","2027"
"379674","2027-09-04","9","4","2027"
"379675","2027-09-05","9","5","2027"
"379676","2027-09-06","9","6","2027"
"379677","2027-09-07","9","7","2027"
"379678","2027-09-08","9","8","2027"
"379679","2027-09-09","9","9","2027"
"379680","2027-09-10","9","10","2027"
"379681","2027-09-11","9","11","2027"
"379682","2027-09-12","9","12","2027"
"379683","2027-09-13","9","13","2027"
"379684","2027-09-14","9","14","2027"
"379685","2027-09-15","9","15","2027"
"379686","2027-09-16","9","16","2027"
"379687","2027-09-17","9","17","2027"
"379688","2027-09-18","9","18","2027"
"379689","2027-09-19","9","19","2027"
"379690","2027-09-20","9","20","2027"
"379691","2027-09-21","9","21","2027"
"379692","2027-09-22","9","22","2027"
"379693","2027-09-23","9","23","2027"
"379694","2027-09-24","9","24","2027"
"379695","2027-09-25","9","25","2027"
"379696","2027-09-26","9","26","2027"
"379697","2027-09-27","9","27","2027"
"379698","2027-09-28","9","28","2027"
"379699","2027-09-29","9","29","2027"
"379700","2027-09-30","9","30","2027"
"379771","2027-10-01","10","1","2027"
"379772","2027-10-02","10","2","2027"
"379773","2027-10-03","10","3","2027"
"379774","2027-10-04","10","4","2027"
"379775","2027-10-05","10","5","2027"
"379776","2027-10-06","10","6","2027"
"379777","2027-10-07","10","7","2027"
"379778","2027-10-08","10","8","2027"
"379779","2027-10-09","10","9","2027"
"379780","2027-10-10","10","10","2027"
"379781","2027-10-11","10","11","2027"
"379782","2027-10-12","10","12","2027"
"379783","2027-10-13","10","13","2027"
"379784","2027-10-14","10","14","2027"
"379785","2027-10-15","10","15","2027"
"379786","2027-10-16","10","16","2027"
"379787","2027-10-17","10","17","2027"
"379788","2027-10-18","10","18","2027"
"379789","2027-10-19","10","19","2027"
"379790","2027-10-20","10","20","2027"
"379791","2027-10-21","10","21","2027"
"379792","2027-10-22","10","22","2027"
"379793","2027-10-23","10","23","2027"
"379794","2027-10-24","10","24","2027"
"379795","2027-10-25","10","25","2027"
"379796","2027-10-26","10","26","2027"
"379797","2027-10-27","10","27","2027"
"379798","2027-10-28","10","28","2027"
"379799","2027-10-29","10","29","2027"
"379800","2027-10-30","10","30","2027"
"379801","2027-10-31","10","31","2027"
"379871","2027-11-01","11","1","2027"
"379872","2027-11-02","11","2","2027"
"379873","2027-11-03","11","3","2027"
"379874","2027-11-04","11","4","2027"
"379875","2027-11-05","11","5","2027"
"379876","2027-11-06","11","6","2027"
"379877","2027-11-07","11","7","2027"
"379878","2027-11-08","11","8","2027"
"379879","2027-11-09","11","9","2027"
"379880","2027-11-10","11","10","2027"
"379881","2027-11-11","11","11","2027"
"379882","2027-11-12","11","12","2027"
"379883","2027-11-13","11","13","2027"
"379884","2027-11-14","11","14","2027"
"379885","2027-11-15","11","15","2027"
"379886","2027-11-16","11","16","2027"
"379887","2027-11-17","11","17","2027"
"379888","2027-11-18","11","18","2027"
"379889","2027-11-19","11","19","2027"
"379890","2027-11-20","11","20","2027"
"379891","2027-11-21","11","21","2027"
"379892","2027-11-22","11","22","2027"
"379893","2027-11-23","11","23","2027"
"379894","2027-11-24","11","24","2027"
"379895","2027-11-25","11","25","2027"
"379896","2027-11-26","11","26","2027"
"379897","2027-11-27","11","27","2027"
"379898","2027-11-28","11","28","2027"
"379899","2027-11-29","11","29","2027"
"379900","2027-11-30","11","30","2027"
"379971","2027-12-01","12","1","2027"
"379972","2027-12-02","12","2","2027"
"379973","2027-12-03","12","3","2027"
"379974","2027-12-04","12","4","2027"
"379975","2027-12-05","12","5","2027"
"379976","2027-12-06","12","6","2027"
"379977","2027-12-07","12","7","2027"
"379978","2027-12-08","12","8","2027"
"379979","2027-12-09","12","9","2027"
"379980","2027-12-10","12","10","2027"
"379981","2027-12-11","12","11","2027"
"379982","2027-12-12","12","12","2027"
"379983","2027-12-13","12","13","2027"
"379984","2027-12-14","12","14","2027"
"379985","2027-12-15","12","15","2027"
"379986","2027-12-16","12","16","2027"
"379987","2027-12-17","12","17","2027"
"379988","2027-12-18","12","18","2027"
"379989","2027-12-19","12","19","2027"
"379990","2027-12-20","12","20","2027"
"379991","2027-12-21","12","21","2027"
"379992","2027-12-22","12","22","2027"
"379993","2027-12-23","12","23","2027"
"379994","2027-12-24","12","24","2027"
"379995","2027-12-25","12","25","2027"
"379996","2027-12-26","12","26","2027"
"379997","2027-12-27","12","27","2027"
"379998","2027-12-28","12","28","2027"
"379999","2027-12-29","12","29","2027"
"380000","2027-12-30","12","30","2027"
"380001","2027-12-31","12","31","2027"
"388871","2028-01-01","1","1","2028"
"388872","2028-01-02","1","2","2028"
"388873","2028-01-03","1","3","2028"
"388874","2028-01-04","1","4","2028"
"388875","2028-01-05","1","5","2028"
"388876","2028-01-06","1","6","2028"
"388877","2028-01-07","1","7","2028"
"388878","2028-01-08","1","8","2028"
"388879","2028-01-09","1","9","2028"
"388880","2028-01-10","1","10","2028"
"388881","2028-01-11","1","11","2028"
"388882","2028-01-12","1","12","2028"
"388883","2028-01-13","1","13","2028"
"388884","2028-01-14","1","14","2028"
"388885","2028-01-15","1","15","2028"
"388886","2028-01-16","1","16","2028"
"388887","2028-01-17","1","17","2028"
"388888","2028-01-18","1","18","2028"
"388889","2028-01-19","1","19","2028"
"388890","2028-01-20","1","20","2028"
"388891","2028-01-21","1","21","2028"
"388892","2028-01-22","1","22","2028"
"388893","2028-01-23","1","23","2028"
"388894","2028-01-24","1","24","2028"
"388895","2028-01-25","1","25","2028"
"388896","2028-01-26","1","26","2028"
"388897","2028-01-27","1","27","2028"
"388898","2028-01-28","1","28","2028"
"388899","2028-01-29","1","29","2028"
"388900","2028-01-30","1","30","2028"
"388901","2028-01-31","1","31","2028"
"388971","2028-02-01","2","1","2028"
"388972","2028-02-02","2","2","2028"
"388973","2028-02-03","2","3","2028"
"388974","2028-02-04","2","4","2028"
"388975","2028-02-05","2","5","2028"
"388976","2028-02-06","2","6","2028"
"388977","2028-02-07","2","7","2028"
"388978","2028-02-08","2","8","2028"
"388979","2028-02-09","2","9","2028"
"388980","2028-02-10","2","10","2028"
"388981","2028-02-11","2","11","2028"
"388982","2028-02-12","2","12","2028"
"388983","2028-02-13","2","13","2028"
"388984","2028-02-14","2","14","2028"
"388985","2028-02-15","2","15","2028"
"388986","2028-02-16","2","16","2028"
"388987","2028-02-17","2","17","2028"
"388988","2028-02-18","2","18","2028"
"388989","2028-02-19","2","19","2028"
"388990","2028-02-20","2","20","2028"
"388991","2028-02-21","2","21","2028"
"388992","2028-02-22","2","22","2028"
"388993","2028-02-23","2","23","2028"
"388994","2028-02-24","2","24","2028"
"388995","2028-02-25","2","25","2028"
"388996","2028-02-26","2","26","2028"
"388997","2028-02-27","2","27","2028"
"388998","2028-02-28","2","28","2028"
"388999","2028-02-29","2","29","2028"
"389071","2028-03-01","3","1","2028"
"389072","2028-03-02","3","2","2028"
"389073","2028-03-03","3","3","2028"
"389074","2028-03-04","3","4","2028"
"389075","2028-03-05","3","5","2028"
"389076","2028-03-06","3","6","2028"
"389077","2028-03-07","3","7","2028"
"389078","2028-03-08","3","8","2028"
"389079","2028-03-09","3","9","2028"
"389080","2028-03-10","3","10","2028"
"389081","2028-03-11","3","11","2028"
"389082","2028-03-12","3","12","2028"
"389083","2028-03-13","3","13","2028"
"389084","2028-03-14","3","14","2028"
"389085","2028-03-15","3","15","2028"
"389086","2028-03-16","3","16","2028"
"389087","2028-03-17","3","17","2028"
"389088","2028-03-18","3","18","2028"
"389089","2028-03-19","3","19","2028"
"389090","2028-03-20","3","20","2028"
"389091","2028-03-21","3","21","2028"
"389092","2028-03-22","3","22","2028"
"389093","2028-03-23","3","23","2028"
"389094","2028-03-24","3","24","2028"
"389095","2028-03-25","3","25","2028"
"389096","2028-03-26","3","26","2028"
"389097","2028-03-27","3","27","2028"
"389098","2028-03-28","3","28","2028"
"389099","2028-03-29","3","29","2028"
"389100","2028-03-30","3","30","2028"
"389101","2028-03-31","3","31","2028"
"389171","2028-04-01","4","1","2028"
"389172","2028-04-02","4","2","2028"
"389173","2028-04-03","4","3","2028"
"389174","2028-04-04","4","4","2028"
"389175","2028-04-05","4","5","2028"
"389176","2028-04-06","4","6","2028"
"389177","2028-04-07","4","7","2028"
"389178","2028-04-08","4","8","2028"
"389179","2028-04-09","4","9","2028"
"389180","2028-04-10","4","10","2028"
"389181","2028-04-11","4","11","2028"
"389182","2028-04-12","4","12","2028"
"389183","2028-04-13","4","13","2028"
"389184","2028-04-14","4","14","2028"
"389185","2028-04-15","4","15","2028"
"389186","2028-04-16","4","16","2028"
"389187","2028-04-17","4","17","2028"
"389188","2028-04-18","4","18","2028"
"389189","2028-04-19","4","19","2028"
"389190","2028-04-20","4","20","2028"
"389191","2028-04-21","4","21","2028"
"389192","2028-04-22","4","22","2028"
"389193","2028-04-23","4","23","2028"
"389194","2028-04-24","4","24","2028"
"389195","2028-04-25","4","25","2028"
"389196","2028-04-26","4","26","2028"
"389197","2028-04-27","4","27","2028"
"389198","2028-04-28","4","28","2028"
"389199","2028-04-29","4","29","2028"
"389200","2028-04-30","4","30","2028"
"389271","2028-05-01","5","1","2028"
"389272","2028-05-02","5","2","2028"
"389273","2028-05-03","5","3","2028"
"389274","2028-05-04","5","4","2028"
"389275","2028-05-05","5","5","2028"
"389276","2028-05-06","5","6","2028"
"389277","2028-05-07","5","7","2028"
"389278","2028-05-08","5","8","2028"
"389279","2028-05-09","5","9","2028"
"389280","2028-05-10","5","10","2028"
"389281","2028-05-11","5","11","2028"
"389282","2028-05-12","5","12","2028"
"389283","2028-05-13","5","13","2028"
"389284","2028-05-14","5","14","2028"
"389285","2028-05-15","5","15","2028"
"389286","2028-05-16","5","16","2028"
"389287","2028-05-17","5","17","2028"
"389288","2028-05-18","5","18","2028"
"389289","2028-05-19","5","19","2028"
"389290","2028-05-20","5","20","2028"
"389291","2028-05-21","5","21","2028"
"389292","2028-05-22","5","22","2028"
"389293","2028-05-23","5","23","2028"
"389294","2028-05-24","5","24","2028"
"389295","2028-05-25","5","25","2028"
"389296","2028-05-26","5","26","2028"
"389297","2028-05-27","5","27","2028"
"389298","2028-05-28","5","28","2028"
"389299","2028-05-29","5","29","2028"
"389300","2028-05-30","5","30","2028"
"389301","2028-05-31","5","31","2028"
"389371","2028-06-01","6","1","2028"
"389372","2028-06-02","6","2","2028"
"389373","2028-06-03","6","3","2028"
"389374","2028-06-04","6","4","2028"
"389375","2028-06-05","6","5","2028"
"389376","2028-06-06","6","6","2028"
"389377","2028-06-07","6","7","2028"
"389378","2028-06-08","6","8","2028"
"389379","2028-06-09","6","9","2028"
"389380","2028-06-10","6","10","2028"
"389381","2028-06-11","6","11","2028"
"389382","2028-06-12","6","12","2028"
"389383","2028-06-13","6","13","2028"
"389384","2028-06-14","6","14","2028"
"389385","2028-06-15","6","15","2028"
"389386","2028-06-16","6","16","2028"
"389387","2028-06-17","6","17","2028"
"389388","2028-06-18","6","18","2028"
"389389","2028-06-19","6","19","2028"
"389390","2028-06-20","6","20","2028"
"389391","2028-06-21","6","21","2028"
"389392","2028-06-22","6","22","2028"
"389393","2028-06-23","6","23","2028"
"389394","2028-06-24","6","24","2028"
"389395","2028-06-25","6","25","2028"
"389396","2028-06-26","6","26","2028"
"389397","2028-06-27","6","27","2028"
"389398","2028-06-28","6","28","2028"
"389399","2028-06-29","6","29","2028"
"389400","2028-06-30","6","30","2028"
"389471","2028-07-01","7","1","2028"
"389472","2028-07-02","7","2","2028"
"389473","2028-07-03","7","3","2028"
"389474","2028-07-04","7","4","2028"
"389475","2028-07-05","7","5","2028"
"389476","2028-07-06","7","6","2028"
"389477","2028-07-07","7","7","2028"
"389478","2028-07-08","7","8","2028"
"389479","2028-07-09","7","9","2028"
"389480","2028-07-10","7","10","2028"
"389481","2028-07-11","7","11","2028"
"389482","2028-07-12","7","12","2028"
"389483","2028-07-13","7","13","2028"
"389484","2028-07-14","7","14","2028"
"389485","2028-07-15","7","15","2028"
"389486","2028-07-16","7","16","2028"
"389487","2028-07-17","7","17","2028"
"389488","2028-07-18","7","18","2028"
"389489","2028-07-19","7","19","2028"
"389490","2028-07-20","7","20","2028"
"389491","2028-07-21","7","21","2028"
"389492","2028-07-22","7","22","2028"
"389493","2028-07-23","7","23","2028"
"389494","2028-07-24","7","24","2028"
"389495","2028-07-25","7","25","2028"
"389496","2028-07-26","7","26","2028"
"389497","2028-07-27","7","27","2028"
"389498","2028-07-28","7","28","2028"
"389499","2028-07-29","7","29","2028"
"389500","2028-07-30","7","30","2028"
"389501","2028-07-31","7","31","2028"
"389571","2028-08-01","8","1","2028"
"389572","2028-08-02","8","2","2028"
"389573","2028-08-03","8","3","2028"
"389574","2028-08-04","8","4","2028"
"389575","2028-08-05","8","5","2028"
"389576","2028-08-06","8","6","2028"
"389577","2028-08-07","8","7","2028"
"389578","2028-08-08","8","8","2028"
"389579","2028-08-09","8","9","2028"
"389580","2028-08-10","8","10","2028"
"389581","2028-08-11","8","11","2028"
"389582","2028-08-12","8","12","2028"
"389583","2028-08-13","8","13","2028"
"389584","2028-08-14","8","14","2028"
"389585","2028-08-15","8","15","2028"
"389586","2028-08-16","8","16","2028"
"389587","2028-08-17","8","17","2028"
"389588","2028-08-18","8","18","2028"
"389589","2028-08-19","8","19","2028"
"389590","2028-08-20","8","20","2028"
"389591","2028-08-21","8","21","2028"
"389592","2028-08-22","8","22","2028"
"389593","2028-08-23","8","23","2028"
"389594","2028-08-24","8","24","2028"
"389595","2028-08-25","8","25","2028"
"389596","2028-08-26","8","26","2028"
"389597","2028-08-27","8","27","2028"
"389598","2028-08-28","8","28","2028"
"389599","2028-08-29","8","29","2028"
"389600","2028-08-30","8","30","2028"
"389601","2028-08-31","8","31","2028"
"389671","2028-09-01","9","1","2028"
"389672","2028-09-02","9","2","2028"
"389673","2028-09-03","9","3","2028"
"389674","2028-09-04","9","4","2028"
"389675","2028-09-05","9","5","2028"
"389676","2028-09-06","9","6","2028"
"389677","2028-09-07","9","7","2028"
"389678","2028-09-08","9","8","2028"
"389679","2028-09-09","9","9","2028"
"389680","2028-09-10","9","10","2028"
"389681","2028-09-11","9","11","2028"
"389682","2028-09-12","9","12","2028"
"389683","2028-09-13","9","13","2028"
"389684","2028-09-14","9","14","2028"
"389685","2028-09-15","9","15","2028"
"389686","2028-09-16","9","16","2028"
"389687","2028-09-17","9","17","2028"
"389688","2028-09-18","9","18","2028"
"389689","2028-09-19","9","19","2028"
"389690","2028-09-20","9","20","2028"
"389691","2028-09-21","9","21","2028"
"389692","2028-09-22","9","22","2028"
"389693","2028-09-23","9","23","2028"
"389694","2028-09-24","9","24","2028"
"389695","2028-09-25","9","25","2028"
"389696","2028-09-26","9","26","2028"
"389697","2028-09-27","9","27","2028"
"389698","2028-09-28","9","28","2028"
"389699","2028-09-29","9","29","2028"
"389700","2028-09-30","9","30","2028"
"389771","2028-10-01","10","1","2028"
"389772","2028-10-02","10","2","2028"
"389773","2028-10-03","10","3","2028"
"389774","2028-10-04","10","4","2028"
"389775","2028-10-05","10","5","2028"
"389776","2028-10-06","10","6","2028"
"389777","2028-10-07","10","7","2028"
"389778","2028-10-08","10","8","2028"
"389779","2028-10-09","10","9","2028"
"389780","2028-10-10","10","10","2028"
"389781","2028-10-11","10","11","2028"
"389782","2028-10-12","10","12","2028"
"389783","2028-10-13","10","13","2028"
"389784","2028-10-14","10","14","2028"
"389785","2028-10-15","10","15","2028"
"389786","2028-10-16","10","16","2028"
"389787","2028-10-17","10","17","2028"
"389788","2028-10-18","10","18","2028"
"389789","2028-10-19","10","19","2028"
"389790","2028-10-20","10","20","2028"
"389791","2028-10-21","10","21","2028"
"389792","2028-10-22","10","22","2028"
"389793","2028-10-23","10","23","2028"
"389794","2028-10-24","10","24","2028"
"389795","2028-10-25","10","25","2028"
"389796","2028-10-26","10","26","2028"
"389797","2028-10-27","10","27","2028"
"389798","2028-10-28","10","28","2028"
"389799","2028-10-29","10","29","2028"
"389800","2028-10-30","10","30","2028"
"389801","2028-10-31","10","31","2028"
"389871","2028-11-01","11","1","2028"
"389872","2028-11-02","11","2","2028"
"389873","2028-11-03","11","3","2028"
"389874","2028-11-04","11","4","2028"
"389875","2028-11-05","11","5","2028"
"389876","2028-11-06","11","6","2028"
"389877","2028-11-07","11","7","2028"
"389878","2028-11-08","11","8","2028"
"389879","2028-11-09","11","9","2028"
"389880","2028-11-10","11","10","2028"
"389881","2028-11-11","11","11","2028"
"389882","2028-11-12","11","12","2028"
"389883","2028-11-13","11","13","2028"
"389884","2028-11-14","11","14","2028"
"389885","2028-11-15","11","15","2028"
"389886","2028-11-16","11","16","2028"
"389887","2028-11-17","11","17","2028"
"389888","2028-11-18","11","18","2028"
"389889","2028-11-19","11","19","2028"
"389890","2028-11-20","11","20","2028"
"389891","2028-11-21","11","21","2028"
"389892","2028-11-22","11","22","2028"
"389893","2028-11-23","11","23","2028"
"389894","2028-11-24","11","24","2028"
"389895","2028-11-25","11","25","2028"
"389896","2028-11-26","11","26","2028"
"389897","2028-11-27","11","27","2028"
"389898","2028-11-28","11","28","2028"
"389899","2028-11-29","11","29","2028"
"389900","2028-11-30","11","30","2028"
"389971","2028-12-01","12","1","2028"
"389972","2028-12-02","12","2","2028"
"389973","2028-12-03","12","3","2028"
"389974","2028-12-04","12","4","2028"
"389975","2028-12-05","12","5","2028"
"389976","2028-12-06","12","6","2028"
"389977","2028-12-07","12","7","2028"
"389978","2028-12-08","12","8","2028"
"389979","2028-12-09","12","9","2028"
"389980","2028-12-10","12","10","2028"
"389981","2028-12-11","12","11","2028"
"389982","2028-12-12","12","12","2028"
"389983","2028-12-13","12","13","2028"
"389984","2028-12-14","12","14","2028"
"389985","2028-12-15","12","15","2028"
"389986","2028-12-16","12","16","2028"
"389987","2028-12-17","12","17","2028"
"389988","2028-12-18","12","18","2028"
"389989","2028-12-19","12","19","2028"
"389990","2028-12-20","12","20","2028"
"389991","2028-12-21","12","21","2028"
"389992","2028-12-22","12","22","2028"
"389993","2028-12-23","12","23","2028"
"389994","2028-12-24","12","24","2028"
"389995","2028-12-25","12","25","2028"
"389996","2028-12-26","12","26","2028"
"389997","2028-12-27","12","27","2028"
"389998","2028-12-28","12","28","2028"
"389999","2028-12-29","12","29","2028"
"390000","2028-12-30","12","30","2028"
"390001","2028-12-31","12","31","2028"
"398871","2029-01-01","1","1","2029"
"398872","2029-01-02","1","2","2029"
"398873","2029-01-03","1","3","2029"
"398874","2029-01-04","1","4","2029"
"398875","2029-01-05","1","5","2029"
"398876","2029-01-06","1","6","2029"
"398877","2029-01-07","1","7","2029"
"398878","2029-01-08","1","8","2029"
"398879","2029-01-09","1","9","2029"
"398880","2029-01-10","1","10","2029"
"398881","2029-01-11","1","11","2029"
"398882","2029-01-12","1","12","2029"
"398883","2029-01-13","1","13","2029"
"398884","2029-01-14","1","14","2029"
"398885","2029-01-15","1","15","2029"
"398886","2029-01-16","1","16","2029"
"398887","2029-01-17","1","17","2029"
"398888","2029-01-18","1","18","2029"
"398889","2029-01-19","1","19","2029"
"398890","2029-01-20","1","20","2029"
"398891","2029-01-21","1","21","2029"
"398892","2029-01-22","1","22","2029"
"398893","2029-01-23","1","23","2029"
"398894","2029-01-24","1","24","2029"
"398895","2029-01-25","1","25","2029"
"398896","2029-01-26","1","26","2029"
"398897","2029-01-27","1","27","2029"
"398898","2029-01-28","1","28","2029"
"398899","2029-01-29","1","29","2029"
"398900","2029-01-30","1","30","2029"
"398901","2029-01-31","1","31","2029"
"398971","2029-02-01","2","1","2029"
"398972","2029-02-02","2","2","2029"
"398973","2029-02-03","2","3","2029"
"398974","2029-02-04","2","4","2029"
"398975","2029-02-05","2","5","2029"
"398976","2029-02-06","2","6","2029"
"398977","2029-02-07","2","7","2029"
"398978","2029-02-08","2","8","2029"
"398979","2029-02-09","2","9","2029"
"398980","2029-02-10","2","10","2029"
"398981","2029-02-11","2","11","2029"
"398982","2029-02-12","2","12","2029"
"398983","2029-02-13","2","13","2029"
"398984","2029-02-14","2","14","2029"
"398985","2029-02-15","2","15","2029"
"398986","2029-02-16","2","16","2029"
"398987","2029-02-17","2","17","2029"
"398988","2029-02-18","2","18","2029"
"398989","2029-02-19","2","19","2029"
"398990","2029-02-20","2","20","2029"
"398991","2029-02-21","2","21","2029"
"398992","2029-02-22","2","22","2029"
"398993","2029-02-23","2","23","2029"
"398994","2029-02-24","2","24","2029"
"398995","2029-02-25","2","25","2029"
"398996","2029-02-26","2","26","2029"
"398997","2029-02-27","2","27","2029"
"398998","2029-02-28","2","28","2029"
"399071","2029-03-01","3","1","2029"
"399072","2029-03-02","3","2","2029"
"399073","2029-03-03","3","3","2029"
"399074","2029-03-04","3","4","2029"
"399075","2029-03-05","3","5","2029"
"399076","2029-03-06","3","6","2029"
"399077","2029-03-07","3","7","2029"
"399078","2029-03-08","3","8","2029"
"399079","2029-03-09","3","9","2029"
"399080","2029-03-10","3","10","2029"
"399081","2029-03-11","3","11","2029"
"399082","2029-03-12","3","12","2029"
"399083","2029-03-13","3","13","2029"
"399084","2029-03-14","3","14","2029"
"399085","2029-03-15","3","15","2029"
"399086","2029-03-16","3","16","2029"
"399087","2029-03-17","3","17","2029"
"399088","2029-03-18","3","18","2029"
"399089","2029-03-19","3","19","2029"
"399090","2029-03-20","3","20","2029"
"399091","2029-03-21","3","21","2029"
"399092","2029-03-22","3","22","2029"
"399093","2029-03-23","3","23","2029"
"399094","2029-03-24","3","24","2029"
"399095","2029-03-25","3","25","2029"
"399096","2029-03-26","3","26","2029"
"399097","2029-03-27","3","27","2029"
"399098","2029-03-28","3","28","2029"
"399099","2029-03-29","3","29","2029"
"399100","2029-03-30","3","30","2029"
"399101","2029-03-31","3","31","2029"
"399171","2029-04-01","4","1","2029"
"399172","2029-04-02","4","2","2029"
"399173","2029-04-03","4","3","2029"
"399174","2029-04-04","4","4","2029"
"399175","2029-04-05","4","5","2029"
"399176","2029-04-06","4","6","2029"
"399177","2029-04-07","4","7","2029"
"399178","2029-04-08","4","8","2029"
"399179","2029-04-09","4","9","2029"
"399180","2029-04-10","4","10","2029"
"399181","2029-04-11","4","11","2029"
"399182","2029-04-12","4","12","2029"
"399183","2029-04-13","4","13","2029"
"399184","2029-04-14","4","14","2029"
"399185","2029-04-15","4","15","2029"
"399186","2029-04-16","4","16","2029"
"399187","2029-04-17","4","17","2029"
"399188","2029-04-18","4","18","2029"
"399189","2029-04-19","4","19","2029"
"399190","2029-04-20","4","20","2029"
"399191","2029-04-21","4","21","2029"
"399192","2029-04-22","4","22","2029"
"399193","2029-04-23","4","23","2029"
"399194","2029-04-24","4","24","2029"
"399195","2029-04-25","4","25","2029"
"399196","2029-04-26","4","26","2029"
"399197","2029-04-27","4","27","2029"
"399198","2029-04-28","4","28","2029"
"399199","2029-04-29","4","29","2029"
"399200","2029-04-30","4","30","2029"
"399271","2029-05-01","5","1","2029"
"399272","2029-05-02","5","2","2029"
"399273","2029-05-03","5","3","2029"
"399274","2029-05-04","5","4","2029"
"399275","2029-05-05","5","5","2029"
"399276","2029-05-06","5","6","2029"
"399277","2029-05-07","5","7","2029"
"399278","2029-05-08","5","8","2029"
"399279","2029-05-09","5","9","2029"
"399280","2029-05-10","5","10","2029"
"399281","2029-05-11","5","11","2029"
"399282","2029-05-12","5","12","2029"
"399283","2029-05-13","5","13","2029"
"399284","2029-05-14","5","14","2029"
"399285","2029-05-15","5","15","2029"
"399286","2029-05-16","5","16","2029"
"399287","2029-05-17","5","17","2029"
"399288","2029-05-18","5","18","2029"
"399289","2029-05-19","5","19","2029"
"399290","2029-05-20","5","20","2029"
"399291","2029-05-21","5","21","2029"
"399292","2029-05-22","5","22","2029"
"399293","2029-05-23","5","23","2029"
"399294","2029-05-24","5","24","2029"
"399295","2029-05-25","5","25","2029"
"399296","2029-05-26","5","26","2029"
"399297","2029-05-27","5","27","2029"
"399298","2029-05-28","5","28","2029"
"399299","2029-05-29","5","29","2029"
"399300","2029-05-30","5","30","2029"
"399301","2029-05-31","5","31","2029"
"399371","2029-06-01","6","1","2029"
"399372","2029-06-02","6","2","2029"
"399373","2029-06-03","6","3","2029"
"399374","2029-06-04","6","4","2029"
"399375","2029-06-05","6","5","2029"
"399376","2029-06-06","6","6","2029"
"399377","2029-06-07","6","7","2029"
"399378","2029-06-08","6","8","2029"
"399379","2029-06-09","6","9","2029"
"399380","2029-06-10","6","10","2029"
"399381","2029-06-11","6","11","2029"
"399382","2029-06-12","6","12","2029"
"399383","2029-06-13","6","13","2029"
"399384","2029-06-14","6","14","2029"
"399385","2029-06-15","6","15","2029"
"399386","2029-06-16","6","16","2029"
"399387","2029-06-17","6","17","2029"
"399388","2029-06-18","6","18","2029"
"399389","2029-06-19","6","19","2029"
"399390","2029-06-20","6","20","2029"
"399391","2029-06-21","6","21","2029"
"399392","2029-06-22","6","22","2029"
"399393","2029-06-23","6","23","2029"
"399394","2029-06-24","6","24","2029"
"399395","2029-06-25","6","25","2029"
"399396","2029-06-26","6","26","2029"
"399397","2029-06-27","6","27","2029"
"399398","2029-06-28","6","28","2029"
"399399","2029-06-29","6","29","2029"
"399400","2029-06-30","6","30","2029"
"399471","2029-07-01","7","1","2029"
"399472","2029-07-02","7","2","2029"
"399473","2029-07-03","7","3","2029"
"399474","2029-07-04","7","4","2029"
"399475","2029-07-05","7","5","2029"
"399476","2029-07-06","7","6","2029"
"399477","2029-07-07","7","7","2029"
"399478","2029-07-08","7","8","2029"
"399479","2029-07-09","7","9","2029"
"399480","2029-07-10","7","10","2029"
"399481","2029-07-11","7","11","2029"
"399482","2029-07-12","7","12","2029"
"399483","2029-07-13","7","13","2029"
"399484","2029-07-14","7","14","2029"
"399485","2029-07-15","7","15","2029"
"399486","2029-07-16","7","16","2029"
"399487","2029-07-17","7","17","2029"
"399488","2029-07-18","7","18","2029"
"399489","2029-07-19","7","19","2029"
"399490","2029-07-20","7","20","2029"
"399491","2029-07-21","7","21","2029"
"399492","2029-07-22","7","22","2029"
"399493","2029-07-23","7","23","2029"
"399494","2029-07-24","7","24","2029"
"399495","2029-07-25","7","25","2029"
"399496","2029-07-26","7","26","2029"
"399497","2029-07-27","7","27","2029"
"399498","2029-07-28","7","28","2029"
"399499","2029-07-29","7","29","2029"
"399500","2029-07-30","7","30","2029"
"399501","2029-07-31","7","31","2029"
"399571","2029-08-01","8","1","2029"
"399572","2029-08-02","8","2","2029"
"399573","2029-08-03","8","3","2029"
"399574","2029-08-04","8","4","2029"
"399575","2029-08-05","8","5","2029"
"399576","2029-08-06","8","6","2029"
"399577","2029-08-07","8","7","2029"
"399578","2029-08-08","8","8","2029"
"399579","2029-08-09","8","9","2029"
"399580","2029-08-10","8","10","2029"
"399581","2029-08-11","8","11","2029"
"399582","2029-08-12","8","12","2029"
"399583","2029-08-13","8","13","2029"
"399584","2029-08-14","8","14","2029"
"399585","2029-08-15","8","15","2029"
"399586","2029-08-16","8","16","2029"
"399587","2029-08-17","8","17","2029"
"399588","2029-08-18","8","18","2029"
"399589","2029-08-19","8","19","2029"
"399590","2029-08-20","8","20","2029"
"399591","2029-08-21","8","21","2029"
"399592","2029-08-22","8","22","2029"
"399593","2029-08-23","8","23","2029"
"399594","2029-08-24","8","24","2029"
"399595","2029-08-25","8","25","2029"
"399596","2029-08-26","8","26","2029"
"399597","2029-08-27","8","27","2029"
"399598","2029-08-28","8","28","2029"
"399599","2029-08-29","8","29","2029"
"399600","2029-08-30","8","30","2029"
"399601","2029-08-31","8","31","2029"
"399671","2029-09-01","9","1","2029"
"399672","2029-09-02","9","2","2029"
"399673","2029-09-03","9","3","2029"
"399674","2029-09-04","9","4","2029"
"399675","2029-09-05","9","5","2029"
"399676","2029-09-06","9","6","2029"
"399677","2029-09-07","9","7","2029"
"399678","2029-09-08","9","8","2029"
"399679","2029-09-09","9","9","2029"
"399680","2029-09-10","9","10","2029"
"399681","2029-09-11","9","11","2029"
"399682","2029-09-12","9","12","2029"
"399683","2029-09-13","9","13","2029"
"399684","2029-09-14","9","14","2029"
"399685","2029-09-15","9","15","2029"
"399686","2029-09-16","9","16","2029"
"399687","2029-09-17","9","17","2029"
"399688","2029-09-18","9","18","2029"
"399689","2029-09-19","9","19","2029"
"399690","2029-09-20","9","20","2029"
"399691","2029-09-21","9","21","2029"
"399692","2029-09-22","9","22","2029"
"399693","2029-09-23","9","23","2029"
"399694","2029-09-24","9","24","2029"
"399695","2029-09-25","9","25","2029"
"399696","2029-09-26","9","26","2029"
"399697","2029-09-27","9","27","2029"
"399698","2029-09-28","9","28","2029"
"399699","2029-09-29","9","29","2029"
"399700","2029-09-30","9","30","2029"
"399771","2029-10-01","10","1","2029"
"399772","2029-10-02","10","2","2029"
"399773","2029-10-03","10","3","2029"
"399774","2029-10-04","10","4","2029"
"399775","2029-10-05","10","5","2029"
"399776","2029-10-06","10","6","2029"
"399777","2029-10-07","10","7","2029"
"399778","2029-10-08","10","8","2029"
"399779","2029-10-09","10","9","2029"
"399780","2029-10-10","10","10","2029"
"399781","2029-10-11","10","11","2029"
"399782","2029-10-12","10","12","2029"
"399783","2029-10-13","10","13","2029"
"399784","2029-10-14","10","14","2029"
"399785","2029-10-15","10","15","2029"
"399786","2029-10-16","10","16","2029"
"399787","2029-10-17","10","17","2029"
"399788","2029-10-18","10","18","2029"
"399789","2029-10-19","10","19","2029"
"399790","2029-10-20","10","20","2029"
"399791","2029-10-21","10","21","2029"
"399792","2029-10-22","10","22","2029"
"399793","2029-10-23","10","23","2029"
"399794","2029-10-24","10","24","2029"
"399795","2029-10-25","10","25","2029"
"399796","2029-10-26","10","26","2029"
"399797","2029-10-27","10","27","2029"
"399798","2029-10-28","10","28","2029"
"399799","2029-10-29","10","29","2029"
"399800","2029-10-30","10","30","2029"
"399801","2029-10-31","10","31","2029"
"399871","2029-11-01","11","1","2029"
"399872","2029-11-02","11","2","2029"
"399873","2029-11-03","11","3","2029"
"399874","2029-11-04","11","4","2029"
"399875","2029-11-05","11","5","2029"
"399876","2029-11-06","11","6","2029"
"399877","2029-11-07","11","7","2029"
"399878","2029-11-08","11","8","2029"
"399879","2029-11-09","11","9","2029"
"399880","2029-11-10","11","10","2029"
"399881","2029-11-11","11","11","2029"
"399882","2029-11-12","11","12","2029"
"399883","2029-11-13","11","13","2029"
"399884","2029-11-14","11","14","2029"
"399885","2029-11-15","11","15","2029"
"399886","2029-11-16","11","16","2029"
"399887","2029-11-17","11","17","2029"
"399888","2029-11-18","11","18","2029"
"399889","2029-11-19","11","19","2029"
"399890","2029-11-20","11","20","2029"
"399891","2029-11-21","11","21","2029"
"399892","2029-11-22","11","22","2029"
"399893","2029-11-23","11","23","2029"
"399894","2029-11-24","11","24","2029"
"399895","2029-11-25","11","25","2029"
"399896","2029-11-26","11","26","2029"
"399897","2029-11-27","11","27","2029"
"399898","2029-11-28","11","28","2029"
"399899","2029-11-29","11","29","2029"
"399900","2029-11-30","11","30","2029"
"399971","2029-12-01","12","1","2029"
"399972","2029-12-02","12","2","2029"
"399973","2029-12-03","12","3","2029"
"399974","2029-12-04","12","4","2029"
"399975","2029-12-05","12","5","2029"
"399976","2029-12-06","12","6","2029"
"399977","2029-12-07","12","7","2029"
"399978","2029-12-08","12","8","2029"
"399979","2029-12-09","12","9","2029"
"399980","2029-12-10","12","10","2029"
"399981","2029-12-11","12","11","2029"
"399982","2029-12-12","12","12","2029"
"399983","2029-12-13","12","13","2029"
"399984","2029-12-14","12","14","2029"
"399985","2029-12-15","12","15","2029"
"399986","2029-12-16","12","16","2029"
"399987","2029-12-17","12","17","2029"
"399988","2029-12-18","12","18","2029"
"399989","2029-12-19","12","19","2029"
"399990","2029-12-20","12","20","2029"
"399991","2029-12-21","12","21","2029"
"399992","2029-12-22","12","22","2029"
"399993","2029-12-23","12","23","2029"
"399994","2029-12-24","12","24","2029"
"399995","2029-12-25","12","25","2029"
"399996","2029-12-26","12","26","2029"
"399997","2029-12-27","12","27","2029"
"399998","2029-12-28","12","28","2029"
"399999","2029-12-29","12","29","2029"
"400000","2029-12-30","12","30","2029"
"400001","2029-12-31","12","31","2029"
"408871","2030-01-01","1","1","2030"
"408872","2030-01-02","1","2","2030"
"408873","2030-01-03","1","3","2030"
"408874","2030-01-04","1","4","2030"
"408875","2030-01-05","1","5","2030"
"408876","2030-01-06","1","6","2030"
"408877","2030-01-07","1","7","2030"
"408878","2030-01-08","1","8","2030"
"408879","2030-01-09","1","9","2030"
"408880","2030-01-10","1","10","2030"
"408881","2030-01-11","1","11","2030"
"408882","2030-01-12","1","12","2030"
"408883","2030-01-13","1","13","2030"
"408884","2030-01-14","1","14","2030"
"408885","2030-01-15","1","15","2030"
"408886","2030-01-16","1","16","2030"
"408887","2030-01-17","1","17","2030"
"408888","2030-01-18","1","18","2030"
"408889","2030-01-19","1","19","2030"
"408890","2030-01-20","1","20","2030"
"408891","2030-01-21","1","21","2030"
"408892","2030-01-22","1","22","2030"
"408893","2030-01-23","1","23","2030"
"408894","2030-01-24","1","24","2030"
"408895","2030-01-25","1","25","2030"
"408896","2030-01-26","1","26","2030"
"408897","2030-01-27","1","27","2030"
"408898","2030-01-28","1","28","2030"
"408899","2030-01-29","1","29","2030"
"408900","2030-01-30","1","30","2030"
"408901","2030-01-31","1","31","2030"
"408971","2030-02-01","2","1","2030"
"408972","2030-02-02","2","2","2030"
"408973","2030-02-03","2","3","2030"
"408974","2030-02-04","2","4","2030"
"408975","2030-02-05","2","5","2030"
"408976","2030-02-06","2","6","2030"
"408977","2030-02-07","2","7","2030"
"408978","2030-02-08","2","8","2030"
"408979","2030-02-09","2","9","2030"
"408980","2030-02-10","2","10","2030"
"408981","2030-02-11","2","11","2030"
"408982","2030-02-12","2","12","2030"
"408983","2030-02-13","2","13","2030"
"408984","2030-02-14","2","14","2030"
"408985","2030-02-15","2","15","2030"
"408986","2030-02-16","2","16","2030"
"408987","2030-02-17","2","17","2030"
"408988","2030-02-18","2","18","2030"
"408989","2030-02-19","2","19","2030"
"408990","2030-02-20","2","20","2030"
"408991","2030-02-21","2","21","2030"
"408992","2030-02-22","2","22","2030"
"408993","2030-02-23","2","23","2030"
"408994","2030-02-24","2","24","2030"
"408995","2030-02-25","2","25","2030"
"408996","2030-02-26","2","26","2030"
"408997","2030-02-27","2","27","2030"
"408998","2030-02-28","2","28","2030"
"409071","2030-03-01","3","1","2030"
"409072","2030-03-02","3","2","2030"
"409073","2030-03-03","3","3","2030"
"409074","2030-03-04","3","4","2030"
"409075","2030-03-05","3","5","2030"
"409076","2030-03-06","3","6","2030"
"409077","2030-03-07","3","7","2030"
"409078","2030-03-08","3","8","2030"
"409079","2030-03-09","3","9","2030"
"409080","2030-03-10","3","10","2030"
"409081","2030-03-11","3","11","2030"
"409082","2030-03-12","3","12","2030"
"409083","2030-03-13","3","13","2030"
"409084","2030-03-14","3","14","2030"
"409085","2030-03-15","3","15","2030"
"409086","2030-03-16","3","16","2030"
"409087","2030-03-17","3","17","2030"
"409088","2030-03-18","3","18","2030"
"409089","2030-03-19","3","19","2030"
"409090","2030-03-20","3","20","2030"
"409091","2030-03-21","3","21","2030"
"409092","2030-03-22","3","22","2030"
"409093","2030-03-23","3","23","2030"
"409094","2030-03-24","3","24","2030"
"409095","2030-03-25","3","25","2030"
"409096","2030-03-26","3","26","2030"
"409097","2030-03-27","3","27","2030"
"409098","2030-03-28","3","28","2030"
"409099","2030-03-29","3","29","2030"
"409100","2030-03-30","3","30","2030"
"409101","2030-03-31","3","31","2030"
"409171","2030-04-01","4","1","2030"
"409172","2030-04-02","4","2","2030"
"409173","2030-04-03","4","3","2030"
"409174","2030-04-04","4","4","2030"
"409175","2030-04-05","4","5","2030"
"409176","2030-04-06","4","6","2030"
"409177","2030-04-07","4","7","2030"
"409178","2030-04-08","4","8","2030"
"409179","2030-04-09","4","9","2030"
"409180","2030-04-10","4","10","2030"
"409181","2030-04-11","4","11","2030"
"409182","2030-04-12","4","12","2030"
"409183","2030-04-13","4","13","2030"
"409184","2030-04-14","4","14","2030"
"409185","2030-04-15","4","15","2030"
"409186","2030-04-16","4","16","2030"
"409187","2030-04-17","4","17","2030"
"409188","2030-04-18","4","18","2030"
"409189","2030-04-19","4","19","2030"
"409190","2030-04-20","4","20","2030"
"409191","2030-04-21","4","21","2030"
"409192","2030-04-22","4","22","2030"
"409193","2030-04-23","4","23","2030"
"409194","2030-04-24","4","24","2030"
"409195","2030-04-25","4","25","2030"
"409196","2030-04-26","4","26","2030"
"409197","2030-04-27","4","27","2030"
"409198","2030-04-28","4","28","2030"
"409199","2030-04-29","4","29","2030"
"409200","2030-04-30","4","30","2030"
"409271","2030-05-01","5","1","2030"
"409272","2030-05-02","5","2","2030"
"409273","2030-05-03","5","3","2030"
"409274","2030-05-04","5","4","2030"
"409275","2030-05-05","5","5","2030"
"409276","2030-05-06","5","6","2030"
"409277","2030-05-07","5","7","2030"
"409278","2030-05-08","5","8","2030"
"409279","2030-05-09","5","9","2030"
"409280","2030-05-10","5","10","2030"
"409281","2030-05-11","5","11","2030"
"409282","2030-05-12","5","12","2030"
"409283","2030-05-13","5","13","2030"
"409284","2030-05-14","5","14","2030"
"409285","2030-05-15","5","15","2030"
"409286","2030-05-16","5","16","2030"
"409287","2030-05-17","5","17","2030"
"409288","2030-05-18","5","18","2030"
"409289","2030-05-19","5","19","2030"
"409290","2030-05-20","5","20","2030"
"409291","2030-05-21","5","21","2030"
"409292","2030-05-22","5","22","2030"
"409293","2030-05-23","5","23","2030"
"409294","2030-05-24","5","24","2030"
"409295","2030-05-25","5","25","2030"
"409296","2030-05-26","5","26","2030"
"409297","2030-05-27","5","27","2030"
"409298","2030-05-28","5","28","2030"
"409299","2030-05-29","5","29","2030"
"409300","2030-05-30","5","30","2030"
"409301","2030-05-31","5","31","2030"
"409371","2030-06-01","6","1","2030"
"409372","2030-06-02","6","2","2030"
"409373","2030-06-03","6","3","2030"
"409374","2030-06-04","6","4","2030"
"409375","2030-06-05","6","5","2030"
"409376","2030-06-06","6","6","2030"
"409377","2030-06-07","6","7","2030"
"409378","2030-06-08","6","8","2030"
"409379","2030-06-09","6","9","2030"
"409380","2030-06-10","6","10","2030"
"409381","2030-06-11","6","11","2030"
"409382","2030-06-12","6","12","2030"
"409383","2030-06-13","6","13","2030"
"409384","2030-06-14","6","14","2030"
"409385","2030-06-15","6","15","2030"
"409386","2030-06-16","6","16","2030"
"409387","2030-06-17","6","17","2030"
"409388","2030-06-18","6","18","2030"
"409389","2030-06-19","6","19","2030"
"409390","2030-06-20","6","20","2030"
"409391","2030-06-21","6","21","2030"
"409392","2030-06-22","6","22","2030"
"409393","2030-06-23","6","23","2030"
"409394","2030-06-24","6","24","2030"
"409395","2030-06-25","6","25","2030"
"409396","2030-06-26","6","26","2030"
"409397","2030-06-27","6","27","2030"
"409398","2030-06-28","6","28","2030"
"409399","2030-06-29","6","29","2030"
"409400","2030-06-30","6","30","2030"
"409471","2030-07-01","7","1","2030"
"409472","2030-07-02","7","2","2030"
"409473","2030-07-03","7","3","2030"
"409474","2030-07-04","7","4","2030"
"409475","2030-07-05","7","5","2030"
"409476","2030-07-06","7","6","2030"
"409477","2030-07-07","7","7","2030"
"409478","2030-07-08","7","8","2030"
"409479","2030-07-09","7","9","2030"
"409480","2030-07-10","7","10","2030"
"409481","2030-07-11","7","11","2030"
"409482","2030-07-12","7","12","2030"
"409483","2030-07-13","7","13","2030"
"409484","2030-07-14","7","14","2030"
"409485","2030-07-15","7","15","2030"
"409486","2030-07-16","7","16","2030"
"409487","2030-07-17","7","17","2030"
"409488","2030-07-18","7","18","2030"
"409489","2030-07-19","7","19","2030"
"409490","2030-07-20","7","20","2030"
"409491","2030-07-21","7","21","2030"
"409492","2030-07-22","7","22","2030"
"409493","2030-07-23","7","23","2030"
"409494","2030-07-24","7","24","2030"
"409495","2030-07-25","7","25","2030"
"409496","2030-07-26","7","26","2030"
"409497","2030-07-27","7","27","2030"
"409498","2030-07-28","7","28","2030"
"409499","2030-07-29","7","29","2030"
"409500","2030-07-30","7","30","2030"
"409501","2030-07-31","7","31","2030"
"409571","2030-08-01","8","1","2030"
"409572","2030-08-02","8","2","2030"
"409573","2030-08-03","8","3","2030"
"409574","2030-08-04","8","4","2030"
"409575","2030-08-05","8","5","2030"
"409576","2030-08-06","8","6","2030"
"409577","2030-08-07","8","7","2030"
"409578","2030-08-08","8","8","2030"
"409579","2030-08-09","8","9","2030"
"409580","2030-08-10","8","10","2030"
"409581","2030-08-11","8","11","2030"
"409582","2030-08-12","8","12","2030"
"409583","2030-08-13","8","13","2030"
"409584","2030-08-14","8","14","2030"
"409585","2030-08-15","8","15","2030"
"409586","2030-08-16","8","16","2030"
"409587","2030-08-17","8","17","2030"
"409588","2030-08-18","8","18","2030"
"409589","2030-08-19","8","19","2030"
"409590","2030-08-20","8","20","2030"
"409591","2030-08-21","8","21","2030"
"409592","2030-08-22","8","22","2030"
"409593","2030-08-23","8","23","2030"
"409594","2030-08-24","8","24","2030"
"409595","2030-08-25","8","25","2030"
"409596","2030-08-26","8","26","2030"
"409597","2030-08-27","8","27","2030"
"409598","2030-08-28","8","28","2030"
"409599","2030-08-29","8","29","2030"
"409600","2030-08-30","8","30","2030"
"409601","2030-08-31","8","31","2030"
"409671","2030-09-01","9","1","2030"
"409672","2030-09-02","9","2","2030"
"409673","2030-09-03","9","3","2030"
"409674","2030-09-04","9","4","2030"
"409675","2030-09-05","9","5","2030"
"409676","2030-09-06","9","6","2030"
"409677","2030-09-07","9","7","2030"
"409678","2030-09-08","9","8","2030"
"409679","2030-09-09","9","9","2030"
"409680","2030-09-10","9","10","2030"
"409681","2030-09-11","9","11","2030"
"409682","2030-09-12","9","12","2030"
"409683","2030-09-13","9","13","2030"
"409684","2030-09-14","9","14","2030"
"409685","2030-09-15","9","15","2030"
"409686","2030-09-16","9","16","2030"
"409687","2030-09-17","9","17","2030"
"409688","2030-09-18","9","18","2030"
"409689","2030-09-19","9","19","2030"
"409690","2030-09-20","9","20","2030"
"409691","2030-09-21","9","21","2030"
"409692","2030-09-22","9","22","2030"
"409693","2030-09-23","9","23","2030"
"409694","2030-09-24","9","24","2030"
"409695","2030-09-25","9","25","2030"
"409696","2030-09-26","9","26","2030"
"409697","2030-09-27","9","27","2030"
"409698","2030-09-28","9","28","2030"
"409699","2030-09-29","9","29","2030"
"409700","2030-09-30","9","30","2030"
"409771","2030-10-01","10","1","2030"
"409772","2030-10-02","10","2","2030"
"409773","2030-10-03","10","3","2030"
"409774","2030-10-04","10","4","2030"
"409775","2030-10-05","10","5","2030"
"409776","2030-10-06","10","6","2030"
"409777","2030-10-07","10","7","2030"
"409778","2030-10-08","10","8","2030"
"409779","2030-10-09","10","9","2030"
"409780","2030-10-10","10","10","2030"
"409781","2030-10-11","10","11","2030"
"409782","2030-10-12","10","12","2030"
"409783","2030-10-13","10","13","2030"
"409784","2030-10-14","10","14","2030"
"409785","2030-10-15","10","15","2030"
"409786","2030-10-16","10","16","2030"
"409787","2030-10-17","10","17","2030"
"409788","2030-10-18","10","18","2030"
"409789","2030-10-19","10","19","2030"
"409790","2030-10-20","10","20","2030"
"409791","2030-10-21","10","21","2030"
"409792","2030-10-22","10","22","2030"
"409793","2030-10-23","10","23","2030"
"409794","2030-10-24","10","24","2030"
"409795","2030-10-25","10","25","2030"
"409796","2030-10-26","10","26","2030"
"409797","2030-10-27","10","27","2030"
"409798","2030-10-28","10","28","2030"
"409799","2030-10-29","10","29","2030"
"409800","2030-10-30","10","30","2030"
"409801","2030-10-31","10","31","2030"
"409871","2030-11-01","11","1","2030"
"409872","2030-11-02","11","2","2030"
"409873","2030-11-03","11","3","2030"
"409874","2030-11-04","11","4","2030"
"409875","2030-11-05","11","5","2030"
"409876","2030-11-06","11","6","2030"
"409877","2030-11-07","11","7","2030"
"409878","2030-11-08","11","8","2030"
"409879","2030-11-09","11","9","2030"
"409880","2030-11-10","11","10","2030"
"409881","2030-11-11","11","11","2030"
"409882","2030-11-12","11","12","2030"
"409883","2030-11-13","11","13","2030"
"409884","2030-11-14","11","14","2030"
"409885","2030-11-15","11","15","2030"
"409886","2030-11-16","11","16","2030"
"409887","2030-11-17","11","17","2030"
"409888","2030-11-18","11","18","2030"
"409889","2030-11-19","11","19","2030"
"409890","2030-11-20","11","20","2030"
"409891","2030-11-21","11","21","2030"
"409892","2030-11-22","11","22","2030"
"409893","2030-11-23","11","23","2030"
"409894","2030-11-24","11","24","2030"
"409895","2030-11-25","11","25","2030"
"409896","2030-11-26","11","26","2030"
"409897","2030-11-27","11","27","2030"
"409898","2030-11-28","11","28","2030"
"409899","2030-11-29","11","29","2030"
"409900","2030-11-30","11","30","2030"
"409971","2030-12-01","12","1","2030"
"409972","2030-12-02","12","2","2030"
"409973","2030-12-03","12","3","2030"
"409974","2030-12-04","12","4","2030"
"409975","2030-12-05","12","5","2030"
"409976","2030-12-06","12","6","2030"
"409977","2030-12-07","12","7","2030"
"409978","2030-12-08","12","8","2030"
"409979","2030-12-09","12","9","2030"
"409980","2030-12-10","12","10","2030"
"409981","2030-12-11","12","11","2030"
"409982","2030-12-12","12","12","2030"
"409983","2030-12-13","12","13","2030"
"409984","2030-12-14","12","14","2030"
"409985","2030-12-15","12","15","2030"
"409986","2030-12-16","12","16","2030"
"409987","2030-12-17","12","17","2030"
"409988","2030-12-18","12","18","2030"
"409989","2030-12-19","12","19","2030"
"409990","2030-12-20","12","20","2030"
"409991","2030-12-21","12","21","2030"
"409992","2030-12-22","12","22","2030"
"409993","2030-12-23","12","23","2030"
"409994","2030-12-24","12","24","2030"
"409995","2030-12-25","12","25","2030"
"409996","2030-12-26","12","26","2030"
"409997","2030-12-27","12","27","2030"
"409998","2030-12-28","12","28","2030"
"409999","2030-12-29","12","29","2030"
"410000","2030-12-30","12","30","2030"
"410001","2030-12-31","12","31","2030"
"418871","2031-01-01","1","1","2031"
"418872","2031-01-02","1","2","2031"
"418873","2031-01-03","1","3","2031"
"418874","2031-01-04","1","4","2031"
"418875","2031-01-05","1","5","2031"
"418876","2031-01-06","1","6","2031"
"418877","2031-01-07","1","7","2031"
"418878","2031-01-08","1","8","2031"
"418879","2031-01-09","1","9","2031"
"418880","2031-01-10","1","10","2031"
"418881","2031-01-11","1","11","2031"
"418882","2031-01-12","1","12","2031"
"418883","2031-01-13","1","13","2031"
"418884","2031-01-14","1","14","2031"
"418885","2031-01-15","1","15","2031"
"418886","2031-01-16","1","16","2031"
"418887","2031-01-17","1","17","2031"
"418888","2031-01-18","1","18","2031"
"418889","2031-01-19","1","19","2031"
"418890","2031-01-20","1","20","2031"
"418891","2031-01-21","1","21","2031"
"418892","2031-01-22","1","22","2031"
"418893","2031-01-23","1","23","2031"
"418894","2031-01-24","1","24","2031"
"418895","2031-01-25","1","25","2031"
"418896","2031-01-26","1","26","2031"
"418897","2031-01-27","1","27","2031"
"418898","2031-01-28","1","28","2031"
"418899","2031-01-29","1","29","2031"
"418900","2031-01-30","1","30","2031"
"418901","2031-01-31","1","31","2031"
"418971","2031-02-01","2","1","2031"
"418972","2031-02-02","2","2","2031"
"418973","2031-02-03","2","3","2031"
"418974","2031-02-04","2","4","2031"
"418975","2031-02-05","2","5","2031"
"418976","2031-02-06","2","6","2031"
"418977","2031-02-07","2","7","2031"
"418978","2031-02-08","2","8","2031"
"418979","2031-02-09","2","9","2031"
"418980","2031-02-10","2","10","2031"
"418981","2031-02-11","2","11","2031"
"418982","2031-02-12","2","12","2031"
"418983","2031-02-13","2","13","2031"
"418984","2031-02-14","2","14","2031"
"418985","2031-02-15","2","15","2031"
"418986","2031-02-16","2","16","2031"
"418987","2031-02-17","2","17","2031"
"418988","2031-02-18","2","18","2031"
"418989","2031-02-19","2","19","2031"
"418990","2031-02-20","2","20","2031"
"418991","2031-02-21","2","21","2031"
"418992","2031-02-22","2","22","2031"
"418993","2031-02-23","2","23","2031"
"418994","2031-02-24","2","24","2031"
"418995","2031-02-25","2","25","2031"
"418996","2031-02-26","2","26","2031"
"418997","2031-02-27","2","27","2031"
"418998","2031-02-28","2","28","2031"
"419071","2031-03-01","3","1","2031"
"419072","2031-03-02","3","2","2031"
"419073","2031-03-03","3","3","2031"
"419074","2031-03-04","3","4","2031"
"419075","2031-03-05","3","5","2031"
"419076","2031-03-06","3","6","2031"
"419077","2031-03-07","3","7","2031"
"419078","2031-03-08","3","8","2031"
"419079","2031-03-09","3","9","2031"
"419080","2031-03-10","3","10","2031"
"419081","2031-03-11","3","11","2031"
"419082","2031-03-12","3","12","2031"
"419083","2031-03-13","3","13","2031"
"419084","2031-03-14","3","14","2031"
"419085","2031-03-15","3","15","2031"
"419086","2031-03-16","3","16","2031"
"419087","2031-03-17","3","17","2031"
"419088","2031-03-18","3","18","2031"
"419089","2031-03-19","3","19","2031"
"419090","2031-03-20","3","20","2031"
"419091","2031-03-21","3","21","2031"
"419092","2031-03-22","3","22","2031"
"419093","2031-03-23","3","23","2031"
"419094","2031-03-24","3","24","2031"
"419095","2031-03-25","3","25","2031"
"419096","2031-03-26","3","26","2031"
"419097","2031-03-27","3","27","2031"
"419098","2031-03-28","3","28","2031"
"419099","2031-03-29","3","29","2031"
"419100","2031-03-30","3","30","2031"
"419101","2031-03-31","3","31","2031"
"419171","2031-04-01","4","1","2031"
"419172","2031-04-02","4","2","2031"
"419173","2031-04-03","4","3","2031"
"419174","2031-04-04","4","4","2031"
"419175","2031-04-05","4","5","2031"
"419176","2031-04-06","4","6","2031"
"419177","2031-04-07","4","7","2031"
"419178","2031-04-08","4","8","2031"
"419179","2031-04-09","4","9","2031"
"419180","2031-04-10","4","10","2031"
"419181","2031-04-11","4","11","2031"
"419182","2031-04-12","4","12","2031"
"419183","2031-04-13","4","13","2031"
"419184","2031-04-14","4","14","2031"
"419185","2031-04-15","4","15","2031"
"419186","2031-04-16","4","16","2031"
"419187","2031-04-17","4","17","2031"
"419188","2031-04-18","4","18","2031"
"419189","2031-04-19","4","19","2031"
"419190","2031-04-20","4","20","2031"
"419191","2031-04-21","4","21","2031"
"419192","2031-04-22","4","22","2031"
"419193","2031-04-23","4","23","2031"
"419194","2031-04-24","4","24","2031"
"419195","2031-04-25","4","25","2031"
"419196","2031-04-26","4","26","2031"
"419197","2031-04-27","4","27","2031"
"419198","2031-04-28","4","28","2031"
"419199","2031-04-29","4","29","2031"
"419200","2031-04-30","4","30","2031"
"419271","2031-05-01","5","1","2031"
"419272","2031-05-02","5","2","2031"
"419273","2031-05-03","5","3","2031"
"419274","2031-05-04","5","4","2031"
"419275","2031-05-05","5","5","2031"
"419276","2031-05-06","5","6","2031"
"419277","2031-05-07","5","7","2031"
"419278","2031-05-08","5","8","2031"
"419279","2031-05-09","5","9","2031"
"419280","2031-05-10","5","10","2031"
"419281","2031-05-11","5","11","2031"
"419282","2031-05-12","5","12","2031"
"419283","2031-05-13","5","13","2031"
"419284","2031-05-14","5","14","2031"
"419285","2031-05-15","5","15","2031"
"419286","2031-05-16","5","16","2031"
"419287","2031-05-17","5","17","2031"
"419288","2031-05-18","5","18","2031"
"419289","2031-05-19","5","19","2031"
"419290","2031-05-20","5","20","2031"
"419291","2031-05-21","5","21","2031"
"419292","2031-05-22","5","22","2031"
"419293","2031-05-23","5","23","2031"
"419294","2031-05-24","5","24","2031"
"419295","2031-05-25","5","25","2031"
"419296","2031-05-26","5","26","2031"
"419297","2031-05-27","5","27","2031"
"419298","2031-05-28","5","28","2031"
"419299","2031-05-29","5","29","2031"
"419300","2031-05-30","5","30","2031"
"419301","2031-05-31","5","31","2031"
"419371","2031-06-01","6","1","2031"
"419372","2031-06-02","6","2","2031"
"419373","2031-06-03","6","3","2031"
"419374","2031-06-04","6","4","2031"
"419375","2031-06-05","6","5","2031"
"419376","2031-06-06","6","6","2031"
"419377","2031-06-07","6","7","2031"
"419378","2031-06-08","6","8","2031"
"419379","2031-06-09","6","9","2031"
"419380","2031-06-10","6","10","2031"
"419381","2031-06-11","6","11","2031"
"419382","2031-06-12","6","12","2031"
"419383","2031-06-13","6","13","2031"
"419384","2031-06-14","6","14","2031"
"419385","2031-06-15","6","15","2031"
"419386","2031-06-16","6","16","2031"
"419387","2031-06-17","6","17","2031"
"419388","2031-06-18","6","18","2031"
"419389","2031-06-19","6","19","2031"
"419390","2031-06-20","6","20","2031"
"419391","2031-06-21","6","21","2031"
"419392","2031-06-22","6","22","2031"
"419393","2031-06-23","6","23","2031"
"419394","2031-06-24","6","24","2031"
"419395","2031-06-25","6","25","2031"
"419396","2031-06-26","6","26","2031"
"419397","2031-06-27","6","27","2031"
"419398","2031-06-28","6","28","2031"
"419399","2031-06-29","6","29","2031"
"419400","2031-06-30","6","30","2031"
"419471","2031-07-01","7","1","2031"
"419472","2031-07-02","7","2","2031"
"419473","2031-07-03","7","3","2031"
"419474","2031-07-04","7","4","2031"
"419475","2031-07-05","7","5","2031"
"419476","2031-07-06","7","6","2031"
"419477","2031-07-07","7","7","2031"
"419478","2031-07-08","7","8","2031"
"419479","2031-07-09","7","9","2031"
"419480","2031-07-10","7","10","2031"
"419481","2031-07-11","7","11","2031"
"419482","2031-07-12","7","12","2031"
"419483","2031-07-13","7","13","2031"
"419484","2031-07-14","7","14","2031"
"419485","2031-07-15","7","15","2031"
"419486","2031-07-16","7","16","2031"
"419487","2031-07-17","7","17","2031"
"419488","2031-07-18","7","18","2031"
"419489","2031-07-19","7","19","2031"
"419490","2031-07-20","7","20","2031"
"419491","2031-07-21","7","21","2031"
"419492","2031-07-22","7","22","2031"
"419493","2031-07-23","7","23","2031"
"419494","2031-07-24","7","24","2031"
"419495","2031-07-25","7","25","2031"
"419496","2031-07-26","7","26","2031"
"419497","2031-07-27","7","27","2031"
"419498","2031-07-28","7","28","2031"
"419499","2031-07-29","7","29","2031"
"419500","2031-07-30","7","30","2031"
"419501","2031-07-31","7","31","2031"
"419571","2031-08-01","8","1","2031"
"419572","2031-08-02","8","2","2031"
"419573","2031-08-03","8","3","2031"
"419574","2031-08-04","8","4","2031"
"419575","2031-08-05","8","5","2031"
"419576","2031-08-06","8","6","2031"
"419577","2031-08-07","8","7","2031"
"419578","2031-08-08","8","8","2031"
"419579","2031-08-09","8","9","2031"
"419580","2031-08-10","8","10","2031"
"419581","2031-08-11","8","11","2031"
"419582","2031-08-12","8","12","2031"
"419583","2031-08-13","8","13","2031"
"419584","2031-08-14","8","14","2031"
"419585","2031-08-15","8","15","2031"
"419586","2031-08-16","8","16","2031"
"419587","2031-08-17","8","17","2031"
"419588","2031-08-18","8","18","2031"
"419589","2031-08-19","8","19","2031"
"419590","2031-08-20","8","20","2031"
"419591","2031-08-21","8","21","2031"
"419592","2031-08-22","8","22","2031"
"419593","2031-08-23","8","23","2031"
"419594","2031-08-24","8","24","2031"
"419595","2031-08-25","8","25","2031"
"419596","2031-08-26","8","26","2031"
"419597","2031-08-27","8","27","2031"
"419598","2031-08-28","8","28","2031"
"419599","2031-08-29","8","29","2031"
"419600","2031-08-30","8","30","2031"
"419601","2031-08-31","8","31","2031"
"419671","2031-09-01","9","1","2031"
"419672","2031-09-02","9","2","2031"
"419673","2031-09-03","9","3","2031"
"419674","2031-09-04","9","4","2031"
"419675","2031-09-05","9","5","2031"
"419676","2031-09-06","9","6","2031"
"419677","2031-09-07","9","7","2031"
"419678","2031-09-08","9","8","2031"
"419679","2031-09-09","9","9","2031"
"419680","2031-09-10","9","10","2031"
"419681","2031-09-11","9","11","2031"
"419682","2031-09-12","9","12","2031"
"419683","2031-09-13","9","13","2031"
"419684","2031-09-14","9","14","2031"
"419685","2031-09-15","9","15","2031"
"419686","2031-09-16","9","16","2031"
"419687","2031-09-17","9","17","2031"
"419688","2031-09-18","9","18","2031"
"419689","2031-09-19","9","19","2031"
"419690","2031-09-20","9","20","2031"
"419691","2031-09-21","9","21","2031"
"419692","2031-09-22","9","22","2031"
"419693","2031-09-23","9","23","2031"
"419694","2031-09-24","9","24","2031"
"419695","2031-09-25","9","25","2031"
"419696","2031-09-26","9","26","2031"
"419697","2031-09-27","9","27","2031"
"419698","2031-09-28","9","28","2031"
"419699","2031-09-29","9","29","2031"
"419700","2031-09-30","9","30","2031"
"419771","2031-10-01","10","1","2031"
"419772","2031-10-02","10","2","2031"
"419773","2031-10-03","10","3","2031"
"419774","2031-10-04","10","4","2031"
"419775","2031-10-05","10","5","2031"
"419776","2031-10-06","10","6","2031"
"419777","2031-10-07","10","7","2031"
"419778","2031-10-08","10","8","2031"
"419779","2031-10-09","10","9","2031"
"419780","2031-10-10","10","10","2031"
"419781","2031-10-11","10","11","2031"
"419782","2031-10-12","10","12","2031"
"419783","2031-10-13","10","13","2031"
"419784","2031-10-14","10","14","2031"
"419785","2031-10-15","10","15","2031"
"419786","2031-10-16","10","16","2031"
"419787","2031-10-17","10","17","2031"
"419788","2031-10-18","10","18","2031"
"419789","2031-10-19","10","19","2031"
"419790","2031-10-20","10","20","2031"
"419791","2031-10-21","10","21","2031"
"419792","2031-10-22","10","22","2031"
"419793","2031-10-23","10","23","2031"
"419794","2031-10-24","10","24","2031"
"419795","2031-10-25","10","25","2031"
"419796","2031-10-26","10","26","2031"
"419797","2031-10-27","10","27","2031"
"419798","2031-10-28","10","28","2031"
"419799","2031-10-29","10","29","2031"
"419800","2031-10-30","10","30","2031"
"419801","2031-10-31","10","31","2031"
"419871","2031-11-01","11","1","2031"
"419872","2031-11-02","11","2","2031"
"419873","2031-11-03","11","3","2031"
"419874","2031-11-04","11","4","2031"
"419875","2031-11-05","11","5","2031"
"419876","2031-11-06","11","6","2031"
"419877","2031-11-07","11","7","2031"
"419878","2031-11-08","11","8","2031"
"419879","2031-11-09","11","9","2031"
"419880","2031-11-10","11","10","2031"
"419881","2031-11-11","11","11","2031"
"419882","2031-11-12","11","12","2031"
"419883","2031-11-13","11","13","2031"
"419884","2031-11-14","11","14","2031"
"419885","2031-11-15","11","15","2031"
"419886","2031-11-16","11","16","2031"
"419887","2031-11-17","11","17","2031"
"419888","2031-11-18","11","18","2031"
"419889","2031-11-19","11","19","2031"
"419890","2031-11-20","11","20","2031"
"419891","2031-11-21","11","21","2031"
"419892","2031-11-22","11","22","2031"
"419893","2031-11-23","11","23","2031"
"419894","2031-11-24","11","24","2031"
"419895","2031-11-25","11","25","2031"
"419896","2031-11-26","11","26","2031"
"419897","2031-11-27","11","27","2031"
"419898","2031-11-28","11","28","2031"
"419899","2031-11-29","11","29","2031"
"419900","2031-11-30","11","30","2031"
"419971","2031-12-01","12","1","2031"
"419972","2031-12-02","12","2","2031"
"419973","2031-12-03","12","3","2031"
"419974","2031-12-04","12","4","2031"
"419975","2031-12-05","12","5","2031"
"419976","2031-12-06","12","6","2031"
"419977","2031-12-07","12","7","2031"
"419978","2031-12-08","12","8","2031"
"419979","2031-12-09","12","9","2031"
"419980","2031-12-10","12","10","2031"
"419981","2031-12-11","12","11","2031"
"419982","2031-12-12","12","12","2031"
"419983","2031-12-13","12","13","2031"
"419984","2031-12-14","12","14","2031"
"419985","2031-12-15","12","15","2031"
"419986","2031-12-16","12","16","2031"
"419987","2031-12-17","12","17","2031"
"419988","2031-12-18","12","18","2031"
"419989","2031-12-19","12","19","2031"
"419990","2031-12-20","12","20","2031"
"419991","2031-12-21","12","21","2031"
"419992","2031-12-22","12","22","2031"
"419993","2031-12-23","12","23","2031"
"419994","2031-12-24","12","24","2031"
"419995","2031-12-25","12","25","2031"
"419996","2031-12-26","12","26","2031"
"419997","2031-12-27","12","27","2031"
"419998","2031-12-28","12","28","2031"
"419999","2031-12-29","12","29","2031"
"420000","2031-12-30","12","30","2031"
"420001","2031-12-31","12","31","2031"
"428871","2032-01-01","1","1","2032"
"428872","2032-01-02","1","2","2032"
"428873","2032-01-03","1","3","2032"
"428874","2032-01-04","1","4","2032"
"428875","2032-01-05","1","5","2032"
"428876","2032-01-06","1","6","2032"
"428877","2032-01-07","1","7","2032"
"428878","2032-01-08","1","8","2032"
"428879","2032-01-09","1","9","2032"
"428880","2032-01-10","1","10","2032"
"428881","2032-01-11","1","11","2032"
"428882","2032-01-12","1","12","2032"
"428883","2032-01-13","1","13","2032"
"428884","2032-01-14","1","14","2032"
"428885","2032-01-15","1","15","2032"
"428886","2032-01-16","1","16","2032"
"428887","2032-01-17","1","17","2032"
"428888","2032-01-18","1","18","2032"
"428889","2032-01-19","1","19","2032"
"428890","2032-01-20","1","20","2032"
"428891","2032-01-21","1","21","2032"
"428892","2032-01-22","1","22","2032"
"428893","2032-01-23","1","23","2032"
"428894","2032-01-24","1","24","2032"
"428895","2032-01-25","1","25","2032"
"428896","2032-01-26","1","26","2032"
"428897","2032-01-27","1","27","2032"
"428898","2032-01-28","1","28","2032"
"428899","2032-01-29","1","29","2032"
"428900","2032-01-30","1","30","2032"
"428901","2032-01-31","1","31","2032"
"428971","2032-02-01","2","1","2032"
"428972","2032-02-02","2","2","2032"
"428973","2032-02-03","2","3","2032"
"428974","2032-02-04","2","4","2032"
"428975","2032-02-05","2","5","2032"
"428976","2032-02-06","2","6","2032"
"428977","2032-02-07","2","7","2032"
"428978","2032-02-08","2","8","2032"
"428979","2032-02-09","2","9","2032"
"428980","2032-02-10","2","10","2032"
"428981","2032-02-11","2","11","2032"
"428982","2032-02-12","2","12","2032"
"428983","2032-02-13","2","13","2032"
"428984","2032-02-14","2","14","2032"
"428985","2032-02-15","2","15","2032"
"428986","2032-02-16","2","16","2032"
"428987","2032-02-17","2","17","2032"
"428988","2032-02-18","2","18","2032"
"428989","2032-02-19","2","19","2032"
"428990","2032-02-20","2","20","2032"
"428991","2032-02-21","2","21","2032"
"428992","2032-02-22","2","22","2032"
"428993","2032-02-23","2","23","2032"
"428994","2032-02-24","2","24","2032"
"428995","2032-02-25","2","25","2032"
"428996","2032-02-26","2","26","2032"
"428997","2032-02-27","2","27","2032"
"428998","2032-02-28","2","28","2032"
"428999","2032-02-29","2","29","2032"
"429071","2032-03-01","3","1","2032"
"429072","2032-03-02","3","2","2032"
"429073","2032-03-03","3","3","2032"
"429074","2032-03-04","3","4","2032"
"429075","2032-03-05","3","5","2032"
"429076","2032-03-06","3","6","2032"
"429077","2032-03-07","3","7","2032"
"429078","2032-03-08","3","8","2032"
"429079","2032-03-09","3","9","2032"
"429080","2032-03-10","3","10","2032"
"429081","2032-03-11","3","11","2032"
"429082","2032-03-12","3","12","2032"
"429083","2032-03-13","3","13","2032"
"429084","2032-03-14","3","14","2032"
"429085","2032-03-15","3","15","2032"
"429086","2032-03-16","3","16","2032"
"429087","2032-03-17","3","17","2032"
"429088","2032-03-18","3","18","2032"
"429089","2032-03-19","3","19","2032"
"429090","2032-03-20","3","20","2032"
"429091","2032-03-21","3","21","2032"
"429092","2032-03-22","3","22","2032"
"429093","2032-03-23","3","23","2032"
"429094","2032-03-24","3","24","2032"
"429095","2032-03-25","3","25","2032"
"429096","2032-03-26","3","26","2032"
"429097","2032-03-27","3","27","2032"
"429098","2032-03-28","3","28","2032"
"429099","2032-03-29","3","29","2032"
"429100","2032-03-30","3","30","2032"
"429101","2032-03-31","3","31","2032"
"429171","2032-04-01","4","1","2032"
"429172","2032-04-02","4","2","2032"
"429173","2032-04-03","4","3","2032"
"429174","2032-04-04","4","4","2032"
"429175","2032-04-05","4","5","2032"
"429176","2032-04-06","4","6","2032"
"429177","2032-04-07","4","7","2032"
"429178","2032-04-08","4","8","2032"
"429179","2032-04-09","4","9","2032"
"429180","2032-04-10","4","10","2032"
"429181","2032-04-11","4","11","2032"
"429182","2032-04-12","4","12","2032"
"429183","2032-04-13","4","13","2032"
"429184","2032-04-14","4","14","2032"
"429185","2032-04-15","4","15","2032"
"429186","2032-04-16","4","16","2032"
"429187","2032-04-17","4","17","2032"
"429188","2032-04-18","4","18","2032"
"429189","2032-04-19","4","19","2032"
"429190","2032-04-20","4","20","2032"
"429191","2032-04-21","4","21","2032"
"429192","2032-04-22","4","22","2032"
"429193","2032-04-23","4","23","2032"
"429194","2032-04-24","4","24","2032"
"429195","2032-04-25","4","25","2032"
"429196","2032-04-26","4","26","2032"
"429197","2032-04-27","4","27","2032"
"429198","2032-04-28","4","28","2032"
"429199","2032-04-29","4","29","2032"
"429200","2032-04-30","4","30","2032"
"429271","2032-05-01","5","1","2032"
"429272","2032-05-02","5","2","2032"
"429273","2032-05-03","5","3","2032"
"429274","2032-05-04","5","4","2032"
"429275","2032-05-05","5","5","2032"
"429276","2032-05-06","5","6","2032"
"429277","2032-05-07","5","7","2032"
"429278","2032-05-08","5","8","2032"
"429279","2032-05-09","5","9","2032"
"429280","2032-05-10","5","10","2032"
"429281","2032-05-11","5","11","2032"
"429282","2032-05-12","5","12","2032"
"429283","2032-05-13","5","13","2032"
"429284","2032-05-14","5","14","2032"
"429285","2032-05-15","5","15","2032"
"429286","2032-05-16","5","16","2032"
"429287","2032-05-17","5","17","2032"
"429288","2032-05-18","5","18","2032"
"429289","2032-05-19","5","19","2032"
"429290","2032-05-20","5","20","2032"
"429291","2032-05-21","5","21","2032"
"429292","2032-05-22","5","22","2032"
"429293","2032-05-23","5","23","2032"
"429294","2032-05-24","5","24","2032"
"429295","2032-05-25","5","25","2032"
"429296","2032-05-26","5","26","2032"
"429297","2032-05-27","5","27","2032"
"429298","2032-05-28","5","28","2032"
"429299","2032-05-29","5","29","2032"
"429300","2032-05-30","5","30","2032"
"429301","2032-05-31","5","31","2032"
"429371","2032-06-01","6","1","2032"
"429372","2032-06-02","6","2","2032"
"429373","2032-06-03","6","3","2032"
"429374","2032-06-04","6","4","2032"
"429375","2032-06-05","6","5","2032"
"429376","2032-06-06","6","6","2032"
"429377","2032-06-07","6","7","2032"
"429378","2032-06-08","6","8","2032"
"429379","2032-06-09","6","9","2032"
"429380","2032-06-10","6","10","2032"
"429381","2032-06-11","6","11","2032"
"429382","2032-06-12","6","12","2032"
"429383","2032-06-13","6","13","2032"
"429384","2032-06-14","6","14","2032"
"429385","2032-06-15","6","15","2032"
"429386","2032-06-16","6","16","2032"
"429387","2032-06-17","6","17","2032"
"429388","2032-06-18","6","18","2032"
"429389","2032-06-19","6","19","2032"
"429390","2032-06-20","6","20","2032"
"429391","2032-06-21","6","21","2032"
"429392","2032-06-22","6","22","2032"
"429393","2032-06-23","6","23","2032"
"429394","2032-06-24","6","24","2032"
"429395","2032-06-25","6","25","2032"
"429396","2032-06-26","6","26","2032"
"429397","2032-06-27","6","27","2032"
"429398","2032-06-28","6","28","2032"
"429399","2032-06-29","6","29","2032"
"429400","2032-06-30","6","30","2032"
"429471","2032-07-01","7","1","2032"
"429472","2032-07-02","7","2","2032"
"429473","2032-07-03","7","3","2032"
"429474","2032-07-04","7","4","2032"
"429475","2032-07-05","7","5","2032"
"429476","2032-07-06","7","6","2032"
"429477","2032-07-07","7","7","2032"
"429478","2032-07-08","7","8","2032"
"429479","2032-07-09","7","9","2032"
"429480","2032-07-10","7","10","2032"
"429481","2032-07-11","7","11","2032"
"429482","2032-07-12","7","12","2032"
"429483","2032-07-13","7","13","2032"
"429484","2032-07-14","7","14","2032"
"429485","2032-07-15","7","15","2032"
"429486","2032-07-16","7","16","2032"
"429487","2032-07-17","7","17","2032"
"429488","2032-07-18","7","18","2032"
"429489","2032-07-19","7","19","2032"
"429490","2032-07-20","7","20","2032"
"429491","2032-07-21","7","21","2032"
"429492","2032-07-22","7","22","2032"
"429493","2032-07-23","7","23","2032"
"429494","2032-07-24","7","24","2032"
"429495","2032-07-25","7","25","2032"
"429496","2032-07-26","7","26","2032"
"429497","2032-07-27","7","27","2032"
"429498","2032-07-28","7","28","2032"
"429499","2032-07-29","7","29","2032"
"429500","2032-07-30","7","30","2032"
"429501","2032-07-31","7","31","2032"
"429571","2032-08-01","8","1","2032"
"429572","2032-08-02","8","2","2032"
"429573","2032-08-03","8","3","2032"
"429574","2032-08-04","8","4","2032"
"429575","2032-08-05","8","5","2032"
"429576","2032-08-06","8","6","2032"
"429577","2032-08-07","8","7","2032"
"429578","2032-08-08","8","8","2032"
"429579","2032-08-09","8","9","2032"
"429580","2032-08-10","8","10","2032"
"429581","2032-08-11","8","11","2032"
"429582","2032-08-12","8","12","2032"
"429583","2032-08-13","8","13","2032"
"429584","2032-08-14","8","14","2032"
"429585","2032-08-15","8","15","2032"
"429586","2032-08-16","8","16","2032"
"429587","2032-08-17","8","17","2032"
"429588","2032-08-18","8","18","2032"
"429589","2032-08-19","8","19","2032"
"429590","2032-08-20","8","20","2032"
"429591","2032-08-21","8","21","2032"
"429592","2032-08-22","8","22","2032"
"429593","2032-08-23","8","23","2032"
"429594","2032-08-24","8","24","2032"
"429595","2032-08-25","8","25","2032"
"429596","2032-08-26","8","26","2032"
"429597","2032-08-27","8","27","2032"
"429598","2032-08-28","8","28","2032"
"429599","2032-08-29","8","29","2032"
"429600","2032-08-30","8","30","2032"
"429601","2032-08-31","8","31","2032"
"429671","2032-09-01","9","1","2032"
"429672","2032-09-02","9","2","2032"
"429673","2032-09-03","9","3","2032"
"429674","2032-09-04","9","4","2032"
"429675","2032-09-05","9","5","2032"
"429676","2032-09-06","9","6","2032"
"429677","2032-09-07","9","7","2032"
"429678","2032-09-08","9","8","2032"
"429679","2032-09-09","9","9","2032"
"429680","2032-09-10","9","10","2032"
"429681","2032-09-11","9","11","2032"
"429682","2032-09-12","9","12","2032"
"429683","2032-09-13","9","13","2032"
"429684","2032-09-14","9","14","2032"
"429685","2032-09-15","9","15","2032"
"429686","2032-09-16","9","16","2032"
"429687","2032-09-17","9","17","2032"
"429688","2032-09-18","9","18","2032"
"429689","2032-09-19","9","19","2032"
"429690","2032-09-20","9","20","2032"
"429691","2032-09-21","9","21","2032"
"429692","2032-09-22","9","22","2032"
"429693","2032-09-23","9","23","2032"
"429694","2032-09-24","9","24","2032"
"429695","2032-09-25","9","25","2032"
"429696","2032-09-26","9","26","2032"
"429697","2032-09-27","9","27","2032"
"429698","2032-09-28","9","28","2032"
"429699","2032-09-29","9","29","2032"
"429700","2032-09-30","9","30","2032"
"429771","2032-10-01","10","1","2032"
"429772","2032-10-02","10","2","2032"
"429773","2032-10-03","10","3","2032"
"429774","2032-10-04","10","4","2032"
"429775","2032-10-05","10","5","2032"
"429776","2032-10-06","10","6","2032"
"429777","2032-10-07","10","7","2032"
"429778","2032-10-08","10","8","2032"
"429779","2032-10-09","10","9","2032"
"429780","2032-10-10","10","10","2032"
"429781","2032-10-11","10","11","2032"
"429782","2032-10-12","10","12","2032"
"429783","2032-10-13","10","13","2032"
"429784","2032-10-14","10","14","2032"
"429785","2032-10-15","10","15","2032"
"429786","2032-10-16","10","16","2032"
"429787","2032-10-17","10","17","2032"
"429788","2032-10-18","10","18","2032"
"429789","2032-10-19","10","19","2032"
"429790","2032-10-20","10","20","2032"
"429791","2032-10-21","10","21","2032"
"429792","2032-10-22","10","22","2032"
"429793","2032-10-23","10","23","2032"
"429794","2032-10-24","10","24","2032"
"429795","2032-10-25","10","25","2032"
"429796","2032-10-26","10","26","2032"
"429797","2032-10-27","10","27","2032"
"429798","2032-10-28","10","28","2032"
"429799","2032-10-29","10","29","2032"
"429800","2032-10-30","10","30","2032"
"429801","2032-10-31","10","31","2032"
"429871","2032-11-01","11","1","2032"
"429872","2032-11-02","11","2","2032"
"429873","2032-11-03","11","3","2032"
"429874","2032-11-04","11","4","2032"
"429875","2032-11-05","11","5","2032"
"429876","2032-11-06","11","6","2032"
"429877","2032-11-07","11","7","2032"
"429878","2032-11-08","11","8","2032"
"429879","2032-11-09","11","9","2032"
"429880","2032-11-10","11","10","2032"
"429881","2032-11-11","11","11","2032"
"429882","2032-11-12","11","12","2032"
"429883","2032-11-13","11","13","2032"
"429884","2032-11-14","11","14","2032"
"429885","2032-11-15","11","15","2032"
"429886","2032-11-16","11","16","2032"
"429887","2032-11-17","11","17","2032"
"429888","2032-11-18","11","18","2032"
"429889","2032-11-19","11","19","2032"
"429890","2032-11-20","11","20","2032"
"429891","2032-11-21","11","21","2032"
"429892","2032-11-22","11","22","2032"
"429893","2032-11-23","11","23","2032"
"429894","2032-11-24","11","24","2032"
"429895","2032-11-25","11","25","2032"
"429896","2032-11-26","11","26","2032"
"429897","2032-11-27","11","27","2032"
"429898","2032-11-28","11","28","2032"
"429899","2032-11-29","11","29","2032"
"429900","2032-11-30","11","30","2032"
"429971","2032-12-01","12","1","2032"
"429972","2032-12-02","12","2","2032"
"429973","2032-12-03","12","3","2032"
"429974","2032-12-04","12","4","2032"
"429975","2032-12-05","12","5","2032"
"429976","2032-12-06","12","6","2032"
"429977","2032-12-07","12","7","2032"
"429978","2032-12-08","12","8","2032"
"429979","2032-12-09","12","9","2032"
"429980","2032-12-10","12","10","2032"
"429981","2032-12-11","12","11","2032"
"429982","2032-12-12","12","12","2032"
"429983","2032-12-13","12","13","2032"
"429984","2032-12-14","12","14","2032"
"429985","2032-12-15","12","15","2032"
"429986","2032-12-16","12","16","2032"
"429987","2032-12-17","12","17","2032"
"429988","2032-12-18","12","18","2032"
"429989","2032-12-19","12","19","2032"
"429990","2032-12-20","12","20","2032"
"429991","2032-12-21","12","21","2032"
"429992","2032-12-22","12","22","2032"
"429993","2032-12-23","12","23","2032"
"429994","2032-12-24","12","24","2032"
"429995","2032-12-25","12","25","2032"
"429996","2032-12-26","12","26","2032"
"429997","2032-12-27","12","27","2032"
"429998","2032-12-28","12","28","2032"
"429999","2032-12-29","12","29","2032"
"430000","2032-12-30","12","30","2032"
"430001","2032-12-31","12","31","2032"
"438871","2033-01-01","1","1","2033"
"438872","2033-01-02","1","2","2033"
"438873","2033-01-03","1","3","2033"
"438874","2033-01-04","1","4","2033"
"438875","2033-01-05","1","5","2033"
"438876","2033-01-06","1","6","2033"
"438877","2033-01-07","1","7","2033"
"438878","2033-01-08","1","8","2033"
"438879","2033-01-09","1","9","2033"
"438880","2033-01-10","1","10","2033"
"438881","2033-01-11","1","11","2033"
"438882","2033-01-12","1","12","2033"
"438883","2033-01-13","1","13","2033"
"438884","2033-01-14","1","14","2033"
"438885","2033-01-15","1","15","2033"
"438886","2033-01-16","1","16","2033"
"438887","2033-01-17","1","17","2033"
"438888","2033-01-18","1","18","2033"
"438889","2033-01-19","1","19","2033"
"438890","2033-01-20","1","20","2033"
"438891","2033-01-21","1","21","2033"
"438892","2033-01-22","1","22","2033"
"438893","2033-01-23","1","23","2033"
"438894","2033-01-24","1","24","2033"
"438895","2033-01-25","1","25","2033"
"438896","2033-01-26","1","26","2033"
"438897","2033-01-27","1","27","2033"
"438898","2033-01-28","1","28","2033"
"438899","2033-01-29","1","29","2033"
"438900","2033-01-30","1","30","2033"
"438901","2033-01-31","1","31","2033"
"438971","2033-02-01","2","1","2033"
"438972","2033-02-02","2","2","2033"
"438973","2033-02-03","2","3","2033"
"438974","2033-02-04","2","4","2033"
"438975","2033-02-05","2","5","2033"
"438976","2033-02-06","2","6","2033"
"438977","2033-02-07","2","7","2033"
"438978","2033-02-08","2","8","2033"
"438979","2033-02-09","2","9","2033"
"438980","2033-02-10","2","10","2033"
"438981","2033-02-11","2","11","2033"
"438982","2033-02-12","2","12","2033"
"438983","2033-02-13","2","13","2033"
"438984","2033-02-14","2","14","2033"
"438985","2033-02-15","2","15","2033"
"438986","2033-02-16","2","16","2033"
"438987","2033-02-17","2","17","2033"
"438988","2033-02-18","2","18","2033"
"438989","2033-02-19","2","19","2033"
"438990","2033-02-20","2","20","2033"
"438991","2033-02-21","2","21","2033"
"438992","2033-02-22","2","22","2033"
"438993","2033-02-23","2","23","2033"
"438994","2033-02-24","2","24","2033"
"438995","2033-02-25","2","25","2033"
"438996","2033-02-26","2","26","2033"
"438997","2033-02-27","2","27","2033"
"438998","2033-02-28","2","28","2033"
"439071","2033-03-01","3","1","2033"
"439072","2033-03-02","3","2","2033"
"439073","2033-03-03","3","3","2033"
"439074","2033-03-04","3","4","2033"
"439075","2033-03-05","3","5","2033"
"439076","2033-03-06","3","6","2033"
"439077","2033-03-07","3","7","2033"
"439078","2033-03-08","3","8","2033"
"439079","2033-03-09","3","9","2033"
"439080","2033-03-10","3","10","2033"
"439081","2033-03-11","3","11","2033"
"439082","2033-03-12","3","12","2033"
"439083","2033-03-13","3","13","2033"
"439084","2033-03-14","3","14","2033"
"439085","2033-03-15","3","15","2033"
"439086","2033-03-16","3","16","2033"
"439087","2033-03-17","3","17","2033"
"439088","2033-03-18","3","18","2033"
"439089","2033-03-19","3","19","2033"
"439090","2033-03-20","3","20","2033"
"439091","2033-03-21","3","21","2033"
"439092","2033-03-22","3","22","2033"
"439093","2033-03-23","3","23","2033"
"439094","2033-03-24","3","24","2033"
"439095","2033-03-25","3","25","2033"
"439096","2033-03-26","3","26","2033"
"439097","2033-03-27","3","27","2033"
"439098","2033-03-28","3","28","2033"
"439099","2033-03-29","3","29","2033"
"439100","2033-03-30","3","30","2033"
"439101","2033-03-31","3","31","2033"
"439171","2033-04-01","4","1","2033"
"439172","2033-04-02","4","2","2033"
"439173","2033-04-03","4","3","2033"
"439174","2033-04-04","4","4","2033"
"439175","2033-04-05","4","5","2033"
"439176","2033-04-06","4","6","2033"
"439177","2033-04-07","4","7","2033"
"439178","2033-04-08","4","8","2033"
"439179","2033-04-09","4","9","2033"
"439180","2033-04-10","4","10","2033"
"439181","2033-04-11","4","11","2033"
"439182","2033-04-12","4","12","2033"
"439183","2033-04-13","4","13","2033"
"439184","2033-04-14","4","14","2033"
"439185","2033-04-15","4","15","2033"
"439186","2033-04-16","4","16","2033"
"439187","2033-04-17","4","17","2033"
"439188","2033-04-18","4","18","2033"
"439189","2033-04-19","4","19","2033"
"439190","2033-04-20","4","20","2033"
"439191","2033-04-21","4","21","2033"
"439192","2033-04-22","4","22","2033"
"439193","2033-04-23","4","23","2033"
"439194","2033-04-24","4","24","2033"
"439195","2033-04-25","4","25","2033"
"439196","2033-04-26","4","26","2033"
"439197","2033-04-27","4","27","2033"
"439198","2033-04-28","4","28","2033"
"439199","2033-04-29","4","29","2033"
"439200","2033-04-30","4","30","2033"
"439271","2033-05-01","5","1","2033"
"439272","2033-05-02","5","2","2033"
"439273","2033-05-03","5","3","2033"
"439274","2033-05-04","5","4","2033"
"439275","2033-05-05","5","5","2033"
"439276","2033-05-06","5","6","2033"
"439277","2033-05-07","5","7","2033"
"439278","2033-05-08","5","8","2033"
"439279","2033-05-09","5","9","2033"
"439280","2033-05-10","5","10","2033"
"439281","2033-05-11","5","11","2033"
"439282","2033-05-12","5","12","2033"
"439283","2033-05-13","5","13","2033"
"439284","2033-05-14","5","14","2033"
"439285","2033-05-15","5","15","2033"
"439286","2033-05-16","5","16","2033"
"439287","2033-05-17","5","17","2033"
"439288","2033-05-18","5","18","2033"
"439289","2033-05-19","5","19","2033"
"439290","2033-05-20","5","20","2033"
"439291","2033-05-21","5","21","2033"
"439292","2033-05-22","5","22","2033"
"439293","2033-05-23","5","23","2033"
"439294","2033-05-24","5","24","2033"
"439295","2033-05-25","5","25","2033"
"439296","2033-05-26","5","26","2033"
"439297","2033-05-27","5","27","2033"
"439298","2033-05-28","5","28","2033"
"439299","2033-05-29","5","29","2033"
"439300","2033-05-30","5","30","2033"
"439301","2033-05-31","5","31","2033"
"439371","2033-06-01","6","1","2033"
"439372","2033-06-02","6","2","2033"
"439373","2033-06-03","6","3","2033"
"439374","2033-06-04","6","4","2033"
"439375","2033-06-05","6","5","2033"
"439376","2033-06-06","6","6","2033"
"439377","2033-06-07","6","7","2033"
"439378","2033-06-08","6","8","2033"
"439379","2033-06-09","6","9","2033"
"439380","2033-06-10","6","10","2033"
"439381","2033-06-11","6","11","2033"
"439382","2033-06-12","6","12","2033"
"439383","2033-06-13","6","13","2033"
"439384","2033-06-14","6","14","2033"
"439385","2033-06-15","6","15","2033"
"439386","2033-06-16","6","16","2033"
"439387","2033-06-17","6","17","2033"
"439388","2033-06-18","6","18","2033"
"439389","2033-06-19","6","19","2033"
"439390","2033-06-20","6","20","2033"
"439391","2033-06-21","6","21","2033"
"439392","2033-06-22","6","22","2033"
"439393","2033-06-23","6","23","2033"
"439394","2033-06-24","6","24","2033"
"439395","2033-06-25","6","25","2033"
"439396","2033-06-26","6","26","2033"
"439397","2033-06-27","6","27","2033"
"439398","2033-06-28","6","28","2033"
"439399","2033-06-29","6","29","2033"
"439400","2033-06-30","6","30","2033"
"439471","2033-07-01","7","1","2033"
"439472","2033-07-02","7","2","2033"
"439473","2033-07-03","7","3","2033"
"439474","2033-07-04","7","4","2033"
"439475","2033-07-05","7","5","2033"
"439476","2033-07-06","7","6","2033"
"439477","2033-07-07","7","7","2033"
"439478","2033-07-08","7","8","2033"
"439479","2033-07-09","7","9","2033"
"439480","2033-07-10","7","10","2033"
"439481","2033-07-11","7","11","2033"
"439482","2033-07-12","7","12","2033"
"439483","2033-07-13","7","13","2033"
"439484","2033-07-14","7","14","2033"
"439485","2033-07-15","7","15","2033"
"439486","2033-07-16","7","16","2033"
"439487","2033-07-17","7","17","2033"
"439488","2033-07-18","7","18","2033"
"439489","2033-07-19","7","19","2033"
"439490","2033-07-20","7","20","2033"
"439491","2033-07-21","7","21","2033"
"439492","2033-07-22","7","22","2033"
"439493","2033-07-23","7","23","2033"
"439494","2033-07-24","7","24","2033"
"439495","2033-07-25","7","25","2033"
"439496","2033-07-26","7","26","2033"
"439497","2033-07-27","7","27","2033"
"439498","2033-07-28","7","28","2033"
"439499","2033-07-29","7","29","2033"
"439500","2033-07-30","7","30","2033"
"439501","2033-07-31","7","31","2033"
"439571","2033-08-01","8","1","2033"
"439572","2033-08-02","8","2","2033"
"439573","2033-08-03","8","3","2033"
"439574","2033-08-04","8","4","2033"
"439575","2033-08-05","8","5","2033"
"439576","2033-08-06","8","6","2033"
"439577","2033-08-07","8","7","2033"
"439578","2033-08-08","8","8","2033"
"439579","2033-08-09","8","9","2033"
"439580","2033-08-10","8","10","2033"
"439581","2033-08-11","8","11","2033"
"439582","2033-08-12","8","12","2033"
"439583","2033-08-13","8","13","2033"
"439584","2033-08-14","8","14","2033"
"439585","2033-08-15","8","15","2033"
"439586","2033-08-16","8","16","2033"
"439587","2033-08-17","8","17","2033"
"439588","2033-08-18","8","18","2033"
"439589","2033-08-19","8","19","2033"
"439590","2033-08-20","8","20","2033"
"439591","2033-08-21","8","21","2033"
"439592","2033-08-22","8","22","2033"
"439593","2033-08-23","8","23","2033"
"439594","2033-08-24","8","24","2033"
"439595","2033-08-25","8","25","2033"
"439596","2033-08-26","8","26","2033"
"439597","2033-08-27","8","27","2033"
"439598","2033-08-28","8","28","2033"
"439599","2033-08-29","8","29","2033"
"439600","2033-08-30","8","30","2033"
"439601","2033-08-31","8","31","2033"
"439671","2033-09-01","9","1","2033"
"439672","2033-09-02","9","2","2033"
"439673","2033-09-03","9","3","2033"
"439674","2033-09-04","9","4","2033"
"439675","2033-09-05","9","5","2033"
"439676","2033-09-06","9","6","2033"
"439677","2033-09-07","9","7","2033"
"439678","2033-09-08","9","8","2033"
"439679","2033-09-09","9","9","2033"
"439680","2033-09-10","9","10","2033"
"439681","2033-09-11","9","11","2033"
"439682","2033-09-12","9","12","2033"
"439683","2033-09-13","9","13","2033"
"439684","2033-09-14","9","14","2033"
"439685","2033-09-15","9","15","2033"
"439686","2033-09-16","9","16","2033"
"439687","2033-09-17","9","17","2033"
"439688","2033-09-18","9","18","2033"
"439689","2033-09-19","9","19","2033"
"439690","2033-09-20","9","20","2033"
"439691","2033-09-21","9","21","2033"
"439692","2033-09-22","9","22","2033"
"439693","2033-09-23","9","23","2033"
"439694","2033-09-24","9","24","2033"
"439695","2033-09-25","9","25","2033"
"439696","2033-09-26","9","26","2033"
"439697","2033-09-27","9","27","2033"
"439698","2033-09-28","9","28","2033"
"439699","2033-09-29","9","29","2033"
"439700","2033-09-30","9","30","2033"
"439771","2033-10-01","10","1","2033"
"439772","2033-10-02","10","2","2033"
"439773","2033-10-03","10","3","2033"
"439774","2033-10-04","10","4","2033"
"439775","2033-10-05","10","5","2033"
"439776","2033-10-06","10","6","2033"
"439777","2033-10-07","10","7","2033"
"439778","2033-10-08","10","8","2033"
"439779","2033-10-09","10","9","2033"
"439780","2033-10-10","10","10","2033"
"439781","2033-10-11","10","11","2033"
"439782","2033-10-12","10","12","2033"
"439783","2033-10-13","10","13","2033"
"439784","2033-10-14","10","14","2033"
"439785","2033-10-15","10","15","2033"
"439786","2033-10-16","10","16","2033"
"439787","2033-10-17","10","17","2033"
"439788","2033-10-18","10","18","2033"
"439789","2033-10-19","10","19","2033"
"439790","2033-10-20","10","20","2033"
"439791","2033-10-21","10","21","2033"
"439792","2033-10-22","10","22","2033"
"439793","2033-10-23","10","23","2033"
"439794","2033-10-24","10","24","2033"
"439795","2033-10-25","10","25","2033"
"439796","2033-10-26","10","26","2033"
"439797","2033-10-27","10","27","2033"
"439798","2033-10-28","10","28","2033"
"439799","2033-10-29","10","29","2033"
"439800","2033-10-30","10","30","2033"
"439801","2033-10-31","10","31","2033"
"439871","2033-11-01","11","1","2033"
"439872","2033-11-02","11","2","2033"
"439873","2033-11-03","11","3","2033"
"439874","2033-11-04","11","4","2033"
"439875","2033-11-05","11","5","2033"
"439876","2033-11-06","11","6","2033"
"439877","2033-11-07","11","7","2033"
"439878","2033-11-08","11","8","2033"
"439879","2033-11-09","11","9","2033"
"439880","2033-11-10","11","10","2033"
"439881","2033-11-11","11","11","2033"
"439882","2033-11-12","11","12","2033"
"439883","2033-11-13","11","13","2033"
"439884","2033-11-14","11","14","2033"
"439885","2033-11-15","11","15","2033"
"439886","2033-11-16","11","16","2033"
"439887","2033-11-17","11","17","2033"
"439888","2033-11-18","11","18","2033"
"439889","2033-11-19","11","19","2033"
"439890","2033-11-20","11","20","2033"
"439891","2033-11-21","11","21","2033"
"439892","2033-11-22","11","22","2033"
"439893","2033-11-23","11","23","2033"
"439894","2033-11-24","11","24","2033"
"439895","2033-11-25","11","25","2033"
"439896","2033-11-26","11","26","2033"
"439897","2033-11-27","11","27","2033"
"439898","2033-11-28","11","28","2033"
"439899","2033-11-29","11","29","2033"
"439900","2033-11-30","11","30","2033"
"439971","2033-12-01","12","1","2033"
"439972","2033-12-02","12","2","2033"
"439973","2033-12-03","12","3","2033"
"439974","2033-12-04","12","4","2033"
"439975","2033-12-05","12","5","2033"
"439976","2033-12-06","12","6","2033"
"439977","2033-12-07","12","7","2033"
"439978","2033-12-08","12","8","2033"
"439979","2033-12-09","12","9","2033"
"439980","2033-12-10","12","10","2033"
"439981","2033-12-11","12","11","2033"
"439982","2033-12-12","12","12","2033"
"439983","2033-12-13","12","13","2033"
"439984","2033-12-14","12","14","2033"
"439985","2033-12-15","12","15","2033"
"439986","2033-12-16","12","16","2033"
"439987","2033-12-17","12","17","2033"
"439988","2033-12-18","12","18","2033"
"439989","2033-12-19","12","19","2033"
"439990","2033-12-20","12","20","2033"
"439991","2033-12-21","12","21","2033"
"439992","2033-12-22","12","22","2033"
"439993","2033-12-23","12","23","2033"
"439994","2033-12-24","12","24","2033"
"439995","2033-12-25","12","25","2033"
"439996","2033-12-26","12","26","2033"
"439997","2033-12-27","12","27","2033"
"439998","2033-12-28","12","28","2033"
"439999","2033-12-29","12","29","2033"
"440000","2033-12-30","12","30","2033"
"440001","2033-12-31","12","31","2033"
"448871","2034-01-01","1","1","2034"
"448872","2034-01-02","1","2","2034"
"448873","2034-01-03","1","3","2034"
"448874","2034-01-04","1","4","2034"
"448875","2034-01-05","1","5","2034"
"448876","2034-01-06","1","6","2034"
"448877","2034-01-07","1","7","2034"
"448878","2034-01-08","1","8","2034"
"448879","2034-01-09","1","9","2034"
"448880","2034-01-10","1","10","2034"
"448881","2034-01-11","1","11","2034"
"448882","2034-01-12","1","12","2034"
"448883","2034-01-13","1","13","2034"
"448884","2034-01-14","1","14","2034"
"448885","2034-01-15","1","15","2034"
"448886","2034-01-16","1","16","2034"
"448887","2034-01-17","1","17","2034"
"448888","2034-01-18","1","18","2034"
"448889","2034-01-19","1","19","2034"
"448890","2034-01-20","1","20","2034"
"448891","2034-01-21","1","21","2034"
"448892","2034-01-22","1","22","2034"
"448893","2034-01-23","1","23","2034"
"448894","2034-01-24","1","24","2034"
"448895","2034-01-25","1","25","2034"
"448896","2034-01-26","1","26","2034"
"448897","2034-01-27","1","27","2034"
"448898","2034-01-28","1","28","2034"
"448899","2034-01-29","1","29","2034"
"448900","2034-01-30","1","30","2034"
"448901","2034-01-31","1","31","2034"
"448971","2034-02-01","2","1","2034"
"448972","2034-02-02","2","2","2034"
"448973","2034-02-03","2","3","2034"
"448974","2034-02-04","2","4","2034"
"448975","2034-02-05","2","5","2034"
"448976","2034-02-06","2","6","2034"
"448977","2034-02-07","2","7","2034"
"448978","2034-02-08","2","8","2034"
"448979","2034-02-09","2","9","2034"
"448980","2034-02-10","2","10","2034"
"448981","2034-02-11","2","11","2034"
"448982","2034-02-12","2","12","2034"
"448983","2034-02-13","2","13","2034"
"448984","2034-02-14","2","14","2034"
"448985","2034-02-15","2","15","2034"
"448986","2034-02-16","2","16","2034"
"448987","2034-02-17","2","17","2034"
"448988","2034-02-18","2","18","2034"
"448989","2034-02-19","2","19","2034"
"448990","2034-02-20","2","20","2034"
"448991","2034-02-21","2","21","2034"
"448992","2034-02-22","2","22","2034"
"448993","2034-02-23","2","23","2034"
"448994","2034-02-24","2","24","2034"
"448995","2034-02-25","2","25","2034"
"448996","2034-02-26","2","26","2034"
"448997","2034-02-27","2","27","2034"
"448998","2034-02-28","2","28","2034"
"449071","2034-03-01","3","1","2034"
"449072","2034-03-02","3","2","2034"
"449073","2034-03-03","3","3","2034"
"449074","2034-03-04","3","4","2034"
"449075","2034-03-05","3","5","2034"
"449076","2034-03-06","3","6","2034"
"449077","2034-03-07","3","7","2034"
"449078","2034-03-08","3","8","2034"
"449079","2034-03-09","3","9","2034"
"449080","2034-03-10","3","10","2034"
"449081","2034-03-11","3","11","2034"
"449082","2034-03-12","3","12","2034"
"449083","2034-03-13","3","13","2034"
"449084","2034-03-14","3","14","2034"
"449085","2034-03-15","3","15","2034"
"449086","2034-03-16","3","16","2034"
"449087","2034-03-17","3","17","2034"
"449088","2034-03-18","3","18","2034"
"449089","2034-03-19","3","19","2034"
"449090","2034-03-20","3","20","2034"
"449091","2034-03-21","3","21","2034"
"449092","2034-03-22","3","22","2034"
"449093","2034-03-23","3","23","2034"
"449094","2034-03-24","3","24","2034"
"449095","2034-03-25","3","25","2034"
"449096","2034-03-26","3","26","2034"
"449097","2034-03-27","3","27","2034"
"449098","2034-03-28","3","28","2034"
"449099","2034-03-29","3","29","2034"
"449100","2034-03-30","3","30","2034"
"449101","2034-03-31","3","31","2034"
"449171","2034-04-01","4","1","2034"
"449172","2034-04-02","4","2","2034"
"449173","2034-04-03","4","3","2034"
"449174","2034-04-04","4","4","2034"
"449175","2034-04-05","4","5","2034"
"449176","2034-04-06","4","6","2034"
"449177","2034-04-07","4","7","2034"
"449178","2034-04-08","4","8","2034"
"449179","2034-04-09","4","9","2034"
"449180","2034-04-10","4","10","2034"
"449181","2034-04-11","4","11","2034"
"449182","2034-04-12","4","12","2034"
"449183","2034-04-13","4","13","2034"
"449184","2034-04-14","4","14","2034"
"449185","2034-04-15","4","15","2034"
"449186","2034-04-16","4","16","2034"
"449187","2034-04-17","4","17","2034"
"449188","2034-04-18","4","18","2034"
"449189","2034-04-19","4","19","2034"
"449190","2034-04-20","4","20","2034"
"449191","2034-04-21","4","21","2034"
"449192","2034-04-22","4","22","2034"
"449193","2034-04-23","4","23","2034"
"449194","2034-04-24","4","24","2034"
"449195","2034-04-25","4","25","2034"
"449196","2034-04-26","4","26","2034"
"449197","2034-04-27","4","27","2034"
"449198","2034-04-28","4","28","2034"
"449199","2034-04-29","4","29","2034"
"449200","2034-04-30","4","30","2034"
"449271","2034-05-01","5","1","2034"
"449272","2034-05-02","5","2","2034"
"449273","2034-05-03","5","3","2034"
"449274","2034-05-04","5","4","2034"
"449275","2034-05-05","5","5","2034"
"449276","2034-05-06","5","6","2034"
"449277","2034-05-07","5","7","2034"
"449278","2034-05-08","5","8","2034"
"449279","2034-05-09","5","9","2034"
"449280","2034-05-10","5","10","2034"
"449281","2034-05-11","5","11","2034"
"449282","2034-05-12","5","12","2034"
"449283","2034-05-13","5","13","2034"
"449284","2034-05-14","5","14","2034"
"449285","2034-05-15","5","15","2034"
"449286","2034-05-16","5","16","2034"
"449287","2034-05-17","5","17","2034"
"449288","2034-05-18","5","18","2034"
"449289","2034-05-19","5","19","2034"
"449290","2034-05-20","5","20","2034"
"449291","2034-05-21","5","21","2034"
"449292","2034-05-22","5","22","2034"
"449293","2034-05-23","5","23","2034"
"449294","2034-05-24","5","24","2034"
"449295","2034-05-25","5","25","2034"
"449296","2034-05-26","5","26","2034"
"449297","2034-05-27","5","27","2034"
"449298","2034-05-28","5","28","2034"
"449299","2034-05-29","5","29","2034"
"449300","2034-05-30","5","30","2034"
"449301","2034-05-31","5","31","2034"
"449371","2034-06-01","6","1","2034"
"449372","2034-06-02","6","2","2034"
"449373","2034-06-03","6","3","2034"
"449374","2034-06-04","6","4","2034"
"449375","2034-06-05","6","5","2034"
"449376","2034-06-06","6","6","2034"
"449377","2034-06-07","6","7","2034"
"449378","2034-06-08","6","8","2034"
"449379","2034-06-09","6","9","2034"
"449380","2034-06-10","6","10","2034"
"449381","2034-06-11","6","11","2034"
"449382","2034-06-12","6","12","2034"
"449383","2034-06-13","6","13","2034"
"449384","2034-06-14","6","14","2034"
"449385","2034-06-15","6","15","2034"
"449386","2034-06-16","6","16","2034"
"449387","2034-06-17","6","17","2034"
"449388","2034-06-18","6","18","2034"
"449389","2034-06-19","6","19","2034"
"449390","2034-06-20","6","20","2034"
"449391","2034-06-21","6","21","2034"
"449392","2034-06-22","6","22","2034"
"449393","2034-06-23","6","23","2034"
"449394","2034-06-24","6","24","2034"
"449395","2034-06-25","6","25","2034"
"449396","2034-06-26","6","26","2034"
"449397","2034-06-27","6","27","2034"
"449398","2034-06-28","6","28","2034"
"449399","2034-06-29","6","29","2034"
"449400","2034-06-30","6","30","2034"
"449471","2034-07-01","7","1","2034"
"449472","2034-07-02","7","2","2034"
"449473","2034-07-03","7","3","2034"
"449474","2034-07-04","7","4","2034"
"449475","2034-07-05","7","5","2034"
"449476","2034-07-06","7","6","2034"
"449477","2034-07-07","7","7","2034"
"449478","2034-07-08","7","8","2034"
"449479","2034-07-09","7","9","2034"
"449480","2034-07-10","7","10","2034"
"449481","2034-07-11","7","11","2034"
"449482","2034-07-12","7","12","2034"
"449483","2034-07-13","7","13","2034"
"449484","2034-07-14","7","14","2034"
"449485","2034-07-15","7","15","2034"
"449486","2034-07-16","7","16","2034"
"449487","2034-07-17","7","17","2034"
"449488","2034-07-18","7","18","2034"
"449489","2034-07-19","7","19","2034"
"449490","2034-07-20","7","20","2034"
"449491","2034-07-21","7","21","2034"
"449492","2034-07-22","7","22","2034"
"449493","2034-07-23","7","23","2034"
"449494","2034-07-24","7","24","2034"
"449495","2034-07-25","7","25","2034"
"449496","2034-07-26","7","26","2034"
"449497","2034-07-27","7","27","2034"
"449498","2034-07-28","7","28","2034"
"449499","2034-07-29","7","29","2034"
"449500","2034-07-30","7","30","2034"
"449501","2034-07-31","7","31","2034"
"449571","2034-08-01","8","1","2034"
"449572","2034-08-02","8","2","2034"
"449573","2034-08-03","8","3","2034"
"449574","2034-08-04","8","4","2034"
"449575","2034-08-05","8","5","2034"
"449576","2034-08-06","8","6","2034"
"449577","2034-08-07","8","7","2034"
"449578","2034-08-08","8","8","2034"
"449579","2034-08-09","8","9","2034"
"449580","2034-08-10","8","10","2034"
"449581","2034-08-11","8","11","2034"
"449582","2034-08-12","8","12","2034"
"449583","2034-08-13","8","13","2034"
"449584","2034-08-14","8","14","2034"
"449585","2034-08-15","8","15","2034"
"449586","2034-08-16","8","16","2034"
"449587","2034-08-17","8","17","2034"
"449588","2034-08-18","8","18","2034"
"449589","2034-08-19","8","19","2034"
"449590","2034-08-20","8","20","2034"
"449591","2034-08-21","8","21","2034"
"449592","2034-08-22","8","22","2034"
"449593","2034-08-23","8","23","2034"
"449594","2034-08-24","8","24","2034"
"449595","2034-08-25","8","25","2034"
"449596","2034-08-26","8","26","2034"
"449597","2034-08-27","8","27","2034"
"449598","2034-08-28","8","28","2034"
"449599","2034-08-29","8","29","2034"
"449600","2034-08-30","8","30","2034"
"449601","2034-08-31","8","31","2034"
"449671","2034-09-01","9","1","2034"
"449672","2034-09-02","9","2","2034"
"449673","2034-09-03","9","3","2034"
"449674","2034-09-04","9","4","2034"
"449675","2034-09-05","9","5","2034"
"449676","2034-09-06","9","6","2034"
"449677","2034-09-07","9","7","2034"
"449678","2034-09-08","9","8","2034"
"449679","2034-09-09","9","9","2034"
"449680","2034-09-10","9","10","2034"
"449681","2034-09-11","9","11","2034"
"449682","2034-09-12","9","12","2034"
"449683","2034-09-13","9","13","2034"
"449684","2034-09-14","9","14","2034"
"449685","2034-09-15","9","15","2034"
"449686","2034-09-16","9","16","2034"
"449687","2034-09-17","9","17","2034"
"449688","2034-09-18","9","18","2034"
"449689","2034-09-19","9","19","2034"
"449690","2034-09-20","9","20","2034"
"449691","2034-09-21","9","21","2034"
"449692","2034-09-22","9","22","2034"
"449693","2034-09-23","9","23","2034"
"449694","2034-09-24","9","24","2034"
"449695","2034-09-25","9","25","2034"
"449696","2034-09-26","9","26","2034"
"449697","2034-09-27","9","27","2034"
"449698","2034-09-28","9","28","2034"
"449699","2034-09-29","9","29","2034"
"449700","2034-09-30","9","30","2034"
"449771","2034-10-01","10","1","2034"
"449772","2034-10-02","10","2","2034"
"449773","2034-10-03","10","3","2034"
"449774","2034-10-04","10","4","2034"
"449775","2034-10-05","10","5","2034"
"449776","2034-10-06","10","6","2034"
"449777","2034-10-07","10","7","2034"
"449778","2034-10-08","10","8","2034"
"449779","2034-10-09","10","9","2034"
"449780","2034-10-10","10","10","2034"
"449781","2034-10-11","10","11","2034"
"449782","2034-10-12","10","12","2034"
"449783","2034-10-13","10","13","2034"
"449784","2034-10-14","10","14","2034"
"449785","2034-10-15","10","15","2034"
"449786","2034-10-16","10","16","2034"
"449787","2034-10-17","10","17","2034"
"449788","2034-10-18","10","18","2034"
"449789","2034-10-19","10","19","2034"
"449790","2034-10-20","10","20","2034"
"449791","2034-10-21","10","21","2034"
"449792","2034-10-22","10","22","2034"
"449793","2034-10-23","10","23","2034"
"449794","2034-10-24","10","24","2034"
"449795","2034-10-25","10","25","2034"
"449796","2034-10-26","10","26","2034"
"449797","2034-10-27","10","27","2034"
"449798","2034-10-28","10","28","2034"
"449799","2034-10-29","10","29","2034"
"449800","2034-10-30","10","30","2034"
"449801","2034-10-31","10","31","2034"
"449871","2034-11-01","11","1","2034"
"449872","2034-11-02","11","2","2034"
"449873","2034-11-03","11","3","2034"
"449874","2034-11-04","11","4","2034"
"449875","2034-11-05","11","5","2034"
"449876","2034-11-06","11","6","2034"
"449877","2034-11-07","11","7","2034"
"449878","2034-11-08","11","8","2034"
"449879","2034-11-09","11","9","2034"
"449880","2034-11-10","11","10","2034"
"449881","2034-11-11","11","11","2034"
"449882","2034-11-12","11","12","2034"
"449883","2034-11-13","11","13","2034"
"449884","2034-11-14","11","14","2034"
"449885","2034-11-15","11","15","2034"
"449886","2034-11-16","11","16","2034"
"449887","2034-11-17","11","17","2034"
"449888","2034-11-18","11","18","2034"
"449889","2034-11-19","11","19","2034"
"449890","2034-11-20","11","20","2034"
"449891","2034-11-21","11","21","2034"
"449892","2034-11-22","11","22","2034"
"449893","2034-11-23","11","23","2034"
"449894","2034-11-24","11","24","2034"
"449895","2034-11-25","11","25","2034"
"449896","2034-11-26","11","26","2034"
"449897","2034-11-27","11","27","2034"
"449898","2034-11-28","11","28","2034"
"449899","2034-11-29","11","29","2034"
"449900","2034-11-30","11","30","2034"
"449971","2034-12-01","12","1","2034"
"449972","2034-12-02","12","2","2034"
"449973","2034-12-03","12","3","2034"
"449974","2034-12-04","12","4","2034"
"449975","2034-12-05","12","5","2034"
"449976","2034-12-06","12","6","2034"
"449977","2034-12-07","12","7","2034"
"449978","2034-12-08","12","8","2034"
"449979","2034-12-09","12","9","2034"
"449980","2034-12-10","12","10","2034"
"449981","2034-12-11","12","11","2034"
"449982","2034-12-12","12","12","2034"
"449983","2034-12-13","12","13","2034"
"449984","2034-12-14","12","14","2034"
"449985","2034-12-15","12","15","2034"
"449986","2034-12-16","12","16","2034"
"449987","2034-12-17","12","17","2034"
"449988","2034-12-18","12","18","2034"
"449989","2034-12-19","12","19","2034"
"449990","2034-12-20","12","20","2034"
"449991","2034-12-21","12","21","2034"
"449992","2034-12-22","12","22","2034"
"449993","2034-12-23","12","23","2034"
"449994","2034-12-24","12","24","2034"
"449995","2034-12-25","12","25","2034"
"449996","2034-12-26","12","26","2034"
"449997","2034-12-27","12","27","2034"
"449998","2034-12-28","12","28","2034"
"449999","2034-12-29","12","29","2034"
"450000","2034-12-30","12","30","2034"
"450001","2034-12-31","12","31","2034"
"458871","2035-01-01","1","1","2035"
"458872","2035-01-02","1","2","2035"
"458873","2035-01-03","1","3","2035"
"458874","2035-01-04","1","4","2035"
"458875","2035-01-05","1","5","2035"
"458876","2035-01-06","1","6","2035"
"458877","2035-01-07","1","7","2035"
"458878","2035-01-08","1","8","2035"
"458879","2035-01-09","1","9","2035"
"458880","2035-01-10","1","10","2035"
"458881","2035-01-11","1","11","2035"
"458882","2035-01-12","1","12","2035"
"458883","2035-01-13","1","13","2035"
"458884","2035-01-14","1","14","2035"
"458885","2035-01-15","1","15","2035"
"458886","2035-01-16","1","16","2035"
"458887","2035-01-17","1","17","2035"
"458888","2035-01-18","1","18","2035"
"458889","2035-01-19","1","19","2035"
"458890","2035-01-20","1","20","2035"
"458891","2035-01-21","1","21","2035"
"458892","2035-01-22","1","22","2035"
"458893","2035-01-23","1","23","2035"
"458894","2035-01-24","1","24","2035"
"458895","2035-01-25","1","25","2035"
"458896","2035-01-26","1","26","2035"
"458897","2035-01-27","1","27","2035"
"458898","2035-01-28","1","28","2035"
"458899","2035-01-29","1","29","2035"
"458900","2035-01-30","1","30","2035"
"458901","2035-01-31","1","31","2035"
"458971","2035-02-01","2","1","2035"
"458972","2035-02-02","2","2","2035"
"458973","2035-02-03","2","3","2035"
"458974","2035-02-04","2","4","2035"
"458975","2035-02-05","2","5","2035"
"458976","2035-02-06","2","6","2035"
"458977","2035-02-07","2","7","2035"
"458978","2035-02-08","2","8","2035"
"458979","2035-02-09","2","9","2035"
"458980","2035-02-10","2","10","2035"
"458981","2035-02-11","2","11","2035"
"458982","2035-02-12","2","12","2035"
"458983","2035-02-13","2","13","2035"
"458984","2035-02-14","2","14","2035"
"458985","2035-02-15","2","15","2035"
"458986","2035-02-16","2","16","2035"
"458987","2035-02-17","2","17","2035"
"458988","2035-02-18","2","18","2035"
"458989","2035-02-19","2","19","2035"
"458990","2035-02-20","2","20","2035"
"458991","2035-02-21","2","21","2035"
"458992","2035-02-22","2","22","2035"
"458993","2035-02-23","2","23","2035"
"458994","2035-02-24","2","24","2035"
"458995","2035-02-25","2","25","2035"
"458996","2035-02-26","2","26","2035"
"458997","2035-02-27","2","27","2035"
"458998","2035-02-28","2","28","2035"
"459071","2035-03-01","3","1","2035"
"459072","2035-03-02","3","2","2035"
"459073","2035-03-03","3","3","2035"
"459074","2035-03-04","3","4","2035"
"459075","2035-03-05","3","5","2035"
"459076","2035-03-06","3","6","2035"
"459077","2035-03-07","3","7","2035"
"459078","2035-03-08","3","8","2035"
"459079","2035-03-09","3","9","2035"
"459080","2035-03-10","3","10","2035"
"459081","2035-03-11","3","11","2035"
"459082","2035-03-12","3","12","2035"
"459083","2035-03-13","3","13","2035"
"459084","2035-03-14","3","14","2035"
"459085","2035-03-15","3","15","2035"
"459086","2035-03-16","3","16","2035"
"459087","2035-03-17","3","17","2035"
"459088","2035-03-18","3","18","2035"
"459089","2035-03-19","3","19","2035"
"459090","2035-03-20","3","20","2035"
"459091","2035-03-21","3","21","2035"
"459092","2035-03-22","3","22","2035"
"459093","2035-03-23","3","23","2035"
"459094","2035-03-24","3","24","2035"
"459095","2035-03-25","3","25","2035"
"459096","2035-03-26","3","26","2035"
"459097","2035-03-27","3","27","2035"
"459098","2035-03-28","3","28","2035"
"459099","2035-03-29","3","29","2035"
"459100","2035-03-30","3","30","2035"
"459101","2035-03-31","3","31","2035"
"459171","2035-04-01","4","1","2035"
"459172","2035-04-02","4","2","2035"
"459173","2035-04-03","4","3","2035"
"459174","2035-04-04","4","4","2035"
"459175","2035-04-05","4","5","2035"
"459176","2035-04-06","4","6","2035"
"459177","2035-04-07","4","7","2035"
"459178","2035-04-08","4","8","2035"
"459179","2035-04-09","4","9","2035"
"459180","2035-04-10","4","10","2035"
"459181","2035-04-11","4","11","2035"
"459182","2035-04-12","4","12","2035"
"459183","2035-04-13","4","13","2035"
"459184","2035-04-14","4","14","2035"
"459185","2035-04-15","4","15","2035"
"459186","2035-04-16","4","16","2035"
"459187","2035-04-17","4","17","2035"
"459188","2035-04-18","4","18","2035"
"459189","2035-04-19","4","19","2035"
"459190","2035-04-20","4","20","2035"
"459191","2035-04-21","4","21","2035"
"459192","2035-04-22","4","22","2035"
"459193","2035-04-23","4","23","2035"
"459194","2035-04-24","4","24","2035"
"459195","2035-04-25","4","25","2035"
"459196","2035-04-26","4","26","2035"
"459197","2035-04-27","4","27","2035"
"459198","2035-04-28","4","28","2035"
"459199","2035-04-29","4","29","2035"
"459200","2035-04-30","4","30","2035"
"459271","2035-05-01","5","1","2035"
"459272","2035-05-02","5","2","2035"
"459273","2035-05-03","5","3","2035"
"459274","2035-05-04","5","4","2035"
"459275","2035-05-05","5","5","2035"
"459276","2035-05-06","5","6","2035"
"459277","2035-05-07","5","7","2035"
"459278","2035-05-08","5","8","2035"
"459279","2035-05-09","5","9","2035"
"459280","2035-05-10","5","10","2035"
"459281","2035-05-11","5","11","2035"
"459282","2035-05-12","5","12","2035"
"459283","2035-05-13","5","13","2035"
"459284","2035-05-14","5","14","2035"
"459285","2035-05-15","5","15","2035"
"459286","2035-05-16","5","16","2035"
"459287","2035-05-17","5","17","2035"
"459288","2035-05-18","5","18","2035"
"459289","2035-05-19","5","19","2035"
"459290","2035-05-20","5","20","2035"
"459291","2035-05-21","5","21","2035"
"459292","2035-05-22","5","22","2035"
"459293","2035-05-23","5","23","2035"
"459294","2035-05-24","5","24","2035"
"459295","2035-05-25","5","25","2035"
"459296","2035-05-26","5","26","2035"
"459297","2035-05-27","5","27","2035"
"459298","2035-05-28","5","28","2035"
"459299","2035-05-29","5","29","2035"
"459300","2035-05-30","5","30","2035"
"459301","2035-05-31","5","31","2035"
"459371","2035-06-01","6","1","2035"
"459372","2035-06-02","6","2","2035"
"459373","2035-06-03","6","3","2035"
"459374","2035-06-04","6","4","2035"
"459375","2035-06-05","6","5","2035"
"459376","2035-06-06","6","6","2035"
"459377","2035-06-07","6","7","2035"
"459378","2035-06-08","6","8","2035"
"459379","2035-06-09","6","9","2035"
"459380","2035-06-10","6","10","2035"
"459381","2035-06-11","6","11","2035"
"459382","2035-06-12","6","12","2035"
"459383","2035-06-13","6","13","2035"
"459384","2035-06-14","6","14","2035"
"459385","2035-06-15","6","15","2035"
"459386","2035-06-16","6","16","2035"
"459387","2035-06-17","6","17","2035"
"459388","2035-06-18","6","18","2035"
"459389","2035-06-19","6","19","2035"
"459390","2035-06-20","6","20","2035"
"459391","2035-06-21","6","21","2035"
"459392","2035-06-22","6","22","2035"
"459393","2035-06-23","6","23","2035"
"459394","2035-06-24","6","24","2035"
"459395","2035-06-25","6","25","2035"
"459396","2035-06-26","6","26","2035"
"459397","2035-06-27","6","27","2035"
"459398","2035-06-28","6","28","2035"
"459399","2035-06-29","6","29","2035"
"459400","2035-06-30","6","30","2035"
"459471","2035-07-01","7","1","2035"
"459472","2035-07-02","7","2","2035"
"459473","2035-07-03","7","3","2035"
"459474","2035-07-04","7","4","2035"
"459475","2035-07-05","7","5","2035"
"459476","2035-07-06","7","6","2035"
"459477","2035-07-07","7","7","2035"
"459478","2035-07-08","7","8","2035"
"459479","2035-07-09","7","9","2035"
"459480","2035-07-10","7","10","2035"
"459481","2035-07-11","7","11","2035"
"459482","2035-07-12","7","12","2035"
"459483","2035-07-13","7","13","2035"
"459484","2035-07-14","7","14","2035"
"459485","2035-07-15","7","15","2035"
"459486","2035-07-16","7","16","2035"
"459487","2035-07-17","7","17","2035"
"459488","2035-07-18","7","18","2035"
"459489","2035-07-19","7","19","2035"
"459490","2035-07-20","7","20","2035"
"459491","2035-07-21","7","21","2035"
"459492","2035-07-22","7","22","2035"
"459493","2035-07-23","7","23","2035"
"459494","2035-07-24","7","24","2035"
"459495","2035-07-25","7","25","2035"
"459496","2035-07-26","7","26","2035"
"459497","2035-07-27","7","27","2035"
"459498","2035-07-28","7","28","2035"
"459499","2035-07-29","7","29","2035"
"459500","2035-07-30","7","30","2035"
"459501","2035-07-31","7","31","2035"
"459571","2035-08-01","8","1","2035"
"459572","2035-08-02","8","2","2035"
"459573","2035-08-03","8","3","2035"
"459574","2035-08-04","8","4","2035"
"459575","2035-08-05","8","5","2035"
"459576","2035-08-06","8","6","2035"
"459577","2035-08-07","8","7","2035"
"459578","2035-08-08","8","8","2035"
"459579","2035-08-09","8","9","2035"
"459580","2035-08-10","8","10","2035"
"459581","2035-08-11","8","11","2035"
"459582","2035-08-12","8","12","2035"
"459583","2035-08-13","8","13","2035"
"459584","2035-08-14","8","14","2035"
"459585","2035-08-15","8","15","2035"
"459586","2035-08-16","8","16","2035"
"459587","2035-08-17","8","17","2035"
"459588","2035-08-18","8","18","2035"
"459589","2035-08-19","8","19","2035"
"459590","2035-08-20","8","20","2035"
"459591","2035-08-21","8","21","2035"
"459592","2035-08-22","8","22","2035"
"459593","2035-08-23","8","23","2035"
"459594","2035-08-24","8","24","2035"
"459595","2035-08-25","8","25","2035"
"459596","2035-08-26","8","26","2035"
"459597","2035-08-27","8","27","2035"
"459598","2035-08-28","8","28","2035"
"459599","2035-08-29","8","29","2035"
"459600","2035-08-30","8","30","2035"
"459601","2035-08-31","8","31","2035"
"459671","2035-09-01","9","1","2035"
"459672","2035-09-02","9","2","2035"
"459673","2035-09-03","9","3","2035"
"459674","2035-09-04","9","4","2035"
"459675","2035-09-05","9","5","2035"
"459676","2035-09-06","9","6","2035"
"459677","2035-09-07","9","7","2035"
"459678","2035-09-08","9","8","2035"
"459679","2035-09-09","9","9","2035"
"459680","2035-09-10","9","10","2035"
"459681","2035-09-11","9","11","2035"
"459682","2035-09-12","9","12","2035"
"459683","2035-09-13","9","13","2035"
"459684","2035-09-14","9","14","2035"
"459685","2035-09-15","9","15","2035"
"459686","2035-09-16","9","16","2035"
"459687","2035-09-17","9","17","2035"
"459688","2035-09-18","9","18","2035"
"459689","2035-09-19","9","19","2035"
"459690","2035-09-20","9","20","2035"
"459691","2035-09-21","9","21","2035"
"459692","2035-09-22","9","22","2035"
"459693","2035-09-23","9","23","2035"
"459694","2035-09-24","9","24","2035"
"459695","2035-09-25","9","25","2035"
"459696","2035-09-26","9","26","2035"
"459697","2035-09-27","9","27","2035"
"459698","2035-09-28","9","28","2035"
"459699","2035-09-29","9","29","2035"
"459700","2035-09-30","9","30","2035"
"459771","2035-10-01","10","1","2035"
"459772","2035-10-02","10","2","2035"
"459773","2035-10-03","10","3","2035"
"459774","2035-10-04","10","4","2035"
"459775","2035-10-05","10","5","2035"
"459776","2035-10-06","10","6","2035"
"459777","2035-10-07","10","7","2035"
"459778","2035-10-08","10","8","2035"
"459779","2035-10-09","10","9","2035"
"459780","2035-10-10","10","10","2035"
"459781","2035-10-11","10","11","2035"
"459782","2035-10-12","10","12","2035"
"459783","2035-10-13","10","13","2035"
"459784","2035-10-14","10","14","2035"
"459785","2035-10-15","10","15","2035"
"459786","2035-10-16","10","16","2035"
"459787","2035-10-17","10","17","2035"
"459788","2035-10-18","10","18","2035"
"459789","2035-10-19","10","19","2035"
"459790","2035-10-20","10","20","2035"
"459791","2035-10-21","10","21","2035"
"459792","2035-10-22","10","22","2035"
"459793","2035-10-23","10","23","2035"
"459794","2035-10-24","10","24","2035"
"459795","2035-10-25","10","25","2035"
"459796","2035-10-26","10","26","2035"
"459797","2035-10-27","10","27","2035"
"459798","2035-10-28","10","28","2035"
"459799","2035-10-29","10","29","2035"
"459800","2035-10-30","10","30","2035"
"459801","2035-10-31","10","31","2035"
"459871","2035-11-01","11","1","2035"
"459872","2035-11-02","11","2","2035"
"459873","2035-11-03","11","3","2035"
"459874","2035-11-04","11","4","2035"
"459875","2035-11-05","11","5","2035"
"459876","2035-11-06","11","6","2035"
"459877","2035-11-07","11","7","2035"
"459878","2035-11-08","11","8","2035"
"459879","2035-11-09","11","9","2035"
"459880","2035-11-10","11","10","2035"
"459881","2035-11-11","11","11","2035"
"459882","2035-11-12","11","12","2035"
"459883","2035-11-13","11","13","2035"
"459884","2035-11-14","11","14","2035"
"459885","2035-11-15","11","15","2035"
"459886","2035-11-16","11","16","2035"
"459887","2035-11-17","11","17","2035"
"459888","2035-11-18","11","18","2035"
"459889","2035-11-19","11","19","2035"
"459890","2035-11-20","11","20","2035"
"459891","2035-11-21","11","21","2035"
"459892","2035-11-22","11","22","2035"
"459893","2035-11-23","11","23","2035"
"459894","2035-11-24","11","24","2035"
"459895","2035-11-25","11","25","2035"
"459896","2035-11-26","11","26","2035"
"459897","2035-11-27","11","27","2035"
"459898","2035-11-28","11","28","2035"
"459899","2035-11-29","11","29","2035"
"459900","2035-11-30","11","30","2035"
"459971","2035-12-01","12","1","2035"
"459972","2035-12-02","12","2","2035"
"459973","2035-12-03","12","3","2035"
"459974","2035-12-04","12","4","2035"
"459975","2035-12-05","12","5","2035"
"459976","2035-12-06","12","6","2035"
"459977","2035-12-07","12","7","2035"
"459978","2035-12-08","12","8","2035"
"459979","2035-12-09","12","9","2035"
"459980","2035-12-10","12","10","2035"
"459981","2035-12-11","12","11","2035"
"459982","2035-12-12","12","12","2035"
"459983","2035-12-13","12","13","2035"
"459984","2035-12-14","12","14","2035"
"459985","2035-12-15","12","15","2035"
"459986","2035-12-16","12","16","2035"
"459987","2035-12-17","12","17","2035"
"459988","2035-12-18","12","18","2035"
"459989","2035-12-19","12","19","2035"
"459990","2035-12-20","12","20","2035"
"459991","2035-12-21","12","21","2035"
"459992","2035-12-22","12","22","2035"
"459993","2035-12-23","12","23","2035"
"459994","2035-12-24","12","24","2035"
"459995","2035-12-25","12","25","2035"
"459996","2035-12-26","12","26","2035"
"459997","2035-12-27","12","27","2035"
"459998","2035-12-28","12","28","2035"
"459999","2035-12-29","12","29","2035"
"460000","2035-12-30","12","30","2035"
"460001","2035-12-31","12","31","2035"
"468871","2036-01-01","1","1","2036"
"468872","2036-01-02","1","2","2036"
"468873","2036-01-03","1","3","2036"
"468874","2036-01-04","1","4","2036"
"468875","2036-01-05","1","5","2036"
"468876","2036-01-06","1","6","2036"
"468877","2036-01-07","1","7","2036"
"468878","2036-01-08","1","8","2036"
"468879","2036-01-09","1","9","2036"
"468880","2036-01-10","1","10","2036"
"468881","2036-01-11","1","11","2036"
"468882","2036-01-12","1","12","2036"
"468883","2036-01-13","1","13","2036"
"468884","2036-01-14","1","14","2036"
"468885","2036-01-15","1","15","2036"
"468886","2036-01-16","1","16","2036"
"468887","2036-01-17","1","17","2036"
"468888","2036-01-18","1","18","2036"
"468889","2036-01-19","1","19","2036"
"468890","2036-01-20","1","20","2036"
"468891","2036-01-21","1","21","2036"
"468892","2036-01-22","1","22","2036"
"468893","2036-01-23","1","23","2036"
"468894","2036-01-24","1","24","2036"
"468895","2036-01-25","1","25","2036"
"468896","2036-01-26","1","26","2036"
"468897","2036-01-27","1","27","2036"
"468898","2036-01-28","1","28","2036"
"468899","2036-01-29","1","29","2036"
"468900","2036-01-30","1","30","2036"
"468901","2036-01-31","1","31","2036"
"468971","2036-02-01","2","1","2036"
"468972","2036-02-02","2","2","2036"
"468973","2036-02-03","2","3","2036"
"468974","2036-02-04","2","4","2036"
"468975","2036-02-05","2","5","2036"
"468976","2036-02-06","2","6","2036"
"468977","2036-02-07","2","7","2036"
"468978","2036-02-08","2","8","2036"
"468979","2036-02-09","2","9","2036"
"468980","2036-02-10","2","10","2036"
"468981","2036-02-11","2","11","2036"
"468982","2036-02-12","2","12","2036"
"468983","2036-02-13","2","13","2036"
"468984","2036-02-14","2","14","2036"
"468985","2036-02-15","2","15","2036"
"468986","2036-02-16","2","16","2036"
"468987","2036-02-17","2","17","2036"
"468988","2036-02-18","2","18","2036"
"468989","2036-02-19","2","19","2036"
"468990","2036-02-20","2","20","2036"
"468991","2036-02-21","2","21","2036"
"468992","2036-02-22","2","22","2036"
"468993","2036-02-23","2","23","2036"
"468994","2036-02-24","2","24","2036"
"468995","2036-02-25","2","25","2036"
"468996","2036-02-26","2","26","2036"
"468997","2036-02-27","2","27","2036"
"468998","2036-02-28","2","28","2036"
"468999","2036-02-29","2","29","2036"
"469071","2036-03-01","3","1","2036"
"469072","2036-03-02","3","2","2036"
"469073","2036-03-03","3","3","2036"
"469074","2036-03-04","3","4","2036"
"469075","2036-03-05","3","5","2036"
"469076","2036-03-06","3","6","2036"
"469077","2036-03-07","3","7","2036"
"469078","2036-03-08","3","8","2036"
"469079","2036-03-09","3","9","2036"
"469080","2036-03-10","3","10","2036"
"469081","2036-03-11","3","11","2036"
"469082","2036-03-12","3","12","2036"
"469083","2036-03-13","3","13","2036"
"469084","2036-03-14","3","14","2036"
"469085","2036-03-15","3","15","2036"
"469086","2036-03-16","3","16","2036"
"469087","2036-03-17","3","17","2036"
"469088","2036-03-18","3","18","2036"
"469089","2036-03-19","3","19","2036"
"469090","2036-03-20","3","20","2036"
"469091","2036-03-21","3","21","2036"
"469092","2036-03-22","3","22","2036"
"469093","2036-03-23","3","23","2036"
"469094","2036-03-24","3","24","2036"
"469095","2036-03-25","3","25","2036"
"469096","2036-03-26","3","26","2036"
"469097","2036-03-27","3","27","2036"
"469098","2036-03-28","3","28","2036"
"469099","2036-03-29","3","29","2036"
"469100","2036-03-30","3","30","2036"
"469101","2036-03-31","3","31","2036"
"469171","2036-04-01","4","1","2036"
"469172","2036-04-02","4","2","2036"
"469173","2036-04-03","4","3","2036"
"469174","2036-04-04","4","4","2036"
"469175","2036-04-05","4","5","2036"
"469176","2036-04-06","4","6","2036"
"469177","2036-04-07","4","7","2036"
"469178","2036-04-08","4","8","2036"
"469179","2036-04-09","4","9","2036"
"469180","2036-04-10","4","10","2036"
"469181","2036-04-11","4","11","2036"
"469182","2036-04-12","4","12","2036"
"469183","2036-04-13","4","13","2036"
"469184","2036-04-14","4","14","2036"
"469185","2036-04-15","4","15","2036"
"469186","2036-04-16","4","16","2036"
"469187","2036-04-17","4","17","2036"
"469188","2036-04-18","4","18","2036"
"469189","2036-04-19","4","19","2036"
"469190","2036-04-20","4","20","2036"
"469191","2036-04-21","4","21","2036"
"469192","2036-04-22","4","22","2036"
"469193","2036-04-23","4","23","2036"
"469194","2036-04-24","4","24","2036"
"469195","2036-04-25","4","25","2036"
"469196","2036-04-26","4","26","2036"
"469197","2036-04-27","4","27","2036"
"469198","2036-04-28","4","28","2036"
"469199","2036-04-29","4","29","2036"
"469200","2036-04-30","4","30","2036"
"469271","2036-05-01","5","1","2036"
"469272","2036-05-02","5","2","2036"
"469273","2036-05-03","5","3","2036"
"469274","2036-05-04","5","4","2036"
"469275","2036-05-05","5","5","2036"
"469276","2036-05-06","5","6","2036"
"469277","2036-05-07","5","7","2036"
"469278","2036-05-08","5","8","2036"
"469279","2036-05-09","5","9","2036"
"469280","2036-05-10","5","10","2036"
"469281","2036-05-11","5","11","2036"
"469282","2036-05-12","5","12","2036"
"469283","2036-05-13","5","13","2036"
"469284","2036-05-14","5","14","2036"
"469285","2036-05-15","5","15","2036"
"469286","2036-05-16","5","16","2036"
"469287","2036-05-17","5","17","2036"
"469288","2036-05-18","5","18","2036"
"469289","2036-05-19","5","19","2036"
"469290","2036-05-20","5","20","2036"
"469291","2036-05-21","5","21","2036"
"469292","2036-05-22","5","22","2036"
"469293","2036-05-23","5","23","2036"
"469294","2036-05-24","5","24","2036"
"469295","2036-05-25","5","25","2036"
"469296","2036-05-26","5","26","2036"
"469297","2036-05-27","5","27","2036"
"469298","2036-05-28","5","28","2036"
"469299","2036-05-29","5","29","2036"
"469300","2036-05-30","5","30","2036"
"469301","2036-05-31","5","31","2036"
"469371","2036-06-01","6","1","2036"
"469372","2036-06-02","6","2","2036"
"469373","2036-06-03","6","3","2036"
"469374","2036-06-04","6","4","2036"
"469375","2036-06-05","6","5","2036"
"469376","2036-06-06","6","6","2036"
"469377","2036-06-07","6","7","2036"
"469378","2036-06-08","6","8","2036"
"469379","2036-06-09","6","9","2036"
"469380","2036-06-10","6","10","2036"
"469381","2036-06-11","6","11","2036"
"469382","2036-06-12","6","12","2036"
"469383","2036-06-13","6","13","2036"
"469384","2036-06-14","6","14","2036"
"469385","2036-06-15","6","15","2036"
"469386","2036-06-16","6","16","2036"
"469387","2036-06-17","6","17","2036"
"469388","2036-06-18","6","18","2036"
"469389","2036-06-19","6","19","2036"
"469390","2036-06-20","6","20","2036"
"469391","2036-06-21","6","21","2036"
"469392","2036-06-22","6","22","2036"
"469393","2036-06-23","6","23","2036"
"469394","2036-06-24","6","24","2036"
"469395","2036-06-25","6","25","2036"
"469396","2036-06-26","6","26","2036"
"469397","2036-06-27","6","27","2036"
"469398","2036-06-28","6","28","2036"
"469399","2036-06-29","6","29","2036"
"469400","2036-06-30","6","30","2036"
"469471","2036-07-01","7","1","2036"
"469472","2036-07-02","7","2","2036"
"469473","2036-07-03","7","3","2036"
"469474","2036-07-04","7","4","2036"
"469475","2036-07-05","7","5","2036"
"469476","2036-07-06","7","6","2036"
"469477","2036-07-07","7","7","2036"
"469478","2036-07-08","7","8","2036"
"469479","2036-07-09","7","9","2036"
"469480","2036-07-10","7","10","2036"
"469481","2036-07-11","7","11","2036"
"469482","2036-07-12","7","12","2036"
"469483","2036-07-13","7","13","2036"
"469484","2036-07-14","7","14","2036"
"469485","2036-07-15","7","15","2036"
"469486","2036-07-16","7","16","2036"
"469487","2036-07-17","7","17","2036"
"469488","2036-07-18","7","18","2036"
"469489","2036-07-19","7","19","2036"
"469490","2036-07-20","7","20","2036"
"469491","2036-07-21","7","21","2036"
"469492","2036-07-22","7","22","2036"
"469493","2036-07-23","7","23","2036"
"469494","2036-07-24","7","24","2036"
"469495","2036-07-25","7","25","2036"
"469496","2036-07-26","7","26","2036"
"469497","2036-07-27","7","27","2036"
"469498","2036-07-28","7","28","2036"
"469499","2036-07-29","7","29","2036"
"469500","2036-07-30","7","30","2036"
"469501","2036-07-31","7","31","2036"
"469571","2036-08-01","8","1","2036"
"469572","2036-08-02","8","2","2036"
"469573","2036-08-03","8","3","2036"
"469574","2036-08-04","8","4","2036"
"469575","2036-08-05","8","5","2036"
"469576","2036-08-06","8","6","2036"
"469577","2036-08-07","8","7","2036"
"469578","2036-08-08","8","8","2036"
"469579","2036-08-09","8","9","2036"
"469580","2036-08-10","8","10","2036"
"469581","2036-08-11","8","11","2036"
"469582","2036-08-12","8","12","2036"
"469583","2036-08-13","8","13","2036"
"469584","2036-08-14","8","14","2036"
"469585","2036-08-15","8","15","2036"
"469586","2036-08-16","8","16","2036"
"469587","2036-08-17","8","17","2036"
"469588","2036-08-18","8","18","2036"
"469589","2036-08-19","8","19","2036"
"469590","2036-08-20","8","20","2036"
"469591","2036-08-21","8","21","2036"
"469592","2036-08-22","8","22","2036"
"469593","2036-08-23","8","23","2036"
"469594","2036-08-24","8","24","2036"
"469595","2036-08-25","8","25","2036"
"469596","2036-08-26","8","26","2036"
"469597","2036-08-27","8","27","2036"
"469598","2036-08-28","8","28","2036"
"469599","2036-08-29","8","29","2036"
"469600","2036-08-30","8","30","2036"
"469601","2036-08-31","8","31","2036"
"469671","2036-09-01","9","1","2036"
"469672","2036-09-02","9","2","2036"
"469673","2036-09-03","9","3","2036"
"469674","2036-09-04","9","4","2036"
"469675","2036-09-05","9","5","2036"
"469676","2036-09-06","9","6","2036"
"469677","2036-09-07","9","7","2036"
"469678","2036-09-08","9","8","2036"
"469679","2036-09-09","9","9","2036"
"469680","2036-09-10","9","10","2036"
"469681","2036-09-11","9","11","2036"
"469682","2036-09-12","9","12","2036"
"469683","2036-09-13","9","13","2036"
"469684","2036-09-14","9","14","2036"
"469685","2036-09-15","9","15","2036"
"469686","2036-09-16","9","16","2036"
"469687","2036-09-17","9","17","2036"
"469688","2036-09-18","9","18","2036"
"469689","2036-09-19","9","19","2036"
"469690","2036-09-20","9","20","2036"
"469691","2036-09-21","9","21","2036"
"469692","2036-09-22","9","22","2036"
"469693","2036-09-23","9","23","2036"
"469694","2036-09-24","9","24","2036"
"469695","2036-09-25","9","25","2036"
"469696","2036-09-26","9","26","2036"
"469697","2036-09-27","9","27","2036"
"469698","2036-09-28","9","28","2036"
"469699","2036-09-29","9","29","2036"
"469700","2036-09-30","9","30","2036"
"469771","2036-10-01","10","1","2036"
"469772","2036-10-02","10","2","2036"
"469773","2036-10-03","10","3","2036"
"469774","2036-10-04","10","4","2036"
"469775","2036-10-05","10","5","2036"
"469776","2036-10-06","10","6","2036"
"469777","2036-10-07","10","7","2036"
"469778","2036-10-08","10","8","2036"
"469779","2036-10-09","10","9","2036"
"469780","2036-10-10","10","10","2036"
"469781","2036-10-11","10","11","2036"
"469782","2036-10-12","10","12","2036"
"469783","2036-10-13","10","13","2036"
"469784","2036-10-14","10","14","2036"
"469785","2036-10-15","10","15","2036"
"469786","2036-10-16","10","16","2036"
"469787","2036-10-17","10","17","2036"
"469788","2036-10-18","10","18","2036"
"469789","2036-10-19","10","19","2036"
"469790","2036-10-20","10","20","2036"
"469791","2036-10-21","10","21","2036"
"469792","2036-10-22","10","22","2036"
"469793","2036-10-23","10","23","2036"
"469794","2036-10-24","10","24","2036"
"469795","2036-10-25","10","25","2036"
"469796","2036-10-26","10","26","2036"
"469797","2036-10-27","10","27","2036"
"469798","2036-10-28","10","28","2036"
"469799","2036-10-29","10","29","2036"
"469800","2036-10-30","10","30","2036"
"469801","2036-10-31","10","31","2036"
"469871","2036-11-01","11","1","2036"
"469872","2036-11-02","11","2","2036"
"469873","2036-11-03","11","3","2036"
"469874","2036-11-04","11","4","2036"
"469875","2036-11-05","11","5","2036"
"469876","2036-11-06","11","6","2036"
"469877","2036-11-07","11","7","2036"
"469878","2036-11-08","11","8","2036"
"469879","2036-11-09","11","9","2036"
"469880","2036-11-10","11","10","2036"
"469881","2036-11-11","11","11","2036"
"469882","2036-11-12","11","12","2036"
"469883","2036-11-13","11","13","2036"
"469884","2036-11-14","11","14","2036"
"469885","2036-11-15","11","15","2036"
"469886","2036-11-16","11","16","2036"
"469887","2036-11-17","11","17","2036"
"469888","2036-11-18","11","18","2036"
"469889","2036-11-19","11","19","2036"
"469890","2036-11-20","11","20","2036"
"469891","2036-11-21","11","21","2036"
"469892","2036-11-22","11","22","2036"
"469893","2036-11-23","11","23","2036"
"469894","2036-11-24","11","24","2036"
"469895","2036-11-25","11","25","2036"
"469896","2036-11-26","11","26","2036"
"469897","2036-11-27","11","27","2036"
"469898","2036-11-28","11","28","2036"
"469899","2036-11-29","11","29","2036"
"469900","2036-11-30","11","30","2036"
"469971","2036-12-01","12","1","2036"
"469972","2036-12-02","12","2","2036"
"469973","2036-12-03","12","3","2036"
"469974","2036-12-04","12","4","2036"
"469975","2036-12-05","12","5","2036"
"469976","2036-12-06","12","6","2036"
"469977","2036-12-07","12","7","2036"
"469978","2036-12-08","12","8","2036"
"469979","2036-12-09","12","9","2036"
"469980","2036-12-10","12","10","2036"
"469981","2036-12-11","12","11","2036"
"469982","2036-12-12","12","12","2036"
"469983","2036-12-13","12","13","2036"
"469984","2036-12-14","12","14","2036"
"469985","2036-12-15","12","15","2036"
"469986","2036-12-16","12","16","2036"
"469987","2036-12-17","12","17","2036"
"469988","2036-12-18","12","18","2036"
"469989","2036-12-19","12","19","2036"
"469990","2036-12-20","12","20","2036"
"469991","2036-12-21","12","21","2036"
"469992","2036-12-22","12","22","2036"
"469993","2036-12-23","12","23","2036"
"469994","2036-12-24","12","24","2036"
"469995","2036-12-25","12","25","2036"
"469996","2036-12-26","12","26","2036"
"469997","2036-12-27","12","27","2036"
"469998","2036-12-28","12","28","2036"
"469999","2036-12-29","12","29","2036"
"470000","2036-12-30","12","30","2036"
"470001","2036-12-31","12","31","2036"
"478871","2037-01-01","1","1","2037"
"478872","2037-01-02","1","2","2037"
"478873","2037-01-03","1","3","2037"
"478874","2037-01-04","1","4","2037"
"478875","2037-01-05","1","5","2037"
"478876","2037-01-06","1","6","2037"
"478877","2037-01-07","1","7","2037"
"478878","2037-01-08","1","8","2037"
"478879","2037-01-09","1","9","2037"
"478880","2037-01-10","1","10","2037"
"478881","2037-01-11","1","11","2037"
"478882","2037-01-12","1","12","2037"
"478883","2037-01-13","1","13","2037"
"478884","2037-01-14","1","14","2037"
"478885","2037-01-15","1","15","2037"
"478886","2037-01-16","1","16","2037"
"478887","2037-01-17","1","17","2037"
"478888","2037-01-18","1","18","2037"
"478889","2037-01-19","1","19","2037"
"478890","2037-01-20","1","20","2037"
"478891","2037-01-21","1","21","2037"
"478892","2037-01-22","1","22","2037"
"478893","2037-01-23","1","23","2037"
"478894","2037-01-24","1","24","2037"
"478895","2037-01-25","1","25","2037"
"478896","2037-01-26","1","26","2037"
"478897","2037-01-27","1","27","2037"
"478898","2037-01-28","1","28","2037"
"478899","2037-01-29","1","29","2037"
"478900","2037-01-30","1","30","2037"
"478901","2037-01-31","1","31","2037"
"478971","2037-02-01","2","1","2037"
"478972","2037-02-02","2","2","2037"
"478973","2037-02-03","2","3","2037"
"478974","2037-02-04","2","4","2037"
"478975","2037-02-05","2","5","2037"
"478976","2037-02-06","2","6","2037"
"478977","2037-02-07","2","7","2037"
"478978","2037-02-08","2","8","2037"
"478979","2037-02-09","2","9","2037"
"478980","2037-02-10","2","10","2037"
"478981","2037-02-11","2","11","2037"
"478982","2037-02-12","2","12","2037"
"478983","2037-02-13","2","13","2037"
"478984","2037-02-14","2","14","2037"
"478985","2037-02-15","2","15","2037"
"478986","2037-02-16","2","16","2037"
"478987","2037-02-17","2","17","2037"
"478988","2037-02-18","2","18","2037"
"478989","2037-02-19","2","19","2037"
"478990","2037-02-20","2","20","2037"
"478991","2037-02-21","2","21","2037"
"478992","2037-02-22","2","22","2037"
"478993","2037-02-23","2","23","2037"
"478994","2037-02-24","2","24","2037"
"478995","2037-02-25","2","25","2037"
"478996","2037-02-26","2","26","2037"
"478997","2037-02-27","2","27","2037"
"478998","2037-02-28","2","28","2037"
"479071","2037-03-01","3","1","2037"
"479072","2037-03-02","3","2","2037"
"479073","2037-03-03","3","3","2037"
"479074","2037-03-04","3","4","2037"
"479075","2037-03-05","3","5","2037"
"479076","2037-03-06","3","6","2037"
"479077","2037-03-07","3","7","2037"
"479078","2037-03-08","3","8","2037"
"479079","2037-03-09","3","9","2037"
"479080","2037-03-10","3","10","2037"
"479081","2037-03-11","3","11","2037"
"479082","2037-03-12","3","12","2037"
"479083","2037-03-13","3","13","2037"
"479084","2037-03-14","3","14","2037"
"479085","2037-03-15","3","15","2037"
"479086","2037-03-16","3","16","2037"
"479087","2037-03-17","3","17","2037"
"479088","2037-03-18","3","18","2037"
"479089","2037-03-19","3","19","2037"
"479090","2037-03-20","3","20","2037"
"479091","2037-03-21","3","21","2037"
"479092","2037-03-22","3","22","2037"
"479093","2037-03-23","3","23","2037"
"479094","2037-03-24","3","24","2037"
"479095","2037-03-25","3","25","2037"
"479096","2037-03-26","3","26","2037"
"479097","2037-03-27","3","27","2037"
"479098","2037-03-28","3","28","2037"
"479099","2037-03-29","3","29","2037"
"479100","2037-03-30","3","30","2037"
"479101","2037-03-31","3","31","2037"
"479171","2037-04-01","4","1","2037"
"479172","2037-04-02","4","2","2037"
"479173","2037-04-03","4","3","2037"
"479174","2037-04-04","4","4","2037"
"479175","2037-04-05","4","5","2037"
"479176","2037-04-06","4","6","2037"
"479177","2037-04-07","4","7","2037"
"479178","2037-04-08","4","8","2037"
"479179","2037-04-09","4","9","2037"
"479180","2037-04-10","4","10","2037"
"479181","2037-04-11","4","11","2037"
"479182","2037-04-12","4","12","2037"
"479183","2037-04-13","4","13","2037"
"479184","2037-04-14","4","14","2037"
"479185","2037-04-15","4","15","2037"
"479186","2037-04-16","4","16","2037"
"479187","2037-04-17","4","17","2037"
"479188","2037-04-18","4","18","2037"
"479189","2037-04-19","4","19","2037"
"479190","2037-04-20","4","20","2037"
"479191","2037-04-21","4","21","2037"
"479192","2037-04-22","4","22","2037"
"479193","2037-04-23","4","23","2037"
"479194","2037-04-24","4","24","2037"
"479195","2037-04-25","4","25","2037"
"479196","2037-04-26","4","26","2037"
"479197","2037-04-27","4","27","2037"
"479198","2037-04-28","4","28","2037"
"479199","2037-04-29","4","29","2037"
"479200","2037-04-30","4","30","2037"
"479271","2037-05-01","5","1","2037"
"479272","2037-05-02","5","2","2037"
"479273","2037-05-03","5","3","2037"
"479274","2037-05-04","5","4","2037"
"479275","2037-05-05","5","5","2037"
"479276","2037-05-06","5","6","2037"
"479277","2037-05-07","5","7","2037"
"479278","2037-05-08","5","8","2037"
"479279","2037-05-09","5","9","2037"
"479280","2037-05-10","5","10","2037"
"479281","2037-05-11","5","11","2037"
"479282","2037-05-12","5","12","2037"
"479283","2037-05-13","5","13","2037"
"479284","2037-05-14","5","14","2037"
"479285","2037-05-15","5","15","2037"
"479286","2037-05-16","5","16","2037"
"479287","2037-05-17","5","17","2037"
"479288","2037-05-18","5","18","2037"
"479289","2037-05-19","5","19","2037"
"479290","2037-05-20","5","20","2037"
"479291","2037-05-21","5","21","2037"
"479292","2037-05-22","5","22","2037"
"479293","2037-05-23","5","23","2037"
"479294","2037-05-24","5","24","2037"
"479295","2037-05-25","5","25","2037"
"479296","2037-05-26","5","26","2037"
"479297","2037-05-27","5","27","2037"
"479298","2037-05-28","5","28","2037"
"479299","2037-05-29","5","29","2037"
"479300","2037-05-30","5","30","2037"
"479301","2037-05-31","5","31","2037"
"479371","2037-06-01","6","1","2037"
"479372","2037-06-02","6","2","2037"
"479373","2037-06-03","6","3","2037"
"479374","2037-06-04","6","4","2037"
"479375","2037-06-05","6","5","2037"
"479376","2037-06-06","6","6","2037"
"479377","2037-06-07","6","7","2037"
"479378","2037-06-08","6","8","2037"
"479379","2037-06-09","6","9","2037"
"479380","2037-06-10","6","10","2037"
"479381","2037-06-11","6","11","2037"
"479382","2037-06-12","6","12","2037"
"479383","2037-06-13","6","13","2037"
"479384","2037-06-14","6","14","2037"
"479385","2037-06-15","6","15","2037"
"479386","2037-06-16","6","16","2037"
"479387","2037-06-17","6","17","2037"
"479388","2037-06-18","6","18","2037"
"479389","2037-06-19","6","19","2037"
"479390","2037-06-20","6","20","2037"
"479391","2037-06-21","6","21","2037"
"479392","2037-06-22","6","22","2037"
"479393","2037-06-23","6","23","2037"
"479394","2037-06-24","6","24","2037"
"479395","2037-06-25","6","25","2037"
"479396","2037-06-26","6","26","2037"
"479397","2037-06-27","6","27","2037"
"479398","2037-06-28","6","28","2037"
"479399","2037-06-29","6","29","2037"
"479400","2037-06-30","6","30","2037"
"479471","2037-07-01","7","1","2037"
"479472","2037-07-02","7","2","2037"
"479473","2037-07-03","7","3","2037"
"479474","2037-07-04","7","4","2037"
"479475","2037-07-05","7","5","2037"
"479476","2037-07-06","7","6","2037"
"479477","2037-07-07","7","7","2037"
"479478","2037-07-08","7","8","2037"
"479479","2037-07-09","7","9","2037"
"479480","2037-07-10","7","10","2037"
"479481","2037-07-11","7","11","2037"
"479482","2037-07-12","7","12","2037"
"479483","2037-07-13","7","13","2037"
"479484","2037-07-14","7","14","2037"
"479485","2037-07-15","7","15","2037"
"479486","2037-07-16","7","16","2037"
"479487","2037-07-17","7","17","2037"
"479488","2037-07-18","7","18","2037"
"479489","2037-07-19","7","19","2037"
"479490","2037-07-20","7","20","2037"
"479491","2037-07-21","7","21","2037"
"479492","2037-07-22","7","22","2037"
"479493","2037-07-23","7","23","2037"
"479494","2037-07-24","7","24","2037"
"479495","2037-07-25","7","25","2037"
"479496","2037-07-26","7","26","2037"
"479497","2037-07-27","7","27","2037"
"479498","2037-07-28","7","28","2037"
"479499","2037-07-29","7","29","2037"
"479500","2037-07-30","7","30","2037"
"479501","2037-07-31","7","31","2037"
"479571","2037-08-01","8","1","2037"
"479572","2037-08-02","8","2","2037"
"479573","2037-08-03","8","3","2037"
"479574","2037-08-04","8","4","2037"
"479575","2037-08-05","8","5","2037"
"479576","2037-08-06","8","6","2037"
"479577","2037-08-07","8","7","2037"
"479578","2037-08-08","8","8","2037"
"479579","2037-08-09","8","9","2037"
"479580","2037-08-10","8","10","2037"
"479581","2037-08-11","8","11","2037"
"479582","2037-08-12","8","12","2037"
"479583","2037-08-13","8","13","2037"
"479584","2037-08-14","8","14","2037"
"479585","2037-08-15","8","15","2037"
"479586","2037-08-16","8","16","2037"
"479587","2037-08-17","8","17","2037"
"479588","2037-08-18","8","18","2037"
"479589","2037-08-19","8","19","2037"
"479590","2037-08-20","8","20","2037"
"479591","2037-08-21","8","21","2037"
"479592","2037-08-22","8","22","2037"
"479593","2037-08-23","8","23","2037"
"479594","2037-08-24","8","24","2037"
"479595","2037-08-25","8","25","2037"
"479596","2037-08-26","8","26","2037"
"479597","2037-08-27","8","27","2037"
"479598","2037-08-28","8","28","2037"
"479599","2037-08-29","8","29","2037"
"479600","2037-08-30","8","30","2037"
"479601","2037-08-31","8","31","2037"
"479671","2037-09-01","9","1","2037"
"479672","2037-09-02","9","2","2037"
"479673","2037-09-03","9","3","2037"
"479674","2037-09-04","9","4","2037"
"479675","2037-09-05","9","5","2037"
"479676","2037-09-06","9","6","2037"
"479677","2037-09-07","9","7","2037"
"479678","2037-09-08","9","8","2037"
"479679","2037-09-09","9","9","2037"
"479680","2037-09-10","9","10","2037"
"479681","2037-09-11","9","11","2037"
"479682","2037-09-12","9","12","2037"
"479683","2037-09-13","9","13","2037"
"479684","2037-09-14","9","14","2037"
"479685","2037-09-15","9","15","2037"
"479686","2037-09-16","9","16","2037"
"479687","2037-09-17","9","17","2037"
"479688","2037-09-18","9","18","2037"
"479689","2037-09-19","9","19","2037"
"479690","2037-09-20","9","20","2037"
"479691","2037-09-21","9","21","2037"
"479692","2037-09-22","9","22","2037"
"479693","2037-09-23","9","23","2037"
"479694","2037-09-24","9","24","2037"
"479695","2037-09-25","9","25","2037"
"479696","2037-09-26","9","26","2037"
"479697","2037-09-27","9","27","2037"
"479698","2037-09-28","9","28","2037"
"479699","2037-09-29","9","29","2037"
"479700","2037-09-30","9","30","2037"
"479771","2037-10-01","10","1","2037"
"479772","2037-10-02","10","2","2037"
"479773","2037-10-03","10","3","2037"
"479774","2037-10-04","10","4","2037"
"479775","2037-10-05","10","5","2037"
"479776","2037-10-06","10","6","2037"
"479777","2037-10-07","10","7","2037"
"479778","2037-10-08","10","8","2037"
"479779","2037-10-09","10","9","2037"
"479780","2037-10-10","10","10","2037"
"479781","2037-10-11","10","11","2037"
"479782","2037-10-12","10","12","2037"
"479783","2037-10-13","10","13","2037"
"479784","2037-10-14","10","14","2037"
"479785","2037-10-15","10","15","2037"
"479786","2037-10-16","10","16","2037"
"479787","2037-10-17","10","17","2037"
"479788","2037-10-18","10","18","2037"
"479789","2037-10-19","10","19","2037"
"479790","2037-10-20","10","20","2037"
"479791","2037-10-21","10","21","2037"
"479792","2037-10-22","10","22","2037"
"479793","2037-10-23","10","23","2037"
"479794","2037-10-24","10","24","2037"
"479795","2037-10-25","10","25","2037"
"479796","2037-10-26","10","26","2037"
"479797","2037-10-27","10","27","2037"
"479798","2037-10-28","10","28","2037"
"479799","2037-10-29","10","29","2037"
"479800","2037-10-30","10","30","2037"
"479801","2037-10-31","10","31","2037"
"479871","2037-11-01","11","1","2037"
"479872","2037-11-02","11","2","2037"
"479873","2037-11-03","11","3","2037"
"479874","2037-11-04","11","4","2037"
"479875","2037-11-05","11","5","2037"
"479876","2037-11-06","11","6","2037"
"479877","2037-11-07","11","7","2037"
"479878","2037-11-08","11","8","2037"
"479879","2037-11-09","11","9","2037"
"479880","2037-11-10","11","10","2037"
"479881","2037-11-11","11","11","2037"
"479882","2037-11-12","11","12","2037"
"479883","2037-11-13","11","13","2037"
"479884","2037-11-14","11","14","2037"
"479885","2037-11-15","11","15","2037"
"479886","2037-11-16","11","16","2037"
"479887","2037-11-17","11","17","2037"
"479888","2037-11-18","11","18","2037"
"479889","2037-11-19","11","19","2037"
"479890","2037-11-20","11","20","2037"
"479891","2037-11-21","11","21","2037"
"479892","2037-11-22","11","22","2037"
"479893","2037-11-23","11","23","2037"
"479894","2037-11-24","11","24","2037"
"479895","2037-11-25","11","25","2037"
"479896","2037-11-26","11","26","2037"
"479897","2037-11-27","11","27","2037"
"479898","2037-11-28","11","28","2037"
"479899","2037-11-29","11","29","2037"
"479900","2037-11-30","11","30","2037"
"479971","2037-12-01","12","1","2037"
"479972","2037-12-02","12","2","2037"
"479973","2037-12-03","12","3","2037"
"479974","2037-12-04","12","4","2037"
"479975","2037-12-05","12","5","2037"
"479976","2037-12-06","12","6","2037"
"479977","2037-12-07","12","7","2037"
"479978","2037-12-08","12","8","2037"
"479979","2037-12-09","12","9","2037"
"479980","2037-12-10","12","10","2037"
"479981","2037-12-11","12","11","2037"
"479982","2037-12-12","12","12","2037"
"479983","2037-12-13","12","13","2037"
"479984","2037-12-14","12","14","2037"
"479985","2037-12-15","12","15","2037"
"479986","2037-12-16","12","16","2037"
"479987","2037-12-17","12","17","2037"
"479988","2037-12-18","12","18","2037"
"479989","2037-12-19","12","19","2037"
"479990","2037-12-20","12","20","2037"
"479991","2037-12-21","12","21","2037"
"479992","2037-12-22","12","22","2037"
"479993","2037-12-23","12","23","2037"
"479994","2037-12-24","12","24","2037"
"479995","2037-12-25","12","25","2037"
"479996","2037-12-26","12","26","2037"
"479997","2037-12-27","12","27","2037"
"479998","2037-12-28","12","28","2037"
"479999","2037-12-29","12","29","2037"
"480000","2037-12-30","12","30","2037"
"480001","2037-12-31","12","31","2037"
"488871","2038-01-01","1","1","2038"
"488872","2038-01-02","1","2","2038"
"488873","2038-01-03","1","3","2038"
"488874","2038-01-04","1","4","2038"
"488875","2038-01-05","1","5","2038"
"488876","2038-01-06","1","6","2038"
"488877","2038-01-07","1","7","2038"
"488878","2038-01-08","1","8","2038"
"488879","2038-01-09","1","9","2038"
"488880","2038-01-10","1","10","2038"
"488881","2038-01-11","1","11","2038"
"488882","2038-01-12","1","12","2038"
"488883","2038-01-13","1","13","2038"
"488884","2038-01-14","1","14","2038"
"488885","2038-01-15","1","15","2038"
"488886","2038-01-16","1","16","2038"
"488887","2038-01-17","1","17","2038"
"488888","2038-01-18","1","18","2038"
"488889","2038-01-19","1","19","2038"
"488890","2038-01-20","1","20","2038"
"488891","2038-01-21","1","21","2038"
"488892","2038-01-22","1","22","2038"
"488893","2038-01-23","1","23","2038"
"488894","2038-01-24","1","24","2038"
"488895","2038-01-25","1","25","2038"
"488896","2038-01-26","1","26","2038"
"488897","2038-01-27","1","27","2038"
"488898","2038-01-28","1","28","2038"
"488899","2038-01-29","1","29","2038"
"488900","2038-01-30","1","30","2038"
"488901","2038-01-31","1","31","2038"
"488971","2038-02-01","2","1","2038"
"488972","2038-02-02","2","2","2038"
"488973","2038-02-03","2","3","2038"
"488974","2038-02-04","2","4","2038"
"488975","2038-02-05","2","5","2038"
"488976","2038-02-06","2","6","2038"
"488977","2038-02-07","2","7","2038"
"488978","2038-02-08","2","8","2038"
"488979","2038-02-09","2","9","2038"
"488980","2038-02-10","2","10","2038"
"488981","2038-02-11","2","11","2038"
"488982","2038-02-12","2","12","2038"
"488983","2038-02-13","2","13","2038"
"488984","2038-02-14","2","14","2038"
"488985","2038-02-15","2","15","2038"
"488986","2038-02-16","2","16","2038"
"488987","2038-02-17","2","17","2038"
"488988","2038-02-18","2","18","2038"
"488989","2038-02-19","2","19","2038"
"488990","2038-02-20","2","20","2038"
"488991","2038-02-21","2","21","2038"
"488992","2038-02-22","2","22","2038"
"488993","2038-02-23","2","23","2038"
"488994","2038-02-24","2","24","2038"
"488995","2038-02-25","2","25","2038"
"488996","2038-02-26","2","26","2038"
"488997","2038-02-27","2","27","2038"
"488998","2038-02-28","2","28","2038"
"489071","2038-03-01","3","1","2038"
"489072","2038-03-02","3","2","2038"
"489073","2038-03-03","3","3","2038"
"489074","2038-03-04","3","4","2038"
"489075","2038-03-05","3","5","2038"
"489076","2038-03-06","3","6","2038"
"489077","2038-03-07","3","7","2038"
"489078","2038-03-08","3","8","2038"
"489079","2038-03-09","3","9","2038"
"489080","2038-03-10","3","10","2038"
"489081","2038-03-11","3","11","2038"
"489082","2038-03-12","3","12","2038"
"489083","2038-03-13","3","13","2038"
"489084","2038-03-14","3","14","2038"
"489085","2038-03-15","3","15","2038"
"489086","2038-03-16","3","16","2038"
"489087","2038-03-17","3","17","2038"
"489088","2038-03-18","3","18","2038"
"489089","2038-03-19","3","19","2038"
"489090","2038-03-20","3","20","2038"
"489091","2038-03-21","3","21","2038"
"489092","2038-03-22","3","22","2038"
"489093","2038-03-23","3","23","2038"
"489094","2038-03-24","3","24","2038"
"489095","2038-03-25","3","25","2038"
"489096","2038-03-26","3","26","2038"
"489097","2038-03-27","3","27","2038"
"489098","2038-03-28","3","28","2038"
"489099","2038-03-29","3","29","2038"
"489100","2038-03-30","3","30","2038"
"489101","2038-03-31","3","31","2038"
"489171","2038-04-01","4","1","2038"
"489172","2038-04-02","4","2","2038"
"489173","2038-04-03","4","3","2038"
"489174","2038-04-04","4","4","2038"
"489175","2038-04-05","4","5","2038"
"489176","2038-04-06","4","6","2038"
"489177","2038-04-07","4","7","2038"
"489178","2038-04-08","4","8","2038"
"489179","2038-04-09","4","9","2038"
"489180","2038-04-10","4","10","2038"
"489181","2038-04-11","4","11","2038"
"489182","2038-04-12","4","12","2038"
"489183","2038-04-13","4","13","2038"
"489184","2038-04-14","4","14","2038"
"489185","2038-04-15","4","15","2038"
"489186","2038-04-16","4","16","2038"
"489187","2038-04-17","4","17","2038"
"489188","2038-04-18","4","18","2038"
"489189","2038-04-19","4","19","2038"
"489190","2038-04-20","4","20","2038"
"489191","2038-04-21","4","21","2038"
"489192","2038-04-22","4","22","2038"
"489193","2038-04-23","4","23","2038"
"489194","2038-04-24","4","24","2038"
"489195","2038-04-25","4","25","2038"
"489196","2038-04-26","4","26","2038"
"489197","2038-04-27","4","27","2038"
"489198","2038-04-28","4","28","2038"
"489199","2038-04-29","4","29","2038"
"489200","2038-04-30","4","30","2038"
"489271","2038-05-01","5","1","2038"
"489272","2038-05-02","5","2","2038"
"489273","2038-05-03","5","3","2038"
"489274","2038-05-04","5","4","2038"
"489275","2038-05-05","5","5","2038"
"489276","2038-05-06","5","6","2038"
"489277","2038-05-07","5","7","2038"
"489278","2038-05-08","5","8","2038"
"489279","2038-05-09","5","9","2038"
"489280","2038-05-10","5","10","2038"
"489281","2038-05-11","5","11","2038"
"489282","2038-05-12","5","12","2038"
"489283","2038-05-13","5","13","2038"
"489284","2038-05-14","5","14","2038"
"489285","2038-05-15","5","15","2038"
"489286","2038-05-16","5","16","2038"
"489287","2038-05-17","5","17","2038"
"489288","2038-05-18","5","18","2038"
"489289","2038-05-19","5","19","2038"
"489290","2038-05-20","5","20","2038"
"489291","2038-05-21","5","21","2038"
"489292","2038-05-22","5","22","2038"
"489293","2038-05-23","5","23","2038"
"489294","2038-05-24","5","24","2038"
"489295","2038-05-25","5","25","2038"
"489296","2038-05-26","5","26","2038"
"489297","2038-05-27","5","27","2038"
"489298","2038-05-28","5","28","2038"
"489299","2038-05-29","5","29","2038"
"489300","2038-05-30","5","30","2038"
"489301","2038-05-31","5","31","2038"
"489371","2038-06-01","6","1","2038"
"489372","2038-06-02","6","2","2038"
"489373","2038-06-03","6","3","2038"
"489374","2038-06-04","6","4","2038"
"489375","2038-06-05","6","5","2038"
"489376","2038-06-06","6","6","2038"
"489377","2038-06-07","6","7","2038"
"489378","2038-06-08","6","8","2038"
"489379","2038-06-09","6","9","2038"
"489380","2038-06-10","6","10","2038"
"489381","2038-06-11","6","11","2038"
"489382","2038-06-12","6","12","2038"
"489383","2038-06-13","6","13","2038"
"489384","2038-06-14","6","14","2038"
"489385","2038-06-15","6","15","2038"
"489386","2038-06-16","6","16","2038"
"489387","2038-06-17","6","17","2038"
"489388","2038-06-18","6","18","2038"
"489389","2038-06-19","6","19","2038"
"489390","2038-06-20","6","20","2038"
"489391","2038-06-21","6","21","2038"
"489392","2038-06-22","6","22","2038"
"489393","2038-06-23","6","23","2038"
"489394","2038-06-24","6","24","2038"
"489395","2038-06-25","6","25","2038"
"489396","2038-06-26","6","26","2038"
"489397","2038-06-27","6","27","2038"
"489398","2038-06-28","6","28","2038"
"489399","2038-06-29","6","29","2038"
"489400","2038-06-30","6","30","2038"
"489471","2038-07-01","7","1","2038"
"489472","2038-07-02","7","2","2038"
"489473","2038-07-03","7","3","2038"
"489474","2038-07-04","7","4","2038"
"489475","2038-07-05","7","5","2038"
"489476","2038-07-06","7","6","2038"
"489477","2038-07-07","7","7","2038"
"489478","2038-07-08","7","8","2038"
"489479","2038-07-09","7","9","2038"
"489480","2038-07-10","7","10","2038"
"489481","2038-07-11","7","11","2038"
"489482","2038-07-12","7","12","2038"
"489483","2038-07-13","7","13","2038"
"489484","2038-07-14","7","14","2038"
"489485","2038-07-15","7","15","2038"
"489486","2038-07-16","7","16","2038"
"489487","2038-07-17","7","17","2038"
"489488","2038-07-18","7","18","2038"
"489489","2038-07-19","7","19","2038"
"489490","2038-07-20","7","20","2038"
"489491","2038-07-21","7","21","2038"
"489492","2038-07-22","7","22","2038"
"489493","2038-07-23","7","23","2038"
"489494","2038-07-24","7","24","2038"
"489495","2038-07-25","7","25","2038"
"489496","2038-07-26","7","26","2038"
"489497","2038-07-27","7","27","2038"
"489498","2038-07-28","7","28","2038"
"489499","2038-07-29","7","29","2038"
"489500","2038-07-30","7","30","2038"
"489501","2038-07-31","7","31","2038"
"489571","2038-08-01","8","1","2038"
"489572","2038-08-02","8","2","2038"
"489573","2038-08-03","8","3","2038"
"489574","2038-08-04","8","4","2038"
"489575","2038-08-05","8","5","2038"
"489576","2038-08-06","8","6","2038"
"489577","2038-08-07","8","7","2038"
"489578","2038-08-08","8","8","2038"
"489579","2038-08-09","8","9","2038"
"489580","2038-08-10","8","10","2038"
"489581","2038-08-11","8","11","2038"
"489582","2038-08-12","8","12","2038"
"489583","2038-08-13","8","13","2038"
"489584","2038-08-14","8","14","2038"
"489585","2038-08-15","8","15","2038"
"489586","2038-08-16","8","16","2038"
"489587","2038-08-17","8","17","2038"
"489588","2038-08-18","8","18","2038"
"489589","2038-08-19","8","19","2038"
"489590","2038-08-20","8","20","2038"
"489591","2038-08-21","8","21","2038"
"489592","2038-08-22","8","22","2038"
"489593","2038-08-23","8","23","2038"
"489594","2038-08-24","8","24","2038"
"489595","2038-08-25","8","25","2038"
"489596","2038-08-26","8","26","2038"
"489597","2038-08-27","8","27","2038"
"489598","2038-08-28","8","28","2038"
"489599","2038-08-29","8","29","2038"
"489600","2038-08-30","8","30","2038"
"489601","2038-08-31","8","31","2038"
"489671","2038-09-01","9","1","2038"
"489672","2038-09-02","9","2","2038"
"489673","2038-09-03","9","3","2038"
"489674","2038-09-04","9","4","2038"
"489675","2038-09-05","9","5","2038"
"489676","2038-09-06","9","6","2038"
"489677","2038-09-07","9","7","2038"
"489678","2038-09-08","9","8","2038"
"489679","2038-09-09","9","9","2038"
"489680","2038-09-10","9","10","2038"
"489681","2038-09-11","9","11","2038"
"489682","2038-09-12","9","12","2038"
"489683","2038-09-13","9","13","2038"
"489684","2038-09-14","9","14","2038"
"489685","2038-09-15","9","15","2038"
"489686","2038-09-16","9","16","2038"
"489687","2038-09-17","9","17","2038"
"489688","2038-09-18","9","18","2038"
"489689","2038-09-19","9","19","2038"
"489690","2038-09-20","9","20","2038"
"489691","2038-09-21","9","21","2038"
"489692","2038-09-22","9","22","2038"
"489693","2038-09-23","9","23","2038"
"489694","2038-09-24","9","24","2038"
"489695","2038-09-25","9","25","2038"
"489696","2038-09-26","9","26","2038"
"489697","2038-09-27","9","27","2038"
"489698","2038-09-28","9","28","2038"
"489699","2038-09-29","9","29","2038"
"489700","2038-09-30","9","30","2038"
"489771","2038-10-01","10","1","2038"
"489772","2038-10-02","10","2","2038"
"489773","2038-10-03","10","3","2038"
"489774","2038-10-04","10","4","2038"
"489775","2038-10-05","10","5","2038"
"489776","2038-10-06","10","6","2038"
"489777","2038-10-07","10","7","2038"
"489778","2038-10-08","10","8","2038"
"489779","2038-10-09","10","9","2038"
"489780","2038-10-10","10","10","2038"
"489781","2038-10-11","10","11","2038"
"489782","2038-10-12","10","12","2038"
"489783","2038-10-13","10","13","2038"
"489784","2038-10-14","10","14","2038"
"489785","2038-10-15","10","15","2038"
"489786","2038-10-16","10","16","2038"
"489787","2038-10-17","10","17","2038"
"489788","2038-10-18","10","18","2038"
"489789","2038-10-19","10","19","2038"
"489790","2038-10-20","10","20","2038"
"489791","2038-10-21","10","21","2038"
"489792","2038-10-22","10","22","2038"
"489793","2038-10-23","10","23","2038"
"489794","2038-10-24","10","24","2038"
"489795","2038-10-25","10","25","2038"
"489796","2038-10-26","10","26","2038"
"489797","2038-10-27","10","27","2038"
"489798","2038-10-28","10","28","2038"
"489799","2038-10-29","10","29","2038"
"489800","2038-10-30","10","30","2038"
"489801","2038-10-31","10","31","2038"
"489871","2038-11-01","11","1","2038"
"489872","2038-11-02","11","2","2038"
"489873","2038-11-03","11","3","2038"
"489874","2038-11-04","11","4","2038"
"489875","2038-11-05","11","5","2038"
"489876","2038-11-06","11","6","2038"
"489877","2038-11-07","11","7","2038"
"489878","2038-11-08","11","8","2038"
"489879","2038-11-09","11","9","2038"
"489880","2038-11-10","11","10","2038"
"489881","2038-11-11","11","11","2038"
"489882","2038-11-12","11","12","2038"
"489883","2038-11-13","11","13","2038"
"489884","2038-11-14","11","14","2038"
"489885","2038-11-15","11","15","2038"
"489886","2038-11-16","11","16","2038"
"489887","2038-11-17","11","17","2038"
"489888","2038-11-18","11","18","2038"
"489889","2038-11-19","11","19","2038"
"489890","2038-11-20","11","20","2038"
"489891","2038-11-21","11","21","2038"
"489892","2038-11-22","11","22","2038"
"489893","2038-11-23","11","23","2038"
"489894","2038-11-24","11","24","2038"
"489895","2038-11-25","11","25","2038"
"489896","2038-11-26","11","26","2038"
"489897","2038-11-27","11","27","2038"
"489898","2038-11-28","11","28","2038"
"489899","2038-11-29","11","29","2038"
"489900","2038-11-30","11","30","2038"
"489971","2038-12-01","12","1","2038"
"489972","2038-12-02","12","2","2038"
"489973","2038-12-03","12","3","2038"
"489974","2038-12-04","12","4","2038"
"489975","2038-12-05","12","5","2038"
"489976","2038-12-06","12","6","2038"
"489977","2038-12-07","12","7","2038"
"489978","2038-12-08","12","8","2038"
"489979","2038-12-09","12","9","2038"
"489980","2038-12-10","12","10","2038"
"489981","2038-12-11","12","11","2038"
"489982","2038-12-12","12","12","2038"
"489983","2038-12-13","12","13","2038"
"489984","2038-12-14","12","14","2038"
"489985","2038-12-15","12","15","2038"
"489986","2038-12-16","12","16","2038"
"489987","2038-12-17","12","17","2038"
"489988","2038-12-18","12","18","2038"
"489989","2038-12-19","12","19","2038"
"489990","2038-12-20","12","20","2038"
"489991","2038-12-21","12","21","2038"
"489992","2038-12-22","12","22","2038"
"489993","2038-12-23","12","23","2038"
"489994","2038-12-24","12","24","2038"
"489995","2038-12-25","12","25","2038"
"489996","2038-12-26","12","26","2038"
"489997","2038-12-27","12","27","2038"
"489998","2038-12-28","12","28","2038"
"489999","2038-12-29","12","29","2038"
"490000","2038-12-30","12","30","2038"
"490001","2038-12-31","12","31","2038"
"498871","2039-01-01","1","1","2039"
"498872","2039-01-02","1","2","2039"
"498873","2039-01-03","1","3","2039"
"498874","2039-01-04","1","4","2039"
"498875","2039-01-05","1","5","2039"
"498876","2039-01-06","1","6","2039"
"498877","2039-01-07","1","7","2039"
"498878","2039-01-08","1","8","2039"
"498879","2039-01-09","1","9","2039"
"498880","2039-01-10","1","10","2039"
"498881","2039-01-11","1","11","2039"
"498882","2039-01-12","1","12","2039"
"498883","2039-01-13","1","13","2039"
"498884","2039-01-14","1","14","2039"
"498885","2039-01-15","1","15","2039"
"498886","2039-01-16","1","16","2039"
"498887","2039-01-17","1","17","2039"
"498888","2039-01-18","1","18","2039"
"498889","2039-01-19","1","19","2039"
"498890","2039-01-20","1","20","2039"
"498891","2039-01-21","1","21","2039"
"498892","2039-01-22","1","22","2039"
"498893","2039-01-23","1","23","2039"
"498894","2039-01-24","1","24","2039"
"498895","2039-01-25","1","25","2039"
"498896","2039-01-26","1","26","2039"
"498897","2039-01-27","1","27","2039"
"498898","2039-01-28","1","28","2039"
"498899","2039-01-29","1","29","2039"
"498900","2039-01-30","1","30","2039"
"498901","2039-01-31","1","31","2039"
"498971","2039-02-01","2","1","2039"
"498972","2039-02-02","2","2","2039"
"498973","2039-02-03","2","3","2039"
"498974","2039-02-04","2","4","2039"
"498975","2039-02-05","2","5","2039"
"498976","2039-02-06","2","6","2039"
"498977","2039-02-07","2","7","2039"
"498978","2039-02-08","2","8","2039"
"498979","2039-02-09","2","9","2039"
"498980","2039-02-10","2","10","2039"
"498981","2039-02-11","2","11","2039"
"498982","2039-02-12","2","12","2039"
"498983","2039-02-13","2","13","2039"
"498984","2039-02-14","2","14","2039"
"498985","2039-02-15","2","15","2039"
"498986","2039-02-16","2","16","2039"
"498987","2039-02-17","2","17","2039"
"498988","2039-02-18","2","18","2039"
"498989","2039-02-19","2","19","2039"
"498990","2039-02-20","2","20","2039"
"498991","2039-02-21","2","21","2039"
"498992","2039-02-22","2","22","2039"
"498993","2039-02-23","2","23","2039"
"498994","2039-02-24","2","24","2039"
"498995","2039-02-25","2","25","2039"
"498996","2039-02-26","2","26","2039"
"498997","2039-02-27","2","27","2039"
"498998","2039-02-28","2","28","2039"
"499071","2039-03-01","3","1","2039"
"499072","2039-03-02","3","2","2039"
"499073","2039-03-03","3","3","2039"
"499074","2039-03-04","3","4","2039"
"499075","2039-03-05","3","5","2039"
"499076","2039-03-06","3","6","2039"
"499077","2039-03-07","3","7","2039"
"499078","2039-03-08","3","8","2039"
"499079","2039-03-09","3","9","2039"
"499080","2039-03-10","3","10","2039"
"499081","2039-03-11","3","11","2039"
"499082","2039-03-12","3","12","2039"
"499083","2039-03-13","3","13","2039"
"499084","2039-03-14","3","14","2039"
"499085","2039-03-15","3","15","2039"
"499086","2039-03-16","3","16","2039"
"499087","2039-03-17","3","17","2039"
"499088","2039-03-18","3","18","2039"
"499089","2039-03-19","3","19","2039"
"499090","2039-03-20","3","20","2039"
"499091","2039-03-21","3","21","2039"
"499092","2039-03-22","3","22","2039"
"499093","2039-03-23","3","23","2039"
"499094","2039-03-24","3","24","2039"
"499095","2039-03-25","3","25","2039"
"499096","2039-03-26","3","26","2039"
"499097","2039-03-27","3","27","2039"
"499098","2039-03-28","3","28","2039"
"499099","2039-03-29","3","29","2039"
"499100","2039-03-30","3","30","2039"
"499101","2039-03-31","3","31","2039"
"499171","2039-04-01","4","1","2039"
"499172","2039-04-02","4","2","2039"
"499173","2039-04-03","4","3","2039"
"499174","2039-04-04","4","4","2039"
"499175","2039-04-05","4","5","2039"
"499176","2039-04-06","4","6","2039"
"499177","2039-04-07","4","7","2039"
"499178","2039-04-08","4","8","2039"
"499179","2039-04-09","4","9","2039"
"499180","2039-04-10","4","10","2039"
"499181","2039-04-11","4","11","2039"
"499182","2039-04-12","4","12","2039"
"499183","2039-04-13","4","13","2039"
"499184","2039-04-14","4","14","2039"
"499185","2039-04-15","4","15","2039"
"499186","2039-04-16","4","16","2039"
"499187","2039-04-17","4","17","2039"
"499188","2039-04-18","4","18","2039"
"499189","2039-04-19","4","19","2039"
"499190","2039-04-20","4","20","2039"
"499191","2039-04-21","4","21","2039"
"499192","2039-04-22","4","22","2039"
"499193","2039-04-23","4","23","2039"
"499194","2039-04-24","4","24","2039"
"499195","2039-04-25","4","25","2039"
"499196","2039-04-26","4","26","2039"
"499197","2039-04-27","4","27","2039"
"499198","2039-04-28","4","28","2039"
"499199","2039-04-29","4","29","2039"
"499200","2039-04-30","4","30","2039"
"499271","2039-05-01","5","1","2039"
"499272","2039-05-02","5","2","2039"
"499273","2039-05-03","5","3","2039"
"499274","2039-05-04","5","4","2039"
"499275","2039-05-05","5","5","2039"
"499276","2039-05-06","5","6","2039"
"499277","2039-05-07","5","7","2039"
"499278","2039-05-08","5","8","2039"
"499279","2039-05-09","5","9","2039"
"499280","2039-05-10","5","10","2039"
"499281","2039-05-11","5","11","2039"
"499282","2039-05-12","5","12","2039"
"499283","2039-05-13","5","13","2039"
"499284","2039-05-14","5","14","2039"
"499285","2039-05-15","5","15","2039"
"499286","2039-05-16","5","16","2039"
"499287","2039-05-17","5","17","2039"
"499288","2039-05-18","5","18","2039"
"499289","2039-05-19","5","19","2039"
"499290","2039-05-20","5","20","2039"
"499291","2039-05-21","5","21","2039"
"499292","2039-05-22","5","22","2039"
"499293","2039-05-23","5","23","2039"
"499294","2039-05-24","5","24","2039"
"499295","2039-05-25","5","25","2039"
"499296","2039-05-26","5","26","2039"
"499297","2039-05-27","5","27","2039"
"499298","2039-05-28","5","28","2039"
"499299","2039-05-29","5","29","2039"
"499300","2039-05-30","5","30","2039"
"499301","2039-05-31","5","31","2039"
"499371","2039-06-01","6","1","2039"
"499372","2039-06-02","6","2","2039"
"499373","2039-06-03","6","3","2039"
"499374","2039-06-04","6","4","2039"
"499375","2039-06-05","6","5","2039"
"499376","2039-06-06","6","6","2039"
"499377","2039-06-07","6","7","2039"
"499378","2039-06-08","6","8","2039"
"499379","2039-06-09","6","9","2039"
"499380","2039-06-10","6","10","2039"
"499381","2039-06-11","6","11","2039"
"499382","2039-06-12","6","12","2039"
"499383","2039-06-13","6","13","2039"
"499384","2039-06-14","6","14","2039"
"499385","2039-06-15","6","15","2039"
"499386","2039-06-16","6","16","2039"
"499387","2039-06-17","6","17","2039"
"499388","2039-06-18","6","18","2039"
"499389","2039-06-19","6","19","2039"
"499390","2039-06-20","6","20","2039"
"499391","2039-06-21","6","21","2039"
"499392","2039-06-22","6","22","2039"
"499393","2039-06-23","6","23","2039"
"499394","2039-06-24","6","24","2039"
"499395","2039-06-25","6","25","2039"
"499396","2039-06-26","6","26","2039"
"499397","2039-06-27","6","27","2039"
"499398","2039-06-28","6","28","2039"
"499399","2039-06-29","6","29","2039"
"499400","2039-06-30","6","30","2039"
"499471","2039-07-01","7","1","2039"
"499472","2039-07-02","7","2","2039"
"499473","2039-07-03","7","3","2039"
"499474","2039-07-04","7","4","2039"
"499475","2039-07-05","7","5","2039"
"499476","2039-07-06","7","6","2039"
"499477","2039-07-07","7","7","2039"
"499478","2039-07-08","7","8","2039"
"499479","2039-07-09","7","9","2039"
"499480","2039-07-10","7","10","2039"
"499481","2039-07-11","7","11","2039"
"499482","2039-07-12","7","12","2039"
"499483","2039-07-13","7","13","2039"
"499484","2039-07-14","7","14","2039"
"499485","2039-07-15","7","15","2039"
"499486","2039-07-16","7","16","2039"
"499487","2039-07-17","7","17","2039"
"499488","2039-07-18","7","18","2039"
"499489","2039-07-19","7","19","2039"
"499490","2039-07-20","7","20","2039"
"499491","2039-07-21","7","21","2039"
"499492","2039-07-22","7","22","2039"
"499493","2039-07-23","7","23","2039"
"499494","2039-07-24","7","24","2039"
"499495","2039-07-25","7","25","2039"
"499496","2039-07-26","7","26","2039"
"499497","2039-07-27","7","27","2039"
"499498","2039-07-28","7","28","2039"
"499499","2039-07-29","7","29","2039"
"499500","2039-07-30","7","30","2039"
"499501","2039-07-31","7","31","2039"
"499571","2039-08-01","8","1","2039"
"499572","2039-08-02","8","2","2039"
"499573","2039-08-03","8","3","2039"
"499574","2039-08-04","8","4","2039"
"499575","2039-08-05","8","5","2039"
"499576","2039-08-06","8","6","2039"
"499577","2039-08-07","8","7","2039"
"499578","2039-08-08","8","8","2039"
"499579","2039-08-09","8","9","2039"
"499580","2039-08-10","8","10","2039"
"499581","2039-08-11","8","11","2039"
"499582","2039-08-12","8","12","2039"
"499583","2039-08-13","8","13","2039"
"499584","2039-08-14","8","14","2039"
"499585","2039-08-15","8","15","2039"
"499586","2039-08-16","8","16","2039"
"499587","2039-08-17","8","17","2039"
"499588","2039-08-18","8","18","2039"
"499589","2039-08-19","8","19","2039"
"499590","2039-08-20","8","20","2039"
"499591","2039-08-21","8","21","2039"
"499592","2039-08-22","8","22","2039"
"499593","2039-08-23","8","23","2039"
"499594","2039-08-24","8","24","2039"
"499595","2039-08-25","8","25","2039"
"499596","2039-08-26","8","26","2039"
"499597","2039-08-27","8","27","2039"
"499598","2039-08-28","8","28","2039"
"499599","2039-08-29","8","29","2039"
"499600","2039-08-30","8","30","2039"
"499601","2039-08-31","8","31","2039"
"499671","2039-09-01","9","1","2039"
"499672","2039-09-02","9","2","2039"
"499673","2039-09-03","9","3","2039"
"499674","2039-09-04","9","4","2039"
"499675","2039-09-05","9","5","2039"
"499676","2039-09-06","9","6","2039"
"499677","2039-09-07","9","7","2039"
"499678","2039-09-08","9","8","2039"
"499679","2039-09-09","9","9","2039"
"499680","2039-09-10","9","10","2039"
"499681","2039-09-11","9","11","2039"
"499682","2039-09-12","9","12","2039"
"499683","2039-09-13","9","13","2039"
"499684","2039-09-14","9","14","2039"
"499685","2039-09-15","9","15","2039"
"499686","2039-09-16","9","16","2039"
"499687","2039-09-17","9","17","2039"
"499688","2039-09-18","9","18","2039"
"499689","2039-09-19","9","19","2039"
"499690","2039-09-20","9","20","2039"
"499691","2039-09-21","9","21","2039"
"499692","2039-09-22","9","22","2039"
"499693","2039-09-23","9","23","2039"
"499694","2039-09-24","9","24","2039"
"499695","2039-09-25","9","25","2039"
"499696","2039-09-26","9","26","2039"
"499697","2039-09-27","9","27","2039"
"499698","2039-09-28","9","28","2039"
"499699","2039-09-29","9","29","2039"
"499700","2039-09-30","9","30","2039"
"499771","2039-10-01","10","1","2039"
"499772","2039-10-02","10","2","2039"
"499773","2039-10-03","10","3","2039"
"499774","2039-10-04","10","4","2039"
"499775","2039-10-05","10","5","2039"
"499776","2039-10-06","10","6","2039"
"499777","2039-10-07","10","7","2039"
"499778","2039-10-08","10","8","2039"
"499779","2039-10-09","10","9","2039"
"499780","2039-10-10","10","10","2039"
"499781","2039-10-11","10","11","2039"
"499782","2039-10-12","10","12","2039"
"499783","2039-10-13","10","13","2039"
"499784","2039-10-14","10","14","2039"
"499785","2039-10-15","10","15","2039"
"499786","2039-10-16","10","16","2039"
"499787","2039-10-17","10","17","2039"
"499788","2039-10-18","10","18","2039"
"499789","2039-10-19","10","19","2039"
"499790","2039-10-20","10","20","2039"
"499791","2039-10-21","10","21","2039"
"499792","2039-10-22","10","22","2039"
"499793","2039-10-23","10","23","2039"
"499794","2039-10-24","10","24","2039"
"499795","2039-10-25","10","25","2039"
"499796","2039-10-26","10","26","2039"
"499797","2039-10-27","10","27","2039"
"499798","2039-10-28","10","28","2039"
"499799","2039-10-29","10","29","2039"
"499800","2039-10-30","10","30","2039"
"499801","2039-10-31","10","31","2039"
"499871","2039-11-01","11","1","2039"
"499872","2039-11-02","11","2","2039"
"499873","2039-11-03","11","3","2039"
"499874","2039-11-04","11","4","2039"
"499875","2039-11-05","11","5","2039"
"499876","2039-11-06","11","6","2039"
"499877","2039-11-07","11","7","2039"
"499878","2039-11-08","11","8","2039"
"499879","2039-11-09","11","9","2039"
"499880","2039-11-10","11","10","2039"
"499881","2039-11-11","11","11","2039"
"499882","2039-11-12","11","12","2039"
"499883","2039-11-13","11","13","2039"
"499884","2039-11-14","11","14","2039"
"499885","2039-11-15","11","15","2039"
"499886","2039-11-16","11","16","2039"
"499887","2039-11-17","11","17","2039"
"499888","2039-11-18","11","18","2039"
"499889","2039-11-19","11","19","2039"
"499890","2039-11-20","11","20","2039"
"499891","2039-11-21","11","21","2039"
"499892","2039-11-22","11","22","2039"
"499893","2039-11-23","11","23","2039"
"499894","2039-11-24","11","24","2039"
"499895","2039-11-25","11","25","2039"
"499896","2039-11-26","11","26","2039"
"499897","2039-11-27","11","27","2039"
"499898","2039-11-28","11","28","2039"
"499899","2039-11-29","11","29","2039"
"499900","2039-11-30","11","30","2039"
"499971","2039-12-01","12","1","2039"
"499972","2039-12-02","12","2","2039"
"499973","2039-12-03","12","3","2039"
"499974","2039-12-04","12","4","2039"
"499975","2039-12-05","12","5","2039"
"499976","2039-12-06","12","6","2039"
"499977","2039-12-07","12","7","2039"
"499978","2039-12-08","12","8","2039"
"499979","2039-12-09","12","9","2039"
"499980","2039-12-10","12","10","2039"
"499981","2039-12-11","12","11","2039"
"499982","2039-12-12","12","12","2039"
"499983","2039-12-13","12","13","2039"
"499984","2039-12-14","12","14","2039"
"499985","2039-12-15","12","15","2039"
"499986","2039-12-16","12","16","2039"
"499987","2039-12-17","12","17","2039"
"499988","2039-12-18","12","18","2039"
"499989","2039-12-19","12","19","2039"
"499990","2039-12-20","12","20","2039"
"499991","2039-12-21","12","21","2039"
"499992","2039-12-22","12","22","2039"
"499993","2039-12-23","12","23","2039"
"499994","2039-12-24","12","24","2039"
"499995","2039-12-25","12","25","2039"
"499996","2039-12-26","12","26","2039"
"499997","2039-12-27","12","27","2039"
"499998","2039-12-28","12","28","2039"
"499999","2039-12-29","12","29","2039"
"500000","2039-12-30","12","30","2039"
"500001","2039-12-31","12","31","2039"
"508871","2040-01-01","1","1","2040"
"508872","2040-01-02","1","2","2040"
"508873","2040-01-03","1","3","2040"
"508874","2040-01-04","1","4","2040"
"508875","2040-01-05","1","5","2040"
"508876","2040-01-06","1","6","2040"
"508877","2040-01-07","1","7","2040"
"508878","2040-01-08","1","8","2040"
"508879","2040-01-09","1","9","2040"
"508880","2040-01-10","1","10","2040"
"508881","2040-01-11","1","11","2040"
"508882","2040-01-12","1","12","2040"
"508883","2040-01-13","1","13","2040"
"508884","2040-01-14","1","14","2040"
"508885","2040-01-15","1","15","2040"
"508886","2040-01-16","1","16","2040"
"508887","2040-01-17","1","17","2040"
"508888","2040-01-18","1","18","2040"
"508889","2040-01-19","1","19","2040"
"508890","2040-01-20","1","20","2040"
"508891","2040-01-21","1","21","2040"
"508892","2040-01-22","1","22","2040"
"508893","2040-01-23","1","23","2040"
"508894","2040-01-24","1","24","2040"
"508895","2040-01-25","1","25","2040"
"508896","2040-01-26","1","26","2040"
"508897","2040-01-27","1","27","2040"
"508898","2040-01-28","1","28","2040"
"508899","2040-01-29","1","29","2040"
"508900","2040-01-30","1","30","2040"
"508901","2040-01-31","1","31","2040"
"508971","2040-02-01","2","1","2040"
"508972","2040-02-02","2","2","2040"
"508973","2040-02-03","2","3","2040"
"508974","2040-02-04","2","4","2040"
"508975","2040-02-05","2","5","2040"
"508976","2040-02-06","2","6","2040"
"508977","2040-02-07","2","7","2040"
"508978","2040-02-08","2","8","2040"
"508979","2040-02-09","2","9","2040"
"508980","2040-02-10","2","10","2040"
"508981","2040-02-11","2","11","2040"
"508982","2040-02-12","2","12","2040"
"508983","2040-02-13","2","13","2040"
"508984","2040-02-14","2","14","2040"
"508985","2040-02-15","2","15","2040"
"508986","2040-02-16","2","16","2040"
"508987","2040-02-17","2","17","2040"
"508988","2040-02-18","2","18","2040"
"508989","2040-02-19","2","19","2040"
"508990","2040-02-20","2","20","2040"
"508991","2040-02-21","2","21","2040"
"508992","2040-02-22","2","22","2040"
"508993","2040-02-23","2","23","2040"
"508994","2040-02-24","2","24","2040"
"508995","2040-02-25","2","25","2040"
"508996","2040-02-26","2","26","2040"
"508997","2040-02-27","2","27","2040"
"508998","2040-02-28","2","28","2040"
"508999","2040-02-29","2","29","2040"
"509071","2040-03-01","3","1","2040"
"509072","2040-03-02","3","2","2040"
"509073","2040-03-03","3","3","2040"
"509074","2040-03-04","3","4","2040"
"509075","2040-03-05","3","5","2040"
"509076","2040-03-06","3","6","2040"
"509077","2040-03-07","3","7","2040"
"509078","2040-03-08","3","8","2040"
"509079","2040-03-09","3","9","2040"
"509080","2040-03-10","3","10","2040"
"509081","2040-03-11","3","11","2040"
"509082","2040-03-12","3","12","2040"
"509083","2040-03-13","3","13","2040"
"509084","2040-03-14","3","14","2040"
"509085","2040-03-15","3","15","2040"
"509086","2040-03-16","3","16","2040"
"509087","2040-03-17","3","17","2040"
"509088","2040-03-18","3","18","2040"
"509089","2040-03-19","3","19","2040"
"509090","2040-03-20","3","20","2040"
"509091","2040-03-21","3","21","2040"
"509092","2040-03-22","3","22","2040"
"509093","2040-03-23","3","23","2040"
"509094","2040-03-24","3","24","2040"
"509095","2040-03-25","3","25","2040"
"509096","2040-03-26","3","26","2040"
"509097","2040-03-27","3","27","2040"
"509098","2040-03-28","3","28","2040"
"509099","2040-03-29","3","29","2040"
"509100","2040-03-30","3","30","2040"
"509101","2040-03-31","3","31","2040"
"509171","2040-04-01","4","1","2040"
"509172","2040-04-02","4","2","2040"
"509173","2040-04-03","4","3","2040"
"509174","2040-04-04","4","4","2040"
"509175","2040-04-05","4","5","2040"
"509176","2040-04-06","4","6","2040"
"509177","2040-04-07","4","7","2040"
"509178","2040-04-08","4","8","2040"
"509179","2040-04-09","4","9","2040"
"509180","2040-04-10","4","10","2040"
"509181","2040-04-11","4","11","2040"
"509182","2040-04-12","4","12","2040"
"509183","2040-04-13","4","13","2040"
"509184","2040-04-14","4","14","2040"
"509185","2040-04-15","4","15","2040"
"509186","2040-04-16","4","16","2040"
"509187","2040-04-17","4","17","2040"
"509188","2040-04-18","4","18","2040"
"509189","2040-04-19","4","19","2040"
"509190","2040-04-20","4","20","2040"
"509191","2040-04-21","4","21","2040"
"509192","2040-04-22","4","22","2040"
"509193","2040-04-23","4","23","2040"
"509194","2040-04-24","4","24","2040"
"509195","2040-04-25","4","25","2040"
"509196","2040-04-26","4","26","2040"
"509197","2040-04-27","4","27","2040"
"509198","2040-04-28","4","28","2040"
"509199","2040-04-29","4","29","2040"
"509200","2040-04-30","4","30","2040"
"509271","2040-05-01","5","1","2040"
"509272","2040-05-02","5","2","2040"
"509273","2040-05-03","5","3","2040"
"509274","2040-05-04","5","4","2040"
"509275","2040-05-05","5","5","2040"
"509276","2040-05-06","5","6","2040"
"509277","2040-05-07","5","7","2040"
"509278","2040-05-08","5","8","2040"
"509279","2040-05-09","5","9","2040"
"509280","2040-05-10","5","10","2040"
"509281","2040-05-11","5","11","2040"
"509282","2040-05-12","5","12","2040"
"509283","2040-05-13","5","13","2040"
"509284","2040-05-14","5","14","2040"
"509285","2040-05-15","5","15","2040"
"509286","2040-05-16","5","16","2040"
"509287","2040-05-17","5","17","2040"
"509288","2040-05-18","5","18","2040"
"509289","2040-05-19","5","19","2040"
"509290","2040-05-20","5","20","2040"
"509291","2040-05-21","5","21","2040"
"509292","2040-05-22","5","22","2040"
"509293","2040-05-23","5","23","2040"
"509294","2040-05-24","5","24","2040"
"509295","2040-05-25","5","25","2040"
"509296","2040-05-26","5","26","2040"
"509297","2040-05-27","5","27","2040"
"509298","2040-05-28","5","28","2040"
"509299","2040-05-29","5","29","2040"
"509300","2040-05-30","5","30","2040"
"509301","2040-05-31","5","31","2040"
"509371","2040-06-01","6","1","2040"
"509372","2040-06-02","6","2","2040"
"509373","2040-06-03","6","3","2040"
"509374","2040-06-04","6","4","2040"
"509375","2040-06-05","6","5","2040"
"509376","2040-06-06","6","6","2040"
"509377","2040-06-07","6","7","2040"
"509378","2040-06-08","6","8","2040"
"509379","2040-06-09","6","9","2040"
"509380","2040-06-10","6","10","2040"
"509381","2040-06-11","6","11","2040"
"509382","2040-06-12","6","12","2040"
"509383","2040-06-13","6","13","2040"
"509384","2040-06-14","6","14","2040"
"509385","2040-06-15","6","15","2040"
"509386","2040-06-16","6","16","2040"
"509387","2040-06-17","6","17","2040"
"509388","2040-06-18","6","18","2040"
"509389","2040-06-19","6","19","2040"
"509390","2040-06-20","6","20","2040"
"509391","2040-06-21","6","21","2040"
"509392","2040-06-22","6","22","2040"
"509393","2040-06-23","6","23","2040"
"509394","2040-06-24","6","24","2040"
"509395","2040-06-25","6","25","2040"
"509396","2040-06-26","6","26","2040"
"509397","2040-06-27","6","27","2040"
"509398","2040-06-28","6","28","2040"
"509399","2040-06-29","6","29","2040"
"509400","2040-06-30","6","30","2040"
"509471","2040-07-01","7","1","2040"
"509472","2040-07-02","7","2","2040"
"509473","2040-07-03","7","3","2040"
"509474","2040-07-04","7","4","2040"
"509475","2040-07-05","7","5","2040"
"509476","2040-07-06","7","6","2040"
"509477","2040-07-07","7","7","2040"
"509478","2040-07-08","7","8","2040"
"509479","2040-07-09","7","9","2040"
"509480","2040-07-10","7","10","2040"
"509481","2040-07-11","7","11","2040"
"509482","2040-07-12","7","12","2040"
"509483","2040-07-13","7","13","2040"
"509484","2040-07-14","7","14","2040"
"509485","2040-07-15","7","15","2040"
"509486","2040-07-16","7","16","2040"
"509487","2040-07-17","7","17","2040"
"509488","2040-07-18","7","18","2040"
"509489","2040-07-19","7","19","2040"
"509490","2040-07-20","7","20","2040"
"509491","2040-07-21","7","21","2040"
"509492","2040-07-22","7","22","2040"
"509493","2040-07-23","7","23","2040"
"509494","2040-07-24","7","24","2040"
"509495","2040-07-25","7","25","2040"
"509496","2040-07-26","7","26","2040"
"509497","2040-07-27","7","27","2040"
"509498","2040-07-28","7","28","2040"
"509499","2040-07-29","7","29","2040"
"509500","2040-07-30","7","30","2040"
"509501","2040-07-31","7","31","2040"
"509571","2040-08-01","8","1","2040"
"509572","2040-08-02","8","2","2040"
"509573","2040-08-03","8","3","2040"
"509574","2040-08-04","8","4","2040"
"509575","2040-08-05","8","5","2040"
"509576","2040-08-06","8","6","2040"
"509577","2040-08-07","8","7","2040"
"509578","2040-08-08","8","8","2040"
"509579","2040-08-09","8","9","2040"
"509580","2040-08-10","8","10","2040"
"509581","2040-08-11","8","11","2040"
"509582","2040-08-12","8","12","2040"
"509583","2040-08-13","8","13","2040"
"509584","2040-08-14","8","14","2040"
"509585","2040-08-15","8","15","2040"
"509586","2040-08-16","8","16","2040"
"509587","2040-08-17","8","17","2040"
"509588","2040-08-18","8","18","2040"
"509589","2040-08-19","8","19","2040"
"509590","2040-08-20","8","20","2040"
"509591","2040-08-21","8","21","2040"
"509592","2040-08-22","8","22","2040"
"509593","2040-08-23","8","23","2040"
"509594","2040-08-24","8","24","2040"
"509595","2040-08-25","8","25","2040"
"509596","2040-08-26","8","26","2040"
"509597","2040-08-27","8","27","2040"
"509598","2040-08-28","8","28","2040"
"509599","2040-08-29","8","29","2040"
"509600","2040-08-30","8","30","2040"
"509601","2040-08-31","8","31","2040"
"509671","2040-09-01","9","1","2040"
"509672","2040-09-02","9","2","2040"
"509673","2040-09-03","9","3","2040"
"509674","2040-09-04","9","4","2040"
"509675","2040-09-05","9","5","2040"
"509676","2040-09-06","9","6","2040"
"509677","2040-09-07","9","7","2040"
"509678","2040-09-08","9","8","2040"
"509679","2040-09-09","9","9","2040"
"509680","2040-09-10","9","10","2040"
"509681","2040-09-11","9","11","2040"
"509682","2040-09-12","9","12","2040"
"509683","2040-09-13","9","13","2040"
"509684","2040-09-14","9","14","2040"
"509685","2040-09-15","9","15","2040"
"509686","2040-09-16","9","16","2040"
"509687","2040-09-17","9","17","2040"
"509688","2040-09-18","9","18","2040"
"509689","2040-09-19","9","19","2040"
"509690","2040-09-20","9","20","2040"
"509691","2040-09-21","9","21","2040"
"509692","2040-09-22","9","22","2040"
"509693","2040-09-23","9","23","2040"
"509694","2040-09-24","9","24","2040"
"509695","2040-09-25","9","25","2040"
"509696","2040-09-26","9","26","2040"
"509697","2040-09-27","9","27","2040"
"509698","2040-09-28","9","28","2040"
"509699","2040-09-29","9","29","2040"
"509700","2040-09-30","9","30","2040"
"509771","2040-10-01","10","1","2040"
"509772","2040-10-02","10","2","2040"
"509773","2040-10-03","10","3","2040"
"509774","2040-10-04","10","4","2040"
"509775","2040-10-05","10","5","2040"
"509776","2040-10-06","10","6","2040"
"509777","2040-10-07","10","7","2040"
"509778","2040-10-08","10","8","2040"
"509779","2040-10-09","10","9","2040"
"509780","2040-10-10","10","10","2040"
"509781","2040-10-11","10","11","2040"
"509782","2040-10-12","10","12","2040"
"509783","2040-10-13","10","13","2040"
"509784","2040-10-14","10","14","2040"
"509785","2040-10-15","10","15","2040"
"509786","2040-10-16","10","16","2040"
"509787","2040-10-17","10","17","2040"
"509788","2040-10-18","10","18","2040"
"509789","2040-10-19","10","19","2040"
"509790","2040-10-20","10","20","2040"
"509791","2040-10-21","10","21","2040"
"509792","2040-10-22","10","22","2040"
"509793","2040-10-23","10","23","2040"
"509794","2040-10-24","10","24","2040"
"509795","2040-10-25","10","25","2040"
"509796","2040-10-26","10","26","2040"
"509797","2040-10-27","10","27","2040"
"509798","2040-10-28","10","28","2040"
"509799","2040-10-29","10","29","2040"
"509800","2040-10-30","10","30","2040"
"509801","2040-10-31","10","31","2040"
"509871","2040-11-01","11","1","2040"
"509872","2040-11-02","11","2","2040"
"509873","2040-11-03","11","3","2040"
"509874","2040-11-04","11","4","2040"
"509875","2040-11-05","11","5","2040"
"509876","2040-11-06","11","6","2040"
"509877","2040-11-07","11","7","2040"
"509878","2040-11-08","11","8","2040"
"509879","2040-11-09","11","9","2040"
"509880","2040-11-10","11","10","2040"
"509881","2040-11-11","11","11","2040"
"509882","2040-11-12","11","12","2040"
"509883","2040-11-13","11","13","2040"
"509884","2040-11-14","11","14","2040"
"509885","2040-11-15","11","15","2040"
"509886","2040-11-16","11","16","2040"
"509887","2040-11-17","11","17","2040"
"509888","2040-11-18","11","18","2040"
"509889","2040-11-19","11","19","2040"
"509890","2040-11-20","11","20","2040"
"509891","2040-11-21","11","21","2040"
"509892","2040-11-22","11","22","2040"
"509893","2040-11-23","11","23","2040"
"509894","2040-11-24","11","24","2040"
"509895","2040-11-25","11","25","2040"
"509896","2040-11-26","11","26","2040"
"509897","2040-11-27","11","27","2040"
"509898","2040-11-28","11","28","2040"
"509899","2040-11-29","11","29","2040"
"509900","2040-11-30","11","30","2040"
"509971","2040-12-01","12","1","2040"
"509972","2040-12-02","12","2","2040"
"509973","2040-12-03","12","3","2040"
"509974","2040-12-04","12","4","2040"
"509975","2040-12-05","12","5","2040"
"509976","2040-12-06","12","6","2040"
"509977","2040-12-07","12","7","2040"
"509978","2040-12-08","12","8","2040"
"509979","2040-12-09","12","9","2040"
"509980","2040-12-10","12","10","2040"
"509981","2040-12-11","12","11","2040"
"509982","2040-12-12","12","12","2040"
"509983","2040-12-13","12","13","2040"
"509984","2040-12-14","12","14","2040"
"509985","2040-12-15","12","15","2040"
"509986","2040-12-16","12","16","2040"
"509987","2040-12-17","12","17","2040"
"509988","2040-12-18","12","18","2040"
"509989","2040-12-19","12","19","2040"
"509990","2040-12-20","12","20","2040"
"509991","2040-12-21","12","21","2040"
"509992","2040-12-22","12","22","2040"
"509993","2040-12-23","12","23","2040"
"509994","2040-12-24","12","24","2040"
"509995","2040-12-25","12","25","2040"
"509996","2040-12-26","12","26","2040"
"509997","2040-12-27","12","27","2040"
"509998","2040-12-28","12","28","2040"
"509999","2040-12-29","12","29","2040"
"510000","2040-12-30","12","30","2040"
"510001","2040-12-31","12","31","2040"
"518871","2041-01-01","1","1","2041"
"518872","2041-01-02","1","2","2041"
"518873","2041-01-03","1","3","2041"
"518874","2041-01-04","1","4","2041"
"518875","2041-01-05","1","5","2041"
"518876","2041-01-06","1","6","2041"
"518877","2041-01-07","1","7","2041"
"518878","2041-01-08","1","8","2041"
"518879","2041-01-09","1","9","2041"
"518880","2041-01-10","1","10","2041"
"518881","2041-01-11","1","11","2041"
"518882","2041-01-12","1","12","2041"
"518883","2041-01-13","1","13","2041"
"518884","2041-01-14","1","14","2041"
"518885","2041-01-15","1","15","2041"
"518886","2041-01-16","1","16","2041"
"518887","2041-01-17","1","17","2041"
"518888","2041-01-18","1","18","2041"
"518889","2041-01-19","1","19","2041"
"518890","2041-01-20","1","20","2041"
"518891","2041-01-21","1","21","2041"
"518892","2041-01-22","1","22","2041"
"518893","2041-01-23","1","23","2041"
"518894","2041-01-24","1","24","2041"
"518895","2041-01-25","1","25","2041"
"518896","2041-01-26","1","26","2041"
"518897","2041-01-27","1","27","2041"
"518898","2041-01-28","1","28","2041"
"518899","2041-01-29","1","29","2041"
"518900","2041-01-30","1","30","2041"
"518901","2041-01-31","1","31","2041"
"518971","2041-02-01","2","1","2041"
"518972","2041-02-02","2","2","2041"
"518973","2041-02-03","2","3","2041"
"518974","2041-02-04","2","4","2041"
"518975","2041-02-05","2","5","2041"
"518976","2041-02-06","2","6","2041"
"518977","2041-02-07","2","7","2041"
"518978","2041-02-08","2","8","2041"
"518979","2041-02-09","2","9","2041"
"518980","2041-02-10","2","10","2041"
"518981","2041-02-11","2","11","2041"
"518982","2041-02-12","2","12","2041"
"518983","2041-02-13","2","13","2041"
"518984","2041-02-14","2","14","2041"
"518985","2041-02-15","2","15","2041"
"518986","2041-02-16","2","16","2041"
"518987","2041-02-17","2","17","2041"
"518988","2041-02-18","2","18","2041"
"518989","2041-02-19","2","19","2041"
"518990","2041-02-20","2","20","2041"
"518991","2041-02-21","2","21","2041"
"518992","2041-02-22","2","22","2041"
"518993","2041-02-23","2","23","2041"
"518994","2041-02-24","2","24","2041"
"518995","2041-02-25","2","25","2041"
"518996","2041-02-26","2","26","2041"
"518997","2041-02-27","2","27","2041"
"518998","2041-02-28","2","28","2041"
"519071","2041-03-01","3","1","2041"
"519072","2041-03-02","3","2","2041"
"519073","2041-03-03","3","3","2041"
"519074","2041-03-04","3","4","2041"
"519075","2041-03-05","3","5","2041"
"519076","2041-03-06","3","6","2041"
"519077","2041-03-07","3","7","2041"
"519078","2041-03-08","3","8","2041"
"519079","2041-03-09","3","9","2041"
"519080","2041-03-10","3","10","2041"
"519081","2041-03-11","3","11","2041"
"519082","2041-03-12","3","12","2041"
"519083","2041-03-13","3","13","2041"
"519084","2041-03-14","3","14","2041"
"519085","2041-03-15","3","15","2041"
"519086","2041-03-16","3","16","2041"
"519087","2041-03-17","3","17","2041"
"519088","2041-03-18","3","18","2041"
"519089","2041-03-19","3","19","2041"
"519090","2041-03-20","3","20","2041"
"519091","2041-03-21","3","21","2041"
"519092","2041-03-22","3","22","2041"
"519093","2041-03-23","3","23","2041"
"519094","2041-03-24","3","24","2041"
"519095","2041-03-25","3","25","2041"
"519096","2041-03-26","3","26","2041"
"519097","2041-03-27","3","27","2041"
"519098","2041-03-28","3","28","2041"
"519099","2041-03-29","3","29","2041"
"519100","2041-03-30","3","30","2041"
"519101","2041-03-31","3","31","2041"
"519171","2041-04-01","4","1","2041"
"519172","2041-04-02","4","2","2041"
"519173","2041-04-03","4","3","2041"
"519174","2041-04-04","4","4","2041"
"519175","2041-04-05","4","5","2041"
"519176","2041-04-06","4","6","2041"
"519177","2041-04-07","4","7","2041"
"519178","2041-04-08","4","8","2041"
"519179","2041-04-09","4","9","2041"
"519180","2041-04-10","4","10","2041"
"519181","2041-04-11","4","11","2041"
"519182","2041-04-12","4","12","2041"
"519183","2041-04-13","4","13","2041"
"519184","2041-04-14","4","14","2041"
"519185","2041-04-15","4","15","2041"
"519186","2041-04-16","4","16","2041"
"519187","2041-04-17","4","17","2041"
"519188","2041-04-18","4","18","2041"
"519189","2041-04-19","4","19","2041"
"519190","2041-04-20","4","20","2041"
"519191","2041-04-21","4","21","2041"
"519192","2041-04-22","4","22","2041"
"519193","2041-04-23","4","23","2041"
"519194","2041-04-24","4","24","2041"
"519195","2041-04-25","4","25","2041"
"519196","2041-04-26","4","26","2041"
"519197","2041-04-27","4","27","2041"
"519198","2041-04-28","4","28","2041"
"519199","2041-04-29","4","29","2041"
"519200","2041-04-30","4","30","2041"
"519271","2041-05-01","5","1","2041"
"519272","2041-05-02","5","2","2041"
"519273","2041-05-03","5","3","2041"
"519274","2041-05-04","5","4","2041"
"519275","2041-05-05","5","5","2041"
"519276","2041-05-06","5","6","2041"
"519277","2041-05-07","5","7","2041"
"519278","2041-05-08","5","8","2041"
"519279","2041-05-09","5","9","2041"
"519280","2041-05-10","5","10","2041"
"519281","2041-05-11","5","11","2041"
"519282","2041-05-12","5","12","2041"
"519283","2041-05-13","5","13","2041"
"519284","2041-05-14","5","14","2041"
"519285","2041-05-15","5","15","2041"
"519286","2041-05-16","5","16","2041"
"519287","2041-05-17","5","17","2041"
"519288","2041-05-18","5","18","2041"
"519289","2041-05-19","5","19","2041"
"519290","2041-05-20","5","20","2041"
"519291","2041-05-21","5","21","2041"
"519292","2041-05-22","5","22","2041"
"519293","2041-05-23","5","23","2041"
"519294","2041-05-24","5","24","2041"
"519295","2041-05-25","5","25","2041"
"519296","2041-05-26","5","26","2041"
"519297","2041-05-27","5","27","2041"
"519298","2041-05-28","5","28","2041"
"519299","2041-05-29","5","29","2041"
"519300","2041-05-30","5","30","2041"
"519301","2041-05-31","5","31","2041"
"519371","2041-06-01","6","1","2041"
"519372","2041-06-02","6","2","2041"
"519373","2041-06-03","6","3","2041"
"519374","2041-06-04","6","4","2041"
"519375","2041-06-05","6","5","2041"
"519376","2041-06-06","6","6","2041"
"519377","2041-06-07","6","7","2041"
"519378","2041-06-08","6","8","2041"
"519379","2041-06-09","6","9","2041"
"519380","2041-06-10","6","10","2041"
"519381","2041-06-11","6","11","2041"
"519382","2041-06-12","6","12","2041"
"519383","2041-06-13","6","13","2041"
"519384","2041-06-14","6","14","2041"
"519385","2041-06-15","6","15","2041"
"519386","2041-06-16","6","16","2041"
"519387","2041-06-17","6","17","2041"
"519388","2041-06-18","6","18","2041"
"519389","2041-06-19","6","19","2041"
"519390","2041-06-20","6","20","2041"
"519391","2041-06-21","6","21","2041"
"519392","2041-06-22","6","22","2041"
"519393","2041-06-23","6","23","2041"
"519394","2041-06-24","6","24","2041"
"519395","2041-06-25","6","25","2041"
"519396","2041-06-26","6","26","2041"
"519397","2041-06-27","6","27","2041"
"519398","2041-06-28","6","28","2041"
"519399","2041-06-29","6","29","2041"
"519400","2041-06-30","6","30","2041"
"519471","2041-07-01","7","1","2041"
"519472","2041-07-02","7","2","2041"
"519473","2041-07-03","7","3","2041"
"519474","2041-07-04","7","4","2041"
"519475","2041-07-05","7","5","2041"
"519476","2041-07-06","7","6","2041"
"519477","2041-07-07","7","7","2041"
"519478","2041-07-08","7","8","2041"
"519479","2041-07-09","7","9","2041"
"519480","2041-07-10","7","10","2041"
"519481","2041-07-11","7","11","2041"
"519482","2041-07-12","7","12","2041"
"519483","2041-07-13","7","13","2041"
"519484","2041-07-14","7","14","2041"
"519485","2041-07-15","7","15","2041"
"519486","2041-07-16","7","16","2041"
"519487","2041-07-17","7","17","2041"
"519488","2041-07-18","7","18","2041"
"519489","2041-07-19","7","19","2041"
"519490","2041-07-20","7","20","2041"
"519491","2041-07-21","7","21","2041"
"519492","2041-07-22","7","22","2041"
"519493","2041-07-23","7","23","2041"
"519494","2041-07-24","7","24","2041"
"519495","2041-07-25","7","25","2041"
"519496","2041-07-26","7","26","2041"
"519497","2041-07-27","7","27","2041"
"519498","2041-07-28","7","28","2041"
"519499","2041-07-29","7","29","2041"
"519500","2041-07-30","7","30","2041"
"519501","2041-07-31","7","31","2041"
"519571","2041-08-01","8","1","2041"
"519572","2041-08-02","8","2","2041"
"519573","2041-08-03","8","3","2041"
"519574","2041-08-04","8","4","2041"
"519575","2041-08-05","8","5","2041"
"519576","2041-08-06","8","6","2041"
"519577","2041-08-07","8","7","2041"
"519578","2041-08-08","8","8","2041"
"519579","2041-08-09","8","9","2041"
"519580","2041-08-10","8","10","2041"
"519581","2041-08-11","8","11","2041"
"519582","2041-08-12","8","12","2041"
"519583","2041-08-13","8","13","2041"
"519584","2041-08-14","8","14","2041"
"519585","2041-08-15","8","15","2041"
"519586","2041-08-16","8","16","2041"
"519587","2041-08-17","8","17","2041"
"519588","2041-08-18","8","18","2041"
"519589","2041-08-19","8","19","2041"
"519590","2041-08-20","8","20","2041"
"519591","2041-08-21","8","21","2041"
"519592","2041-08-22","8","22","2041"
"519593","2041-08-23","8","23","2041"
"519594","2041-08-24","8","24","2041"
"519595","2041-08-25","8","25","2041"
"519596","2041-08-26","8","26","2041"
"519597","2041-08-27","8","27","2041"
"519598","2041-08-28","8","28","2041"
"519599","2041-08-29","8","29","2041"
"519600","2041-08-30","8","30","2041"
"519601","2041-08-31","8","31","2041"
"519671","2041-09-01","9","1","2041"
"519672","2041-09-02","9","2","2041"
"519673","2041-09-03","9","3","2041"
"519674","2041-09-04","9","4","2041"
"519675","2041-09-05","9","5","2041"
"519676","2041-09-06","9","6","2041"
"519677","2041-09-07","9","7","2041"
"519678","2041-09-08","9","8","2041"
"519679","2041-09-09","9","9","2041"
"519680","2041-09-10","9","10","2041"
"519681","2041-09-11","9","11","2041"
"519682","2041-09-12","9","12","2041"
"519683","2041-09-13","9","13","2041"
"519684","2041-09-14","9","14","2041"
"519685","2041-09-15","9","15","2041"
"519686","2041-09-16","9","16","2041"
"519687","2041-09-17","9","17","2041"
"519688","2041-09-18","9","18","2041"
"519689","2041-09-19","9","19","2041"
"519690","2041-09-20","9","20","2041"
"519691","2041-09-21","9","21","2041"
"519692","2041-09-22","9","22","2041"
"519693","2041-09-23","9","23","2041"
"519694","2041-09-24","9","24","2041"
"519695","2041-09-25","9","25","2041"
"519696","2041-09-26","9","26","2041"
"519697","2041-09-27","9","27","2041"
"519698","2041-09-28","9","28","2041"
"519699","2041-09-29","9","29","2041"
"519700","2041-09-30","9","30","2041"
"519771","2041-10-01","10","1","2041"
"519772","2041-10-02","10","2","2041"
"519773","2041-10-03","10","3","2041"
"519774","2041-10-04","10","4","2041"
"519775","2041-10-05","10","5","2041"
"519776","2041-10-06","10","6","2041"
"519777","2041-10-07","10","7","2041"
"519778","2041-10-08","10","8","2041"
"519779","2041-10-09","10","9","2041"
"519780","2041-10-10","10","10","2041"
"519781","2041-10-11","10","11","2041"
"519782","2041-10-12","10","12","2041"
"519783","2041-10-13","10","13","2041"
"519784","2041-10-14","10","14","2041"
"519785","2041-10-15","10","15","2041"
"519786","2041-10-16","10","16","2041"
"519787","2041-10-17","10","17","2041"
"519788","2041-10-18","10","18","2041"
"519789","2041-10-19","10","19","2041"
"519790","2041-10-20","10","20","2041"
"519791","2041-10-21","10","21","2041"
"519792","2041-10-22","10","22","2041"
"519793","2041-10-23","10","23","2041"
"519794","2041-10-24","10","24","2041"
"519795","2041-10-25","10","25","2041"
"519796","2041-10-26","10","26","2041"
"519797","2041-10-27","10","27","2041"
"519798","2041-10-28","10","28","2041"
"519799","2041-10-29","10","29","2041"
"519800","2041-10-30","10","30","2041"
"519801","2041-10-31","10","31","2041"
"519871","2041-11-01","11","1","2041"
"519872","2041-11-02","11","2","2041"
"519873","2041-11-03","11","3","2041"
"519874","2041-11-04","11","4","2041"
"519875","2041-11-05","11","5","2041"
"519876","2041-11-06","11","6","2041"
"519877","2041-11-07","11","7","2041"
"519878","2041-11-08","11","8","2041"
"519879","2041-11-09","11","9","2041"
"519880","2041-11-10","11","10","2041"
"519881","2041-11-11","11","11","2041"
"519882","2041-11-12","11","12","2041"
"519883","2041-11-13","11","13","2041"
"519884","2041-11-14","11","14","2041"
"519885","2041-11-15","11","15","2041"
"519886","2041-11-16","11","16","2041"
"519887","2041-11-17","11","17","2041"
"519888","2041-11-18","11","18","2041"
"519889","2041-11-19","11","19","2041"
"519890","2041-11-20","11","20","2041"
"519891","2041-11-21","11","21","2041"
"519892","2041-11-22","11","22","2041"
"519893","2041-11-23","11","23","2041"
"519894","2041-11-24","11","24","2041"
"519895","2041-11-25","11","25","2041"
"519896","2041-11-26","11","26","2041"
"519897","2041-11-27","11","27","2041"
"519898","2041-11-28","11","28","2041"
"519899","2041-11-29","11","29","2041"
"519900","2041-11-30","11","30","2041"
"519971","2041-12-01","12","1","2041"
"519972","2041-12-02","12","2","2041"
"519973","2041-12-03","12","3","2041"
"519974","2041-12-04","12","4","2041"
"519975","2041-12-05","12","5","2041"
"519976","2041-12-06","12","6","2041"
"519977","2041-12-07","12","7","2041"
"519978","2041-12-08","12","8","2041"
"519979","2041-12-09","12","9","2041"
"519980","2041-12-10","12","10","2041"
"519981","2041-12-11","12","11","2041"
"519982","2041-12-12","12","12","2041"
"519983","2041-12-13","12","13","2041"
"519984","2041-12-14","12","14","2041"
"519985","2041-12-15","12","15","2041"
"519986","2041-12-16","12","16","2041"
"519987","2041-12-17","12","17","2041"
"519988","2041-12-18","12","18","2041"
"519989","2041-12-19","12","19","2041"
"519990","2041-12-20","12","20","2041"
"519991","2041-12-21","12","21","2041"
"519992","2041-12-22","12","22","2041"
"519993","2041-12-23","12","23","2041"
"519994","2041-12-24","12","24","2041"
"519995","2041-12-25","12","25","2041"
"519996","2041-12-26","12","26","2041"
"519997","2041-12-27","12","27","2041"
"519998","2041-12-28","12","28","2041"
"519999","2041-12-29","12","29","2041"
"520000","2041-12-30","12","30","2041"
"520001","2041-12-31","12","31","2041"
"528871","2042-01-01","1","1","2042"
"528872","2042-01-02","1","2","2042"
"528873","2042-01-03","1","3","2042"
"528874","2042-01-04","1","4","2042"
"528875","2042-01-05","1","5","2042"
"528876","2042-01-06","1","6","2042"
"528877","2042-01-07","1","7","2042"
"528878","2042-01-08","1","8","2042"
"528879","2042-01-09","1","9","2042"
"528880","2042-01-10","1","10","2042"
"528881","2042-01-11","1","11","2042"
"528882","2042-01-12","1","12","2042"
"528883","2042-01-13","1","13","2042"
"528884","2042-01-14","1","14","2042"
"528885","2042-01-15","1","15","2042"
"528886","2042-01-16","1","16","2042"
"528887","2042-01-17","1","17","2042"
"528888","2042-01-18","1","18","2042"
"528889","2042-01-19","1","19","2042"
"528890","2042-01-20","1","20","2042"
"528891","2042-01-21","1","21","2042"
"528892","2042-01-22","1","22","2042"
"528893","2042-01-23","1","23","2042"
"528894","2042-01-24","1","24","2042"
"528895","2042-01-25","1","25","2042"
"528896","2042-01-26","1","26","2042"
"528897","2042-01-27","1","27","2042"
"528898","2042-01-28","1","28","2042"
"528899","2042-01-29","1","29","2042"
"528900","2042-01-30","1","30","2042"
"528901","2042-01-31","1","31","2042"
"528971","2042-02-01","2","1","2042"
"528972","2042-02-02","2","2","2042"
"528973","2042-02-03","2","3","2042"
"528974","2042-02-04","2","4","2042"
"528975","2042-02-05","2","5","2042"
"528976","2042-02-06","2","6","2042"
"528977","2042-02-07","2","7","2042"
"528978","2042-02-08","2","8","2042"
"528979","2042-02-09","2","9","2042"
"528980","2042-02-10","2","10","2042"
"528981","2042-02-11","2","11","2042"
"528982","2042-02-12","2","12","2042"
"528983","2042-02-13","2","13","2042"
"528984","2042-02-14","2","14","2042"
"528985","2042-02-15","2","15","2042"
"528986","2042-02-16","2","16","2042"
"528987","2042-02-17","2","17","2042"
"528988","2042-02-18","2","18","2042"
"528989","2042-02-19","2","19","2042"
"528990","2042-02-20","2","20","2042"
"528991","2042-02-21","2","21","2042"
"528992","2042-02-22","2","22","2042"
"528993","2042-02-23","2","23","2042"
"528994","2042-02-24","2","24","2042"
"528995","2042-02-25","2","25","2042"
"528996","2042-02-26","2","26","2042"
"528997","2042-02-27","2","27","2042"
"528998","2042-02-28","2","28","2042"
"529071","2042-03-01","3","1","2042"
"529072","2042-03-02","3","2","2042"
"529073","2042-03-03","3","3","2042"
"529074","2042-03-04","3","4","2042"
"529075","2042-03-05","3","5","2042"
"529076","2042-03-06","3","6","2042"
"529077","2042-03-07","3","7","2042"
"529078","2042-03-08","3","8","2042"
"529079","2042-03-09","3","9","2042"
"529080","2042-03-10","3","10","2042"
"529081","2042-03-11","3","11","2042"
"529082","2042-03-12","3","12","2042"
"529083","2042-03-13","3","13","2042"
"529084","2042-03-14","3","14","2042"
"529085","2042-03-15","3","15","2042"
"529086","2042-03-16","3","16","2042"
"529087","2042-03-17","3","17","2042"
"529088","2042-03-18","3","18","2042"
"529089","2042-03-19","3","19","2042"
"529090","2042-03-20","3","20","2042"
"529091","2042-03-21","3","21","2042"
"529092","2042-03-22","3","22","2042"
"529093","2042-03-23","3","23","2042"
"529094","2042-03-24","3","24","2042"
"529095","2042-03-25","3","25","2042"
"529096","2042-03-26","3","26","2042"
"529097","2042-03-27","3","27","2042"
"529098","2042-03-28","3","28","2042"
"529099","2042-03-29","3","29","2042"
"529100","2042-03-30","3","30","2042"
"529101","2042-03-31","3","31","2042"
"529171","2042-04-01","4","1","2042"
"529172","2042-04-02","4","2","2042"
"529173","2042-04-03","4","3","2042"
"529174","2042-04-04","4","4","2042"
"529175","2042-04-05","4","5","2042"
"529176","2042-04-06","4","6","2042"
"529177","2042-04-07","4","7","2042"
"529178","2042-04-08","4","8","2042"
"529179","2042-04-09","4","9","2042"
"529180","2042-04-10","4","10","2042"
"529181","2042-04-11","4","11","2042"
"529182","2042-04-12","4","12","2042"
"529183","2042-04-13","4","13","2042"
"529184","2042-04-14","4","14","2042"
"529185","2042-04-15","4","15","2042"
"529186","2042-04-16","4","16","2042"
"529187","2042-04-17","4","17","2042"
"529188","2042-04-18","4","18","2042"
"529189","2042-04-19","4","19","2042"
"529190","2042-04-20","4","20","2042"
"529191","2042-04-21","4","21","2042"
"529192","2042-04-22","4","22","2042"
"529193","2042-04-23","4","23","2042"
"529194","2042-04-24","4","24","2042"
"529195","2042-04-25","4","25","2042"
"529196","2042-04-26","4","26","2042"
"529197","2042-04-27","4","27","2042"
"529198","2042-04-28","4","28","2042"
"529199","2042-04-29","4","29","2042"
"529200","2042-04-30","4","30","2042"
"529271","2042-05-01","5","1","2042"
"529272","2042-05-02","5","2","2042"
"529273","2042-05-03","5","3","2042"
"529274","2042-05-04","5","4","2042"
"529275","2042-05-05","5","5","2042"
"529276","2042-05-06","5","6","2042"
"529277","2042-05-07","5","7","2042"
"529278","2042-05-08","5","8","2042"
"529279","2042-05-09","5","9","2042"
"529280","2042-05-10","5","10","2042"
"529281","2042-05-11","5","11","2042"
"529282","2042-05-12","5","12","2042"
"529283","2042-05-13","5","13","2042"
"529284","2042-05-14","5","14","2042"
"529285","2042-05-15","5","15","2042"
"529286","2042-05-16","5","16","2042"
"529287","2042-05-17","5","17","2042"
"529288","2042-05-18","5","18","2042"
"529289","2042-05-19","5","19","2042"
"529290","2042-05-20","5","20","2042"
"529291","2042-05-21","5","21","2042"
"529292","2042-05-22","5","22","2042"
"529293","2042-05-23","5","23","2042"
"529294","2042-05-24","5","24","2042"
"529295","2042-05-25","5","25","2042"
"529296","2042-05-26","5","26","2042"
"529297","2042-05-27","5","27","2042"
"529298","2042-05-28","5","28","2042"
"529299","2042-05-29","5","29","2042"
"529300","2042-05-30","5","30","2042"
"529301","2042-05-31","5","31","2042"
"529371","2042-06-01","6","1","2042"
"529372","2042-06-02","6","2","2042"
"529373","2042-06-03","6","3","2042"
"529374","2042-06-04","6","4","2042"
"529375","2042-06-05","6","5","2042"
"529376","2042-06-06","6","6","2042"
"529377","2042-06-07","6","7","2042"
"529378","2042-06-08","6","8","2042"
"529379","2042-06-09","6","9","2042"
"529380","2042-06-10","6","10","2042"
"529381","2042-06-11","6","11","2042"
"529382","2042-06-12","6","12","2042"
"529383","2042-06-13","6","13","2042"
"529384","2042-06-14","6","14","2042"
"529385","2042-06-15","6","15","2042"
"529386","2042-06-16","6","16","2042"
"529387","2042-06-17","6","17","2042"
"529388","2042-06-18","6","18","2042"
"529389","2042-06-19","6","19","2042"
"529390","2042-06-20","6","20","2042"
"529391","2042-06-21","6","21","2042"
"529392","2042-06-22","6","22","2042"
"529393","2042-06-23","6","23","2042"
"529394","2042-06-24","6","24","2042"
"529395","2042-06-25","6","25","2042"
"529396","2042-06-26","6","26","2042"
"529397","2042-06-27","6","27","2042"
"529398","2042-06-28","6","28","2042"
"529399","2042-06-29","6","29","2042"
"529400","2042-06-30","6","30","2042"
"529471","2042-07-01","7","1","2042"
"529472","2042-07-02","7","2","2042"
"529473","2042-07-03","7","3","2042"
"529474","2042-07-04","7","4","2042"
"529475","2042-07-05","7","5","2042"
"529476","2042-07-06","7","6","2042"
"529477","2042-07-07","7","7","2042"
"529478","2042-07-08","7","8","2042"
"529479","2042-07-09","7","9","2042"
"529480","2042-07-10","7","10","2042"
"529481","2042-07-11","7","11","2042"
"529482","2042-07-12","7","12","2042"
"529483","2042-07-13","7","13","2042"
"529484","2042-07-14","7","14","2042"
"529485","2042-07-15","7","15","2042"
"529486","2042-07-16","7","16","2042"
"529487","2042-07-17","7","17","2042"
"529488","2042-07-18","7","18","2042"
"529489","2042-07-19","7","19","2042"
"529490","2042-07-20","7","20","2042"
"529491","2042-07-21","7","21","2042"
"529492","2042-07-22","7","22","2042"
"529493","2042-07-23","7","23","2042"
"529494","2042-07-24","7","24","2042"
"529495","2042-07-25","7","25","2042"
"529496","2042-07-26","7","26","2042"
"529497","2042-07-27","7","27","2042"
"529498","2042-07-28","7","28","2042"
"529499","2042-07-29","7","29","2042"
"529500","2042-07-30","7","30","2042"
"529501","2042-07-31","7","31","2042"
"529571","2042-08-01","8","1","2042"
"529572","2042-08-02","8","2","2042"
"529573","2042-08-03","8","3","2042"
"529574","2042-08-04","8","4","2042"
"529575","2042-08-05","8","5","2042"
"529576","2042-08-06","8","6","2042"
"529577","2042-08-07","8","7","2042"
"529578","2042-08-08","8","8","2042"
"529579","2042-08-09","8","9","2042"
"529580","2042-08-10","8","10","2042"
"529581","2042-08-11","8","11","2042"
"529582","2042-08-12","8","12","2042"
"529583","2042-08-13","8","13","2042"
"529584","2042-08-14","8","14","2042"
"529585","2042-08-15","8","15","2042"
"529586","2042-08-16","8","16","2042"
"529587","2042-08-17","8","17","2042"
"529588","2042-08-18","8","18","2042"
"529589","2042-08-19","8","19","2042"
"529590","2042-08-20","8","20","2042"
"529591","2042-08-21","8","21","2042"
"529592","2042-08-22","8","22","2042"
"529593","2042-08-23","8","23","2042"
"529594","2042-08-24","8","24","2042"
"529595","2042-08-25","8","25","2042"
"529596","2042-08-26","8","26","2042"
"529597","2042-08-27","8","27","2042"
"529598","2042-08-28","8","28","2042"
"529599","2042-08-29","8","29","2042"
"529600","2042-08-30","8","30","2042"
"529601","2042-08-31","8","31","2042"
"529671","2042-09-01","9","1","2042"
"529672","2042-09-02","9","2","2042"
"529673","2042-09-03","9","3","2042"
"529674","2042-09-04","9","4","2042"
"529675","2042-09-05","9","5","2042"
"529676","2042-09-06","9","6","2042"
"529677","2042-09-07","9","7","2042"
"529678","2042-09-08","9","8","2042"
"529679","2042-09-09","9","9","2042"
"529680","2042-09-10","9","10","2042"
"529681","2042-09-11","9","11","2042"
"529682","2042-09-12","9","12","2042"
"529683","2042-09-13","9","13","2042"
"529684","2042-09-14","9","14","2042"
"529685","2042-09-15","9","15","2042"
"529686","2042-09-16","9","16","2042"
"529687","2042-09-17","9","17","2042"
"529688","2042-09-18","9","18","2042"
"529689","2042-09-19","9","19","2042"
"529690","2042-09-20","9","20","2042"
"529691","2042-09-21","9","21","2042"
"529692","2042-09-22","9","22","2042"
"529693","2042-09-23","9","23","2042"
"529694","2042-09-24","9","24","2042"
"529695","2042-09-25","9","25","2042"
"529696","2042-09-26","9","26","2042"
"529697","2042-09-27","9","27","2042"
"529698","2042-09-28","9","28","2042"
"529699","2042-09-29","9","29","2042"
"529700","2042-09-30","9","30","2042"
"529771","2042-10-01","10","1","2042"
"529772","2042-10-02","10","2","2042"
"529773","2042-10-03","10","3","2042"
"529774","2042-10-04","10","4","2042"
"529775","2042-10-05","10","5","2042"
"529776","2042-10-06","10","6","2042"
"529777","2042-10-07","10","7","2042"
"529778","2042-10-08","10","8","2042"
"529779","2042-10-09","10","9","2042"
"529780","2042-10-10","10","10","2042"
"529781","2042-10-11","10","11","2042"
"529782","2042-10-12","10","12","2042"
"529783","2042-10-13","10","13","2042"
"529784","2042-10-14","10","14","2042"
"529785","2042-10-15","10","15","2042"
"529786","2042-10-16","10","16","2042"
"529787","2042-10-17","10","17","2042"
"529788","2042-10-18","10","18","2042"
"529789","2042-10-19","10","19","2042"
"529790","2042-10-20","10","20","2042"
"529791","2042-10-21","10","21","2042"
"529792","2042-10-22","10","22","2042"
"529793","2042-10-23","10","23","2042"
"529794","2042-10-24","10","24","2042"
"529795","2042-10-25","10","25","2042"
"529796","2042-10-26","10","26","2042"
"529797","2042-10-27","10","27","2042"
"529798","2042-10-28","10","28","2042"
"529799","2042-10-29","10","29","2042"
"529800","2042-10-30","10","30","2042"
"529801","2042-10-31","10","31","2042"
"529871","2042-11-01","11","1","2042"
"529872","2042-11-02","11","2","2042"
"529873","2042-11-03","11","3","2042"
"529874","2042-11-04","11","4","2042"
"529875","2042-11-05","11","5","2042"
"529876","2042-11-06","11","6","2042"
"529877","2042-11-07","11","7","2042"
"529878","2042-11-08","11","8","2042"
"529879","2042-11-09","11","9","2042"
"529880","2042-11-10","11","10","2042"
"529881","2042-11-11","11","11","2042"
"529882","2042-11-12","11","12","2042"
"529883","2042-11-13","11","13","2042"
"529884","2042-11-14","11","14","2042"
"529885","2042-11-15","11","15","2042"
"529886","2042-11-16","11","16","2042"
"529887","2042-11-17","11","17","2042"
"529888","2042-11-18","11","18","2042"
"529889","2042-11-19","11","19","2042"
"529890","2042-11-20","11","20","2042"
"529891","2042-11-21","11","21","2042"
"529892","2042-11-22","11","22","2042"
"529893","2042-11-23","11","23","2042"
"529894","2042-11-24","11","24","2042"
"529895","2042-11-25","11","25","2042"
"529896","2042-11-26","11","26","2042"
"529897","2042-11-27","11","27","2042"
"529898","2042-11-28","11","28","2042"
"529899","2042-11-29","11","29","2042"
"529900","2042-11-30","11","30","2042"
"529971","2042-12-01","12","1","2042"
"529972","2042-12-02","12","2","2042"
"529973","2042-12-03","12","3","2042"
"529974","2042-12-04","12","4","2042"
"529975","2042-12-05","12","5","2042"
"529976","2042-12-06","12","6","2042"
"529977","2042-12-07","12","7","2042"
"529978","2042-12-08","12","8","2042"
"529979","2042-12-09","12","9","2042"
"529980","2042-12-10","12","10","2042"
"529981","2042-12-11","12","11","2042"
"529982","2042-12-12","12","12","2042"
"529983","2042-12-13","12","13","2042"
"529984","2042-12-14","12","14","2042"
"529985","2042-12-15","12","15","2042"
"529986","2042-12-16","12","16","2042"
"529987","2042-12-17","12","17","2042"
"529988","2042-12-18","12","18","2042"
"529989","2042-12-19","12","19","2042"
"529990","2042-12-20","12","20","2042"
"529991","2042-12-21","12","21","2042"
"529992","2042-12-22","12","22","2042"
"529993","2042-12-23","12","23","2042"
"529994","2042-12-24","12","24","2042"
"529995","2042-12-25","12","25","2042"
"529996","2042-12-26","12","26","2042"
"529997","2042-12-27","12","27","2042"
"529998","2042-12-28","12","28","2042"
"529999","2042-12-29","12","29","2042"
"530000","2042-12-30","12","30","2042"
"530001","2042-12-31","12","31","2042"
"538871","2043-01-01","1","1","2043"
"538872","2043-01-02","1","2","2043"
"538873","2043-01-03","1","3","2043"
"538874","2043-01-04","1","4","2043"
"538875","2043-01-05","1","5","2043"
"538876","2043-01-06","1","6","2043"
"538877","2043-01-07","1","7","2043"
"538878","2043-01-08","1","8","2043"
"538879","2043-01-09","1","9","2043"
"538880","2043-01-10","1","10","2043"
"538881","2043-01-11","1","11","2043"
"538882","2043-01-12","1","12","2043"
"538883","2043-01-13","1","13","2043"
"538884","2043-01-14","1","14","2043"
"538885","2043-01-15","1","15","2043"
"538886","2043-01-16","1","16","2043"
"538887","2043-01-17","1","17","2043"
"538888","2043-01-18","1","18","2043"
"538889","2043-01-19","1","19","2043"
"538890","2043-01-20","1","20","2043"
"538891","2043-01-21","1","21","2043"
"538892","2043-01-22","1","22","2043"
"538893","2043-01-23","1","23","2043"
"538894","2043-01-24","1","24","2043"
"538895","2043-01-25","1","25","2043"
"538896","2043-01-26","1","26","2043"
"538897","2043-01-27","1","27","2043"
"538898","2043-01-28","1","28","2043"
"538899","2043-01-29","1","29","2043"
"538900","2043-01-30","1","30","2043"
"538901","2043-01-31","1","31","2043"
"538971","2043-02-01","2","1","2043"
"538972","2043-02-02","2","2","2043"
"538973","2043-02-03","2","3","2043"
"538974","2043-02-04","2","4","2043"
"538975","2043-02-05","2","5","2043"
"538976","2043-02-06","2","6","2043"
"538977","2043-02-07","2","7","2043"
"538978","2043-02-08","2","8","2043"
"538979","2043-02-09","2","9","2043"
"538980","2043-02-10","2","10","2043"
"538981","2043-02-11","2","11","2043"
"538982","2043-02-12","2","12","2043"
"538983","2043-02-13","2","13","2043"
"538984","2043-02-14","2","14","2043"
"538985","2043-02-15","2","15","2043"
"538986","2043-02-16","2","16","2043"
"538987","2043-02-17","2","17","2043"
"538988","2043-02-18","2","18","2043"
"538989","2043-02-19","2","19","2043"
"538990","2043-02-20","2","20","2043"
"538991","2043-02-21","2","21","2043"
"538992","2043-02-22","2","22","2043"
"538993","2043-02-23","2","23","2043"
"538994","2043-02-24","2","24","2043"
"538995","2043-02-25","2","25","2043"
"538996","2043-02-26","2","26","2043"
"538997","2043-02-27","2","27","2043"
"538998","2043-02-28","2","28","2043"
"539071","2043-03-01","3","1","2043"
"539072","2043-03-02","3","2","2043"
"539073","2043-03-03","3","3","2043"
"539074","2043-03-04","3","4","2043"
"539075","2043-03-05","3","5","2043"
"539076","2043-03-06","3","6","2043"
"539077","2043-03-07","3","7","2043"
"539078","2043-03-08","3","8","2043"
"539079","2043-03-09","3","9","2043"
"539080","2043-03-10","3","10","2043"
"539081","2043-03-11","3","11","2043"
"539082","2043-03-12","3","12","2043"
"539083","2043-03-13","3","13","2043"
"539084","2043-03-14","3","14","2043"
"539085","2043-03-15","3","15","2043"
"539086","2043-03-16","3","16","2043"
"539087","2043-03-17","3","17","2043"
"539088","2043-03-18","3","18","2043"
"539089","2043-03-19","3","19","2043"
"539090","2043-03-20","3","20","2043"
"539091","2043-03-21","3","21","2043"
"539092","2043-03-22","3","22","2043"
"539093","2043-03-23","3","23","2043"
"539094","2043-03-24","3","24","2043"
"539095","2043-03-25","3","25","2043"
"539096","2043-03-26","3","26","2043"
"539097","2043-03-27","3","27","2043"
"539098","2043-03-28","3","28","2043"
"539099","2043-03-29","3","29","2043"
"539100","2043-03-30","3","30","2043"
"539101","2043-03-31","3","31","2043"
"539171","2043-04-01","4","1","2043"
"539172","2043-04-02","4","2","2043"
"539173","2043-04-03","4","3","2043"
"539174","2043-04-04","4","4","2043"
"539175","2043-04-05","4","5","2043"
"539176","2043-04-06","4","6","2043"
"539177","2043-04-07","4","7","2043"
"539178","2043-04-08","4","8","2043"
"539179","2043-04-09","4","9","2043"
"539180","2043-04-10","4","10","2043"
"539181","2043-04-11","4","11","2043"
"539182","2043-04-12","4","12","2043"
"539183","2043-04-13","4","13","2043"
"539184","2043-04-14","4","14","2043"
"539185","2043-04-15","4","15","2043"
"539186","2043-04-16","4","16","2043"
"539187","2043-04-17","4","17","2043"
"539188","2043-04-18","4","18","2043"
"539189","2043-04-19","4","19","2043"
"539190","2043-04-20","4","20","2043"
"539191","2043-04-21","4","21","2043"
"539192","2043-04-22","4","22","2043"
"539193","2043-04-23","4","23","2043"
"539194","2043-04-24","4","24","2043"
"539195","2043-04-25","4","25","2043"
"539196","2043-04-26","4","26","2043"
"539197","2043-04-27","4","27","2043"
"539198","2043-04-28","4","28","2043"
"539199","2043-04-29","4","29","2043"
"539200","2043-04-30","4","30","2043"
"539271","2043-05-01","5","1","2043"
"539272","2043-05-02","5","2","2043"
"539273","2043-05-03","5","3","2043"
"539274","2043-05-04","5","4","2043"
"539275","2043-05-05","5","5","2043"
"539276","2043-05-06","5","6","2043"
"539277","2043-05-07","5","7","2043"
"539278","2043-05-08","5","8","2043"
"539279","2043-05-09","5","9","2043"
"539280","2043-05-10","5","10","2043"
"539281","2043-05-11","5","11","2043"
"539282","2043-05-12","5","12","2043"
"539283","2043-05-13","5","13","2043"
"539284","2043-05-14","5","14","2043"
"539285","2043-05-15","5","15","2043"
"539286","2043-05-16","5","16","2043"
"539287","2043-05-17","5","17","2043"
"539288","2043-05-18","5","18","2043"
"539289","2043-05-19","5","19","2043"
"539290","2043-05-20","5","20","2043"
"539291","2043-05-21","5","21","2043"
"539292","2043-05-22","5","22","2043"
"539293","2043-05-23","5","23","2043"
"539294","2043-05-24","5","24","2043"
"539295","2043-05-25","5","25","2043"
"539296","2043-05-26","5","26","2043"
"539297","2043-05-27","5","27","2043"
"539298","2043-05-28","5","28","2043"
"539299","2043-05-29","5","29","2043"
"539300","2043-05-30","5","30","2043"
"539301","2043-05-31","5","31","2043"
"539371","2043-06-01","6","1","2043"
"539372","2043-06-02","6","2","2043"
"539373","2043-06-03","6","3","2043"
"539374","2043-06-04","6","4","2043"
"539375","2043-06-05","6","5","2043"
"539376","2043-06-06","6","6","2043"
"539377","2043-06-07","6","7","2043"
"539378","2043-06-08","6","8","2043"
"539379","2043-06-09","6","9","2043"
"539380","2043-06-10","6","10","2043"
"539381","2043-06-11","6","11","2043"
"539382","2043-06-12","6","12","2043"
"539383","2043-06-13","6","13","2043"
"539384","2043-06-14","6","14","2043"
"539385","2043-06-15","6","15","2043"
"539386","2043-06-16","6","16","2043"
"539387","2043-06-17","6","17","2043"
"539388","2043-06-18","6","18","2043"
"539389","2043-06-19","6","19","2043"
"539390","2043-06-20","6","20","2043"
"539391","2043-06-21","6","21","2043"
"539392","2043-06-22","6","22","2043"
"539393","2043-06-23","6","23","2043"
"539394","2043-06-24","6","24","2043"
"539395","2043-06-25","6","25","2043"
"539396","2043-06-26","6","26","2043"
"539397","2043-06-27","6","27","2043"
"539398","2043-06-28","6","28","2043"
"539399","2043-06-29","6","29","2043"
"539400","2043-06-30","6","30","2043"
"539471","2043-07-01","7","1","2043"
"539472","2043-07-02","7","2","2043"
"539473","2043-07-03","7","3","2043"
"539474","2043-07-04","7","4","2043"
"539475","2043-07-05","7","5","2043"
"539476","2043-07-06","7","6","2043"
"539477","2043-07-07","7","7","2043"
"539478","2043-07-08","7","8","2043"
"539479","2043-07-09","7","9","2043"
"539480","2043-07-10","7","10","2043"
"539481","2043-07-11","7","11","2043"
"539482","2043-07-12","7","12","2043"
"539483","2043-07-13","7","13","2043"
"539484","2043-07-14","7","14","2043"
"539485","2043-07-15","7","15","2043"
"539486","2043-07-16","7","16","2043"
"539487","2043-07-17","7","17","2043"
"539488","2043-07-18","7","18","2043"
"539489","2043-07-19","7","19","2043"
"539490","2043-07-20","7","20","2043"
"539491","2043-07-21","7","21","2043"
"539492","2043-07-22","7","22","2043"
"539493","2043-07-23","7","23","2043"
"539494","2043-07-24","7","24","2043"
"539495","2043-07-25","7","25","2043"
"539496","2043-07-26","7","26","2043"
"539497","2043-07-27","7","27","2043"
"539498","2043-07-28","7","28","2043"
"539499","2043-07-29","7","29","2043"
"539500","2043-07-30","7","30","2043"
"539501","2043-07-31","7","31","2043"
"539571","2043-08-01","8","1","2043"
"539572","2043-08-02","8","2","2043"
"539573","2043-08-03","8","3","2043"
"539574","2043-08-04","8","4","2043"
"539575","2043-08-05","8","5","2043"
"539576","2043-08-06","8","6","2043"
"539577","2043-08-07","8","7","2043"
"539578","2043-08-08","8","8","2043"
"539579","2043-08-09","8","9","2043"
"539580","2043-08-10","8","10","2043"
"539581","2043-08-11","8","11","2043"
"539582","2043-08-12","8","12","2043"
"539583","2043-08-13","8","13","2043"
"539584","2043-08-14","8","14","2043"
"539585","2043-08-15","8","15","2043"
"539586","2043-08-16","8","16","2043"
"539587","2043-08-17","8","17","2043"
"539588","2043-08-18","8","18","2043"
"539589","2043-08-19","8","19","2043"
"539590","2043-08-20","8","20","2043"
"539591","2043-08-21","8","21","2043"
"539592","2043-08-22","8","22","2043"
"539593","2043-08-23","8","23","2043"
"539594","2043-08-24","8","24","2043"
"539595","2043-08-25","8","25","2043"
"539596","2043-08-26","8","26","2043"
"539597","2043-08-27","8","27","2043"
"539598","2043-08-28","8","28","2043"
"539599","2043-08-29","8","29","2043"
"539600","2043-08-30","8","30","2043"
"539601","2043-08-31","8","31","2043"
"539671","2043-09-01","9","1","2043"
"539672","2043-09-02","9","2","2043"
"539673","2043-09-03","9","3","2043"
"539674","2043-09-04","9","4","2043"
"539675","2043-09-05","9","5","2043"
"539676","2043-09-06","9","6","2043"
"539677","2043-09-07","9","7","2043"
"539678","2043-09-08","9","8","2043"
"539679","2043-09-09","9","9","2043"
"539680","2043-09-10","9","10","2043"
"539681","2043-09-11","9","11","2043"
"539682","2043-09-12","9","12","2043"
"539683","2043-09-13","9","13","2043"
"539684","2043-09-14","9","14","2043"
"539685","2043-09-15","9","15","2043"
"539686","2043-09-16","9","16","2043"
"539687","2043-09-17","9","17","2043"
"539688","2043-09-18","9","18","2043"
"539689","2043-09-19","9","19","2043"
"539690","2043-09-20","9","20","2043"
"539691","2043-09-21","9","21","2043"
"539692","2043-09-22","9","22","2043"
"539693","2043-09-23","9","23","2043"
"539694","2043-09-24","9","24","2043"
"539695","2043-09-25","9","25","2043"
"539696","2043-09-26","9","26","2043"
"539697","2043-09-27","9","27","2043"
"539698","2043-09-28","9","28","2043"
"539699","2043-09-29","9","29","2043"
"539700","2043-09-30","9","30","2043"
"539771","2043-10-01","10","1","2043"
"539772","2043-10-02","10","2","2043"
"539773","2043-10-03","10","3","2043"
"539774","2043-10-04","10","4","2043"
"539775","2043-10-05","10","5","2043"
"539776","2043-10-06","10","6","2043"
"539777","2043-10-07","10","7","2043"
"539778","2043-10-08","10","8","2043"
"539779","2043-10-09","10","9","2043"
"539780","2043-10-10","10","10","2043"
"539781","2043-10-11","10","11","2043"
"539782","2043-10-12","10","12","2043"
"539783","2043-10-13","10","13","2043"
"539784","2043-10-14","10","14","2043"
"539785","2043-10-15","10","15","2043"
"539786","2043-10-16","10","16","2043"
"539787","2043-10-17","10","17","2043"
"539788","2043-10-18","10","18","2043"
"539789","2043-10-19","10","19","2043"
"539790","2043-10-20","10","20","2043"
"539791","2043-10-21","10","21","2043"
"539792","2043-10-22","10","22","2043"
"539793","2043-10-23","10","23","2043"
"539794","2043-10-24","10","24","2043"
"539795","2043-10-25","10","25","2043"
"539796","2043-10-26","10","26","2043"
"539797","2043-10-27","10","27","2043"
"539798","2043-10-28","10","28","2043"
"539799","2043-10-29","10","29","2043"
"539800","2043-10-30","10","30","2043"
"539801","2043-10-31","10","31","2043"
"539871","2043-11-01","11","1","2043"
"539872","2043-11-02","11","2","2043"
"539873","2043-11-03","11","3","2043"
"539874","2043-11-04","11","4","2043"
"539875","2043-11-05","11","5","2043"
"539876","2043-11-06","11","6","2043"
"539877","2043-11-07","11","7","2043"
"539878","2043-11-08","11","8","2043"
"539879","2043-11-09","11","9","2043"
"539880","2043-11-10","11","10","2043"
"539881","2043-11-11","11","11","2043"
"539882","2043-11-12","11","12","2043"
"539883","2043-11-13","11","13","2043"
"539884","2043-11-14","11","14","2043"
"539885","2043-11-15","11","15","2043"
"539886","2043-11-16","11","16","2043"
"539887","2043-11-17","11","17","2043"
"539888","2043-11-18","11","18","2043"
"539889","2043-11-19","11","19","2043"
"539890","2043-11-20","11","20","2043"
"539891","2043-11-21","11","21","2043"
"539892","2043-11-22","11","22","2043"
"539893","2043-11-23","11","23","2043"
"539894","2043-11-24","11","24","2043"
"539895","2043-11-25","11","25","2043"
"539896","2043-11-26","11","26","2043"
"539897","2043-11-27","11","27","2043"
"539898","2043-11-28","11","28","2043"
"539899","2043-11-29","11","29","2043"
"539900","2043-11-30","11","30","2043"
"539971","2043-12-01","12","1","2043"
"539972","2043-12-02","12","2","2043"
"539973","2043-12-03","12","3","2043"
"539974","2043-12-04","12","4","2043"
"539975","2043-12-05","12","5","2043"
"539976","2043-12-06","12","6","2043"
"539977","2043-12-07","12","7","2043"
"539978","2043-12-08","12","8","2043"
"539979","2043-12-09","12","9","2043"
"539980","2043-12-10","12","10","2043"
"539981","2043-12-11","12","11","2043"
"539982","2043-12-12","12","12","2043"
"539983","2043-12-13","12","13","2043"
"539984","2043-12-14","12","14","2043"
"539985","2043-12-15","12","15","2043"
"539986","2043-12-16","12","16","2043"
"539987","2043-12-17","12","17","2043"
"539988","2043-12-18","12","18","2043"
"539989","2043-12-19","12","19","2043"
"539990","2043-12-20","12","20","2043"
"539991","2043-12-21","12","21","2043"
"539992","2043-12-22","12","22","2043"
"539993","2043-12-23","12","23","2043"
"539994","2043-12-24","12","24","2043"
"539995","2043-12-25","12","25","2043"
"539996","2043-12-26","12","26","2043"
"539997","2043-12-27","12","27","2043"
"539998","2043-12-28","12","28","2043"
"539999","2043-12-29","12","29","2043"
"540000","2043-12-30","12","30","2043"
"540001","2043-12-31","12","31","2043"
"548871","2044-01-01","1","1","2044"
"548872","2044-01-02","1","2","2044"
"548873","2044-01-03","1","3","2044"
"548874","2044-01-04","1","4","2044"
"548875","2044-01-05","1","5","2044"
"548876","2044-01-06","1","6","2044"
"548877","2044-01-07","1","7","2044"
"548878","2044-01-08","1","8","2044"
"548879","2044-01-09","1","9","2044"
"548880","2044-01-10","1","10","2044"
"548881","2044-01-11","1","11","2044"
"548882","2044-01-12","1","12","2044"
"548883","2044-01-13","1","13","2044"
"548884","2044-01-14","1","14","2044"
"548885","2044-01-15","1","15","2044"
"548886","2044-01-16","1","16","2044"
"548887","2044-01-17","1","17","2044"
"548888","2044-01-18","1","18","2044"
"548889","2044-01-19","1","19","2044"
"548890","2044-01-20","1","20","2044"
"548891","2044-01-21","1","21","2044"
"548892","2044-01-22","1","22","2044"
"548893","2044-01-23","1","23","2044"
"548894","2044-01-24","1","24","2044"
"548895","2044-01-25","1","25","2044"
"548896","2044-01-26","1","26","2044"
"548897","2044-01-27","1","27","2044"
"548898","2044-01-28","1","28","2044"
"548899","2044-01-29","1","29","2044"
"548900","2044-01-30","1","30","2044"
"548901","2044-01-31","1","31","2044"
"548971","2044-02-01","2","1","2044"
"548972","2044-02-02","2","2","2044"
"548973","2044-02-03","2","3","2044"
"548974","2044-02-04","2","4","2044"
"548975","2044-02-05","2","5","2044"
"548976","2044-02-06","2","6","2044"
"548977","2044-02-07","2","7","2044"
"548978","2044-02-08","2","8","2044"
"548979","2044-02-09","2","9","2044"
"548980","2044-02-10","2","10","2044"
"548981","2044-02-11","2","11","2044"
"548982","2044-02-12","2","12","2044"
"548983","2044-02-13","2","13","2044"
"548984","2044-02-14","2","14","2044"
"548985","2044-02-15","2","15","2044"
"548986","2044-02-16","2","16","2044"
"548987","2044-02-17","2","17","2044"
"548988","2044-02-18","2","18","2044"
"548989","2044-02-19","2","19","2044"
"548990","2044-02-20","2","20","2044"
"548991","2044-02-21","2","21","2044"
"548992","2044-02-22","2","22","2044"
"548993","2044-02-23","2","23","2044"
"548994","2044-02-24","2","24","2044"
"548995","2044-02-25","2","25","2044"
"548996","2044-02-26","2","26","2044"
"548997","2044-02-27","2","27","2044"
"548998","2044-02-28","2","28","2044"
"548999","2044-02-29","2","29","2044"
"549071","2044-03-01","3","1","2044"
"549072","2044-03-02","3","2","2044"
"549073","2044-03-03","3","3","2044"
"549074","2044-03-04","3","4","2044"
"549075","2044-03-05","3","5","2044"
"549076","2044-03-06","3","6","2044"
"549077","2044-03-07","3","7","2044"
"549078","2044-03-08","3","8","2044"
"549079","2044-03-09","3","9","2044"
"549080","2044-03-10","3","10","2044"
"549081","2044-03-11","3","11","2044"
"549082","2044-03-12","3","12","2044"
"549083","2044-03-13","3","13","2044"
"549084","2044-03-14","3","14","2044"
"549085","2044-03-15","3","15","2044"
"549086","2044-03-16","3","16","2044"
"549087","2044-03-17","3","17","2044"
"549088","2044-03-18","3","18","2044"
"549089","2044-03-19","3","19","2044"
"549090","2044-03-20","3","20","2044"
"549091","2044-03-21","3","21","2044"
"549092","2044-03-22","3","22","2044"
"549093","2044-03-23","3","23","2044"
"549094","2044-03-24","3","24","2044"
"549095","2044-03-25","3","25","2044"
"549096","2044-03-26","3","26","2044"
"549097","2044-03-27","3","27","2044"
"549098","2044-03-28","3","28","2044"
"549099","2044-03-29","3","29","2044"
"549100","2044-03-30","3","30","2044"
"549101","2044-03-31","3","31","2044"
"549171","2044-04-01","4","1","2044"
"549172","2044-04-02","4","2","2044"
"549173","2044-04-03","4","3","2044"
"549174","2044-04-04","4","4","2044"
"549175","2044-04-05","4","5","2044"
"549176","2044-04-06","4","6","2044"
"549177","2044-04-07","4","7","2044"
"549178","2044-04-08","4","8","2044"
"549179","2044-04-09","4","9","2044"
"549180","2044-04-10","4","10","2044"
"549181","2044-04-11","4","11","2044"
"549182","2044-04-12","4","12","2044"
"549183","2044-04-13","4","13","2044"
"549184","2044-04-14","4","14","2044"
"549185","2044-04-15","4","15","2044"
"549186","2044-04-16","4","16","2044"
"549187","2044-04-17","4","17","2044"
"549188","2044-04-18","4","18","2044"
"549189","2044-04-19","4","19","2044"
"549190","2044-04-20","4","20","2044"
"549191","2044-04-21","4","21","2044"
"549192","2044-04-22","4","22","2044"
"549193","2044-04-23","4","23","2044"
"549194","2044-04-24","4","24","2044"
"549195","2044-04-25","4","25","2044"
"549196","2044-04-26","4","26","2044"
"549197","2044-04-27","4","27","2044"
"549198","2044-04-28","4","28","2044"
"549199","2044-04-29","4","29","2044"
"549200","2044-04-30","4","30","2044"
"549271","2044-05-01","5","1","2044"
"549272","2044-05-02","5","2","2044"
"549273","2044-05-03","5","3","2044"
"549274","2044-05-04","5","4","2044"
"549275","2044-05-05","5","5","2044"
"549276","2044-05-06","5","6","2044"
"549277","2044-05-07","5","7","2044"
"549278","2044-05-08","5","8","2044"
"549279","2044-05-09","5","9","2044"
"549280","2044-05-10","5","10","2044"
"549281","2044-05-11","5","11","2044"
"549282","2044-05-12","5","12","2044"
"549283","2044-05-13","5","13","2044"
"549284","2044-05-14","5","14","2044"
"549285","2044-05-15","5","15","2044"
"549286","2044-05-16","5","16","2044"
"549287","2044-05-17","5","17","2044"
"549288","2044-05-18","5","18","2044"
"549289","2044-05-19","5","19","2044"
"549290","2044-05-20","5","20","2044"
"549291","2044-05-21","5","21","2044"
"549292","2044-05-22","5","22","2044"
"549293","2044-05-23","5","23","2044"
"549294","2044-05-24","5","24","2044"
"549295","2044-05-25","5","25","2044"
"549296","2044-05-26","5","26","2044"
"549297","2044-05-27","5","27","2044"
"549298","2044-05-28","5","28","2044"
"549299","2044-05-29","5","29","2044"
"549300","2044-05-30","5","30","2044"
"549301","2044-05-31","5","31","2044"
"549371","2044-06-01","6","1","2044"
"549372","2044-06-02","6","2","2044"
"549373","2044-06-03","6","3","2044"
"549374","2044-06-04","6","4","2044"
"549375","2044-06-05","6","5","2044"
"549376","2044-06-06","6","6","2044"
"549377","2044-06-07","6","7","2044"
"549378","2044-06-08","6","8","2044"
"549379","2044-06-09","6","9","2044"
"549380","2044-06-10","6","10","2044"
"549381","2044-06-11","6","11","2044"
"549382","2044-06-12","6","12","2044"
"549383","2044-06-13","6","13","2044"
"549384","2044-06-14","6","14","2044"
"549385","2044-06-15","6","15","2044"
"549386","2044-06-16","6","16","2044"
"549387","2044-06-17","6","17","2044"
"549388","2044-06-18","6","18","2044"
"549389","2044-06-19","6","19","2044"
"549390","2044-06-20","6","20","2044"
"549391","2044-06-21","6","21","2044"
"549392","2044-06-22","6","22","2044"
"549393","2044-06-23","6","23","2044"
"549394","2044-06-24","6","24","2044"
"549395","2044-06-25","6","25","2044"
"549396","2044-06-26","6","26","2044"
"549397","2044-06-27","6","27","2044"
"549398","2044-06-28","6","28","2044"
"549399","2044-06-29","6","29","2044"
"549400","2044-06-30","6","30","2044"
"549471","2044-07-01","7","1","2044"
"549472","2044-07-02","7","2","2044"
"549473","2044-07-03","7","3","2044"
"549474","2044-07-04","7","4","2044"
"549475","2044-07-05","7","5","2044"
"549476","2044-07-06","7","6","2044"
"549477","2044-07-07","7","7","2044"
"549478","2044-07-08","7","8","2044"
"549479","2044-07-09","7","9","2044"
"549480","2044-07-10","7","10","2044"
"549481","2044-07-11","7","11","2044"
"549482","2044-07-12","7","12","2044"
"549483","2044-07-13","7","13","2044"
"549484","2044-07-14","7","14","2044"
"549485","2044-07-15","7","15","2044"
"549486","2044-07-16","7","16","2044"
"549487","2044-07-17","7","17","2044"
"549488","2044-07-18","7","18","2044"
"549489","2044-07-19","7","19","2044"
"549490","2044-07-20","7","20","2044"
"549491","2044-07-21","7","21","2044"
"549492","2044-07-22","7","22","2044"
"549493","2044-07-23","7","23","2044"
"549494","2044-07-24","7","24","2044"
"549495","2044-07-25","7","25","2044"
"549496","2044-07-26","7","26","2044"
"549497","2044-07-27","7","27","2044"
"549498","2044-07-28","7","28","2044"
"549499","2044-07-29","7","29","2044"
"549500","2044-07-30","7","30","2044"
"549501","2044-07-31","7","31","2044"
"549571","2044-08-01","8","1","2044"
"549572","2044-08-02","8","2","2044"
"549573","2044-08-03","8","3","2044"
"549574","2044-08-04","8","4","2044"
"549575","2044-08-05","8","5","2044"
"549576","2044-08-06","8","6","2044"
"549577","2044-08-07","8","7","2044"
"549578","2044-08-08","8","8","2044"
"549579","2044-08-09","8","9","2044"
"549580","2044-08-10","8","10","2044"
"549581","2044-08-11","8","11","2044"
"549582","2044-08-12","8","12","2044"
"549583","2044-08-13","8","13","2044"
"549584","2044-08-14","8","14","2044"
"549585","2044-08-15","8","15","2044"
"549586","2044-08-16","8","16","2044"
"549587","2044-08-17","8","17","2044"
"549588","2044-08-18","8","18","2044"
"549589","2044-08-19","8","19","2044"
"549590","2044-08-20","8","20","2044"
"549591","2044-08-21","8","21","2044"
"549592","2044-08-22","8","22","2044"
"549593","2044-08-23","8","23","2044"
"549594","2044-08-24","8","24","2044"
"549595","2044-08-25","8","25","2044"
"549596","2044-08-26","8","26","2044"
"549597","2044-08-27","8","27","2044"
"549598","2044-08-28","8","28","2044"
"549599","2044-08-29","8","29","2044"
"549600","2044-08-30","8","30","2044"
"549601","2044-08-31","8","31","2044"
"549671","2044-09-01","9","1","2044"
"549672","2044-09-02","9","2","2044"
"549673","2044-09-03","9","3","2044"
"549674","2044-09-04","9","4","2044"
"549675","2044-09-05","9","5","2044"
"549676","2044-09-06","9","6","2044"
"549677","2044-09-07","9","7","2044"
"549678","2044-09-08","9","8","2044"
"549679","2044-09-09","9","9","2044"
"549680","2044-09-10","9","10","2044"
"549681","2044-09-11","9","11","2044"
"549682","2044-09-12","9","12","2044"
"549683","2044-09-13","9","13","2044"
"549684","2044-09-14","9","14","2044"
"549685","2044-09-15","9","15","2044"
"549686","2044-09-16","9","16","2044"
"549687","2044-09-17","9","17","2044"
"549688","2044-09-18","9","18","2044"
"549689","2044-09-19","9","19","2044"
"549690","2044-09-20","9","20","2044"
"549691","2044-09-21","9","21","2044"
"549692","2044-09-22","9","22","2044"
"549693","2044-09-23","9","23","2044"
"549694","2044-09-24","9","24","2044"
"549695","2044-09-25","9","25","2044"
"549696","2044-09-26","9","26","2044"
"549697","2044-09-27","9","27","2044"
"549698","2044-09-28","9","28","2044"
"549699","2044-09-29","9","29","2044"
"549700","2044-09-30","9","30","2044"
"549771","2044-10-01","10","1","2044"
"549772","2044-10-02","10","2","2044"
"549773","2044-10-03","10","3","2044"
"549774","2044-10-04","10","4","2044"
"549775","2044-10-05","10","5","2044"
"549776","2044-10-06","10","6","2044"
"549777","2044-10-07","10","7","2044"
"549778","2044-10-08","10","8","2044"
"549779","2044-10-09","10","9","2044"
"549780","2044-10-10","10","10","2044"
"549781","2044-10-11","10","11","2044"
"549782","2044-10-12","10","12","2044"
"549783","2044-10-13","10","13","2044"
"549784","2044-10-14","10","14","2044"
"549785","2044-10-15","10","15","2044"
"549786","2044-10-16","10","16","2044"
"549787","2044-10-17","10","17","2044"
"549788","2044-10-18","10","18","2044"
"549789","2044-10-19","10","19","2044"
"549790","2044-10-20","10","20","2044"
"549791","2044-10-21","10","21","2044"
"549792","2044-10-22","10","22","2044"
"549793","2044-10-23","10","23","2044"
"549794","2044-10-24","10","24","2044"
"549795","2044-10-25","10","25","2044"
"549796","2044-10-26","10","26","2044"
"549797","2044-10-27","10","27","2044"
"549798","2044-10-28","10","28","2044"
"549799","2044-10-29","10","29","2044"
"549800","2044-10-30","10","30","2044"
"549801","2044-10-31","10","31","2044"
"549871","2044-11-01","11","1","2044"
"549872","2044-11-02","11","2","2044"
"549873","2044-11-03","11","3","2044"
"549874","2044-11-04","11","4","2044"
"549875","2044-11-05","11","5","2044"
"549876","2044-11-06","11","6","2044"
"549877","2044-11-07","11","7","2044"
"549878","2044-11-08","11","8","2044"
"549879","2044-11-09","11","9","2044"
"549880","2044-11-10","11","10","2044"
"549881","2044-11-11","11","11","2044"
"549882","2044-11-12","11","12","2044"
"549883","2044-11-13","11","13","2044"
"549884","2044-11-14","11","14","2044"
"549885","2044-11-15","11","15","2044"
"549886","2044-11-16","11","16","2044"
"549887","2044-11-17","11","17","2044"
"549888","2044-11-18","11","18","2044"
"549889","2044-11-19","11","19","2044"
"549890","2044-11-20","11","20","2044"
"549891","2044-11-21","11","21","2044"
"549892","2044-11-22","11","22","2044"
"549893","2044-11-23","11","23","2044"
"549894","2044-11-24","11","24","2044"
"549895","2044-11-25","11","25","2044"
"549896","2044-11-26","11","26","2044"
"549897","2044-11-27","11","27","2044"
"549898","2044-11-28","11","28","2044"
"549899","2044-11-29","11","29","2044"
"549900","2044-11-30","11","30","2044"
"549971","2044-12-01","12","1","2044"
"549972","2044-12-02","12","2","2044"
"549973","2044-12-03","12","3","2044"
"549974","2044-12-04","12","4","2044"
"549975","2044-12-05","12","5","2044"
"549976","2044-12-06","12","6","2044"
"549977","2044-12-07","12","7","2044"
"549978","2044-12-08","12","8","2044"
"549979","2044-12-09","12","9","2044"
"549980","2044-12-10","12","10","2044"
"549981","2044-12-11","12","11","2044"
"549982","2044-12-12","12","12","2044"
"549983","2044-12-13","12","13","2044"
"549984","2044-12-14","12","14","2044"
"549985","2044-12-15","12","15","2044"
"549986","2044-12-16","12","16","2044"
"549987","2044-12-17","12","17","2044"
"549988","2044-12-18","12","18","2044"
"549989","2044-12-19","12","19","2044"
"549990","2044-12-20","12","20","2044"
"549991","2044-12-21","12","21","2044"
"549992","2044-12-22","12","22","2044"
"549993","2044-12-23","12","23","2044"
"549994","2044-12-24","12","24","2044"
"549995","2044-12-25","12","25","2044"
"549996","2044-12-26","12","26","2044"
"549997","2044-12-27","12","27","2044"
"549998","2044-12-28","12","28","2044"
"549999","2044-12-29","12","29","2044"
"550000","2044-12-30","12","30","2044"
"550001","2044-12-31","12","31","2044"
"558871","2045-01-01","1","1","2045"
"558872","2045-01-02","1","2","2045"
"558873","2045-01-03","1","3","2045"
"558874","2045-01-04","1","4","2045"
"558875","2045-01-05","1","5","2045"
"558876","2045-01-06","1","6","2045"
"558877","2045-01-07","1","7","2045"
"558878","2045-01-08","1","8","2045"
"558879","2045-01-09","1","9","2045"
"558880","2045-01-10","1","10","2045"
"558881","2045-01-11","1","11","2045"
"558882","2045-01-12","1","12","2045"
"558883","2045-01-13","1","13","2045"
"558884","2045-01-14","1","14","2045"
"558885","2045-01-15","1","15","2045"
"558886","2045-01-16","1","16","2045"
"558887","2045-01-17","1","17","2045"
"558888","2045-01-18","1","18","2045"
"558889","2045-01-19","1","19","2045"
"558890","2045-01-20","1","20","2045"
"558891","2045-01-21","1","21","2045"
"558892","2045-01-22","1","22","2045"
"558893","2045-01-23","1","23","2045"
"558894","2045-01-24","1","24","2045"
"558895","2045-01-25","1","25","2045"
"558896","2045-01-26","1","26","2045"
"558897","2045-01-27","1","27","2045"
"558898","2045-01-28","1","28","2045"
"558899","2045-01-29","1","29","2045"
"558900","2045-01-30","1","30","2045"
"558901","2045-01-31","1","31","2045"
"558971","2045-02-01","2","1","2045"
"558972","2045-02-02","2","2","2045"
"558973","2045-02-03","2","3","2045"
"558974","2045-02-04","2","4","2045"
"558975","2045-02-05","2","5","2045"
"558976","2045-02-06","2","6","2045"
"558977","2045-02-07","2","7","2045"
"558978","2045-02-08","2","8","2045"
"558979","2045-02-09","2","9","2045"
"558980","2045-02-10","2","10","2045"
"558981","2045-02-11","2","11","2045"
"558982","2045-02-12","2","12","2045"
"558983","2045-02-13","2","13","2045"
"558984","2045-02-14","2","14","2045"
"558985","2045-02-15","2","15","2045"
"558986","2045-02-16","2","16","2045"
"558987","2045-02-17","2","17","2045"
"558988","2045-02-18","2","18","2045"
"558989","2045-02-19","2","19","2045"
"558990","2045-02-20","2","20","2045"
"558991","2045-02-21","2","21","2045"
"558992","2045-02-22","2","22","2045"
"558993","2045-02-23","2","23","2045"
"558994","2045-02-24","2","24","2045"
"558995","2045-02-25","2","25","2045"
"558996","2045-02-26","2","26","2045"
"558997","2045-02-27","2","27","2045"
"558998","2045-02-28","2","28","2045"
"559071","2045-03-01","3","1","2045"
"559072","2045-03-02","3","2","2045"
"559073","2045-03-03","3","3","2045"
"559074","2045-03-04","3","4","2045"
"559075","2045-03-05","3","5","2045"
"559076","2045-03-06","3","6","2045"
"559077","2045-03-07","3","7","2045"
"559078","2045-03-08","3","8","2045"
"559079","2045-03-09","3","9","2045"
"559080","2045-03-10","3","10","2045"
"559081","2045-03-11","3","11","2045"
"559082","2045-03-12","3","12","2045"
"559083","2045-03-13","3","13","2045"
"559084","2045-03-14","3","14","2045"
"559085","2045-03-15","3","15","2045"
"559086","2045-03-16","3","16","2045"
"559087","2045-03-17","3","17","2045"
"559088","2045-03-18","3","18","2045"
"559089","2045-03-19","3","19","2045"
"559090","2045-03-20","3","20","2045"
"559091","2045-03-21","3","21","2045"
"559092","2045-03-22","3","22","2045"
"559093","2045-03-23","3","23","2045"
"559094","2045-03-24","3","24","2045"
"559095","2045-03-25","3","25","2045"
"559096","2045-03-26","3","26","2045"
"559097","2045-03-27","3","27","2045"
"559098","2045-03-28","3","28","2045"
"559099","2045-03-29","3","29","2045"
"559100","2045-03-30","3","30","2045"
"559101","2045-03-31","3","31","2045"
"559171","2045-04-01","4","1","2045"
"559172","2045-04-02","4","2","2045"
"559173","2045-04-03","4","3","2045"
"559174","2045-04-04","4","4","2045"
"559175","2045-04-05","4","5","2045"
"559176","2045-04-06","4","6","2045"
"559177","2045-04-07","4","7","2045"
"559178","2045-04-08","4","8","2045"
"559179","2045-04-09","4","9","2045"
"559180","2045-04-10","4","10","2045"
"559181","2045-04-11","4","11","2045"
"559182","2045-04-12","4","12","2045"
"559183","2045-04-13","4","13","2045"
"559184","2045-04-14","4","14","2045"
"559185","2045-04-15","4","15","2045"
"559186","2045-04-16","4","16","2045"
"559187","2045-04-17","4","17","2045"
"559188","2045-04-18","4","18","2045"
"559189","2045-04-19","4","19","2045"
"559190","2045-04-20","4","20","2045"
"559191","2045-04-21","4","21","2045"
"559192","2045-04-22","4","22","2045"
"559193","2045-04-23","4","23","2045"
"559194","2045-04-24","4","24","2045"
"559195","2045-04-25","4","25","2045"
"559196","2045-04-26","4","26","2045"
"559197","2045-04-27","4","27","2045"
"559198","2045-04-28","4","28","2045"
"559199","2045-04-29","4","29","2045"
"559200","2045-04-30","4","30","2045"
"559271","2045-05-01","5","1","2045"
"559272","2045-05-02","5","2","2045"
"559273","2045-05-03","5","3","2045"
"559274","2045-05-04","5","4","2045"
"559275","2045-05-05","5","5","2045"
"559276","2045-05-06","5","6","2045"
"559277","2045-05-07","5","7","2045"
"559278","2045-05-08","5","8","2045"
"559279","2045-05-09","5","9","2045"
"559280","2045-05-10","5","10","2045"
"559281","2045-05-11","5","11","2045"
"559282","2045-05-12","5","12","2045"
"559283","2045-05-13","5","13","2045"
"559284","2045-05-14","5","14","2045"
"559285","2045-05-15","5","15","2045"
"559286","2045-05-16","5","16","2045"
"559287","2045-05-17","5","17","2045"
"559288","2045-05-18","5","18","2045"
"559289","2045-05-19","5","19","2045"
"559290","2045-05-20","5","20","2045"
"559291","2045-05-21","5","21","2045"
"559292","2045-05-22","5","22","2045"
"559293","2045-05-23","5","23","2045"
"559294","2045-05-24","5","24","2045"
"559295","2045-05-25","5","25","2045"
"559296","2045-05-26","5","26","2045"
"559297","2045-05-27","5","27","2045"
"559298","2045-05-28","5","28","2045"
"559299","2045-05-29","5","29","2045"
"559300","2045-05-30","5","30","2045"
"559301","2045-05-31","5","31","2045"
"559371","2045-06-01","6","1","2045"
"559372","2045-06-02","6","2","2045"
"559373","2045-06-03","6","3","2045"
"559374","2045-06-04","6","4","2045"
"559375","2045-06-05","6","5","2045"
"559376","2045-06-06","6","6","2045"
"559377","2045-06-07","6","7","2045"
"559378","2045-06-08","6","8","2045"
"559379","2045-06-09","6","9","2045"
"559380","2045-06-10","6","10","2045"
"559381","2045-06-11","6","11","2045"
"559382","2045-06-12","6","12","2045"
"559383","2045-06-13","6","13","2045"
"559384","2045-06-14","6","14","2045"
"559385","2045-06-15","6","15","2045"
"559386","2045-06-16","6","16","2045"
"559387","2045-06-17","6","17","2045"
"559388","2045-06-18","6","18","2045"
"559389","2045-06-19","6","19","2045"
"559390","2045-06-20","6","20","2045"
"559391","2045-06-21","6","21","2045"
"559392","2045-06-22","6","22","2045"
"559393","2045-06-23","6","23","2045"
"559394","2045-06-24","6","24","2045"
"559395","2045-06-25","6","25","2045"
"559396","2045-06-26","6","26","2045"
"559397","2045-06-27","6","27","2045"
"559398","2045-06-28","6","28","2045"
"559399","2045-06-29","6","29","2045"
"559400","2045-06-30","6","30","2045"
"559471","2045-07-01","7","1","2045"
"559472","2045-07-02","7","2","2045"
"559473","2045-07-03","7","3","2045"
"559474","2045-07-04","7","4","2045"
"559475","2045-07-05","7","5","2045"
"559476","2045-07-06","7","6","2045"
"559477","2045-07-07","7","7","2045"
"559478","2045-07-08","7","8","2045"
"559479","2045-07-09","7","9","2045"
"559480","2045-07-10","7","10","2045"
"559481","2045-07-11","7","11","2045"
"559482","2045-07-12","7","12","2045"
"559483","2045-07-13","7","13","2045"
"559484","2045-07-14","7","14","2045"
"559485","2045-07-15","7","15","2045"
"559486","2045-07-16","7","16","2045"
"559487","2045-07-17","7","17","2045"
"559488","2045-07-18","7","18","2045"
"559489","2045-07-19","7","19","2045"
"559490","2045-07-20","7","20","2045"
"559491","2045-07-21","7","21","2045"
"559492","2045-07-22","7","22","2045"
"559493","2045-07-23","7","23","2045"
"559494","2045-07-24","7","24","2045"
"559495","2045-07-25","7","25","2045"
"559496","2045-07-26","7","26","2045"
"559497","2045-07-27","7","27","2045"
"559498","2045-07-28","7","28","2045"
"559499","2045-07-29","7","29","2045"
"559500","2045-07-30","7","30","2045"
"559501","2045-07-31","7","31","2045"
"559571","2045-08-01","8","1","2045"
"559572","2045-08-02","8","2","2045"
"559573","2045-08-03","8","3","2045"
"559574","2045-08-04","8","4","2045"
"559575","2045-08-05","8","5","2045"
"559576","2045-08-06","8","6","2045"
"559577","2045-08-07","8","7","2045"
"559578","2045-08-08","8","8","2045"
"559579","2045-08-09","8","9","2045"
"559580","2045-08-10","8","10","2045"
"559581","2045-08-11","8","11","2045"
"559582","2045-08-12","8","12","2045"
"559583","2045-08-13","8","13","2045"
"559584","2045-08-14","8","14","2045"
"559585","2045-08-15","8","15","2045"
"559586","2045-08-16","8","16","2045"
"559587","2045-08-17","8","17","2045"
"559588","2045-08-18","8","18","2045"
"559589","2045-08-19","8","19","2045"
"559590","2045-08-20","8","20","2045"
"559591","2045-08-21","8","21","2045"
"559592","2045-08-22","8","22","2045"
"559593","2045-08-23","8","23","2045"
"559594","2045-08-24","8","24","2045"
"559595","2045-08-25","8","25","2045"
"559596","2045-08-26","8","26","2045"
"559597","2045-08-27","8","27","2045"
"559598","2045-08-28","8","28","2045"
"559599","2045-08-29","8","29","2045"
"559600","2045-08-30","8","30","2045"
"559601","2045-08-31","8","31","2045"
"559671","2045-09-01","9","1","2045"
"559672","2045-09-02","9","2","2045"
"559673","2045-09-03","9","3","2045"
"559674","2045-09-04","9","4","2045"
"559675","2045-09-05","9","5","2045"
"559676","2045-09-06","9","6","2045"
"559677","2045-09-07","9","7","2045"
"559678","2045-09-08","9","8","2045"
"559679","2045-09-09","9","9","2045"
"559680","2045-09-10","9","10","2045"
"559681","2045-09-11","9","11","2045"
"559682","2045-09-12","9","12","2045"
"559683","2045-09-13","9","13","2045"
"559684","2045-09-14","9","14","2045"
"559685","2045-09-15","9","15","2045"
"559686","2045-09-16","9","16","2045"
"559687","2045-09-17","9","17","2045"
"559688","2045-09-18","9","18","2045"
"559689","2045-09-19","9","19","2045"
"559690","2045-09-20","9","20","2045"
"559691","2045-09-21","9","21","2045"
"559692","2045-09-22","9","22","2045"
"559693","2045-09-23","9","23","2045"
"559694","2045-09-24","9","24","2045"
"559695","2045-09-25","9","25","2045"
"559696","2045-09-26","9","26","2045"
"559697","2045-09-27","9","27","2045"
"559698","2045-09-28","9","28","2045"
"559699","2045-09-29","9","29","2045"
"559700","2045-09-30","9","30","2045"
"559771","2045-10-01","10","1","2045"
"559772","2045-10-02","10","2","2045"
"559773","2045-10-03","10","3","2045"
"559774","2045-10-04","10","4","2045"
"559775","2045-10-05","10","5","2045"
"559776","2045-10-06","10","6","2045"
"559777","2045-10-07","10","7","2045"
"559778","2045-10-08","10","8","2045"
"559779","2045-10-09","10","9","2045"
"559780","2045-10-10","10","10","2045"
"559781","2045-10-11","10","11","2045"
"559782","2045-10-12","10","12","2045"
"559783","2045-10-13","10","13","2045"
"559784","2045-10-14","10","14","2045"
"559785","2045-10-15","10","15","2045"
"559786","2045-10-16","10","16","2045"
"559787","2045-10-17","10","17","2045"
"559788","2045-10-18","10","18","2045"
"559789","2045-10-19","10","19","2045"
"559790","2045-10-20","10","20","2045"
"559791","2045-10-21","10","21","2045"
"559792","2045-10-22","10","22","2045"
"559793","2045-10-23","10","23","2045"
"559794","2045-10-24","10","24","2045"
"559795","2045-10-25","10","25","2045"
"559796","2045-10-26","10","26","2045"
"559797","2045-10-27","10","27","2045"
"559798","2045-10-28","10","28","2045"
"559799","2045-10-29","10","29","2045"
"559800","2045-10-30","10","30","2045"
"559801","2045-10-31","10","31","2045"
"559871","2045-11-01","11","1","2045"
"559872","2045-11-02","11","2","2045"
"559873","2045-11-03","11","3","2045"
"559874","2045-11-04","11","4","2045"
"559875","2045-11-05","11","5","2045"
"559876","2045-11-06","11","6","2045"
"559877","2045-11-07","11","7","2045"
"559878","2045-11-08","11","8","2045"
"559879","2045-11-09","11","9","2045"
"559880","2045-11-10","11","10","2045"
"559881","2045-11-11","11","11","2045"
"559882","2045-11-12","11","12","2045"
"559883","2045-11-13","11","13","2045"
"559884","2045-11-14","11","14","2045"
"559885","2045-11-15","11","15","2045"
"559886","2045-11-16","11","16","2045"
"559887","2045-11-17","11","17","2045"
"559888","2045-11-18","11","18","2045"
"559889","2045-11-19","11","19","2045"
"559890","2045-11-20","11","20","2045"
"559891","2045-11-21","11","21","2045"
"559892","2045-11-22","11","22","2045"
"559893","2045-11-23","11","23","2045"
"559894","2045-11-24","11","24","2045"
"559895","2045-11-25","11","25","2045"
"559896","2045-11-26","11","26","2045"
"559897","2045-11-27","11","27","2045"
"559898","2045-11-28","11","28","2045"
"559899","2045-11-29","11","29","2045"
"559900","2045-11-30","11","30","2045"
"559971","2045-12-01","12","1","2045"
"559972","2045-12-02","12","2","2045"
"559973","2045-12-03","12","3","2045"
"559974","2045-12-04","12","4","2045"
"559975","2045-12-05","12","5","2045"
"559976","2045-12-06","12","6","2045"
"559977","2045-12-07","12","7","2045"
"559978","2045-12-08","12","8","2045"
"559979","2045-12-09","12","9","2045"
"559980","2045-12-10","12","10","2045"
"559981","2045-12-11","12","11","2045"
"559982","2045-12-12","12","12","2045"
"559983","2045-12-13","12","13","2045"
"559984","2045-12-14","12","14","2045"
"559985","2045-12-15","12","15","2045"
"559986","2045-12-16","12","16","2045"
"559987","2045-12-17","12","17","2045"
"559988","2045-12-18","12","18","2045"
"559989","2045-12-19","12","19","2045"
"559990","2045-12-20","12","20","2045"
"559991","2045-12-21","12","21","2045"
"559992","2045-12-22","12","22","2045"
"559993","2045-12-23","12","23","2045"
"559994","2045-12-24","12","24","2045"
"559995","2045-12-25","12","25","2045"
"559996","2045-12-26","12","26","2045"
"559997","2045-12-27","12","27","2045"
"559998","2045-12-28","12","28","2045"
"559999","2045-12-29","12","29","2045"
"560000","2045-12-30","12","30","2045"
"560001","2045-12-31","12","31","2045"
"568871","2046-01-01","1","1","2046"
"568872","2046-01-02","1","2","2046"
"568873","2046-01-03","1","3","2046"
"568874","2046-01-04","1","4","2046"
"568875","2046-01-05","1","5","2046"
"568876","2046-01-06","1","6","2046"
"568877","2046-01-07","1","7","2046"
"568878","2046-01-08","1","8","2046"
"568879","2046-01-09","1","9","2046"
"568880","2046-01-10","1","10","2046"
"568881","2046-01-11","1","11","2046"
"568882","2046-01-12","1","12","2046"
"568883","2046-01-13","1","13","2046"
"568884","2046-01-14","1","14","2046"
"568885","2046-01-15","1","15","2046"
"568886","2046-01-16","1","16","2046"
"568887","2046-01-17","1","17","2046"
"568888","2046-01-18","1","18","2046"
"568889","2046-01-19","1","19","2046"
"568890","2046-01-20","1","20","2046"
"568891","2046-01-21","1","21","2046"
"568892","2046-01-22","1","22","2046"
"568893","2046-01-23","1","23","2046"
"568894","2046-01-24","1","24","2046"
"568895","2046-01-25","1","25","2046"
"568896","2046-01-26","1","26","2046"
"568897","2046-01-27","1","27","2046"
"568898","2046-01-28","1","28","2046"
"568899","2046-01-29","1","29","2046"
"568900","2046-01-30","1","30","2046"
"568901","2046-01-31","1","31","2046"
"568971","2046-02-01","2","1","2046"
"568972","2046-02-02","2","2","2046"
"568973","2046-02-03","2","3","2046"
"568974","2046-02-04","2","4","2046"
"568975","2046-02-05","2","5","2046"
"568976","2046-02-06","2","6","2046"
"568977","2046-02-07","2","7","2046"
"568978","2046-02-08","2","8","2046"
"568979","2046-02-09","2","9","2046"
"568980","2046-02-10","2","10","2046"
"568981","2046-02-11","2","11","2046"
"568982","2046-02-12","2","12","2046"
"568983","2046-02-13","2","13","2046"
"568984","2046-02-14","2","14","2046"
"568985","2046-02-15","2","15","2046"
"568986","2046-02-16","2","16","2046"
"568987","2046-02-17","2","17","2046"
"568988","2046-02-18","2","18","2046"
"568989","2046-02-19","2","19","2046"
"568990","2046-02-20","2","20","2046"
"568991","2046-02-21","2","21","2046"
"568992","2046-02-22","2","22","2046"
"568993","2046-02-23","2","23","2046"
"568994","2046-02-24","2","24","2046"
"568995","2046-02-25","2","25","2046"
"568996","2046-02-26","2","26","2046"
"568997","2046-02-27","2","27","2046"
"568998","2046-02-28","2","28","2046"
"569071","2046-03-01","3","1","2046"
"569072","2046-03-02","3","2","2046"
"569073","2046-03-03","3","3","2046"
"569074","2046-03-04","3","4","2046"
"569075","2046-03-05","3","5","2046"
"569076","2046-03-06","3","6","2046"
"569077","2046-03-07","3","7","2046"
"569078","2046-03-08","3","8","2046"
"569079","2046-03-09","3","9","2046"
"569080","2046-03-10","3","10","2046"
"569081","2046-03-11","3","11","2046"
"569082","2046-03-12","3","12","2046"
"569083","2046-03-13","3","13","2046"
"569084","2046-03-14","3","14","2046"
"569085","2046-03-15","3","15","2046"
"569086","2046-03-16","3","16","2046"
"569087","2046-03-17","3","17","2046"
"569088","2046-03-18","3","18","2046"
"569089","2046-03-19","3","19","2046"
"569090","2046-03-20","3","20","2046"
"569091","2046-03-21","3","21","2046"
"569092","2046-03-22","3","22","2046"
"569093","2046-03-23","3","23","2046"
"569094","2046-03-24","3","24","2046"
"569095","2046-03-25","3","25","2046"
"569096","2046-03-26","3","26","2046"
"569097","2046-03-27","3","27","2046"
"569098","2046-03-28","3","28","2046"
"569099","2046-03-29","3","29","2046"
"569100","2046-03-30","3","30","2046"
"569101","2046-03-31","3","31","2046"
"569171","2046-04-01","4","1","2046"
"569172","2046-04-02","4","2","2046"
"569173","2046-04-03","4","3","2046"
"569174","2046-04-04","4","4","2046"
"569175","2046-04-05","4","5","2046"
"569176","2046-04-06","4","6","2046"
"569177","2046-04-07","4","7","2046"
"569178","2046-04-08","4","8","2046"
"569179","2046-04-09","4","9","2046"
"569180","2046-04-10","4","10","2046"
"569181","2046-04-11","4","11","2046"
"569182","2046-04-12","4","12","2046"
"569183","2046-04-13","4","13","2046"
"569184","2046-04-14","4","14","2046"
"569185","2046-04-15","4","15","2046"
"569186","2046-04-16","4","16","2046"
"569187","2046-04-17","4","17","2046"
"569188","2046-04-18","4","18","2046"
"569189","2046-04-19","4","19","2046"
"569190","2046-04-20","4","20","2046"
"569191","2046-04-21","4","21","2046"
"569192","2046-04-22","4","22","2046"
"569193","2046-04-23","4","23","2046"
"569194","2046-04-24","4","24","2046"
"569195","2046-04-25","4","25","2046"
"569196","2046-04-26","4","26","2046"
"569197","2046-04-27","4","27","2046"
"569198","2046-04-28","4","28","2046"
"569199","2046-04-29","4","29","2046"
"569200","2046-04-30","4","30","2046"
"569271","2046-05-01","5","1","2046"
"569272","2046-05-02","5","2","2046"
"569273","2046-05-03","5","3","2046"
"569274","2046-05-04","5","4","2046"
"569275","2046-05-05","5","5","2046"
"569276","2046-05-06","5","6","2046"
"569277","2046-05-07","5","7","2046"
"569278","2046-05-08","5","8","2046"
"569279","2046-05-09","5","9","2046"
"569280","2046-05-10","5","10","2046"
"569281","2046-05-11","5","11","2046"
"569282","2046-05-12","5","12","2046"
"569283","2046-05-13","5","13","2046"
"569284","2046-05-14","5","14","2046"
"569285","2046-05-15","5","15","2046"
"569286","2046-05-16","5","16","2046"
"569287","2046-05-17","5","17","2046"
"569288","2046-05-18","5","18","2046"
"569289","2046-05-19","5","19","2046"
"569290","2046-05-20","5","20","2046"
"569291","2046-05-21","5","21","2046"
"569292","2046-05-22","5","22","2046"
"569293","2046-05-23","5","23","2046"
"569294","2046-05-24","5","24","2046"
"569295","2046-05-25","5","25","2046"
"569296","2046-05-26","5","26","2046"
"569297","2046-05-27","5","27","2046"
"569298","2046-05-28","5","28","2046"
"569299","2046-05-29","5","29","2046"
"569300","2046-05-30","5","30","2046"
"569301","2046-05-31","5","31","2046"
"569371","2046-06-01","6","1","2046"
"569372","2046-06-02","6","2","2046"
"569373","2046-06-03","6","3","2046"
"569374","2046-06-04","6","4","2046"
"569375","2046-06-05","6","5","2046"
"569376","2046-06-06","6","6","2046"
"569377","2046-06-07","6","7","2046"
"569378","2046-06-08","6","8","2046"
"569379","2046-06-09","6","9","2046"
"569380","2046-06-10","6","10","2046"
"569381","2046-06-11","6","11","2046"
"569382","2046-06-12","6","12","2046"
"569383","2046-06-13","6","13","2046"
"569384","2046-06-14","6","14","2046"
"569385","2046-06-15","6","15","2046"
"569386","2046-06-16","6","16","2046"
"569387","2046-06-17","6","17","2046"
"569388","2046-06-18","6","18","2046"
"569389","2046-06-19","6","19","2046"
"569390","2046-06-20","6","20","2046"
"569391","2046-06-21","6","21","2046"
"569392","2046-06-22","6","22","2046"
"569393","2046-06-23","6","23","2046"
"569394","2046-06-24","6","24","2046"
"569395","2046-06-25","6","25","2046"
"569396","2046-06-26","6","26","2046"
"569397","2046-06-27","6","27","2046"
"569398","2046-06-28","6","28","2046"
"569399","2046-06-29","6","29","2046"
"569400","2046-06-30","6","30","2046"
"569471","2046-07-01","7","1","2046"
"569472","2046-07-02","7","2","2046"
"569473","2046-07-03","7","3","2046"
"569474","2046-07-04","7","4","2046"
"569475","2046-07-05","7","5","2046"
"569476","2046-07-06","7","6","2046"
"569477","2046-07-07","7","7","2046"
"569478","2046-07-08","7","8","2046"
"569479","2046-07-09","7","9","2046"
"569480","2046-07-10","7","10","2046"
"569481","2046-07-11","7","11","2046"
"569482","2046-07-12","7","12","2046"
"569483","2046-07-13","7","13","2046"
"569484","2046-07-14","7","14","2046"
"569485","2046-07-15","7","15","2046"
"569486","2046-07-16","7","16","2046"
"569487","2046-07-17","7","17","2046"
"569488","2046-07-18","7","18","2046"
"569489","2046-07-19","7","19","2046"
"569490","2046-07-20","7","20","2046"
"569491","2046-07-21","7","21","2046"
"569492","2046-07-22","7","22","2046"
"569493","2046-07-23","7","23","2046"
"569494","2046-07-24","7","24","2046"
"569495","2046-07-25","7","25","2046"
"569496","2046-07-26","7","26","2046"
"569497","2046-07-27","7","27","2046"
"569498","2046-07-28","7","28","2046"
"569499","2046-07-29","7","29","2046"
"569500","2046-07-30","7","30","2046"
"569501","2046-07-31","7","31","2046"
"569571","2046-08-01","8","1","2046"
"569572","2046-08-02","8","2","2046"
"569573","2046-08-03","8","3","2046"
"569574","2046-08-04","8","4","2046"
"569575","2046-08-05","8","5","2046"
"569576","2046-08-06","8","6","2046"
"569577","2046-08-07","8","7","2046"
"569578","2046-08-08","8","8","2046"
"569579","2046-08-09","8","9","2046"
"569580","2046-08-10","8","10","2046"
"569581","2046-08-11","8","11","2046"
"569582","2046-08-12","8","12","2046"
"569583","2046-08-13","8","13","2046"
"569584","2046-08-14","8","14","2046"
"569585","2046-08-15","8","15","2046"
"569586","2046-08-16","8","16","2046"
"569587","2046-08-17","8","17","2046"
"569588","2046-08-18","8","18","2046"
"569589","2046-08-19","8","19","2046"
"569590","2046-08-20","8","20","2046"
"569591","2046-08-21","8","21","2046"
"569592","2046-08-22","8","22","2046"
"569593","2046-08-23","8","23","2046"
"569594","2046-08-24","8","24","2046"
"569595","2046-08-25","8","25","2046"
"569596","2046-08-26","8","26","2046"
"569597","2046-08-27","8","27","2046"
"569598","2046-08-28","8","28","2046"
"569599","2046-08-29","8","29","2046"
"569600","2046-08-30","8","30","2046"
"569601","2046-08-31","8","31","2046"
"569671","2046-09-01","9","1","2046"
"569672","2046-09-02","9","2","2046"
"569673","2046-09-03","9","3","2046"
"569674","2046-09-04","9","4","2046"
"569675","2046-09-05","9","5","2046"
"569676","2046-09-06","9","6","2046"
"569677","2046-09-07","9","7","2046"
"569678","2046-09-08","9","8","2046"
"569679","2046-09-09","9","9","2046"
"569680","2046-09-10","9","10","2046"
"569681","2046-09-11","9","11","2046"
"569682","2046-09-12","9","12","2046"
"569683","2046-09-13","9","13","2046"
"569684","2046-09-14","9","14","2046"
"569685","2046-09-15","9","15","2046"
"569686","2046-09-16","9","16","2046"
"569687","2046-09-17","9","17","2046"
"569688","2046-09-18","9","18","2046"
"569689","2046-09-19","9","19","2046"
"569690","2046-09-20","9","20","2046"
"569691","2046-09-21","9","21","2046"
"569692","2046-09-22","9","22","2046"
"569693","2046-09-23","9","23","2046"
"569694","2046-09-24","9","24","2046"
"569695","2046-09-25","9","25","2046"
"569696","2046-09-26","9","26","2046"
"569697","2046-09-27","9","27","2046"
"569698","2046-09-28","9","28","2046"
"569699","2046-09-29","9","29","2046"
"569700","2046-09-30","9","30","2046"
"569771","2046-10-01","10","1","2046"
"569772","2046-10-02","10","2","2046"
"569773","2046-10-03","10","3","2046"
"569774","2046-10-04","10","4","2046"
"569775","2046-10-05","10","5","2046"
"569776","2046-10-06","10","6","2046"
"569777","2046-10-07","10","7","2046"
"569778","2046-10-08","10","8","2046"
"569779","2046-10-09","10","9","2046"
"569780","2046-10-10","10","10","2046"
"569781","2046-10-11","10","11","2046"
"569782","2046-10-12","10","12","2046"
"569783","2046-10-13","10","13","2046"
"569784","2046-10-14","10","14","2046"
"569785","2046-10-15","10","15","2046"
"569786","2046-10-16","10","16","2046"
"569787","2046-10-17","10","17","2046"
"569788","2046-10-18","10","18","2046"
"569789","2046-10-19","10","19","2046"
"569790","2046-10-20","10","20","2046"
"569791","2046-10-21","10","21","2046"
"569792","2046-10-22","10","22","2046"
"569793","2046-10-23","10","23","2046"
"569794","2046-10-24","10","24","2046"
"569795","2046-10-25","10","25","2046"
"569796","2046-10-26","10","26","2046"
"569797","2046-10-27","10","27","2046"
"569798","2046-10-28","10","28","2046"
"569799","2046-10-29","10","29","2046"
"569800","2046-10-30","10","30","2046"
"569801","2046-10-31","10","31","2046"
"569871","2046-11-01","11","1","2046"
"569872","2046-11-02","11","2","2046"
"569873","2046-11-03","11","3","2046"
"569874","2046-11-04","11","4","2046"
"569875","2046-11-05","11","5","2046"
"569876","2046-11-06","11","6","2046"
"569877","2046-11-07","11","7","2046"
"569878","2046-11-08","11","8","2046"
"569879","2046-11-09","11","9","2046"
"569880","2046-11-10","11","10","2046"
"569881","2046-11-11","11","11","2046"
"569882","2046-11-12","11","12","2046"
"569883","2046-11-13","11","13","2046"
"569884","2046-11-14","11","14","2046"
"569885","2046-11-15","11","15","2046"
"569886","2046-11-16","11","16","2046"
"569887","2046-11-17","11","17","2046"
"569888","2046-11-18","11","18","2046"
"569889","2046-11-19","11","19","2046"
"569890","2046-11-20","11","20","2046"
"569891","2046-11-21","11","21","2046"
"569892","2046-11-22","11","22","2046"
"569893","2046-11-23","11","23","2046"
"569894","2046-11-24","11","24","2046"
"569895","2046-11-25","11","25","2046"
"569896","2046-11-26","11","26","2046"
"569897","2046-11-27","11","27","2046"
"569898","2046-11-28","11","28","2046"
"569899","2046-11-29","11","29","2046"
"569900","2046-11-30","11","30","2046"
"569971","2046-12-01","12","1","2046"
"569972","2046-12-02","12","2","2046"
"569973","2046-12-03","12","3","2046"
"569974","2046-12-04","12","4","2046"
"569975","2046-12-05","12","5","2046"
"569976","2046-12-06","12","6","2046"
"569977","2046-12-07","12","7","2046"
"569978","2046-12-08","12","8","2046"
"569979","2046-12-09","12","9","2046"
"569980","2046-12-10","12","10","2046"
"569981","2046-12-11","12","11","2046"
"569982","2046-12-12","12","12","2046"
"569983","2046-12-13","12","13","2046"
"569984","2046-12-14","12","14","2046"
"569985","2046-12-15","12","15","2046"
"569986","2046-12-16","12","16","2046"
"569987","2046-12-17","12","17","2046"
"569988","2046-12-18","12","18","2046"
"569989","2046-12-19","12","19","2046"
"569990","2046-12-20","12","20","2046"
"569991","2046-12-21","12","21","2046"
"569992","2046-12-22","12","22","2046"
"569993","2046-12-23","12","23","2046"
"569994","2046-12-24","12","24","2046"
"569995","2046-12-25","12","25","2046"
"569996","2046-12-26","12","26","2046"
"569997","2046-12-27","12","27","2046"
"569998","2046-12-28","12","28","2046"
"569999","2046-12-29","12","29","2046"
"570000","2046-12-30","12","30","2046"
"570001","2046-12-31","12","31","2046"
"578871","2047-01-01","1","1","2047"
"578872","2047-01-02","1","2","2047"
"578873","2047-01-03","1","3","2047"
"578874","2047-01-04","1","4","2047"
"578875","2047-01-05","1","5","2047"
"578876","2047-01-06","1","6","2047"
"578877","2047-01-07","1","7","2047"
"578878","2047-01-08","1","8","2047"
"578879","2047-01-09","1","9","2047"
"578880","2047-01-10","1","10","2047"
"578881","2047-01-11","1","11","2047"
"578882","2047-01-12","1","12","2047"
"578883","2047-01-13","1","13","2047"
"578884","2047-01-14","1","14","2047"
"578885","2047-01-15","1","15","2047"
"578886","2047-01-16","1","16","2047"
"578887","2047-01-17","1","17","2047"
"578888","2047-01-18","1","18","2047"
"578889","2047-01-19","1","19","2047"
"578890","2047-01-20","1","20","2047"
"578891","2047-01-21","1","21","2047"
"578892","2047-01-22","1","22","2047"
"578893","2047-01-23","1","23","2047"
"578894","2047-01-24","1","24","2047"
"578895","2047-01-25","1","25","2047"
"578896","2047-01-26","1","26","2047"
"578897","2047-01-27","1","27","2047"
"578898","2047-01-28","1","28","2047"
"578899","2047-01-29","1","29","2047"
"578900","2047-01-30","1","30","2047"
"578901","2047-01-31","1","31","2047"
"578971","2047-02-01","2","1","2047"
"578972","2047-02-02","2","2","2047"
"578973","2047-02-03","2","3","2047"
"578974","2047-02-04","2","4","2047"
"578975","2047-02-05","2","5","2047"
"578976","2047-02-06","2","6","2047"
"578977","2047-02-07","2","7","2047"
"578978","2047-02-08","2","8","2047"
"578979","2047-02-09","2","9","2047"
"578980","2047-02-10","2","10","2047"
"578981","2047-02-11","2","11","2047"
"578982","2047-02-12","2","12","2047"
"578983","2047-02-13","2","13","2047"
"578984","2047-02-14","2","14","2047"
"578985","2047-02-15","2","15","2047"
"578986","2047-02-16","2","16","2047"
"578987","2047-02-17","2","17","2047"
"578988","2047-02-18","2","18","2047"
"578989","2047-02-19","2","19","2047"
"578990","2047-02-20","2","20","2047"
"578991","2047-02-21","2","21","2047"
"578992","2047-02-22","2","22","2047"
"578993","2047-02-23","2","23","2047"
"578994","2047-02-24","2","24","2047"
"578995","2047-02-25","2","25","2047"
"578996","2047-02-26","2","26","2047"
"578997","2047-02-27","2","27","2047"
"578998","2047-02-28","2","28","2047"
"579071","2047-03-01","3","1","2047"
"579072","2047-03-02","3","2","2047"
"579073","2047-03-03","3","3","2047"
"579074","2047-03-04","3","4","2047"
"579075","2047-03-05","3","5","2047"
"579076","2047-03-06","3","6","2047"
"579077","2047-03-07","3","7","2047"
"579078","2047-03-08","3","8","2047"
"579079","2047-03-09","3","9","2047"
"579080","2047-03-10","3","10","2047"
"579081","2047-03-11","3","11","2047"
"579082","2047-03-12","3","12","2047"
"579083","2047-03-13","3","13","2047"
"579084","2047-03-14","3","14","2047"
"579085","2047-03-15","3","15","2047"
"579086","2047-03-16","3","16","2047"
"579087","2047-03-17","3","17","2047"
"579088","2047-03-18","3","18","2047"
"579089","2047-03-19","3","19","2047"
"579090","2047-03-20","3","20","2047"
"579091","2047-03-21","3","21","2047"
"579092","2047-03-22","3","22","2047"
"579093","2047-03-23","3","23","2047"
"579094","2047-03-24","3","24","2047"
"579095","2047-03-25","3","25","2047"
"579096","2047-03-26","3","26","2047"
"579097","2047-03-27","3","27","2047"
"579098","2047-03-28","3","28","2047"
"579099","2047-03-29","3","29","2047"
"579100","2047-03-30","3","30","2047"
"579101","2047-03-31","3","31","2047"
"579171","2047-04-01","4","1","2047"
"579172","2047-04-02","4","2","2047"
"579173","2047-04-03","4","3","2047"
"579174","2047-04-04","4","4","2047"
"579175","2047-04-05","4","5","2047"
"579176","2047-04-06","4","6","2047"
"579177","2047-04-07","4","7","2047"
"579178","2047-04-08","4","8","2047"
"579179","2047-04-09","4","9","2047"
"579180","2047-04-10","4","10","2047"
"579181","2047-04-11","4","11","2047"
"579182","2047-04-12","4","12","2047"
"579183","2047-04-13","4","13","2047"
"579184","2047-04-14","4","14","2047"
"579185","2047-04-15","4","15","2047"
"579186","2047-04-16","4","16","2047"
"579187","2047-04-17","4","17","2047"
"579188","2047-04-18","4","18","2047"
"579189","2047-04-19","4","19","2047"
"579190","2047-04-20","4","20","2047"
"579191","2047-04-21","4","21","2047"
"579192","2047-04-22","4","22","2047"
"579193","2047-04-23","4","23","2047"
"579194","2047-04-24","4","24","2047"
"579195","2047-04-25","4","25","2047"
"579196","2047-04-26","4","26","2047"
"579197","2047-04-27","4","27","2047"
"579198","2047-04-28","4","28","2047"
"579199","2047-04-29","4","29","2047"
"579200","2047-04-30","4","30","2047"
"579271","2047-05-01","5","1","2047"
"579272","2047-05-02","5","2","2047"
"579273","2047-05-03","5","3","2047"
"579274","2047-05-04","5","4","2047"
"579275","2047-05-05","5","5","2047"
"579276","2047-05-06","5","6","2047"
"579277","2047-05-07","5","7","2047"
"579278","2047-05-08","5","8","2047"
"579279","2047-05-09","5","9","2047"
"579280","2047-05-10","5","10","2047"
"579281","2047-05-11","5","11","2047"
"579282","2047-05-12","5","12","2047"
"579283","2047-05-13","5","13","2047"
"579284","2047-05-14","5","14","2047"
"579285","2047-05-15","5","15","2047"
"579286","2047-05-16","5","16","2047"
"579287","2047-05-17","5","17","2047"
"579288","2047-05-18","5","18","2047"
"579289","2047-05-19","5","19","2047"
"579290","2047-05-20","5","20","2047"
"579291","2047-05-21","5","21","2047"
"579292","2047-05-22","5","22","2047"
"579293","2047-05-23","5","23","2047"
"579294","2047-05-24","5","24","2047"
"579295","2047-05-25","5","25","2047"
"579296","2047-05-26","5","26","2047"
"579297","2047-05-27","5","27","2047"
"579298","2047-05-28","5","28","2047"
"579299","2047-05-29","5","29","2047"
"579300","2047-05-30","5","30","2047"
"579301","2047-05-31","5","31","2047"
"579371","2047-06-01","6","1","2047"
"579372","2047-06-02","6","2","2047"
"579373","2047-06-03","6","3","2047"
"579374","2047-06-04","6","4","2047"
"579375","2047-06-05","6","5","2047"
"579376","2047-06-06","6","6","2047"
"579377","2047-06-07","6","7","2047"
"579378","2047-06-08","6","8","2047"
"579379","2047-06-09","6","9","2047"
"579380","2047-06-10","6","10","2047"
"579381","2047-06-11","6","11","2047"
"579382","2047-06-12","6","12","2047"
"579383","2047-06-13","6","13","2047"
"579384","2047-06-14","6","14","2047"
"579385","2047-06-15","6","15","2047"
"579386","2047-06-16","6","16","2047"
"579387","2047-06-17","6","17","2047"
"579388","2047-06-18","6","18","2047"
"579389","2047-06-19","6","19","2047"
"579390","2047-06-20","6","20","2047"
"579391","2047-06-21","6","21","2047"
"579392","2047-06-22","6","22","2047"
"579393","2047-06-23","6","23","2047"
"579394","2047-06-24","6","24","2047"
"579395","2047-06-25","6","25","2047"
"579396","2047-06-26","6","26","2047"
"579397","2047-06-27","6","27","2047"
"579398","2047-06-28","6","28","2047"
"579399","2047-06-29","6","29","2047"
"579400","2047-06-30","6","30","2047"
"579471","2047-07-01","7","1","2047"
"579472","2047-07-02","7","2","2047"
"579473","2047-07-03","7","3","2047"
"579474","2047-07-04","7","4","2047"
"579475","2047-07-05","7","5","2047"
"579476","2047-07-06","7","6","2047"
"579477","2047-07-07","7","7","2047"
"579478","2047-07-08","7","8","2047"
"579479","2047-07-09","7","9","2047"
"579480","2047-07-10","7","10","2047"
"579481","2047-07-11","7","11","2047"
"579482","2047-07-12","7","12","2047"
"579483","2047-07-13","7","13","2047"
"579484","2047-07-14","7","14","2047"
"579485","2047-07-15","7","15","2047"
"579486","2047-07-16","7","16","2047"
"579487","2047-07-17","7","17","2047"
"579488","2047-07-18","7","18","2047"
"579489","2047-07-19","7","19","2047"
"579490","2047-07-20","7","20","2047"
"579491","2047-07-21","7","21","2047"
"579492","2047-07-22","7","22","2047"
"579493","2047-07-23","7","23","2047"
"579494","2047-07-24","7","24","2047"
"579495","2047-07-25","7","25","2047"
"579496","2047-07-26","7","26","2047"
"579497","2047-07-27","7","27","2047"
"579498","2047-07-28","7","28","2047"
"579499","2047-07-29","7","29","2047"
"579500","2047-07-30","7","30","2047"
"579501","2047-07-31","7","31","2047"
"579571","2047-08-01","8","1","2047"
"579572","2047-08-02","8","2","2047"
"579573","2047-08-03","8","3","2047"
"579574","2047-08-04","8","4","2047"
"579575","2047-08-05","8","5","2047"
"579576","2047-08-06","8","6","2047"
"579577","2047-08-07","8","7","2047"
"579578","2047-08-08","8","8","2047"
"579579","2047-08-09","8","9","2047"
"579580","2047-08-10","8","10","2047"
"579581","2047-08-11","8","11","2047"
"579582","2047-08-12","8","12","2047"
"579583","2047-08-13","8","13","2047"
"579584","2047-08-14","8","14","2047"
"579585","2047-08-15","8","15","2047"
"579586","2047-08-16","8","16","2047"
"579587","2047-08-17","8","17","2047"
"579588","2047-08-18","8","18","2047"
"579589","2047-08-19","8","19","2047"
"579590","2047-08-20","8","20","2047"
"579591","2047-08-21","8","21","2047"
"579592","2047-08-22","8","22","2047"
"579593","2047-08-23","8","23","2047"
"579594","2047-08-24","8","24","2047"
"579595","2047-08-25","8","25","2047"
"579596","2047-08-26","8","26","2047"
"579597","2047-08-27","8","27","2047"
"579598","2047-08-28","8","28","2047"
"579599","2047-08-29","8","29","2047"
"579600","2047-08-30","8","30","2047"
"579601","2047-08-31","8","31","2047"
"579671","2047-09-01","9","1","2047"
"579672","2047-09-02","9","2","2047"
"579673","2047-09-03","9","3","2047"
"579674","2047-09-04","9","4","2047"
"579675","2047-09-05","9","5","2047"
"579676","2047-09-06","9","6","2047"
"579677","2047-09-07","9","7","2047"
"579678","2047-09-08","9","8","2047"
"579679","2047-09-09","9","9","2047"
"579680","2047-09-10","9","10","2047"
"579681","2047-09-11","9","11","2047"
"579682","2047-09-12","9","12","2047"
"579683","2047-09-13","9","13","2047"
"579684","2047-09-14","9","14","2047"
"579685","2047-09-15","9","15","2047"
"579686","2047-09-16","9","16","2047"
"579687","2047-09-17","9","17","2047"
"579688","2047-09-18","9","18","2047"
"579689","2047-09-19","9","19","2047"
"579690","2047-09-20","9","20","2047"
"579691","2047-09-21","9","21","2047"
"579692","2047-09-22","9","22","2047"
"579693","2047-09-23","9","23","2047"
"579694","2047-09-24","9","24","2047"
"579695","2047-09-25","9","25","2047"
"579696","2047-09-26","9","26","2047"
"579697","2047-09-27","9","27","2047"
"579698","2047-09-28","9","28","2047"
"579699","2047-09-29","9","29","2047"
"579700","2047-09-30","9","30","2047"
"579771","2047-10-01","10","1","2047"
"579772","2047-10-02","10","2","2047"
"579773","2047-10-03","10","3","2047"
"579774","2047-10-04","10","4","2047"
"579775","2047-10-05","10","5","2047"
"579776","2047-10-06","10","6","2047"
"579777","2047-10-07","10","7","2047"
"579778","2047-10-08","10","8","2047"
"579779","2047-10-09","10","9","2047"
"579780","2047-10-10","10","10","2047"
"579781","2047-10-11","10","11","2047"
"579782","2047-10-12","10","12","2047"
"579783","2047-10-13","10","13","2047"
"579784","2047-10-14","10","14","2047"
"579785","2047-10-15","10","15","2047"
"579786","2047-10-16","10","16","2047"
"579787","2047-10-17","10","17","2047"
"579788","2047-10-18","10","18","2047"
"579789","2047-10-19","10","19","2047"
"579790","2047-10-20","10","20","2047"
"579791","2047-10-21","10","21","2047"
"579792","2047-10-22","10","22","2047"
"579793","2047-10-23","10","23","2047"
"579794","2047-10-24","10","24","2047"
"579795","2047-10-25","10","25","2047"
"579796","2047-10-26","10","26","2047"
"579797","2047-10-27","10","27","2047"
"579798","2047-10-28","10","28","2047"
"579799","2047-10-29","10","29","2047"
"579800","2047-10-30","10","30","2047"
"579801","2047-10-31","10","31","2047"
"579871","2047-11-01","11","1","2047"
"579872","2047-11-02","11","2","2047"
"579873","2047-11-03","11","3","2047"
"579874","2047-11-04","11","4","2047"
"579875","2047-11-05","11","5","2047"
"579876","2047-11-06","11","6","2047"
"579877","2047-11-07","11","7","2047"
"579878","2047-11-08","11","8","2047"
"579879","2047-11-09","11","9","2047"
"579880","2047-11-10","11","10","2047"
"579881","2047-11-11","11","11","2047"
"579882","2047-11-12","11","12","2047"
"579883","2047-11-13","11","13","2047"
"579884","2047-11-14","11","14","2047"
"579885","2047-11-15","11","15","2047"
"579886","2047-11-16","11","16","2047"
"579887","2047-11-17","11","17","2047"
"579888","2047-11-18","11","18","2047"
"579889","2047-11-19","11","19","2047"
"579890","2047-11-20","11","20","2047"
"579891","2047-11-21","11","21","2047"
"579892","2047-11-22","11","22","2047"
"579893","2047-11-23","11","23","2047"
"579894","2047-11-24","11","24","2047"
"579895","2047-11-25","11","25","2047"
"579896","2047-11-26","11","26","2047"
"579897","2047-11-27","11","27","2047"
"579898","2047-11-28","11","28","2047"
"579899","2047-11-29","11","29","2047"
"579900","2047-11-30","11","30","2047"
"579971","2047-12-01","12","1","2047"
"579972","2047-12-02","12","2","2047"
"579973","2047-12-03","12","3","2047"
"579974","2047-12-04","12","4","2047"
"579975","2047-12-05","12","5","2047"
"579976","2047-12-06","12","6","2047"
"579977","2047-12-07","12","7","2047"
"579978","2047-12-08","12","8","2047"
"579979","2047-12-09","12","9","2047"
"579980","2047-12-10","12","10","2047"
"579981","2047-12-11","12","11","2047"
"579982","2047-12-12","12","12","2047"
"579983","2047-12-13","12","13","2047"
"579984","2047-12-14","12","14","2047"
"579985","2047-12-15","12","15","2047"
"579986","2047-12-16","12","16","2047"
"579987","2047-12-17","12","17","2047"
"579988","2047-12-18","12","18","2047"
"579989","2047-12-19","12","19","2047"
"579990","2047-12-20","12","20","2047"
"579991","2047-12-21","12","21","2047"
"579992","2047-12-22","12","22","2047"
"579993","2047-12-23","12","23","2047"
"579994","2047-12-24","12","24","2047"
"579995","2047-12-25","12","25","2047"
"579996","2047-12-26","12","26","2047"
"579997","2047-12-27","12","27","2047"
"579998","2047-12-28","12","28","2047"
"579999","2047-12-29","12","29","2047"
"580000","2047-12-30","12","30","2047"
"580001","2047-12-31","12","31","2047"
"588871","2048-01-01","1","1","2048"
"588872","2048-01-02","1","2","2048"
"588873","2048-01-03","1","3","2048"
"588874","2048-01-04","1","4","2048"
"588875","2048-01-05","1","5","2048"
"588876","2048-01-06","1","6","2048"
"588877","2048-01-07","1","7","2048"
"588878","2048-01-08","1","8","2048"
"588879","2048-01-09","1","9","2048"
"588880","2048-01-10","1","10","2048"
"588881","2048-01-11","1","11","2048"
"588882","2048-01-12","1","12","2048"
"588883","2048-01-13","1","13","2048"
"588884","2048-01-14","1","14","2048"
"588885","2048-01-15","1","15","2048"
"588886","2048-01-16","1","16","2048"
"588887","2048-01-17","1","17","2048"
"588888","2048-01-18","1","18","2048"
"588889","2048-01-19","1","19","2048"
"588890","2048-01-20","1","20","2048"
"588891","2048-01-21","1","21","2048"
"588892","2048-01-22","1","22","2048"
"588893","2048-01-23","1","23","2048"
"588894","2048-01-24","1","24","2048"
"588895","2048-01-25","1","25","2048"
"588896","2048-01-26","1","26","2048"
"588897","2048-01-27","1","27","2048"
"588898","2048-01-28","1","28","2048"
"588899","2048-01-29","1","29","2048"
"588900","2048-01-30","1","30","2048"
"588901","2048-01-31","1","31","2048"
"588971","2048-02-01","2","1","2048"
"588972","2048-02-02","2","2","2048"
"588973","2048-02-03","2","3","2048"
"588974","2048-02-04","2","4","2048"
"588975","2048-02-05","2","5","2048"
"588976","2048-02-06","2","6","2048"
"588977","2048-02-07","2","7","2048"
"588978","2048-02-08","2","8","2048"
"588979","2048-02-09","2","9","2048"
"588980","2048-02-10","2","10","2048"
"588981","2048-02-11","2","11","2048"
"588982","2048-02-12","2","12","2048"
"588983","2048-02-13","2","13","2048"
"588984","2048-02-14","2","14","2048"
"588985","2048-02-15","2","15","2048"
"588986","2048-02-16","2","16","2048"
"588987","2048-02-17","2","17","2048"
"588988","2048-02-18","2","18","2048"
"588989","2048-02-19","2","19","2048"
"588990","2048-02-20","2","20","2048"
"588991","2048-02-21","2","21","2048"
"588992","2048-02-22","2","22","2048"
"588993","2048-02-23","2","23","2048"
"588994","2048-02-24","2","24","2048"
"588995","2048-02-25","2","25","2048"
"588996","2048-02-26","2","26","2048"
"588997","2048-02-27","2","27","2048"
"588998","2048-02-28","2","28","2048"
"588999","2048-02-29","2","29","2048"
"589071","2048-03-01","3","1","2048"
"589072","2048-03-02","3","2","2048"
"589073","2048-03-03","3","3","2048"
"589074","2048-03-04","3","4","2048"
"589075","2048-03-05","3","5","2048"
"589076","2048-03-06","3","6","2048"
"589077","2048-03-07","3","7","2048"
"589078","2048-03-08","3","8","2048"
"589079","2048-03-09","3","9","2048"
"589080","2048-03-10","3","10","2048"
"589081","2048-03-11","3","11","2048"
"589082","2048-03-12","3","12","2048"
"589083","2048-03-13","3","13","2048"
"589084","2048-03-14","3","14","2048"
"589085","2048-03-15","3","15","2048"
"589086","2048-03-16","3","16","2048"
"589087","2048-03-17","3","17","2048"
"589088","2048-03-18","3","18","2048"
"589089","2048-03-19","3","19","2048"
"589090","2048-03-20","3","20","2048"
"589091","2048-03-21","3","21","2048"
"589092","2048-03-22","3","22","2048"
"589093","2048-03-23","3","23","2048"
"589094","2048-03-24","3","24","2048"
"589095","2048-03-25","3","25","2048"
"589096","2048-03-26","3","26","2048"
"589097","2048-03-27","3","27","2048"
"589098","2048-03-28","3","28","2048"
"589099","2048-03-29","3","29","2048"
"589100","2048-03-30","3","30","2048"
"589101","2048-03-31","3","31","2048"
"589171","2048-04-01","4","1","2048"
"589172","2048-04-02","4","2","2048"
"589173","2048-04-03","4","3","2048"
"589174","2048-04-04","4","4","2048"
"589175","2048-04-05","4","5","2048"
"589176","2048-04-06","4","6","2048"
"589177","2048-04-07","4","7","2048"
"589178","2048-04-08","4","8","2048"
"589179","2048-04-09","4","9","2048"
"589180","2048-04-10","4","10","2048"
"589181","2048-04-11","4","11","2048"
"589182","2048-04-12","4","12","2048"
"589183","2048-04-13","4","13","2048"
"589184","2048-04-14","4","14","2048"
"589185","2048-04-15","4","15","2048"
"589186","2048-04-16","4","16","2048"
"589187","2048-04-17","4","17","2048"
"589188","2048-04-18","4","18","2048"
"589189","2048-04-19","4","19","2048"
"589190","2048-04-20","4","20","2048"
"589191","2048-04-21","4","21","2048"
"589192","2048-04-22","4","22","2048"
"589193","2048-04-23","4","23","2048"
"589194","2048-04-24","4","24","2048"
"589195","2048-04-25","4","25","2048"
"589196","2048-04-26","4","26","2048"
"589197","2048-04-27","4","27","2048"
"589198","2048-04-28","4","28","2048"
"589199","2048-04-29","4","29","2048"
"589200","2048-04-30","4","30","2048"
"589271","2048-05-01","5","1","2048"
"589272","2048-05-02","5","2","2048"
"589273","2048-05-03","5","3","2048"
"589274","2048-05-04","5","4","2048"
"589275","2048-05-05","5","5","2048"
"589276","2048-05-06","5","6","2048"
"589277","2048-05-07","5","7","2048"
"589278","2048-05-08","5","8","2048"
"589279","2048-05-09","5","9","2048"
"589280","2048-05-10","5","10","2048"
"589281","2048-05-11","5","11","2048"
"589282","2048-05-12","5","12","2048"
"589283","2048-05-13","5","13","2048"
"589284","2048-05-14","5","14","2048"
"589285","2048-05-15","5","15","2048"
"589286","2048-05-16","5","16","2048"
"589287","2048-05-17","5","17","2048"
"589288","2048-05-18","5","18","2048"
"589289","2048-05-19","5","19","2048"
"589290","2048-05-20","5","20","2048"
"589291","2048-05-21","5","21","2048"
"589292","2048-05-22","5","22","2048"
"589293","2048-05-23","5","23","2048"
"589294","2048-05-24","5","24","2048"
"589295","2048-05-25","5","25","2048"
"589296","2048-05-26","5","26","2048"
"589297","2048-05-27","5","27","2048"
"589298","2048-05-28","5","28","2048"
"589299","2048-05-29","5","29","2048"
"589300","2048-05-30","5","30","2048"
"589301","2048-05-31","5","31","2048"
"589371","2048-06-01","6","1","2048"
"589372","2048-06-02","6","2","2048"
"589373","2048-06-03","6","3","2048"
"589374","2048-06-04","6","4","2048"
"589375","2048-06-05","6","5","2048"
"589376","2048-06-06","6","6","2048"
"589377","2048-06-07","6","7","2048"
"589378","2048-06-08","6","8","2048"
"589379","2048-06-09","6","9","2048"
"589380","2048-06-10","6","10","2048"
"589381","2048-06-11","6","11","2048"
"589382","2048-06-12","6","12","2048"
"589383","2048-06-13","6","13","2048"
"589384","2048-06-14","6","14","2048"
"589385","2048-06-15","6","15","2048"
"589386","2048-06-16","6","16","2048"
"589387","2048-06-17","6","17","2048"
"589388","2048-06-18","6","18","2048"
"589389","2048-06-19","6","19","2048"
"589390","2048-06-20","6","20","2048"
"589391","2048-06-21","6","21","2048"
"589392","2048-06-22","6","22","2048"
"589393","2048-06-23","6","23","2048"
"589394","2048-06-24","6","24","2048"
"589395","2048-06-25","6","25","2048"
"589396","2048-06-26","6","26","2048"
"589397","2048-06-27","6","27","2048"
"589398","2048-06-28","6","28","2048"
"589399","2048-06-29","6","29","2048"
"589400","2048-06-30","6","30","2048"
"589471","2048-07-01","7","1","2048"
"589472","2048-07-02","7","2","2048"
"589473","2048-07-03","7","3","2048"
"589474","2048-07-04","7","4","2048"
"589475","2048-07-05","7","5","2048"
"589476","2048-07-06","7","6","2048"
"589477","2048-07-07","7","7","2048"
"589478","2048-07-08","7","8","2048"
"589479","2048-07-09","7","9","2048"
"589480","2048-07-10","7","10","2048"
"589481","2048-07-11","7","11","2048"
"589482","2048-07-12","7","12","2048"
"589483","2048-07-13","7","13","2048"
"589484","2048-07-14","7","14","2048"
"589485","2048-07-15","7","15","2048"
"589486","2048-07-16","7","16","2048"
"589487","2048-07-17","7","17","2048"
"589488","2048-07-18","7","18","2048"
"589489","2048-07-19","7","19","2048"
"589490","2048-07-20","7","20","2048"
"589491","2048-07-21","7","21","2048"
"589492","2048-07-22","7","22","2048"
"589493","2048-07-23","7","23","2048"
"589494","2048-07-24","7","24","2048"
"589495","2048-07-25","7","25","2048"
"589496","2048-07-26","7","26","2048"
"589497","2048-07-27","7","27","2048"
"589498","2048-07-28","7","28","2048"
"589499","2048-07-29","7","29","2048"
"589500","2048-07-30","7","30","2048"
"589501","2048-07-31","7","31","2048"
"589571","2048-08-01","8","1","2048"
"589572","2048-08-02","8","2","2048"
"589573","2048-08-03","8","3","2048"
"589574","2048-08-04","8","4","2048"
"589575","2048-08-05","8","5","2048"
"589576","2048-08-06","8","6","2048"
"589577","2048-08-07","8","7","2048"
"589578","2048-08-08","8","8","2048"
"589579","2048-08-09","8","9","2048"
"589580","2048-08-10","8","10","2048"
"589581","2048-08-11","8","11","2048"
"589582","2048-08-12","8","12","2048"
"589583","2048-08-13","8","13","2048"
"589584","2048-08-14","8","14","2048"
"589585","2048-08-15","8","15","2048"
"589586","2048-08-16","8","16","2048"
"589587","2048-08-17","8","17","2048"
"589588","2048-08-18","8","18","2048"
"589589","2048-08-19","8","19","2048"
"589590","2048-08-20","8","20","2048"
"589591","2048-08-21","8","21","2048"
"589592","2048-08-22","8","22","2048"
"589593","2048-08-23","8","23","2048"
"589594","2048-08-24","8","24","2048"
"589595","2048-08-25","8","25","2048"
"589596","2048-08-26","8","26","2048"
"589597","2048-08-27","8","27","2048"
"589598","2048-08-28","8","28","2048"
"589599","2048-08-29","8","29","2048"
"589600","2048-08-30","8","30","2048"
"589601","2048-08-31","8","31","2048"
"589671","2048-09-01","9","1","2048"
"589672","2048-09-02","9","2","2048"
"589673","2048-09-03","9","3","2048"
"589674","2048-09-04","9","4","2048"
"589675","2048-09-05","9","5","2048"
"589676","2048-09-06","9","6","2048"
"589677","2048-09-07","9","7","2048"
"589678","2048-09-08","9","8","2048"
"589679","2048-09-09","9","9","2048"
"589680","2048-09-10","9","10","2048"
"589681","2048-09-11","9","11","2048"
"589682","2048-09-12","9","12","2048"
"589683","2048-09-13","9","13","2048"
"589684","2048-09-14","9","14","2048"
"589685","2048-09-15","9","15","2048"
"589686","2048-09-16","9","16","2048"
"589687","2048-09-17","9","17","2048"
"589688","2048-09-18","9","18","2048"
"589689","2048-09-19","9","19","2048"
"589690","2048-09-20","9","20","2048"
"589691","2048-09-21","9","21","2048"
"589692","2048-09-22","9","22","2048"
"589693","2048-09-23","9","23","2048"
"589694","2048-09-24","9","24","2048"
"589695","2048-09-25","9","25","2048"
"589696","2048-09-26","9","26","2048"
"589697","2048-09-27","9","27","2048"
"589698","2048-09-28","9","28","2048"
"589699","2048-09-29","9","29","2048"
"589700","2048-09-30","9","30","2048"
"589771","2048-10-01","10","1","2048"
"589772","2048-10-02","10","2","2048"
"589773","2048-10-03","10","3","2048"
"589774","2048-10-04","10","4","2048"
"589775","2048-10-05","10","5","2048"
"589776","2048-10-06","10","6","2048"
"589777","2048-10-07","10","7","2048"
"589778","2048-10-08","10","8","2048"
"589779","2048-10-09","10","9","2048"
"589780","2048-10-10","10","10","2048"
"589781","2048-10-11","10","11","2048"
"589782","2048-10-12","10","12","2048"
"589783","2048-10-13","10","13","2048"
"589784","2048-10-14","10","14","2048"
"589785","2048-10-15","10","15","2048"
"589786","2048-10-16","10","16","2048"
"589787","2048-10-17","10","17","2048"
"589788","2048-10-18","10","18","2048"
"589789","2048-10-19","10","19","2048"
"589790","2048-10-20","10","20","2048"
"589791","2048-10-21","10","21","2048"
"589792","2048-10-22","10","22","2048"
"589793","2048-10-23","10","23","2048"
"589794","2048-10-24","10","24","2048"
"589795","2048-10-25","10","25","2048"
"589796","2048-10-26","10","26","2048"
"589797","2048-10-27","10","27","2048"
"589798","2048-10-28","10","28","2048"
"589799","2048-10-29","10","29","2048"
"589800","2048-10-30","10","30","2048"
"589801","2048-10-31","10","31","2048"
"589871","2048-11-01","11","1","2048"
"589872","2048-11-02","11","2","2048"
"589873","2048-11-03","11","3","2048"
"589874","2048-11-04","11","4","2048"
"589875","2048-11-05","11","5","2048"
"589876","2048-11-06","11","6","2048"
"589877","2048-11-07","11","7","2048"
"589878","2048-11-08","11","8","2048"
"589879","2048-11-09","11","9","2048"
"589880","2048-11-10","11","10","2048"
"589881","2048-11-11","11","11","2048"
"589882","2048-11-12","11","12","2048"
"589883","2048-11-13","11","13","2048"
"589884","2048-11-14","11","14","2048"
"589885","2048-11-15","11","15","2048"
"589886","2048-11-16","11","16","2048"
"589887","2048-11-17","11","17","2048"
"589888","2048-11-18","11","18","2048"
"589889","2048-11-19","11","19","2048"
"589890","2048-11-20","11","20","2048"
"589891","2048-11-21","11","21","2048"
"589892","2048-11-22","11","22","2048"
"589893","2048-11-23","11","23","2048"
"589894","2048-11-24","11","24","2048"
"589895","2048-11-25","11","25","2048"
"589896","2048-11-26","11","26","2048"
"589897","2048-11-27","11","27","2048"
"589898","2048-11-28","11","28","2048"
"589899","2048-11-29","11","29","2048"
"589900","2048-11-30","11","30","2048"
"589971","2048-12-01","12","1","2048"
"589972","2048-12-02","12","2","2048"
"589973","2048-12-03","12","3","2048"
"589974","2048-12-04","12","4","2048"
"589975","2048-12-05","12","5","2048"
"589976","2048-12-06","12","6","2048"
"589977","2048-12-07","12","7","2048"
"589978","2048-12-08","12","8","2048"
"589979","2048-12-09","12","9","2048"
"589980","2048-12-10","12","10","2048"
"589981","2048-12-11","12","11","2048"
"589982","2048-12-12","12","12","2048"
"589983","2048-12-13","12","13","2048"
"589984","2048-12-14","12","14","2048"
"589985","2048-12-15","12","15","2048"
"589986","2048-12-16","12","16","2048"
"589987","2048-12-17","12","17","2048"
"589988","2048-12-18","12","18","2048"
"589989","2048-12-19","12","19","2048"
"589990","2048-12-20","12","20","2048"
"589991","2048-12-21","12","21","2048"
"589992","2048-12-22","12","22","2048"
"589993","2048-12-23","12","23","2048"
"589994","2048-12-24","12","24","2048"
"589995","2048-12-25","12","25","2048"
"589996","2048-12-26","12","26","2048"
"589997","2048-12-27","12","27","2048"
"589998","2048-12-28","12","28","2048"
"589999","2048-12-29","12","29","2048"
"590000","2048-12-30","12","30","2048"
"590001","2048-12-31","12","31","2048"
"598871","2049-01-01","1","1","2049"
"598872","2049-01-02","1","2","2049"
"598873","2049-01-03","1","3","2049"
"598874","2049-01-04","1","4","2049"
"598875","2049-01-05","1","5","2049"
"598876","2049-01-06","1","6","2049"
"598877","2049-01-07","1","7","2049"
"598878","2049-01-08","1","8","2049"
"598879","2049-01-09","1","9","2049"
"598880","2049-01-10","1","10","2049"
"598881","2049-01-11","1","11","2049"
"598882","2049-01-12","1","12","2049"
"598883","2049-01-13","1","13","2049"
"598884","2049-01-14","1","14","2049"
"598885","2049-01-15","1","15","2049"
"598886","2049-01-16","1","16","2049"
"598887","2049-01-17","1","17","2049"
"598888","2049-01-18","1","18","2049"
"598889","2049-01-19","1","19","2049"
"598890","2049-01-20","1","20","2049"
"598891","2049-01-21","1","21","2049"
"598892","2049-01-22","1","22","2049"
"598893","2049-01-23","1","23","2049"
"598894","2049-01-24","1","24","2049"
"598895","2049-01-25","1","25","2049"
"598896","2049-01-26","1","26","2049"
"598897","2049-01-27","1","27","2049"
"598898","2049-01-28","1","28","2049"
"598899","2049-01-29","1","29","2049"
"598900","2049-01-30","1","30","2049"
"598901","2049-01-31","1","31","2049"
"598971","2049-02-01","2","1","2049"
"598972","2049-02-02","2","2","2049"
"598973","2049-02-03","2","3","2049"
"598974","2049-02-04","2","4","2049"
"598975","2049-02-05","2","5","2049"
"598976","2049-02-06","2","6","2049"
"598977","2049-02-07","2","7","2049"
"598978","2049-02-08","2","8","2049"
"598979","2049-02-09","2","9","2049"
"598980","2049-02-10","2","10","2049"
"598981","2049-02-11","2","11","2049"
"598982","2049-02-12","2","12","2049"
"598983","2049-02-13","2","13","2049"
"598984","2049-02-14","2","14","2049"
"598985","2049-02-15","2","15","2049"
"598986","2049-02-16","2","16","2049"
"598987","2049-02-17","2","17","2049"
"598988","2049-02-18","2","18","2049"
"598989","2049-02-19","2","19","2049"
"598990","2049-02-20","2","20","2049"
"598991","2049-02-21","2","21","2049"
"598992","2049-02-22","2","22","2049"
"598993","2049-02-23","2","23","2049"
"598994","2049-02-24","2","24","2049"
"598995","2049-02-25","2","25","2049"
"598996","2049-02-26","2","26","2049"
"598997","2049-02-27","2","27","2049"
"598998","2049-02-28","2","28","2049"
"599071","2049-03-01","3","1","2049"
"599072","2049-03-02","3","2","2049"
"599073","2049-03-03","3","3","2049"
"599074","2049-03-04","3","4","2049"
"599075","2049-03-05","3","5","2049"
"599076","2049-03-06","3","6","2049"
"599077","2049-03-07","3","7","2049"
"599078","2049-03-08","3","8","2049"
"599079","2049-03-09","3","9","2049"
"599080","2049-03-10","3","10","2049"
"599081","2049-03-11","3","11","2049"
"599082","2049-03-12","3","12","2049"
"599083","2049-03-13","3","13","2049"
"599084","2049-03-14","3","14","2049"
"599085","2049-03-15","3","15","2049"
"599086","2049-03-16","3","16","2049"
"599087","2049-03-17","3","17","2049"
"599088","2049-03-18","3","18","2049"
"599089","2049-03-19","3","19","2049"
"599090","2049-03-20","3","20","2049"
"599091","2049-03-21","3","21","2049"
"599092","2049-03-22","3","22","2049"
"599093","2049-03-23","3","23","2049"
"599094","2049-03-24","3","24","2049"
"599095","2049-03-25","3","25","2049"
"599096","2049-03-26","3","26","2049"
"599097","2049-03-27","3","27","2049"
"599098","2049-03-28","3","28","2049"
"599099","2049-03-29","3","29","2049"
"599100","2049-03-30","3","30","2049"
"599101","2049-03-31","3","31","2049"
"599171","2049-04-01","4","1","2049"
"599172","2049-04-02","4","2","2049"
"599173","2049-04-03","4","3","2049"
"599174","2049-04-04","4","4","2049"
"599175","2049-04-05","4","5","2049"
"599176","2049-04-06","4","6","2049"
"599177","2049-04-07","4","7","2049"
"599178","2049-04-08","4","8","2049"
"599179","2049-04-09","4","9","2049"
"599180","2049-04-10","4","10","2049"
"599181","2049-04-11","4","11","2049"
"599182","2049-04-12","4","12","2049"
"599183","2049-04-13","4","13","2049"
"599184","2049-04-14","4","14","2049"
"599185","2049-04-15","4","15","2049"
"599186","2049-04-16","4","16","2049"
"599187","2049-04-17","4","17","2049"
"599188","2049-04-18","4","18","2049"
"599189","2049-04-19","4","19","2049"
"599190","2049-04-20","4","20","2049"
"599191","2049-04-21","4","21","2049"
"599192","2049-04-22","4","22","2049"
"599193","2049-04-23","4","23","2049"
"599194","2049-04-24","4","24","2049"
"599195","2049-04-25","4","25","2049"
"599196","2049-04-26","4","26","2049"
"599197","2049-04-27","4","27","2049"
"599198","2049-04-28","4","28","2049"
"599199","2049-04-29","4","29","2049"
"599200","2049-04-30","4","30","2049"
"599271","2049-05-01","5","1","2049"
"599272","2049-05-02","5","2","2049"
"599273","2049-05-03","5","3","2049"
"599274","2049-05-04","5","4","2049"
"599275","2049-05-05","5","5","2049"
"599276","2049-05-06","5","6","2049"
"599277","2049-05-07","5","7","2049"
"599278","2049-05-08","5","8","2049"
"599279","2049-05-09","5","9","2049"
"599280","2049-05-10","5","10","2049"
"599281","2049-05-11","5","11","2049"
"599282","2049-05-12","5","12","2049"
"599283","2049-05-13","5","13","2049"
"599284","2049-05-14","5","14","2049"
"599285","2049-05-15","5","15","2049"
"599286","2049-05-16","5","16","2049"
"599287","2049-05-17","5","17","2049"
"599288","2049-05-18","5","18","2049"
"599289","2049-05-19","5","19","2049"
"599290","2049-05-20","5","20","2049"
"599291","2049-05-21","5","21","2049"
"599292","2049-05-22","5","22","2049"
"599293","2049-05-23","5","23","2049"
"599294","2049-05-24","5","24","2049"
"599295","2049-05-25","5","25","2049"
"599296","2049-05-26","5","26","2049"
"599297","2049-05-27","5","27","2049"
"599298","2049-05-28","5","28","2049"
"599299","2049-05-29","5","29","2049"
"599300","2049-05-30","5","30","2049"
"599301","2049-05-31","5","31","2049"
"599371","2049-06-01","6","1","2049"
"599372","2049-06-02","6","2","2049"
"599373","2049-06-03","6","3","2049"
"599374","2049-06-04","6","4","2049"
"599375","2049-06-05","6","5","2049"
"599376","2049-06-06","6","6","2049"
"599377","2049-06-07","6","7","2049"
"599378","2049-06-08","6","8","2049"
"599379","2049-06-09","6","9","2049"
"599380","2049-06-10","6","10","2049"
"599381","2049-06-11","6","11","2049"
"599382","2049-06-12","6","12","2049"
"599383","2049-06-13","6","13","2049"
"599384","2049-06-14","6","14","2049"
"599385","2049-06-15","6","15","2049"
"599386","2049-06-16","6","16","2049"
"599387","2049-06-17","6","17","2049"
"599388","2049-06-18","6","18","2049"
"599389","2049-06-19","6","19","2049"
"599390","2049-06-20","6","20","2049"
"599391","2049-06-21","6","21","2049"
"599392","2049-06-22","6","22","2049"
"599393","2049-06-23","6","23","2049"
"599394","2049-06-24","6","24","2049"
"599395","2049-06-25","6","25","2049"
"599396","2049-06-26","6","26","2049"
"599397","2049-06-27","6","27","2049"
"599398","2049-06-28","6","28","2049"
"599399","2049-06-29","6","29","2049"
"599400","2049-06-30","6","30","2049"
"599471","2049-07-01","7","1","2049"
"599472","2049-07-02","7","2","2049"
"599473","2049-07-03","7","3","2049"
"599474","2049-07-04","7","4","2049"
"599475","2049-07-05","7","5","2049"
"599476","2049-07-06","7","6","2049"
"599477","2049-07-07","7","7","2049"
"599478","2049-07-08","7","8","2049"
"599479","2049-07-09","7","9","2049"
"599480","2049-07-10","7","10","2049"
"599481","2049-07-11","7","11","2049"
"599482","2049-07-12","7","12","2049"
"599483","2049-07-13","7","13","2049"
"599484","2049-07-14","7","14","2049"
"599485","2049-07-15","7","15","2049"
"599486","2049-07-16","7","16","2049"
"599487","2049-07-17","7","17","2049"
"599488","2049-07-18","7","18","2049"
"599489","2049-07-19","7","19","2049"
"599490","2049-07-20","7","20","2049"
"599491","2049-07-21","7","21","2049"
"599492","2049-07-22","7","22","2049"
"599493","2049-07-23","7","23","2049"
"599494","2049-07-24","7","24","2049"
"599495","2049-07-25","7","25","2049"
"599496","2049-07-26","7","26","2049"
"599497","2049-07-27","7","27","2049"
"599498","2049-07-28","7","28","2049"
"599499","2049-07-29","7","29","2049"
"599500","2049-07-30","7","30","2049"
"599501","2049-07-31","7","31","2049"
"599571","2049-08-01","8","1","2049"
"599572","2049-08-02","8","2","2049"
"599573","2049-08-03","8","3","2049"
"599574","2049-08-04","8","4","2049"
"599575","2049-08-05","8","5","2049"
"599576","2049-08-06","8","6","2049"
"599577","2049-08-07","8","7","2049"
"599578","2049-08-08","8","8","2049"
"599579","2049-08-09","8","9","2049"
"599580","2049-08-10","8","10","2049"
"599581","2049-08-11","8","11","2049"
"599582","2049-08-12","8","12","2049"
"599583","2049-08-13","8","13","2049"
"599584","2049-08-14","8","14","2049"
"599585","2049-08-15","8","15","2049"
"599586","2049-08-16","8","16","2049"
"599587","2049-08-17","8","17","2049"
"599588","2049-08-18","8","18","2049"
"599589","2049-08-19","8","19","2049"
"599590","2049-08-20","8","20","2049"
"599591","2049-08-21","8","21","2049"
"599592","2049-08-22","8","22","2049"
"599593","2049-08-23","8","23","2049"
"599594","2049-08-24","8","24","2049"
"599595","2049-08-25","8","25","2049"
"599596","2049-08-26","8","26","2049"
"599597","2049-08-27","8","27","2049"
"599598","2049-08-28","8","28","2049"
"599599","2049-08-29","8","29","2049"
"599600","2049-08-30","8","30","2049"
"599601","2049-08-31","8","31","2049"
"599671","2049-09-01","9","1","2049"
"599672","2049-09-02","9","2","2049"
"599673","2049-09-03","9","3","2049"
"599674","2049-09-04","9","4","2049"
"599675","2049-09-05","9","5","2049"
"599676","2049-09-06","9","6","2049"
"599677","2049-09-07","9","7","2049"
"599678","2049-09-08","9","8","2049"
"599679","2049-09-09","9","9","2049"
"599680","2049-09-10","9","10","2049"
"599681","2049-09-11","9","11","2049"
"599682","2049-09-12","9","12","2049"
"599683","2049-09-13","9","13","2049"
"599684","2049-09-14","9","14","2049"
"599685","2049-09-15","9","15","2049"
"599686","2049-09-16","9","16","2049"
"599687","2049-09-17","9","17","2049"
"599688","2049-09-18","9","18","2049"
"599689","2049-09-19","9","19","2049"
"599690","2049-09-20","9","20","2049"
"599691","2049-09-21","9","21","2049"
"599692","2049-09-22","9","22","2049"
"599693","2049-09-23","9","23","2049"
"599694","2049-09-24","9","24","2049"
"599695","2049-09-25","9","25","2049"
"599696","2049-09-26","9","26","2049"
"599697","2049-09-27","9","27","2049"
"599698","2049-09-28","9","28","2049"
"599699","2049-09-29","9","29","2049"
"599700","2049-09-30","9","30","2049"
"599771","2049-10-01","10","1","2049"
"599772","2049-10-02","10","2","2049"
"599773","2049-10-03","10","3","2049"
"599774","2049-10-04","10","4","2049"
"599775","2049-10-05","10","5","2049"
"599776","2049-10-06","10","6","2049"
"599777","2049-10-07","10","7","2049"
"599778","2049-10-08","10","8","2049"
"599779","2049-10-09","10","9","2049"
"599780","2049-10-10","10","10","2049"
"599781","2049-10-11","10","11","2049"
"599782","2049-10-12","10","12","2049"
"599783","2049-10-13","10","13","2049"
"599784","2049-10-14","10","14","2049"
"599785","2049-10-15","10","15","2049"
"599786","2049-10-16","10","16","2049"
"599787","2049-10-17","10","17","2049"
"599788","2049-10-18","10","18","2049"
"599789","2049-10-19","10","19","2049"
"599790","2049-10-20","10","20","2049"
"599791","2049-10-21","10","21","2049"
"599792","2049-10-22","10","22","2049"
"599793","2049-10-23","10","23","2049"
"599794","2049-10-24","10","24","2049"
"599795","2049-10-25","10","25","2049"
"599796","2049-10-26","10","26","2049"
"599797","2049-10-27","10","27","2049"
"599798","2049-10-28","10","28","2049"
"599799","2049-10-29","10","29","2049"
"599800","2049-10-30","10","30","2049"
"599801","2049-10-31","10","31","2049"
"599871","2049-11-01","11","1","2049"
"599872","2049-11-02","11","2","2049"
"599873","2049-11-03","11","3","2049"
"599874","2049-11-04","11","4","2049"
"599875","2049-11-05","11","5","2049"
"599876","2049-11-06","11","6","2049"
"599877","2049-11-07","11","7","2049"
"599878","2049-11-08","11","8","2049"
"599879","2049-11-09","11","9","2049"
"599880","2049-11-10","11","10","2049"
"599881","2049-11-11","11","11","2049"
"599882","2049-11-12","11","12","2049"
"599883","2049-11-13","11","13","2049"
"599884","2049-11-14","11","14","2049"
"599885","2049-11-15","11","15","2049"
"599886","2049-11-16","11","16","2049"
"599887","2049-11-17","11","17","2049"
"599888","2049-11-18","11","18","2049"
"599889","2049-11-19","11","19","2049"
"599890","2049-11-20","11","20","2049"
"599891","2049-11-21","11","21","2049"
"599892","2049-11-22","11","22","2049"
"599893","2049-11-23","11","23","2049"
"599894","2049-11-24","11","24","2049"
"599895","2049-11-25","11","25","2049"
"599896","2049-11-26","11","26","2049"
"599897","2049-11-27","11","27","2049"
"599898","2049-11-28","11","28","2049"
"599899","2049-11-29","11","29","2049"
"599900","2049-11-30","11","30","2049"
"599971","2049-12-01","12","1","2049"
"599972","2049-12-02","12","2","2049"
"599973","2049-12-03","12","3","2049"
"599974","2049-12-04","12","4","2049"
"599975","2049-12-05","12","5","2049"
"599976","2049-12-06","12","6","2049"
"599977","2049-12-07","12","7","2049"
"599978","2049-12-08","12","8","2049"
"599979","2049-12-09","12","9","2049"
"599980","2049-12-10","12","10","2049"
"599981","2049-12-11","12","11","2049"
"599982","2049-12-12","12","12","2049"
"599983","2049-12-13","12","13","2049"
"599984","2049-12-14","12","14","2049"
"599985","2049-12-15","12","15","2049"
"599986","2049-12-16","12","16","2049"
"599987","2049-12-17","12","17","2049"
"599988","2049-12-18","12","18","2049"
"599989","2049-12-19","12","19","2049"
"599990","2049-12-20","12","20","2049"
"599991","2049-12-21","12","21","2049"
"599992","2049-12-22","12","22","2049"
"599993","2049-12-23","12","23","2049"
"599994","2049-12-24","12","24","2049"
"599995","2049-12-25","12","25","2049"
"599996","2049-12-26","12","26","2049"
"599997","2049-12-27","12","27","2049"
"599998","2049-12-28","12","28","2049"
"599999","2049-12-29","12","29","2049"
"600000","2049-12-30","12","30","2049"
"600001","2049-12-31","12","31","2049"