Id,Date,DayLongName,CalendarWeek,CalendarMonth,CalendarDayInMonth,CalendarYear
"1","2000-01-01","Saturday","52","1","1","2000"
"2","2000-01-02","Sunday","52","1","2","2000"
"3","2000-01-03","Monday","1","1","3","2000"
"4","2000-01-04","Tuesday","1","1","4","2000"
"5","2000-01-05","Wednesday","1","1","5","2000"
"6","2000-01-06","Thursday","1","1","6","2000"
"7","2000-01-07","Friday","1","1","7","2000"
"8","2000-01-08","Saturday","1","1","8","2000"
"9","2000-01-09","Sunday","1","1","9","2000"
"10","2000-01-10","Monday","2","1","10","2000"
"11","2000-01-11","Tuesday","2","1","11","2000"
"12","2000-01-12","Wednesday","2","1","12","2000"
"13","2000-01-13","Thursday","2","1","13","2000"
"14","2000-01-14","Friday","2","1","14","2000"
"15","2000-01-15","Saturday","2","1","15","2000"
"16","2000-01-16","Sunday","2","1","16","2000"
"17","2000-01-17","Monday","3","1","17","2000"
"18","2000-01-18","Tuesday","3","1","18","2000"
"19","2000-01-19","Wednesday","3","1","19","2000"
"20","2000-01-20","Thursday","3","1","20","2000"
"21","2000-01-21","Friday","3","1","21","2000"
"22","2000-01-22","Saturday","3","1","22","2000"
"23","2000-01-23","Sunday","3","1","23","2000"
"24","2000-01-24","Monday","4","1","24","2000"
"25","2000-01-25","Tuesday","4","1","25","2000"
"26","2000-01-26","Wednesday","4","1","26","2000"
"27","2000-01-27","Thursday","4","1","27","2000"
"28","2000-01-28","Friday","4","1","28","2000"
"29","2000-01-29","Saturday","4","1","29","2000"
"30","2000-01-30","Sunday","4","1","30","2000"
"31","2000-01-31","Monday","5","1","31","2000"
"101","2000-02-01","Tuesday","5","2","1","2000"
"102","2000-02-02","Wednesday","5","2","2","2000"
"103","2000-02-03","Thursday","5","2","3","2000"
"104","2000-02-04","Friday","5","2","4","2000"
"105","2000-02-05","Saturday","5","2","5","2000"
"106","2000-02-06","Sunday","5","2","6","2000"
"107","2000-02-07","Monday","6","2","7","2000"
"108","2000-02-08","Tuesday","6","2","8","2000"
"109","2000-02-09","Wednesday","6","2","9","2000"
"110","2000-02-10","Thursday","6","2","10","2000"
"111","2000-02-11","Friday","6","2","11","2000"
"112","2000-02-12","Saturday","6","2","12","2000"
"113","2000-02-13","Sunday","6","2","13","2000"
"114","2000-02-14","Monday","7","2","14","2000"
"115","2000-02-15","Tuesday","7","2","15","2000"
"116","2000-02-16","Wednesday","7","2","16","2000"
"117","2000-02-17","Thursday","7","2","17","2000"
"118","2000-02-18","Friday","7","2","18","2000"
"119","2000-02-19","Saturday","7","2","19","2000"
"120","2000-02-20","Sunday","7","2","20","2000"
"121","2000-02-21","Monday","8","2","21","2000"
"122","2000-02-22","Tuesday","8","2","22","2000"
"123","2000-02-23","Wednesday","8","2","23","2000"
"124","2000-02-24","Thursday","8","2","24","2000"
"125","2000-02-25","Friday","8","2","25","2000"
"126","2000-02-26","Saturday","8","2","26","2000"
"127","2000-02-27","Sunday","8","2","27","2000"
"128","2000-02-28","Monday","9","2","28","2000"
"129","2000-02-29","Tuesday","9","2","29","2000"
"201","2000-03-01","Wednesday","9","3","1","2000"
"202","2000-03-02","Thursday","9","3","2","2000"
"203","2000-03-03","Friday","9","3","3","2000"
"204","2000-03-04","Saturday","9","3","4","2000"
"205","2000-03-05","Sunday","9","3","5","2000"
"206","2000-03-06","Monday","10","3","6","2000"
"207","2000-03-07","Tuesday","10","3","7","2000"
"208","2000-03-08","Wednesday","10","3","8","2000"
"209","2000-03-09","Thursday","10","3","9","2000"
"210","2000-03-10","Friday","10","3","10","2000"
"211","2000-03-11","Saturday","10","3","11","2000"
"212","2000-03-12","Sunday","10","3","12","2000"
"213","2000-03-13","Monday","11","3","13","2000"
"214","2000-03-14","Tuesday","11","3","14","2000"
"215","2000-03-15","Wednesday","11","3","15","2000"
"216","2000-03-16","Thursday","11","3","16","2000"
"217","2000-03-17","Friday","11","3","17","2000"
"218","2000-03-18","Saturday","11","3","18","2000"
"219","2000-03-19","Sunday","11","3","19","2000"
"220","2000-03-20","Monday","12","3","20","2000"
"221","2000-03-21","Tuesday","12","3","21","2000"
"222","2000-03-22","Wednesday","12","3","22","2000"
"223","2000-03-23","Thursday","12","3","23","2000"
"224","2000-03-24","Friday","12","3","24","2000"
"225","2000-03-25","Saturday","12","3","25","2000"
"226","2000-03-26","Sunday","12","3","26","2000"
"227","2000-03-27","Monday","13","3","27","2000"
"228","2000-03-28","Tuesday","13","3","28","2000"
"229","2000-03-29","Wednesday","13","3","29","2000"
"230","2000-03-30","Thursday","13","3","30","2000"
"231","2000-03-31","Friday","13","3","31","2000"
"301","2000-04-01","Saturday","13","4","1","2000"
"302","2000-04-02","Sunday","13","4","2","2000"
"303","2000-04-03","Monday","14","4","3","2000"
"304","2000-04-04","Tuesday","14","4","4","2000"
"305","2000-04-05","Wednesday","14","4","5","2000"
"306","2000-04-06","Thursday","14","4","6","2000"
"307","2000-04-07","Friday","14","4","7","2000"
"308","2000-04-08","Saturday","14","4","8","2000"
"309","2000-04-09","Sunday","14","4","9","2000"
"310","2000-04-10","Monday","15","4","10","2000"
"311","2000-04-11","Tuesday","15","4","11","2000"
"312","2000-04-12","Wednesday","15","4","12","2000"
"313","2000-04-13","Thursday","15","4","13","2000"
"314","2000-04-14","Friday","15","4","14","2000"
"315","2000-04-15","Saturday","15","4","15","2000"
"316","2000-04-16","Sunday","15","4","16","2000"
"317","2000-04-17","Monday","16","4","17","2000"
"318","2000-04-18","Tuesday","16","4","18","2000"
"319","2000-04-19","Wednesday","16","4","19","2000"
"320","2000-04-20","Thursday","16","4","20","2000"
"321","2000-04-21","Friday","16","4","21","2000"
"322","2000-04-22","Saturday","16","4","22","2000"
"323","2000-04-23","Sunday","16","4","23","2000"
"324","2000-04-24","Monday","17","4","24","2000"
"325","2000-04-25","Tuesday","17","4","25","2000"
"326","2000-04-26","Wednesday","17","4","26","2000"
"327","2000-04-27","Thursday","17","4","27","2000"
"328","2000-04-28","Friday","17","4","28","2000"
"329","2000-04-29","Saturday","17","4","29","2000"
"330","2000-04-30","Sunday","17","4","30","2000"
"401","2000-05-01","Monday","18","5","1","2000"
"402","2000-05-02","Tuesday","18","5","2","2000"
"403","2000-05-03","Wednesday","18","5","3","2000"
"404","2000-05-04","Thursday","18","5","4","2000"
"405","2000-05-05","Friday","18","5","5","2000"
"406","2000-05-06","Saturday","18","5","6","2000"
"407","2000-05-07","Sunday","18","5","7","2000"
"408","2000-05-08","Monday","19","5","8","2000"
"409","2000-05-09","Tuesday","19","5","9","2000"
"410","2000-05-10","Wednesday","19","5","10","2000"
"411","2000-05-11","Thursday","19","5","11","2000"
"412","2000-05-12","Friday","19","5","12","2000"
"413","2000-05-13","Saturday","19","5","13","2000"
"414","2000-05-14","Sunday","19","5","14","2000"
"415","2000-05-15","Monday","20","5","15","2000"
"416","2000-05-16","Tuesday","20","5","16","2000"
"417","2000-05-17","Wednesday","20","5","17","2000"
"418","2000-05-18","Thursday","20","5","18","2000"
"419","2000-05-19","Friday","20","5","19","2000"
"420","2000-05-20","Saturday","20","5","20","2000"
"421","2000-05-21","Sunday","20","5","21","2000"
"422","2000-05-22","Monday","21","5","22","2000"
"423","2000-05-23","Tuesday","21","5","23","2000"
"424","2000-05-24","Wednesday","21","5","24","2000"
"425","2000-05-25","Thursday","21","5","25","2000"
"426","2000-05-26","Friday","21","5","26","2000"
"427","2000-05-27","Saturday","21","5","27","2000"
"428","2000-05-28","Sunday","21","5","28","2000"
"429","2000-05-29","Monday","22","5","29","2000"
"430","2000-05-30","Tuesday","22","5","30","2000"
"431","2000-05-31","Wednesday","22","5","31","2000"
"501","2000-06-01","Thursday","22","6","1","2000"
"502","2000-06-02","Friday","22","6","2","2000"
"503","2000-06-03","Saturday","22","6","3","2000"
"504","2000-06-04","Sunday","22","6","4","2000"
"505","2000-06-05","Monday","23","6","5","2000"
"506","2000-06-06","Tuesday","23","6","6","2000"
"507","2000-06-07","Wednesday","23","6","7","2000"
"508","2000-06-08","Thursday","23","6","8","2000"
"509","2000-06-09","Friday","23","6","9","2000"
"510","2000-06-10","Saturday","23","6","10","2000"
"511","2000-06-11","Sunday","23","6","11","2000"
"512","2000-06-12","Monday","24","6","12","2000"
"513","2000-06-13","Tuesday","24","6","13","2000"
"514","2000-06-14","Wednesday","24","6","14","2000"
"515","2000-06-15","Thursday","24","6","15","2000"
"516","2000-06-16","Friday","24","6","16","2000"
"517","2000-06-17","Saturday","24","6","17","2000"
"518","2000-06-18","Sunday","24","6","18","2000"
"519","2000-06-19","Monday","25","6","19","2000"
"520","2000-06-20","Tuesday","25","6","20","2000"
"521","2000-06-21","Wednesday","25","6","21","2000"
"522","2000-06-22","Thursday","25","6","22","2000"
"523","2000-06-23","Friday","25","6","23","2000"
"524","2000-06-24","Saturday","25","6","24","2000"
"525","2000-06-25","Sunday","25","6","25","2000"
"526","2000-06-26","Monday","26","6","26","2000"
"527","2000-06-27","Tuesday","26","6","27","2000"
"528","2000-06-28","Wednesday","26","6","28","2000"
"529","2000-06-29","Thursday","26","6","29","2000"
"530","2000-06-30","Friday","26","6","30","2000"
"601","2000-07-01","Saturday","26","7","1","2000"
"602","2000-07-02","Sunday","26","7","2","2000"
"603","2000-07-03","Monday","27","7","3","2000"
"604","2000-07-04","Tuesday","27","7","4","2000"
"605","2000-07-05","Wednesday","27","7","5","2000"
"606","2000-07-06","Thursday","27","7","6","2000"
"607","2000-07-07","Friday","27","7","7","2000"
"608","2000-07-08","Saturday","27","7","8","2000"
"609","2000-07-09","Sunday","27","7","9","2000"
"610","2000-07-10","Monday","28","7","10","2000"
"611","2000-07-11","Tuesday","28","7","11","2000"
"612","2000-07-12","Wednesday","28","7","12","2000"
"613","2000-07-13","Thursday","28","7","13","2000"
"614","2000-07-14","Friday","28","7","14","2000"
"615","2000-07-15","Saturday","28","7","15","2000"
"616","2000-07-16","Sunday","28","7","16","2000"
"617","2000-07-17","Monday","29","7","17","2000"
"618","2000-07-18","Tuesday","29","7","18","2000"
"619","2000-07-19","Wednesday","29","7","19","2000"
"620","2000-07-20","Thursday","29","7","20","2000"
"621","2000-07-21","Friday","29","7","21","2000"
"622","2000-07-22","Saturday","29","7","22","2000"
"623","2000-07-23","Sunday","29","7","23","2000"
"624","2000-07-24","Monday","30","7","24","2000"
"625","2000-07-25","Tuesday","30","7","25","2000"
"626","2000-07-26","Wednesday","30","7","26","2000"
"627","2000-07-27","Thursday","30","7","27","2000"
"628","2000-07-28","Friday","30","7","28","2000"
"629","2000-07-29","Saturday","30","7","29","2000"
"630","2000-07-30","Sunday","30","7","30","2000"
"631","2000-07-31","Monday","31","7","31","2000"
"701","2000-08-01","Tuesday","31","8","1","2000"
"702","2000-08-02","Wednesday","31","8","2","2000"
"703","2000-08-03","Thursday","31","8","3","2000"
"704","2000-08-04","Friday","31","8","4","2000"
"705","2000-08-05","Saturday","31","8","5","2000"
"706","2000-08-06","Sunday","31","8","6","2000"
"707","2000-08-07","Monday","32","8","7","2000"
"708","2000-08-08","Tuesday","32","8","8","2000"
"709","2000-08-09","Wednesday","32","8","9","2000"
"710","2000-08-10","Thursday","32","8","10","2000"
"711","2000-08-11","Friday","32","8","11","2000"
"712","2000-08-12","Saturday","32","8","12","2000"
"713","2000-08-13","Sunday","32","8","13","2000"
"714","2000-08-14","Monday","33","8","14","2000"
"715","2000-08-15","Tuesday","33","8","15","2000"
"716","2000-08-16","Wednesday","33","8","16","2000"
"717","2000-08-17","Thursday","33","8","17","2000"
"718","2000-08-18","Friday","33","8","18","2000"
"719","2000-08-19","Saturday","33","8","19","2000"
"720","2000-08-20","Sunday","33","8","20","2000"
"721","2000-08-21","Monday","34","8","21","2000"
"722","2000-08-22","Tuesday","34","8","22","2000"
"723","2000-08-23","Wednesday","34","8","23","2000"
"724","2000-08-24","Thursday","34","8","24","2000"
"725","2000-08-25","Friday","34","8","25","2000"
"726","2000-08-26","Saturday","34","8","26","2000"
"727","2000-08-27","Sunday","34","8","27","2000"
"728","2000-08-28","Monday","35","8","28","2000"
"729","2000-08-29","Tuesday","35","8","29","2000"
"730","2000-08-30","Wednesday","35","8","30","2000"
"731","2000-08-31","Thursday","35","8","31","2000"
"801","2000-09-01","Friday","35","9","1","2000"
"802","2000-09-02","Saturday","35","9","2","2000"
"803","2000-09-03","Sunday","35","9","3","2000"
"804","2000-09-04","Monday","36","9","4","2000"
"805","2000-09-05","Tuesday","36","9","5","2000"
"806","2000-09-06","Wednesday","36","9","6","2000"
"807","2000-09-07","Thursday","36","9","7","2000"
"808","2000-09-08","Friday","36","9","8","2000"
"809","2000-09-09","Saturday","36","9","9","2000"
"810","2000-09-10","Sunday","36","9","10","2000"
"811","2000-09-11","Monday","37","9","11","2000"
"812","2000-09-12","Tuesday","37","9","12","2000"
"813","2000-09-13","Wednesday","37","9","13","2000"
"814","2000-09-14","Thursday","37","9","14","2000"
"815","2000-09-15","Friday","37","9","15","2000"
"816","2000-09-16","Saturday","37","9","16","2000"
"817","2000-09-17","Sunday","37","9","17","2000"
"818","2000-09-18","Monday","38","9","18","2000"
"819","2000-09-19","Tuesday","38","9","19","2000"
"820","2000-09-20","Wednesday","38","9","20","2000"
"821","2000-09-21","Thursday","38","9","21","2000"
"822","2000-09-22","Friday","38","9","22","2000"
"823","2000-09-23","Saturday","38","9","23","2000"
"824","2000-09-24","Sunday","38","9","24","2000"
"825","2000-09-25","Monday","39","9","25","2000"
"826","2000-09-26","Tuesday","39","9","26","2000"
"827","2000-09-27","Wednesday","39","9","27","2000"
"828","2000-09-28","Thursday","39","9","28","2000"
"829","2000-09-29","Friday","39","9","29","2000"
"830","2000-09-30","Saturday","39","9","30","2000"
"901","2000-10-01","Sunday","39","10","1","2000"
"902","2000-10-02","Monday","40","10","2","2000"
"903","2000-10-03","Tuesday","40","10","3","2000"
"904","2000-10-04","Wednesday","40","10","4","2000"
"905","2000-10-05","Thursday","40","10","5","2000"
"906","2000-10-06","Friday","40","10","6","2000"
"907","2000-10-07","Saturday","40","10","7","2000"
"908","2000-10-08","Sunday","40","10","8","2000"
"909","2000-10-09","Monday","41","10","9","2000"
"910","2000-10-10","Tuesday","41","10","10","2000"
"911","2000-10-11","Wednesday","41","10","11","2000"
"912","2000-10-12","Thursday","41","10","12","2000"
"913","2000-10-13","Friday","41","10","13","2000"
"914","2000-10-14","Saturday","41","10","14","2000"
"915","2000-10-15","Sunday","41","10","15","2000"
"916","2000-10-16","Monday","42","10","16","2000"
"917","2000-10-17","Tuesday","42","10","17","2000"
"918","2000-10-18","Wednesday","42","10","18","2000"
"919","2000-10-19","Thursday","42","10","19","2000"
"920","2000-10-20","Friday","42","10","20","2000"
"921","2000-10-21","Saturday","42","10","21","2000"
"922","2000-10-22","Sunday","42","10","22","2000"
"923","2000-10-23","Monday","43","10","23","2000"
"924","2000-10-24","Tuesday","43","10","24","2000"
"925","2000-10-25","Wednesday","43","10","25","2000"
"926","2000-10-26","Thursday","43","10","26","2000"
"927","2000-10-27","Friday","43","10","27","2000"
"928","2000-10-28","Saturday","43","10","28","2000"
"929","2000-10-29","Sunday","43","10","29","2000"
"930","2000-10-30","Monday","44","10","30","2000"
"931","2000-10-31","Tuesday","44","10","31","2000"
"1001","2000-11-01","Wednesday","44","11","1","2000"
"1002","2000-11-02","Thursday","44","11","2","2000"
"1003","2000-11-03","Friday","44","11","3","2000"
"1004","2000-11-04","Saturday","44","11","4","2000"
"1005","2000-11-05","Sunday","44","11","5","2000"
"1006","2000-11-06","Monday","45","11","6","2000"
"1007","2000-11-07","Tuesday","45","11","7","2000"
"1008","2000-11-08","Wednesday","45","11","8","2000"
"1009","2000-11-09","Thursday","45","11","9","2000"
"1010","2000-11-10","Friday","45","11","10","2000"
"1011","2000-11-11","Saturday","45","11","11","2000"
"1012","2000-11-12","Sunday","45","11","12","2000"
"1013","2000-11-13","Monday","46","11","13","2000"
"1014","2000-11-14","Tuesday","46","11","14","2000"
"1015","2000-11-15","Wednesday","46","11","15","2000"
"1016","2000-11-16","Thursday","46","11","16","2000"
"1017","2000-11-17","Friday","46","11","17","2000"
"1018","2000-11-18","Saturday","46","11","18","2000"
"1019","2000-11-19","Sunday","46","11","19","2000"
"1020","2000-11-20","Monday","47","11","20","2000"
"1021","2000-11-21","Tuesday","47","11","21","2000"
"1022","2000-11-22","Wednesday","47","11","22","2000"
"1023","2000-11-23","Thursday","47","11","23","2000"
"1024","2000-11-24","Friday","47","11","24","2000"
"1025","2000-11-25","Saturday","47","11","25","2000"
"1026","2000-11-26","Sunday","47","11","26","2000"
"1027","2000-11-27","Monday","48","11","27","2000"
"1028","2000-11-28","Tuesday","48","11","28","2000"
"1029","2000-11-29","Wednesday","48","11","29","2000"
"1030","2000-11-30","Thursday","48","11","30","2000"
"1101","2000-12-01","Friday","48","12","1","2000"
"1102","2000-12-02","Saturday","48","12","2","2000"
"1103","2000-12-03","Sunday","48","12","3","2000"
"1104","2000-12-04","Monday","49","12","4","2000"
"1105","2000-12-05","Tuesday","49","12","5","2000"
"1106","2000-12-06","Wednesday","49","12","6","2000"
"1107","2000-12-07","Thursday","49","12","7","2000"
"1108","2000-12-08","Friday","49","12","8","2000"
"1109","2000-12-09","Saturday","49","12","9","2000"
"1110","2000-12-10","Sunday","49","12","10","2000"
"1111","2000-12-11","Monday","50","12","11","2000"
"1112","2000-12-12","Tuesday","50","12","12","2000"
"1113","2000-12-13","Wednesday","50","12","13","2000"
"1114","2000-12-14","Thursday","50","12","14","2000"
"1115","2000-12-15","Friday","50","12","15","2000"
"1116","2000-12-16","Saturday","50","12","16","2000"
"1117","2000-12-17","Sunday","50","12","17","2000"
"1118","2000-12-18","Monday","51","12","18","2000"
"1119","2000-12-19","Tuesday","51","12","19","2000"
"1120","2000-12-20","Wednesday","51","12","20","2000"
"1121","2000-12-21","Thursday","51","12","21","2000"
"1122","2000-12-22","Friday","51","12","22","2000"
"1123","2000-12-23","Saturday","51","12","23","2000"
"1124","2000-12-24","Sunday","51","12","24","2000"
"1125","2000-12-25","Monday","52","12","25","2000"
"1126","2000-12-26","Tuesday","52","12","26","2000"
"1127","2000-12-27","Wednesday","52","12","27","2000"
"1128","2000-12-28","Thursday","52","12","28","2000"
"1129","2000-12-29","Friday","52","12","29","2000"
"1130","2000-12-30","Saturday","52","12","30","2000"
"1131","2000-12-31","Sunday","52","12","31","2000"
"10001","2001-01-01","Monday","1","1","1","2001"
"10002","2001-01-02","Tuesday","1","1","2","2001"
"10003","2001-01-03","Wednesday","1","1","3","2001"
"10004","2001-01-04","Thursday","1","1","4","2001"
"10005","2001-01-05","Friday","1","1","5","2001"
"10006","2001-01-06","Saturday","1","1","6","2001"
"10007","2001-01-07","Sunday","1","1","7","2001"
"10008","2001-01-08","Monday","2","1","8","2001"
"10009","2001-01-09","Tuesday","2","1","9","2001"
"10010","2001-01-10","Wednesday","2","1","10","2001"
"10011","2001-01-11","Thursday","2","1","11","2001"
"10012","2001-01-12","Friday","2","1","12","2001"
"10013","2001-01-13","Saturday","2","1","13","2001"
"10014","2001-01-14","Sunday","2","1","14","2001"
"10015","2001-01-15","Monday","3","1","15","2001"
"10016","2001-01-16","Tuesday","3","1","16","2001"
"10017","2001-01-17","Wednesday","3","1","17","2001"
"10018","2001-01-18","Thursday","3","1","18","2001"
"10019","2001-01-19","Friday","3","1","19","2001"
"10020","2001-01-20","Saturday","3","1","20","2001"
"10021","2001-01-21","Sunday","3","1","21","2001"
"10022","2001-01-22","Monday","4","1","22","2001"
"10023","2001-01-23","Tuesday","4","1","23","2001"
"10024","2001-01-24","Wednesday","4","1","24","2001"
"10025","2001-01-25","Thursday","4","1","25","2001"
"10026","2001-01-26","Friday","4","1","26","2001"
"10027","2001-01-27","Saturday","4","1","27","2001"
"10028","2001-01-28","Sunday","4","1","28","2001"
"10029","2001-01-29","Monday","5","1","29","2001"
"10030","2001-01-30","Tuesday","5","1","30","2001"
"10031","2001-01-31","Wednesday","5","1","31","2001"
"10101","2001-02-01","Thursday","5","2","1","2001"
"10102","2001-02-02","Friday","5","2","2","2001"
"10103","2001-02-03","Saturday","5","2","3","2001"
"10104","2001-02-04","Sunday","5","2","4","2001"
"10105","2001-02-05","Monday","6","2","5","2001"
"10106","2001-02-06","Tuesday","6","2","6","2001"
"10107","2001-02-07","Wednesday","6","2","7","2001"
"10108","2001-02-08","Thursday","6","2","8","2001"
"10109","2001-02-09","Friday","6","2","9","2001"
"10110","2001-02-10","Saturday","6","2","10","2001"
"10111","2001-02-11","Sunday","6","2","11","2001"
"10112","2001-02-12","Monday","7","2","12","2001"
"10113","2001-02-13","Tuesday","7","2","13","2001"
"10114","2001-02-14","Wednesday","7","2","14","2001"
"10115","2001-02-15","Thursday","7","2","15","2001"
"10116","2001-02-16","Friday","7","2","16","2001"
"10117","2001-02-17","Saturday","7","2","17","2001"
"10118","2001-02-18","Sunday","7","2","18","2001"
"10119","2001-02-19","Monday","8","2","19","2001"
"10120","2001-02-20","Tuesday","8","2","20","2001"
"10121","2001-02-21","Wednesday","8","2","21","2001"
"10122","2001-02-22","Thursday","8","2","22","2001"
"10123","2001-02-23","Friday","8","2","23","2001"
"10124","2001-02-24","Saturday","8","2","24","2001"
"10125","2001-02-25","Sunday","8","2","25","2001"
"10126","2001-02-26","Monday","9","2","26","2001"
"10127","2001-02-27","Tuesday","9","2","27","2001"
"10128","2001-02-28","Wednesday","9","2","28","2001"
"10201","2001-03-01","Thursday","9","3","1","2001"
"10202","2001-03-02","Friday","9","3","2","2001"
"10203","2001-03-03","Saturday","9","3","3","2001"
"10204","2001-03-04","Sunday","9","3","4","2001"
"10205","2001-03-05","Monday","10","3","5","2001"
"10206","2001-03-06","Tuesday","10","3","6","2001"
"10207","2001-03-07","Wednesday","10","3","7","2001"
"10208","2001-03-08","Thursday","10","3","8","2001"
"10209","2001-03-09","Friday","10","3","9","2001"
"10210","2001-03-10","Saturday","10","3","10","2001"
"10211","2001-03-11","Sunday","10","3","11","2001"
"10212","2001-03-12","Monday","11","3","12","2001"
"10213","2001-03-13","Tuesday","11","3","13","2001"
"10214","2001-03-14","Wednesday","11","3","14","2001"
"10215","2001-03-15","Thursday","11","3","15","2001"
"10216","2001-03-16","Friday","11","3","16","2001"
"10217","2001-03-17","Saturday","11","3","17","2001"
"10218","2001-03-18","Sunday","11","3","18","2001"
"10219","2001-03-19","Monday","12","3","19","2001"
"10220","2001-03-20","Tuesday","12","3","20","2001"
"10221","2001-03-21","Wednesday","12","3","21","2001"
"10222","2001-03-22","Thursday","12","3","22","2001"
"10223","2001-03-23","Friday","12","3","23","2001"
"10224","2001-03-24","Saturday","12","3","24","2001"
"10225","2001-03-25","Sunday","12","3","25","2001"
"10226","2001-03-26","Monday","13","3","26","2001"
"10227","2001-03-27","Tuesday","13","3","27","2001"
"10228","2001-03-28","Wednesday","13","3","28","2001"
"10229","2001-03-29","Thursday","13","3","29","2001"
"10230","2001-03-30","Friday","13","3","30","2001"
"10231","2001-03-31","Saturday","13","3","31","2001"
"10301","2001-04-01","Sunday","13","4","1","2001"
"10302","2001-04-02","Monday","14","4","2","2001"
"10303","2001-04-03","Tuesday","14","4","3","2001"
"10304","2001-04-04","Wednesday","14","4","4","2001"
"10305","2001-04-05","Thursday","14","4","5","2001"
"10306","2001-04-06","Friday","14","4","6","2001"
"10307","2001-04-07","Saturday","14","4","7","2001"
"10308","2001-04-08","Sunday","14","4","8","2001"
"10309","2001-04-09","Monday","15","4","9","2001"
"10310","2001-04-10","Tuesday","15","4","10","2001"
"10311","2001-04-11","Wednesday","15","4","11","2001"
"10312","2001-04-12","Thursday","15","4","12","2001"
"10313","2001-04-13","Friday","15","4","13","2001"
"10314","2001-04-14","Saturday","15","4","14","2001"
"10315","2001-04-15","Sunday","15","4","15","2001"
"10316","2001-04-16","Monday","16","4","16","2001"
"10317","2001-04-17","Tuesday","16","4","17","2001"
"10318","2001-04-18","Wednesday","16","4","18","2001"
"10319","2001-04-19","Thursday","16","4","19","2001"
"10320","2001-04-20","Friday","16","4","20","2001"
"10321","2001-04-21","Saturday","16","4","21","2001"
"10322","2001-04-22","Sunday","16","4","22","2001"
"10323","2001-04-23","Monday","17","4","23","2001"
"10324","2001-04-24","Tuesday","17","4","24","2001"
"10325","2001-04-25","Wednesday","17","4","25","2001"
"10326","2001-04-26","Thursday","17","4","26","2001"
"10327","2001-04-27","Friday","17","4","27","2001"
"10328","2001-04-28","Saturday","17","4","28","2001"
"10329","2001-04-29","Sunday","17","4","29","2001"
"10330","2001-04-30","Monday","18","4","30","2001"
"10401","2001-05-01","Tuesday","18","5","1","2001"
"10402","2001-05-02","Wednesday","18","5","2","2001"
"10403","2001-05-03","Thursday","18","5","3","2001"
"10404","2001-05-04","Friday","18","5","4","2001"
"10405","2001-05-05","Saturday","18","5","5","2001"
"10406","2001-05-06","Sunday","18","5","6","2001"
"10407","2001-05-07","Monday","19","5","7","2001"
"10408","2001-05-08","Tuesday","19","5","8","2001"
"10409","2001-05-09","Wednesday","19","5","9","2001"
"10410","2001-05-10","Thursday","19","5","10","2001"
"10411","2001-05-11","Friday","19","5","11","2001"
"10412","2001-05-12","Saturday","19","5","12","2001"
"10413","2001-05-13","Sunday","19","5","13","2001"
"10414","2001-05-14","Monday","20","5","14","2001"
"10415","2001-05-15","Tuesday","20","5","15","2001"
"10416","2001-05-16","Wednesday","20","5","16","2001"
"10417","2001-05-17","Thursday","20","5","17","2001"
"10418","2001-05-18","Friday","20","5","18","2001"
"10419","2001-05-19","Saturday","20","5","19","2001"
"10420","2001-05-20","Sunday","20","5","20","2001"
"10421","2001-05-21","Monday","21","5","21","2001"
"10422","2001-05-22","Tuesday","21","5","22","2001"
"10423","2001-05-23","Wednesday","21","5","23","2001"
"10424","2001-05-24","Thursday","21","5","24","2001"
"10425","2001-05-25","Friday","21","5","25","2001"
"10426","2001-05-26","Saturday","21","5","26","2001"
"10427","2001-05-27","Sunday","21","5","27","2001"
"10428","2001-05-28","Monday","22","5","28","2001"
"10429","2001-05-29","Tuesday","22","5","29","2001"
"10430","2001-05-30","Wednesday","22","5","30","2001"
"10431","2001-05-31","Thursday","22","5","31","2001"
"10501","2001-06-01","Friday","22","6","1","2001"
"10502","2001-06-02","Saturday","22","6","2","2001"
"10503","2001-06-03","Sunday","22","6","3","2001"
"10504","2001-06-04","Monday","23","6","4","2001"
"10505","2001-06-05","Tuesday","23","6","5","2001"
"10506","2001-06-06","Wednesday","23","6","6","2001"
"10507","2001-06-07","Thursday","23","6","7","2001"
"10508","2001-06-08","Friday","23","6","8","2001"
"10509","2001-06-09","Saturday","23","6","9","2001"
"10510","2001-06-10","Sunday","23","6","10","2001"
"10511","2001-06-11","Monday","24","6","11","2001"
"10512","2001-06-12","Tuesday","24","6","12","2001"
"10513","2001-06-13","Wednesday","24","6","13","2001"
"10514","2001-06-14","Thursday","24","6","14","2001"
"10515","2001-06-15","Friday","24","6","15","2001"
"10516","2001-06-16","Saturday","24","6","16","2001"
"10517","2001-06-17","Sunday","24","6","17","2001"
"10518","2001-06-18","Monday","25","6","18","2001"
"10519","2001-06-19","Tuesday","25","6","19","2001"
"10520","2001-06-20","Wednesday","25","6","20","2001"
"10521","2001-06-21","Thursday","25","6","21","2001"
"10522","2001-06-22","Friday","25","6","22","2001"
"10523","2001-06-23","Saturday","25","6","23","2001"
"10524","2001-06-24","Sunday","25","6","24","2001"
"10525","2001-06-25","Monday","26","6","25","2001"
"10526","2001-06-26","Tuesday","26","6","26","2001"
"10527","2001-06-27","Wednesday","26","6","27","2001"
"10528","2001-06-28","Thursday","26","6","28","2001"
"10529","2001-06-29","Friday","26","6","29","2001"
"10530","2001-06-30","Saturday","26","6","30","2001"
"10601","2001-07-01","Sunday","26","7","1","2001"
"10602","2001-07-02","Monday","27","7","2","2001"
"10603","2001-07-03","Tuesday","27","7","3","2001"
"10604","2001-07-04","Wednesday","27","7","4","2001"
"10605","2001-07-05","Thursday","27","7","5","2001"
"10606","2001-07-06","Friday","27","7","6","2001"
"10607","2001-07-07","Saturday","27","7","7","2001"
"10608","2001-07-08","Sunday","27","7","8","2001"
"10609","2001-07-09","Monday","28","7","9","2001"
"10610","2001-07-10","Tuesday","28","7","10","2001"
"10611","2001-07-11","Wednesday","28","7","11","2001"
"10612","2001-07-12","Thursday","28","7","12","2001"
"10613","2001-07-13","Friday","28","7","13","2001"
"10614","2001-07-14","Saturday","28","7","14","2001"
"10615","2001-07-15","Sunday","28","7","15","2001"
"10616","2001-07-16","Monday","29","7","16","2001"
"10617","2001-07-17","Tuesday","29","7","17","2001"
"10618","2001-07-18","Wednesday","29","7","18","2001"
"10619","2001-07-19","Thursday","29","7","19","2001"
"10620","2001-07-20","Friday","29","7","20","2001"
"10621","2001-07-21","Saturday","29","7","21","2001"
"10622","2001-07-22","Sunday","29","7","22","2001"
"10623","2001-07-23","Monday","30","7","23","2001"
"10624","2001-07-24","Tuesday","30","7","24","2001"
"10625","2001-07-25","Wednesday","30","7","25","2001"
"10626","2001-07-26","Thursday","30","7","26","2001"
"10627","2001-07-27","Friday","30","7","27","2001"
"10628","2001-07-28","Saturday","30","7","28","2001"
"10629","2001-07-29","Sunday","30","7","29","2001"
"10630","2001-07-30","Monday","31","7","30","2001"
"10631","2001-07-31","Tuesday","31","7","31","2001"
"10701","2001-08-01","Wednesday","31","8","1","2001"
"10702","2001-08-02","Thursday","31","8","2","2001"
"10703","2001-08-03","Friday","31","8","3","2001"
"10704","2001-08-04","Saturday","31","8","4","2001"
"10705","2001-08-05","Sunday","31","8","5","2001"
"10706","2001-08-06","Monday","32","8","6","2001"
"10707","2001-08-07","Tuesday","32","8","7","2001"
"10708","2001-08-08","Wednesday","32","8","8","2001"
"10709","2001-08-09","Thursday","32","8","9","2001"
"10710","2001-08-10","Friday","32","8","10","2001"
"10711","2001-08-11","Saturday","32","8","11","2001"
"10712","2001-08-12","Sunday","32","8","12","2001"
"10713","2001-08-13","Monday","33","8","13","2001"
"10714","2001-08-14","Tuesday","33","8","14","2001"
"10715","2001-08-15","Wednesday","33","8","15","2001"
"10716","2001-08-16","Thursday","33","8","16","2001"
"10717","2001-08-17","Friday","33","8","17","2001"
"10718","2001-08-18","Saturday","33","8","18","2001"
"10719","2001-08-19","Sunday","33","8","19","2001"
"10720","2001-08-20","Monday","34","8","20","2001"
"10721","2001-08-21","Tuesday","34","8","21","2001"
"10722","2001-08-22","Wednesday","34","8","22","2001"
"10723","2001-08-23","Thursday","34","8","23","2001"
"10724","2001-08-24","Friday","34","8","24","2001"
"10725","2001-08-25","Saturday","34","8","25","2001"
"10726","2001-08-26","Sunday","34","8","26","2001"
"10727","2001-08-27","Monday","35","8","27","2001"
"10728","2001-08-28","Tuesday","35","8","28","2001"
"10729","2001-08-29","Wednesday","35","8","29","2001"
"10730","2001-08-30","Thursday","35","8","30","2001"
"10731","2001-08-31","Friday","35","8","31","2001"
"10801","2001-09-01","Saturday","35","9","1","2001"
"10802","2001-09-02","Sunday","35","9","2","2001"
"10803","2001-09-03","Monday","36","9","3","2001"
"10804","2001-09-04","Tuesday","36","9","4","2001"
"10805","2001-09-05","Wednesday","36","9","5","2001"
"10806","2001-09-06","Thursday","36","9","6","2001"
"10807","2001-09-07","Friday","36","9","7","2001"
"10808","2001-09-08","Saturday","36","9","8","2001"
"10809","2001-09-09","Sunday","36","9","9","2001"
"10810","2001-09-10","Monday","37","9","10","2001"
"10811","2001-09-11","Tuesday","37","9","11","2001"
"10812","2001-09-12","Wednesday","37","9","12","2001"
"10813","2001-09-13","Thursday","37","9","13","2001"
"10814","2001-09-14","Friday","37","9","14","2001"
"10815","2001-09-15","Saturday","37","9","15","2001"
"10816","2001-09-16","Sunday","37","9","16","2001"
"10817","2001-09-17","Monday","38","9","17","2001"
"10818","2001-09-18","Tuesday","38","9","18","2001"
"10819","2001-09-19","Wednesday","38","9","19","2001"
"10820","2001-09-20","Thursday","38","9","20","2001"
"10821","2001-09-21","Friday","38","9","21","2001"
"10822","2001-09-22","Saturday","38","9","22","2001"
"10823","2001-09-23","Sunday","38","9","23","2001"
"10824","2001-09-24","Monday","39","9","24","2001"
"10825","2001-09-25","Tuesday","39","9","25","2001"
"10826","2001-09-26","Wednesday","39","9","26","2001"
"10827","2001-09-27","Thursday","39","9","27","2001"
"10828","2001-09-28","Friday","39","9","28","2001"
"10829","2001-09-29","Saturday","39","9","29","2001"
"10830","2001-09-30","Sunday","39","9","30","2001"
"10901","2001-10-01","Monday","40","10","1","2001"
"10902","2001-10-02","Tuesday","40","10","2","2001"
"10903","2001-10-03","Wednesday","40","10","3","2001"
"10904","2001-10-04","Thursday","40","10","4","2001"
"10905","2001-10-05","Friday","40","10","5","2001"
"10906","2001-10-06","Saturday","40","10","6","2001"
"10907","2001-10-07","Sunday","40","10","7","2001"
"10908","2001-10-08","Monday","41","10","8","2001"
"10909","2001-10-09","Tuesday","41","10","9","2001"
"10910","2001-10-10","Wednesday","41","10","10","2001"
"10911","2001-10-11","Thursday","41","10","11","2001"
"10912","2001-10-12","Friday","41","10","12","2001"
"10913","2001-10-13","Saturday","41","10","13","2001"
"10914","2001-10-14","Sunday","41","10","14","2001"
"10915","2001-10-15","Monday","42","10","15","2001"
"10916","2001-10-16","Tuesday","42","10","16","2001"
"10917","2001-10-17","Wednesday","42","10","17","2001"
"10918","2001-10-18","Thursday","42","10","18","2001"
"10919","2001-10-19","Friday","42","10","19","2001"
"10920","2001-10-20","Saturday","42","10","20","2001"
"10921","2001-10-21","Sunday","42","10","21","2001"
"10922","2001-10-22","Monday","43","10","22","2001"
"10923","2001-10-23","Tuesday","43","10","23","2001"
"10924","2001-10-24","Wednesday","43","10","24","2001"
"10925","2001-10-25","Thursday","43","10","25","2001"
"10926","2001-10-26","Friday","43","10","26","2001"
"10927","2001-10-27","Saturday","43","10","27","2001"
"10928","2001-10-28","Sunday","43","10","28","2001"
"10929","2001-10-29","Monday","44","10","29","2001"
"10930","2001-10-30","Tuesday","44","10","30","2001"
"10931","2001-10-31","Wednesday","44","10","31","2001"
"11001","2001-11-01","Thursday","44","11","1","2001"
"11002","2001-11-02","Friday","44","11","2","2001"
"11003","2001-11-03","Saturday","44","11","3","2001"
"11004","2001-11-04","Sunday","44","11","4","2001"
"11005","2001-11-05","Monday","45","11","5","2001"
"11006","2001-11-06","Tuesday","45","11","6","2001"
"11007","2001-11-07","Wednesday","45","11","7","2001"
"11008","2001-11-08","Thursday","45","11","8","2001"
"11009","2001-11-09","Friday","45","11","9","2001"
"11010","2001-11-10","Saturday","45","11","10","2001"
"11011","2001-11-11","Sunday","45","11","11","2001"
"11012","2001-11-12","Monday","46","11","12","2001"
"11013","2001-11-13","Tuesday","46","11","13","2001"
"11014","2001-11-14","Wednesday","46","11","14","2001"
"11015","2001-11-15","Thursday","46","11","15","2001"
"11016","2001-11-16","Friday","46","11","16","2001"
"11017","2001-11-17","Saturday","46","11","17","2001"
"11018","2001-11-18","Sunday","46","11","18","2001"
"11019","2001-11-19","Monday","47","11","19","2001"
"11020","2001-11-20","Tuesday","47","11","20","2001"
"11021","2001-11-21","Wednesday","47","11","21","2001"
"11022","2001-11-22","Thursday","47","11","22","2001"
"11023","2001-11-23","Friday","47","11","23","2001"
"11024","2001-11-24","Saturday","47","11","24","2001"
"11025","2001-11-25","Sunday","47","11","25","2001"
"11026","2001-11-26","Monday","48","11","26","2001"
"11027","2001-11-27","Tuesday","48","11","27","2001"
"11028","2001-11-28","Wednesday","48","11","28","2001"
"11029","2001-11-29","Thursday","48","11","29","2001"
"11030","2001-11-30","Friday","48","11","30","2001"
"11101","2001-12-01","Saturday","48","12","1","2001"
"11102","2001-12-02","Sunday","48","12","2","2001"
"11103","2001-12-03","Monday","49","12","3","2001"
"11104","2001-12-04","Tuesday","49","12","4","2001"
"11105","2001-12-05","Wednesday","49","12","5","2001"
"11106","2001-12-06","Thursday","49","12","6","2001"
"11107","2001-12-07","Friday","49","12","7","2001"
"11108","2001-12-08","Saturday","49","12","8","2001"
"11109","2001-12-09","Sunday","49","12","9","2001"
"11110","2001-12-10","Monday","50","12","10","2001"
"11111","2001-12-11","Tuesday","50","12","11","2001"
"11112","2001-12-12","Wednesday","50","12","12","2001"
"11113","2001-12-13","Thursday","50","12","13","2001"
"11114","2001-12-14","Friday","50","12","14","2001"
"11115","2001-12-15","Saturday","50","12","15","2001"
"11116","2001-12-16","Sunday","50","12","16","2001"
"11117","2001-12-17","Monday","51","12","17","2001"
"11118","2001-12-18","Tuesday","51","12","18","2001"
"11119","2001-12-19","Wednesday","51","12","19","2001"
"11120","2001-12-20","Thursday","51","12","20","2001"
"11121","2001-12-21","Friday","51","12","21","2001"
"11122","2001-12-22","Saturday","51","12","22","2001"
"11123","2001-12-23","Sunday","51","12","23","2001"
"11124","2001-12-24","Monday","52","12","24","2001"
"11125","2001-12-25","Tuesday","52","12","25","2001"
"11126","2001-12-26","Wednesday","52","12","26","2001"
"11127","2001-12-27","Thursday","52","12","27","2001"
"11128","2001-12-28","Friday","52","12","28","2001"
"11129","2001-12-29","Saturday","52","12","29","2001"
"11130","2001-12-30","Sunday","52","12","30","2001"
"11131","2001-12-31","Monday","1","12","31","2001"
"20001","2002-01-01","Tuesday","1","1","1","2002"
"20002","2002-01-02","Wednesday","1","1","2","2002"
"20003","2002-01-03","Thursday","1","1","3","2002"
"20004","2002-01-04","Friday","1","1","4","2002"
"20005","2002-01-05","Saturday","1","1","5","2002"
"20006","2002-01-06","Sunday","1","1","6","2002"
"20007","2002-01-07","Monday","2","1","7","2002"
"20008","2002-01-08","Tuesday","2","1","8","2002"
"20009","2002-01-09","Wednesday","2","1","9","2002"
"20010","2002-01-10","Thursday","2","1","10","2002"
"20011","2002-01-11","Friday","2","1","11","2002"
"20012","2002-01-12","Saturday","2","1","12","2002"
"20013","2002-01-13","Sunday","2","1","13","2002"
"20014","2002-01-14","Monday","3","1","14","2002"
"20015","2002-01-15","Tuesday","3","1","15","2002"
"20016","2002-01-16","Wednesday","3","1","16","2002"
"20017","2002-01-17","Thursday","3","1","17","2002"
"20018","2002-01-18","Friday","3","1","18","2002"
"20019","2002-01-19","Saturday","3","1","19","2002"
"20020","2002-01-20","Sunday","3","1","20","2002"
"20021","2002-01-21","Monday","4","1","21","2002"
"20022","2002-01-22","Tuesday","4","1","22","2002"
"20023","2002-01-23","Wednesday","4","1","23","2002"
"20024","2002-01-24","Thursday","4","1","24","2002"
"20025","2002-01-25","Friday","4","1","25","2002"
"20026","2002-01-26","Saturday","4","1","26","2002"
"20027","2002-01-27","Sunday","4","1","27","2002"
"20028","2002-01-28","Monday","5","1","28","2002"
"20029","2002-01-29","Tuesday","5","1","29","2002"
"20030","2002-01-30","Wednesday","5","1","30","2002"
"20031","2002-01-31","Thursday","5","1","31","2002"
"20101","2002-02-01","Friday","5","2","1","2002"
"20102","2002-02-02","Saturday","5","2","2","2002"
"20103","2002-02-03","Sunday","5","2","3","2002"
"20104","2002-02-04","Monday","6","2","4","2002"
"20105","2002-02-05","Tuesday","6","2","5","2002"
"20106","2002-02-06","Wednesday","6","2","6","2002"
"20107","2002-02-07","Thursday","6","2","7","2002"
"20108","2002-02-08","Friday","6","2","8","2002"
"20109","2002-02-09","Saturday","6","2","9","2002"
"20110","2002-02-10","Sunday","6","2","10","2002"
"20111","2002-02-11","Monday","7","2","11","2002"
"20112","2002-02-12","Tuesday","7","2","12","2002"
"20113","2002-02-13","Wednesday","7","2","13","2002"
"20114","2002-02-14","Thursday","7","2","14","2002"
"20115","2002-02-15","Friday","7","2","15","2002"
"20116","2002-02-16","Saturday","7","2","16","2002"
"20117","2002-02-17","Sunday","7","2","17","2002"
"20118","2002-02-18","Monday","8","2","18","2002"
"20119","2002-02-19","Tuesday","8","2","19","2002"
"20120","2002-02-20","Wednesday","8","2","20","2002"
"20121","2002-02-21","Thursday","8","2","21","2002"
"20122","2002-02-22","Friday","8","2","22","2002"
"20123","2002-02-23","Saturday","8","2","23","2002"
"20124","2002-02-24","Sunday","8","2","24","2002"
"20125","2002-02-25","Monday","9","2","25","2002"
"20126","2002-02-26","Tuesday","9","2","26","2002"
"20127","2002-02-27","Wednesday","9","2","27","2002"
"20128","2002-02-28","Thursday","9","2","28","2002"
"20201","2002-03-01","Friday","9","3","1","2002"
"20202","2002-03-02","Saturday","9","3","2","2002"
"20203","2002-03-03","Sunday","9","3","3","2002"
"20204","2002-03-04","Monday","10","3","4","2002"
"20205","2002-03-05","Tuesday","10","3","5","2002"
"20206","2002-03-06","Wednesday","10","3","6","2002"
"20207","2002-03-07","Thursday","10","3","7","2002"
"20208","2002-03-08","Friday","10","3","8","2002"
"20209","2002-03-09","Saturday","10","3","9","2002"
"20210","2002-03-10","Sunday","10","3","10","2002"
"20211","2002-03-11","Monday","11","3","11","2002"
"20212","2002-03-12","Tuesday","11","3","12","2002"
"20213","2002-03-13","Wednesday","11","3","13","2002"
"20214","2002-03-14","Thursday","11","3","14","2002"
"20215","2002-03-15","Friday","11","3","15","2002"
"20216","2002-03-16","Saturday","11","3","16","2002"
"20217","2002-03-17","Sunday","11","3","17","2002"
"20218","2002-03-18","Monday","12","3","18","2002"
"20219","2002-03-19","Tuesday","12","3","19","2002"
"20220","2002-03-20","Wednesday","12","3","20","2002"
"20221","2002-03-21","Thursday","12","3","21","2002"
"20222","2002-03-22","Friday","12","3","22","2002"
"20223","2002-03-23","Saturday","12","3","23","2002"
"20224","2002-03-24","Sunday","12","3","24","2002"
"20225","2002-03-25","Monday","13","3","25","2002"
"20226","2002-03-26","Tuesday","13","3","26","2002"
"20227","2002-03-27","Wednesday","13","3","27","2002"
"20228","2002-03-28","Thursday","13","3","28","2002"
"20229","2002-03-29","Friday","13","3","29","2002"
"20230","2002-03-30","Saturday","13","3","30","2002"
"20231","2002-03-31","Sunday","13","3","31","2002"
"20301","2002-04-01","Monday","14","4","1","2002"
"20302","2002-04-02","Tuesday","14","4","2","2002"
"20303","2002-04-03","Wednesday","14","4","3","2002"
"20304","2002-04-04","Thursday","14","4","4","2002"
"20305","2002-04-05","Friday","14","4","5","2002"
"20306","2002-04-06","Saturday","14","4","6","2002"
"20307","2002-04-07","Sunday","14","4","7","2002"
"20308","2002-04-08","Monday","15","4","8","2002"
"20309","2002-04-09","Tuesday","15","4","9","2002"
"20310","2002-04-10","Wednesday","15","4","10","2002"
"20311","2002-04-11","Thursday","15","4","11","2002"
"20312","2002-04-12","Friday","15","4","12","2002"
"20313","2002-04-13","Saturday","15","4","13","2002"
"20314","2002-04-14","Sunday","15","4","14","2002"
"20315","2002-04-15","Monday","16","4","15","2002"
"20316","2002-04-16","Tuesday","16","4","16","2002"
"20317","2002-04-17","Wednesday","16","4","17","2002"
"20318","2002-04-18","Thursday","16","4","18","2002"
"20319","2002-04-19","Friday","16","4","19","2002"
"20320","2002-04-20","Saturday","16","4","20","2002"
"20321","2002-04-21","Sunday","16","4","21","2002"
"20322","2002-04-22","Monday","17","4","22","2002"
"20323","2002-04-23","Tuesday","17","4","23","2002"
"20324","2002-04-24","Wednesday","17","4","24","2002"
"20325","2002-04-25","Thursday","17","4","25","2002"
"20326","2002-04-26","Friday","17","4","26","2002"
"20327","2002-04-27","Saturday","17","4","27","2002"
"20328","2002-04-28","Sunday","17","4","28","2002"
"20329","2002-04-29","Monday","18","4","29","2002"
"20330","2002-04-30","Tuesday","18","4","30","2002"
"20401","2002-05-01","Wednesday","18","5","1","2002"
"20402","2002-05-02","Thursday","18","5","2","2002"
"20403","2002-05-03","Friday","18","5","3","2002"
"20404","2002-05-04","Saturday","18","5","4","2002"
"20405","2002-05-05","Sunday","18","5","5","2002"
"20406","2002-05-06","Monday","19","5","6","2002"
"20407","2002-05-07","Tuesday","19","5","7","2002"
"20408","2002-05-08","Wednesday","19","5","8","2002"
"20409","2002-05-09","Thursday","19","5","9","2002"
"20410","2002-05-10","Friday","19","5","10","2002"
"20411","2002-05-11","Saturday","19","5","11","2002"
"20412","2002-05-12","Sunday","19","5","12","2002"
"20413","2002-05-13","Monday","20","5","13","2002"
"20414","2002-05-14","Tuesday","20","5","14","2002"
"20415","2002-05-15","Wednesday","20","5","15","2002"
"20416","2002-05-16","Thursday","20","5","16","2002"
"20417","2002-05-17","Friday","20","5","17","2002"
"20418","2002-05-18","Saturday","20","5","18","2002"
"20419","2002-05-19","Sunday","20","5","19","2002"
"20420","2002-05-20","Monday","21","5","20","2002"
"20421","2002-05-21","Tuesday","21","5","21","2002"
"20422","2002-05-22","Wednesday","21","5","22","2002"
"20423","2002-05-23","Thursday","21","5","23","2002"
"20424","2002-05-24","Friday","21","5","24","2002"
"20425","2002-05-25","Saturday","21","5","25","2002"
"20426","2002-05-26","Sunday","21","5","26","2002"
"20427","2002-05-27","Monday","22","5","27","2002"
"20428","2002-05-28","Tuesday","22","5","28","2002"
"20429","2002-05-29","Wednesday","22","5","29","2002"
"20430","2002-05-30","Thursday","22","5","30","2002"
"20431","2002-05-31","Friday","22","5","31","2002"
"20501","2002-06-01","Saturday","22","6","1","2002"
"20502","2002-06-02","Sunday","22","6","2","2002"
"20503","2002-06-03","Monday","23","6","3","2002"
"20504","2002-06-04","Tuesday","23","6","4","2002"
"20505","2002-06-05","Wednesday","23","6","5","2002"
"20506","2002-06-06","Thursday","23","6","6","2002"
"20507","2002-06-07","Friday","23","6","7","2002"
"20508","2002-06-08","Saturday","23","6","8","2002"
"20509","2002-06-09","Sunday","23","6","9","2002"
"20510","2002-06-10","Monday","24","6","10","2002"
"20511","2002-06-11","Tuesday","24","6","11","2002"
"20512","2002-06-12","Wednesday","24","6","12","2002"
"20513","2002-06-13","Thursday","24","6","13","2002"
"20514","2002-06-14","Friday","24","6","14","2002"
"20515","2002-06-15","Saturday","24","6","15","2002"
"20516","2002-06-16","Sunday","24","6","16","2002"
"20517","2002-06-17","Monday","25","6","17","2002"
"20518","2002-06-18","Tuesday","25","6","18","2002"
"20519","2002-06-19","Wednesday","25","6","19","2002"
"20520","2002-06-20","Thursday","25","6","20","2002"
"20521","2002-06-21","Friday","25","6","21","2002"
"20522","2002-06-22","Saturday","25","6","22","2002"
"20523","2002-06-23","Sunday","25","6","23","2002"
"20524","2002-06-24","Monday","26","6","24","2002"
"20525","2002-06-25","Tuesday","26","6","25","2002"
"20526","2002-06-26","Wednesday","26","6","26","2002"
"20527","2002-06-27","Thursday","26","6","27","2002"
"20528","2002-06-28","Friday","26","6","28","2002"
"20529","2002-06-29","Saturday","26","6","29","2002"
"20530","2002-06-30","Sunday","26","6","30","2002"
"20601","2002-07-01","Monday","27","7","1","2002"
"20602","2002-07-02","Tuesday","27","7","2","2002"
"20603","2002-07-03","Wednesday","27","7","3","2002"
"20604","2002-07-04","Thursday","27","7","4","2002"
"20605","2002-07-05","Friday","27","7","5","2002"
"20606","2002-07-06","Saturday","27","7","6","2002"
"20607","2002-07-07","Sunday","27","7","7","2002"
"20608","2002-07-08","Monday","28","7","8","2002"
"20609","2002-07-09","Tuesday","28","7","9","2002"
"20610","2002-07-10","Wednesday","28","7","10","2002"
"20611","2002-07-11","Thursday","28","7","11","2002"
"20612","2002-07-12","Friday","28","7","12","2002"
"20613","2002-07-13","Saturday","28","7","13","2002"
"20614","2002-07-14","Sunday","28","7","14","2002"
"20615","2002-07-15","Monday","29","7","15","2002"
"20616","2002-07-16","Tuesday","29","7","16","2002"
"20617","2002-07-17","Wednesday","29","7","17","2002"
"20618","2002-07-18","Thursday","29","7","18","2002"
"20619","2002-07-19","Friday","29","7","19","2002"
"20620","2002-07-20","Saturday","29","7","20","2002"
"20621","2002-07-21","Sunday","29","7","21","2002"
"20622","2002-07-22","Monday","30","7","22","2002"
"20623","2002-07-23","Tuesday","30","7","23","2002"
"20624","2002-07-24","Wednesday","30","7","24","2002"
"20625","2002-07-25","Thursday","30","7","25","2002"
"20626","2002-07-26","Friday","30","7","26","2002"
"20627","2002-07-27","Saturday","30","7","27","2002"
"20628","2002-07-28","Sunday","30","7","28","2002"
"20629","2002-07-29","Monday","31","7","29","2002"
"20630","2002-07-30","Tuesday","31","7","30","2002"
"20631","2002-07-31","Wednesday","31","7","31","2002"
"20701","2002-08-01","Thursday","31","8","1","2002"
"20702","2002-08-02","Friday","31","8","2","2002"
"20703","2002-08-03","Saturday","31","8","3","2002"
"20704","2002-08-04","Sunday","31","8","4","2002"
"20705","2002-08-05","Monday","32","8","5","2002"
"20706","2002-08-06","Tuesday","32","8","6","2002"
"20707","2002-08-07","Wednesday","32","8","7","2002"
"20708","2002-08-08","Thursday","32","8","8","2002"
"20709","2002-08-09","Friday","32","8","9","2002"
"20710","2002-08-10","Saturday","32","8","10","2002"
"20711","2002-08-11","Sunday","32","8","11","2002"
"20712","2002-08-12","Monday","33","8","12","2002"
"20713","2002-08-13","Tuesday","33","8","13","2002"
"20714","2002-08-14","Wednesday","33","8","14","2002"
"20715","2002-08-15","Thursday","33","8","15","2002"
"20716","2002-08-16","Friday","33","8","16","2002"
"20717","2002-08-17","Saturday","33","8","17","2002"
"20718","2002-08-18","Sunday","33","8","18","2002"
"20719","2002-08-19","Monday","34","8","19","2002"
"20720","2002-08-20","Tuesday","34","8","20","2002"
"20721","2002-08-21","Wednesday","34","8","21","2002"
"20722","2002-08-22","Thursday","34","8","22","2002"
"20723","2002-08-23","Friday","34","8","23","2002"
"20724","2002-08-24","Saturday","34","8","24","2002"
"20725","2002-08-25","Sunday","34","8","25","2002"
"20726","2002-08-26","Monday","35","8","26","2002"
"20727","2002-08-27","Tuesday","35","8","27","2002"
"20728","2002-08-28","Wednesday","35","8","28","2002"
"20729","2002-08-29","Thursday","35","8","29","2002"
"20730","2002-08-30","Friday","35","8","30","2002"
"20731","2002-08-31","Saturday","35","8","31","2002"
"20801","2002-09-01","Sunday","35","9","1","2002"
"20802","2002-09-02","Monday","36","9","2","2002"
"20803","2002-09-03","Tuesday","36","9","3","2002"
"20804","2002-09-04","Wednesday","36","9","4","2002"
"20805","2002-09-05","Thursday","36","9","5","2002"
"20806","2002-09-06","Friday","36","9","6","2002"
"20807","2002-09-07","Saturday","36","9","7","2002"
"20808","2002-09-08","Sunday","36","9","8","2002"
"20809","2002-09-09","Monday","37","9","9","2002"
"20810","2002-09-10","Tuesday","37","9","10","2002"
"20811","2002-09-11","Wednesday","37","9","11","2002"
"20812","2002-09-12","Thursday","37","9","12","2002"
"20813","2002-09-13","Friday","37","9","13","2002"
"20814","2002-09-14","Saturday","37","9","14","2002"
"20815","2002-09-15","Sunday","37","9","15","2002"
"20816","2002-09-16","Monday","38","9","16","2002"
"20817","2002-09-17","Tuesday","38","9","17","2002"
"20818","2002-09-18","Wednesday","38","9","18","2002"
"20819","2002-09-19","Thursday","38","9","19","2002"
"20820","2002-09-20","Friday","38","9","20","2002"
"20821","2002-09-21","Saturday","38","9","21","2002"
"20822","2002-09-22","Sunday","38","9","22","2002"
"20823","2002-09-23","Monday","39","9","23","2002"
"20824","2002-09-24","Tuesday","39","9","24","2002"
"20825","2002-09-25","Wednesday","39","9","25","2002"
"20826","2002-09-26","Thursday","39","9","26","2002"
"20827","2002-09-27","Friday","39","9","27","2002"
"20828","2002-09-28","Saturday","39","9","28","2002"
"20829","2002-09-29","Sunday","39","9","29","2002"
"20830","2002-09-30","Monday","40","9","30","2002"
"20901","2002-10-01","Tuesday","40","10","1","2002"
"20902","2002-10-02","Wednesday","40","10","2","2002"
"20903","2002-10-03","Thursday","40","10","3","2002"
"20904","2002-10-04","Friday","40","10","4","2002"
"20905","2002-10-05","Saturday","40","10","5","2002"
"20906","2002-10-06","Sunday","40","10","6","2002"
"20907","2002-10-07","Monday","41","10","7","2002"
"20908","2002-10-08","Tuesday","41","10","8","2002"
"20909","2002-10-09","Wednesday","41","10","9","2002"
"20910","2002-10-10","Thursday","41","10","10","2002"
"20911","2002-10-11","Friday","41","10","11","2002"
"20912","2002-10-12","Saturday","41","10","12","2002"
"20913","2002-10-13","Sunday","41","10","13","2002"
"20914","2002-10-14","Monday","42","10","14","2002"
"20915","2002-10-15","Tuesday","42","10","15","2002"
"20916","2002-10-16","Wednesday","42","10","16","2002"
"20917","2002-10-17","Thursday","42","10","17","2002"
"20918","2002-10-18","Friday","42","10","18","2002"
"20919","2002-10-19","Saturday","42","10","19","2002"
"20920","2002-10-20","Sunday","42","10","20","2002"
"20921","2002-10-21","Monday","43","10","21","2002"
"20922","2002-10-22","Tuesday","43","10","22","2002"
"20923","2002-10-23","Wednesday","43","10","23","2002"
"20924","2002-10-24","Thursday","43","10","24","2002"
"20925","2002-10-25","Friday","43","10","25","2002"
"20926","2002-10-26","Saturday","43","10","26","2002"
"20927","2002-10-27","Sunday","43","10","27","2002"
"20928","2002-10-28","Monday","44","10","28","2002"
"20929","2002-10-29","Tuesday","44","10","29","2002"
"20930","2002-10-30","Wednesday","44","10","30","2002"
"20931","2002-10-31","Thursday","44","10","31","2002"
"21001","2002-11-01","Friday","44","11","1","2002"
"21002","2002-11-02","Saturday","44","11","2","2002"
"21003","2002-11-03","Sunday","44","11","3","2002"
"21004","2002-11-04","Monday","45","11","4","2002"
"21005","2002-11-05","Tuesday","45","11","5","2002"
"21006","2002-11-06","Wednesday","45","11","6","2002"
"21007","2002-11-07","Thursday","45","11","7","2002"
"21008","2002-11-08","Friday","45","11","8","2002"
"21009","2002-11-09","Saturday","45","11","9","2002"
"21010","2002-11-10","Sunday","45","11","10","2002"
"21011","2002-11-11","Monday","46","11","11","2002"
"21012","2002-11-12","Tuesday","46","11","12","2002"
"21013","2002-11-13","Wednesday","46","11","13","2002"
"21014","2002-11-14","Thursday","46","11","14","2002"
"21015","2002-11-15","Friday","46","11","15","2002"
"21016","2002-11-16","Saturday","46","11","16","2002"
"21017","2002-11-17","Sunday","46","11","17","2002"
"21018","2002-11-18","Monday","47","11","18","2002"
"21019","2002-11-19","Tuesday","47","11","19","2002"
"21020","2002-11-20","Wednesday","47","11","20","2002"
"21021","2002-11-21","Thursday","47","11","21","2002"
"21022","2002-11-22","Friday","47","11","22","2002"
"21023","2002-11-23","Saturday","47","11","23","2002"
"21024","2002-11-24","Sunday","47","11","24","2002"
"21025","2002-11-25","Monday","48","11","25","2002"
"21026","2002-11-26","Tuesday","48","11","26","2002"
"21027","2002-11-27","Wednesday","48","11","27","2002"
"21028","2002-11-28","Thursday","48","11","28","2002"
"21029","2002-11-29","Friday","48","11","29","2002"
"21030","2002-11-30","Saturday","48","11","30","2002"
"21101","2002-12-01","Sunday","48","12","1","2002"
"21102","2002-12-02","Monday","49","12","2","2002"
"21103","2002-12-03","Tuesday","49","12","3","2002"
"21104","2002-12-04","Wednesday","49","12","4","2002"
"21105","2002-12-05","Thursday","49","12","5","2002"
"21106","2002-12-06","Friday","49","12","6","2002"
"21107","2002-12-07","Saturday","49","12","7","2002"
"21108","2002-12-08","Sunday","49","12","8","2002"
"21109","2002-12-09","Monday","50","12","9","2002"
"21110","2002-12-10","Tuesday","50","12","10","2002"
"21111","2002-12-11","Wednesday","50","12","11","2002"
"21112","2002-12-12","Thursday","50","12","12","2002"
"21113","2002-12-13","Friday","50","12","13","2002"
"21114","2002-12-14","Saturday","50","12","14","2002"
"21115","2002-12-15","Sunday","50","12","15","2002"
"21116","2002-12-16","Monday","51","12","16","2002"
"21117","2002-12-17","Tuesday","51","12","17","2002"
"21118","2002-12-18","Wednesday","51","12","18","2002"
"21119","2002-12-19","Thursday","51","12","19","2002"
"21120","2002-12-20","Friday","51","12","20","2002"
"21121","2002-12-21","Saturday","51","12","21","2002"
"21122","2002-12-22","Sunday","51","12","22","2002"
"21123","2002-12-23","Monday","52","12","23","2002"
"21124","2002-12-24","Tuesday","52","12","24","2002"
"21125","2002-12-25","Wednesday","52","12","25","2002"
"21126","2002-12-26","Thursday","52","12","26","2002"
"21127","2002-12-27","Friday","52","12","27","2002"
"21128","2002-12-28","Saturday","52","12","28","2002"
"21129","2002-12-29","Sunday","52","12","29","2002"
"21130","2002-12-30","Monday","1","12","30","2002"
"21131","2002-12-31","Tuesday","1","12","31","2002"
"30001","2003-01-01","Wednesday","1","1","1","2003"
"30002","2003-01-02","Thursday","1","1","2","2003"
"30003","2003-01-03","Friday","1","1","3","2003"
"30004","2003-01-04","Saturday","1","1","4","2003"
"30005","2003-01-05","Sunday","1","1","5","2003"
"30006","2003-01-06","Monday","2","1","6","2003"
"30007","2003-01-07","Tuesday","2","1","7","2003"
"30008","2003-01-08","Wednesday","2","1","8","2003"
"30009","2003-01-09","Thursday","2","1","9","2003"
"30010","2003-01-10","Friday","2","1","10","2003"
"30011","2003-01-11","Saturday","2","1","11","2003"
"30012","2003-01-12","Sunday","2","1","12","2003"
"30013","2003-01-13","Monday","3","1","13","2003"
"30014","2003-01-14","Tuesday","3","1","14","2003"
"30015","2003-01-15","Wednesday","3","1","15","2003"
"30016","2003-01-16","Thursday","3","1","16","2003"
"30017","2003-01-17","Friday","3","1","17","2003"
"30018","2003-01-18","Saturday","3","1","18","2003"
"30019","2003-01-19","Sunday","3","1","19","2003"
"30020","2003-01-20","Monday","4","1","20","2003"
"30021","2003-01-21","Tuesday","4","1","21","2003"
"30022","2003-01-22","Wednesday","4","1","22","2003"
"30023","2003-01-23","Thursday","4","1","23","2003"
"30024","2003-01-24","Friday","4","1","24","2003"
"30025","2003-01-25","Saturday","4","1","25","2003"
"30026","2003-01-26","Sunday","4","1","26","2003"
"30027","2003-01-27","Monday","5","1","27","2003"
"30028","2003-01-28","Tuesday","5","1","28","2003"
"30029","2003-01-29","Wednesday","5","1","29","2003"
"30030","2003-01-30","Thursday","5","1","30","2003"
"30031","2003-01-31","Friday","5","1","31","2003"
"30101","2003-02-01","Saturday","5","2","1","2003"
"30102","2003-02-02","Sunday","5","2","2","2003"
"30103","2003-02-03","Monday","6","2","3","2003"
"30104","2003-02-04","Tuesday","6","2","4","2003"
"30105","2003-02-05","Wednesday","6","2","5","2003"
"30106","2003-02-06","Thursday","6","2","6","2003"
"30107","2003-02-07","Friday","6","2","7","2003"
"30108","2003-02-08","Saturday","6","2","8","2003"
"30109","2003-02-09","Sunday","6","2","9","2003"
"30110","2003-02-10","Monday","7","2","10","2003"
"30111","2003-02-11","Tuesday","7","2","11","2003"
"30112","2003-02-12","Wednesday","7","2","12","2003"
"30113","2003-02-13","Thursday","7","2","13","2003"
"30114","2003-02-14","Friday","7","2","14","2003"
"30115","2003-02-15","Saturday","7","2","15","2003"
"30116","2003-02-16","Sunday","7","2","16","2003"
"30117","2003-02-17","Monday","8","2","17","2003"
"30118","2003-02-18","Tuesday","8","2","18","2003"
"30119","2003-02-19","Wednesday","8","2","19","2003"
"30120","2003-02-20","Thursday","8","2","20","2003"
"30121","2003-02-21","Friday","8","2","21","2003"
"30122","2003-02-22","Saturday","8","2","22","2003"
"30123","2003-02-23","Sunday","8","2","23","2003"
"30124","2003-02-24","Monday","9","2","24","2003"
"30125","2003-02-25","Tuesday","9","2","25","2003"
"30126","2003-02-26","Wednesday","9","2","26","2003"
"30127","2003-02-27","Thursday","9","2","27","2003"
"30128","2003-02-28","Friday","9","2","28","2003"
"30201","2003-03-01","Saturday","9","3","1","2003"
"30202","2003-03-02","Sunday","9","3","2","2003"
"30203","2003-03-03","Monday","10","3","3","2003"
"30204","2003-03-04","Tuesday","10","3","4","2003"
"30205","2003-03-05","Wednesday","10","3","5","2003"
"30206","2003-03-06","Thursday","10","3","6","2003"
"30207","2003-03-07","Friday","10","3","7","2003"
"30208","2003-03-08","Saturday","10","3","8","2003"
"30209","2003-03-09","Sunday","10","3","9","2003"
"30210","2003-03-10","Monday","11","3","10","2003"
"30211","2003-03-11","Tuesday","11","3","11","2003"
"30212","2003-03-12","Wednesday","11","3","12","2003"
"30213","2003-03-13","Thursday","11","3","13","2003"
"30214","2003-03-14","Friday","11","3","14","2003"
"30215","2003-03-15","Saturday","11","3","15","2003"
"30216","2003-03-16","Sunday","11","3","16","2003"
"30217","2003-03-17","Monday","12","3","17","2003"
"30218","2003-03-18","Tuesday","12","3","18","2003"
"30219","2003-03-19","Wednesday","12","3","19","2003"
"30220","2003-03-20","Thursday","12","3","20","2003"
"30221","2003-03-21","Friday","12","3","21","2003"
"30222","2003-03-22","Saturday","12","3","22","2003"
"30223","2003-03-23","Sunday","12","3","23","2003"
"30224","2003-03-24","Monday","13","3","24","2003"
"30225","2003-03-25","Tuesday","13","3","25","2003"
"30226","2003-03-26","Wednesday","13","3","26","2003"
"30227","2003-03-27","Thursday","13","3","27","2003"
"30228","2003-03-28","Friday","13","3","28","2003"
"30229","2003-03-29","Saturday","13","3","29","2003"
"30230","2003-03-30","Sunday","13","3","30","2003"
"30231","2003-03-31","Monday","14","3","31","2003"
"30301","2003-04-01","Tuesday","14","4","1","2003"
"30302","2003-04-02","Wednesday","14","4","2","2003"
"30303","2003-04-03","Thursday","14","4","3","2003"
"30304","2003-04-04","Friday","14","4","4","2003"
"30305","2003-04-05","Saturday","14","4","5","2003"
"30306","2003-04-06","Sunday","14","4","6","2003"
"30307","2003-04-07","Monday","15","4","7","2003"
"30308","2003-04-08","Tuesday","15","4","8","2003"
"30309","2003-04-09","Wednesday","15","4","9","2003"
"30310","2003-04-10","Thursday","15","4","10","2003"
"30311","2003-04-11","Friday","15","4","11","2003"
"30312","2003-04-12","Saturday","15","4","12","2003"
"30313","2003-04-13","Sunday","15","4","13","2003"
"30314","2003-04-14","Monday","16","4","14","2003"
"30315","2003-04-15","Tuesday","16","4","15","2003"
"30316","2003-04-16","Wednesday","16","4","16","2003"
"30317","2003-04-17","Thursday","16","4","17","2003"
"30318","2003-04-18","Friday","16","4","18","2003"
"30319","2003-04-19","Saturday","16","4","19","2003"
"30320","2003-04-20","Sunday","16","4","20","2003"
"30321","2003-04-21","Monday","17","4","21","2003"
"30322","2003-04-22","Tuesday","17","4","22","2003"
"30323","2003-04-23","Wednesday","17","4","23","2003"
"30324","2003-04-24","Thursday","17","4","24","2003"
"30325","2003-04-25","Friday","17","4","25","2003"
"30326","2003-04-26","Saturday","17","4","26","2003"
"30327","2003-04-27","Sunday","17","4","27","2003"
"30328","2003-04-28","Monday","18","4","28","2003"
"30329","2003-04-29","Tuesday","18","4","29","2003"
"30330","2003-04-30","Wednesday","18","4","30","2003"
"30401","2003-05-01","Thursday","18","5","1","2003"
"30402","2003-05-02","Friday","18","5","2","2003"
"30403","2003-05-03","Saturday","18","5","3","2003"
"30404","2003-05-04","Sunday","18","5","4","2003"
"30405","2003-05-05","Monday","19","5","5","2003"
"30406","2003-05-06","Tuesday","19","5","6","2003"
"30407","2003-05-07","Wednesday","19","5","7","2003"
"30408","2003-05-08","Thursday","19","5","8","2003"
"30409","2003-05-09","Friday","19","5","9","2003"
"30410","2003-05-10","Saturday","19","5","10","2003"
"30411","2003-05-11","Sunday","19","5","11","2003"
"30412","2003-05-12","Monday","20","5","12","2003"
"30413","2003-05-13","Tuesday","20","5","13","2003"
"30414","2003-05-14","Wednesday","20","5","14","2003"
"30415","2003-05-15","Thursday","20","5","15","2003"
"30416","2003-05-16","Friday","20","5","16","2003"
"30417","2003-05-17","Saturday","20","5","17","2003"
"30418","2003-05-18","Sunday","20","5","18","2003"
"30419","2003-05-19","Monday","21","5","19","2003"
"30420","2003-05-20","Tuesday","21","5","20","2003"
"30421","2003-05-21","Wednesday","21","5","21","2003"
"30422","2003-05-22","Thursday","21","5","22","2003"
"30423","2003-05-23","Friday","21","5","23","2003"
"30424","2003-05-24","Saturday","21","5","24","2003"
"30425","2003-05-25","Sunday","21","5","25","2003"
"30426","2003-05-26","Monday","22","5","26","2003"
"30427","2003-05-27","Tuesday","22","5","27","2003"
"30428","2003-05-28","Wednesday","22","5","28","2003"
"30429","2003-05-29","Thursday","22","5","29","2003"
"30430","2003-05-30","Friday","22","5","30","2003"
"30431","2003-05-31","Saturday","22","5","31","2003"
"30501","2003-06-01","Sunday","22","6","1","2003"
"30502","2003-06-02","Monday","23","6","2","2003"
"30503","2003-06-03","Tuesday","23","6","3","2003"
"30504","2003-06-04","Wednesday","23","6","4","2003"
"30505","2003-06-05","Thursday","23","6","5","2003"
"30506","2003-06-06","Friday","23","6","6","2003"
"30507","2003-06-07","Saturday","23","6","7","2003"
"30508","2003-06-08","Sunday","23","6","8","2003"
"30509","2003-06-09","Monday","24","6","9","2003"
"30510","2003-06-10","Tuesday","24","6","10","2003"
"30511","2003-06-11","Wednesday","24","6","11","2003"
"30512","2003-06-12","Thursday","24","6","12","2003"
"30513","2003-06-13","Friday","24","6","13","2003"
"30514","2003-06-14","Saturday","24","6","14","2003"
"30515","2003-06-15","Sunday","24","6","15","2003"
"30516","2003-06-16","Monday","25","6","16","2003"
"30517","2003-06-17","Tuesday","25","6","17","2003"
"30518","2003-06-18","Wednesday","25","6","18","2003"
"30519","2003-06-19","Thursday","25","6","19","2003"
"30520","2003-06-20","Friday","25","6","20","2003"
"30521","2003-06-21","Saturday","25","6","21","2003"
"30522","2003-06-22","Sunday","25","6","22","2003"
"30523","2003-06-23","Monday","26","6","23","2003"
"30524","2003-06-24","Tuesday","26","6","24","2003"
"30525","2003-06-25","Wednesday","26","6","25","2003"
"30526","2003-06-26","Thursday","26","6","26","2003"
"30527","2003-06-27","Friday","26","6","27","2003"
"30528","2003-06-28","Saturday","26","6","28","2003"
"30529","2003-06-29","Sunday","26","6","29","2003"
"30530","2003-06-30","Monday","27","6","30","2003"
"30601","2003-07-01","Tuesday","27","7","1","2003"
"30602","2003-07-02","Wednesday","27","7","2","2003"
"30603","2003-07-03","Thursday","27","7","3","2003"
"30604","2003-07-04","Friday","27","7","4","2003"
"30605","2003-07-05","Saturday","27","7","5","2003"
"30606","2003-07-06","Sunday","27","7","6","2003"
"30607","2003-07-07","Monday","28","7","7","2003"
"30608","2003-07-08","Tuesday","28","7","8","2003"
"30609","2003-07-09","Wednesday","28","7","9","2003"
"30610","2003-07-10","Thursday","28","7","10","2003"
"30611","2003-07-11","Friday","28","7","11","2003"
"30612","2003-07-12","Saturday","28","7","12","2003"
"30613","2003-07-13","Sunday","28","7","13","2003"
"30614","2003-07-14","Monday","29","7","14","2003"
"30615","2003-07-15","Tuesday","29","7","15","2003"
"30616","2003-07-16","Wednesday","29","7","16","2003"
"30617","2003-07-17","Thursday","29","7","17","2003"
"30618","2003-07-18","Friday","29","7","18","2003"
"30619","2003-07-19","Saturday","29","7","19","2003"
"30620","2003-07-20","Sunday","29","7","20","2003"
"30621","2003-07-21","Monday","30","7","21","2003"
"30622","2003-07-22","Tuesday","30","7","22","2003"
"30623","2003-07-23","Wednesday","30","7","23","2003"
"30624","2003-07-24","Thursday","30","7","24","2003"
"30625","2003-07-25","Friday","30","7","25","2003"
"30626","2003-07-26","Saturday","30","7","26","2003"
"30627","2003-07-27","Sunday","30","7","27","2003"
"30628","2003-07-28","Monday","31","7","28","2003"
"30629","2003-07-29","Tuesday","31","7","29","2003"
"30630","2003-07-30","Wednesday","31","7","30","2003"
"30631","2003-07-31","Thursday","31","7","31","2003"
"30701","2003-08-01","Friday","31","8","1","2003"
"30702","2003-08-02","Saturday","31","8","2","2003"
"30703","2003-08-03","Sunday","31","8","3","2003"
"30704","2003-08-04","Monday","32","8","4","2003"
"30705","2003-08-05","Tuesday","32","8","5","2003"
"30706","2003-08-06","Wednesday","32","8","6","2003"
"30707","2003-08-07","Thursday","32","8","7","2003"
"30708","2003-08-08","Friday","32","8","8","2003"
"30709","2003-08-09","Saturday","32","8","9","2003"
"30710","2003-08-10","Sunday","32","8","10","2003"
"30711","2003-08-11","Monday","33","8","11","2003"
"30712","2003-08-12","Tuesday","33","8","12","2003"
"30713","2003-08-13","Wednesday","33","8","13","2003"
"30714","2003-08-14","Thursday","33","8","14","2003"
"30715","2003-08-15","Friday","33","8","15","2003"
"30716","2003-08-16","Saturday","33","8","16","2003"
"30717","2003-08-17","Sunday","33","8","17","2003"
"30718","2003-08-18","Monday","34","8","18","2003"
"30719","2003-08-19","Tuesday","34","8","19","2003"
"30720","2003-08-20","Wednesday","34","8","20","2003"
"30721","2003-08-21","Thursday","34","8","21","2003"
"30722","2003-08-22","Friday","34","8","22","2003"
"30723","2003-08-23","Saturday","34","8","23","2003"
"30724","2003-08-24","Sunday","34","8","24","2003"
"30725","2003-08-25","Monday","35","8","25","2003"
"30726","2003-08-26","Tuesday","35","8","26","2003"
"30727","2003-08-27","Wednesday","35","8","27","2003"
"30728","2003-08-28","Thursday","35","8","28","2003"
"30729","2003-08-29","Friday","35","8","29","2003"
"30730","2003-08-30","Saturday","35","8","30","2003"
"30731","2003-08-31","Sunday","35","8","31","2003"
"30801","2003-09-01","Monday","36","9","1","2003"
"30802","2003-09-02","Tuesday","36","9","2","2003"
"30803","2003-09-03","Wednesday","36","9","3","2003"
"30804","2003-09-04","Thursday","36","9","4","2003"
"30805","2003-09-05","Friday","36","9","5","2003"
"30806","2003-09-06","Saturday","36","9","6","2003"
"30807","2003-09-07","Sunday","36","9","7","2003"
"30808","2003-09-08","Monday","37","9","8","2003"
"30809","2003-09-09","Tuesday","37","9","9","2003"
"30810","2003-09-10","Wednesday","37","9","10","2003"
"30811","2003-09-11","Thursday","37","9","11","2003"
"30812","2003-09-12","Friday","37","9","12","2003"
"30813","2003-09-13","Saturday","37","9","13","2003"
"30814","2003-09-14","Sunday","37","9","14","2003"
"30815","2003-09-15","Monday","38","9","15","2003"
"30816","2003-09-16","Tuesday","38","9","16","2003"
"30817","2003-09-17","Wednesday","38","9","17","2003"
"30818","2003-09-18","Thursday","38","9","18","2003"
"30819","2003-09-19","Friday","38","9","19","2003"
"30820","2003-09-20","Saturday","38","9","20","2003"
"30821","2003-09-21","Sunday","38","9","21","2003"
"30822","2003-09-22","Monday","39","9","22","2003"
"30823","2003-09-23","Tuesday","39","9","23","2003"
"30824","2003-09-24","Wednesday","39","9","24","2003"
"30825","2003-09-25","Thursday","39","9","25","2003"
"30826","2003-09-26","Friday","39","9","26","2003"
"30827","2003-09-27","Saturday","39","9","27","2003"
"30828","2003-09-28","Sunday","39","9","28","2003"
"30829","2003-09-29","Monday","40","9","29","2003"
"30830","2003-09-30","Tuesday","40","9","30","2003"
"30901","2003-10-01","Wednesday","40","10","1","2003"
"30902","2003-10-02","Thursday","40","10","2","2003"
"30903","2003-10-03","Friday","40","10","3","2003"
"30904","2003-10-04","Saturday","40","10","4","2003"
"30905","2003-10-05","Sunday","40","10","5","2003"
"30906","2003-10-06","Monday","41","10","6","2003"
"30907","2003-10-07","Tuesday","41","10","7","2003"
"30908","2003-10-08","Wednesday","41","10","8","2003"
"30909","2003-10-09","Thursday","41","10","9","2003"
"30910","2003-10-10","Friday","41","10","10","2003"
"30911","2003-10-11","Saturday","41","10","11","2003"
"30912","2003-10-12","Sunday","41","10","12","2003"
"30913","2003-10-13","Monday","42","10","13","2003"
"30914","2003-10-14","Tuesday","42","10","14","2003"
"30915","2003-10-15","Wednesday","42","10","15","2003"
"30916","2003-10-16","Thursday","42","10","16","2003"
"30917","2003-10-17","Friday","42","10","17","2003"
"30918","2003-10-18","Saturday","42","10","18","2003"
"30919","2003-10-19","Sunday","42","10","19","2003"
"30920","2003-10-20","Monday","43","10","20","2003"
"30921","2003-10-21","Tuesday","43","10","21","2003"
"30922","2003-10-22","Wednesday","43","10","22","2003"
"30923","2003-10-23","Thursday","43","10","23","2003"
"30924","2003-10-24","Friday","43","10","24","2003"
"30925","2003-10-25","Saturday","43","10","25","2003"
"30926","2003-10-26","Sunday","43","10","26","2003"
"30927","2003-10-27","Monday","44","10","27","2003"
"30928","2003-10-28","Tuesday","44","10","28","2003"
"30929","2003-10-29","Wednesday","44","10","29","2003"
"30930","2003-10-30","Thursday","44","10","30","2003"
"30931","2003-10-31","Friday","44","10","31","2003"
"31001","2003-11-01","Saturday","44","11","1","2003"
"31002","2003-11-02","Sunday","44","11","2","2003"
"31003","2003-11-03","Monday","45","11","3","2003"
"31004","2003-11-04","Tuesday","45","11","4","2003"
"31005","2003-11-05","Wednesday","45","11","5","2003"
"31006","2003-11-06","Thursday","45","11","6","2003"
"31007","2003-11-07","Friday","45","11","7","2003"
"31008","2003-11-08","Saturday","45","11","8","2003"
"31009","2003-11-09","Sunday","45","11","9","2003"
"31010","2003-11-10","Monday","46","11","10","2003"
"31011","2003-11-11","Tuesday","46","11","11","2003"
"31012","2003-11-12","Wednesday","46","11","12","2003"
"31013","2003-11-13","Thursday","46","11","13","2003"
"31014","2003-11-14","Friday","46","11","14","2003"
"31015","2003-11-15","Saturday","46","11","15","2003"
"31016","2003-11-16","Sunday","46","11","16","2003"
"31017","2003-11-17","Monday","47","11","17","2003"
"31018","2003-11-18","Tuesday","47","11","18","2003"
"31019","2003-11-19","Wednesday","47","11","19","2003"
"31020","2003-11-20","Thursday","47","11","20","2003"
"31021","2003-11-21","Friday","47","11","21","2003"
"31022","2003-11-22","Saturday","47","11","22","2003"
"31023","2003-11-23","Sunday","47","11","23","2003"
"31024","2003-11-24","Monday","48","11","24","2003"
"31025","2003-11-25","Tuesday","48","11","25","2003"
"31026","2003-11-26","Wednesday","48","11","26","2003"
"31027","2003-11-27","Thursday","48","11","27","2003"
"31028","2003-11-28","Friday","48","11","28","2003"
"31029","2003-11-29","Saturday","48","11","29","2003"
"31030","2003-11-30","Sunday","48","11","30","2003"
"31101","2003-12-01","Monday","49","12","1","2003"
"31102","2003-12-02","Tuesday","49","12","2","2003"
"31103","2003-12-03","Wednesday","49","12","3","2003"
"31104","2003-12-04","Thursday","49","12","4","2003"
"31105","2003-12-05","Friday","49","12","5","2003"
"31106","2003-12-06","Saturday","49","12","6","2003"
"31107","2003-12-07","Sunday","49","12","7","2003"
"31108","2003-12-08","Monday","50","12","8","2003"
"31109","2003-12-09","Tuesday","50","12","9","2003"
"31110","2003-12-10","Wednesday","50","12","10","2003"
"31111","2003-12-11","Thursday","50","12","11","2003"
"31112","2003-12-12","Friday","50","12","12","2003"
"31113","2003-12-13","Saturday","50","12","13","2003"
"31114","2003-12-14","Sunday","50","12","14","2003"
"31115","2003-12-15","Monday","51","12","15","2003"
"31116","2003-12-16","Tuesday","51","12","16","2003"
"31117","2003-12-17","Wednesday","51","12","17","2003"
"31118","2003-12-18","Thursday","51","12","18","2003"
"31119","2003-12-19","Friday","51","12","19","2003"
"31120","2003-12-20","Saturday","51","12","20","2003"
"31121","2003-12-21","Sunday","51","12","21","2003"
"31122","2003-12-22","Monday","52","12","22","2003"
"31123","2003-12-23","Tuesday","52","12","23","2003"
"31124","2003-12-24","Wednesday","52","12","24","2003"
"31125","2003-12-25","Thursday","52","12","25","2003"
"31126","2003-12-26","Friday","52","12","26","2003"
"31127","2003-12-27","Saturday","52","12","27","2003"
"31128","2003-12-28","Sunday","52","12","28","2003"
"31129","2003-12-29","Monday","1","12","29","2003"
"31130","2003-12-30","Tuesday","1","12","30","2003"
"31131","2003-12-31","Wednesday","1","12","31","2003"
"40001","2004-01-01","Thursday","1","1","1","2004"
"40002","2004-01-02","Friday","1","1","2","2004"
"40003","2004-01-03","Saturday","1","1","3","2004"
"40004","2004-01-04","Sunday","1","1","4","2004"
"40005","2004-01-05","Monday","2","1","5","2004"
"40006","2004-01-06","Tuesday","2","1","6","2004"
"40007","2004-01-07","Wednesday","2","1","7","2004"
"40008","2004-01-08","Thursday","2","1","8","2004"
"40009","2004-01-09","Friday","2","1","9","2004"
"40010","2004-01-10","Saturday","2","1","10","2004"
"40011","2004-01-11","Sunday","2","1","11","2004"
"40012","2004-01-12","Monday","3","1","12","2004"
"40013","2004-01-13","Tuesday","3","1","13","2004"
"40014","2004-01-14","Wednesday","3","1","14","2004"
"40015","2004-01-15","Thursday","3","1","15","2004"
"40016","2004-01-16","Friday","3","1","16","2004"
"40017","2004-01-17","Saturday","3","1","17","2004"
"40018","2004-01-18","Sunday","3","1","18","2004"
"40019","2004-01-19","Monday","4","1","19","2004"
"40020","2004-01-20","Tuesday","4","1","20","2004"
"40021","2004-01-21","Wednesday","4","1","21","2004"
"40022","2004-01-22","Thursday","4","1","22","2004"
"40023","2004-01-23","Friday","4","1","23","2004"
"40024","2004-01-24","Saturday","4","1","24","2004"
"40025","2004-01-25","Sunday","4","1","25","2004"
"40026","2004-01-26","Monday","5","1","26","2004"
"40027","2004-01-27","Tuesday","5","1","27","2004"
"40028","2004-01-28","Wednesday","5","1","28","2004"
"40029","2004-01-29","Thursday","5","1","29","2004"
"40030","2004-01-30","Friday","5","1","30","2004"
"40031","2004-01-31","Saturday","5","1","31","2004"
"40101","2004-02-01","Sunday","5","2","1","2004"
"40102","2004-02-02","Monday","6","2","2","2004"
"40103","2004-02-03","Tuesday","6","2","3","2004"
"40104","2004-02-04","Wednesday","6","2","4","2004"
"40105","2004-02-05","Thursday","6","2","5","2004"
"40106","2004-02-06","Friday","6","2","6","2004"
"40107","2004-02-07","Saturday","6","2","7","2004"
"40108","2004-02-08","Sunday","6","2","8","2004"
"40109","2004-02-09","Monday","7","2","9","2004"
"40110","2004-02-10","Tuesday","7","2","10","2004"
"40111","2004-02-11","Wednesday","7","2","11","2004"
"40112","2004-02-12","Thursday","7","2","12","2004"
"40113","2004-02-13","Friday","7","2","13","2004"
"40114","2004-02-14","Saturday","7","2","14","2004"
"40115","2004-02-15","Sunday","7","2","15","2004"
"40116","2004-02-16","Monday","8","2","16","2004"
"40117","2004-02-17","Tuesday","8","2","17","2004"
"40118","2004-02-18","Wednesday","8","2","18","2004"
"40119","2004-02-19","Thursday","8","2","19","2004"
"40120","2004-02-20","Friday","8","2","20","2004"
"40121","2004-02-21","Saturday","8","2","21","2004"
"40122","2004-02-22","Sunday","8","2","22","2004"
"40123","2004-02-23","Monday","9","2","23","2004"
"40124","2004-02-24","Tuesday","9","2","24","2004"
"40125","2004-02-25","Wednesday","9","2","25","2004"
"40126","2004-02-26","Thursday","9","2","26","2004"
"40127","2004-02-27","Friday","9","2","27","2004"
"40128","2004-02-28","Saturday","9","2","28","2004"
"40129","2004-02-29","Sunday","9","2","29","2004"
"40201","2004-03-01","Monday","10","3","1","2004"
"40202","2004-03-02","Tuesday","10","3","2","2004"
"40203","2004-03-03","Wednesday","10","3","3","2004"
"40204","2004-03-04","Thursday","10","3","4","2004"
"40205","2004-03-05","Friday","10","3","5","2004"
"40206","2004-03-06","Saturday","10","3","6","2004"
"40207","2004-03-07","Sunday","10","3","7","2004"
"40208","2004-03-08","Monday","11","3","8","2004"
"40209","2004-03-09","Tuesday","11","3","9","2004"
"40210","2004-03-10","Wednesday","11","3","10","2004"
"40211","2004-03-11","Thursday","11","3","11","2004"
"40212","2004-03-12","Friday","11","3","12","2004"
"40213","2004-03-13","Saturday","11","3","13","2004"
"40214","2004-03-14","Sunday","11","3","14","2004"
"40215","2004-03-15","Monday","12","3","15","2004"
"40216","2004-03-16","Tuesday","12","3","16","2004"
"40217","2004-03-17","Wednesday","12","3","17","2004"
"40218","2004-03-18","Thursday","12","3","18","2004"
"40219","2004-03-19","Friday","12","3","19","2004"
"40220","2004-03-20","Saturday","12","3","20","2004"
"40221","2004-03-21","Sunday","12","3","21","2004"
"40222","2004-03-22","Monday","13","3","22","2004"
"40223","2004-03-23","Tuesday","13","3","23","2004"
"40224","2004-03-24","Wednesday","13","3","24","2004"
"40225","2004-03-25","Thursday","13","3","25","2004"
"40226","2004-03-26","Friday","13","3","26","2004"
"40227","2004-03-27","Saturday","13","3","27","2004"
"40228","2004-03-28","Sunday","13","3","28","2004"
"40229","2004-03-29","Monday","14","3","29","2004"
"40230","2004-03-30","Tuesday","14","3","30","2004"
"40231","2004-03-31","Wednesday","14","3","31","2004"
"40301","2004-04-01","Thursday","14","4","1","2004"
"40302","2004-04-02","Friday","14","4","2","2004"
"40303","2004-04-03","Saturday","14","4","3","2004"
"40304","2004-04-04","Sunday","14","4","4","2004"
"40305","2004-04-05","Monday","15","4","5","2004"
"40306","2004-04-06","Tuesday","15","4","6","2004"
"40307","2004-04-07","Wednesday","15","4","7","2004"
"40308","2004-04-08","Thursday","15","4","8","2004"
"40309","2004-04-09","Friday","15","4","9","2004"
"40310","2004-04-10","Saturday","15","4","10","2004"
"40311","2004-04-11","Sunday","15","4","11","2004"
"40312","2004-04-12","Monday","16","4","12","2004"
"40313","2004-04-13","Tuesday","16","4","13","2004"
"40314","2004-04-14","Wednesday","16","4","14","2004"
"40315","2004-04-15","Thursday","16","4","15","2004"
"40316","2004-04-16","Friday","16","4","16","2004"
"40317","2004-04-17","Saturday","16","4","17","2004"
"40318","2004-04-18","Sunday","16","4","18","2004"
"40319","2004-04-19","Monday","17","4","19","2004"
"40320","2004-04-20","Tuesday","17","4","20","2004"
"40321","2004-04-21","Wednesday","17","4","21","2004"
"40322","2004-04-22","Thursday","17","4","22","2004"
"40323","2004-04-23","Friday","17","4","23","2004"
"40324","2004-04-24","Saturday","17","4","24","2004"
"40325","2004-04-25","Sunday","17","4","25","2004"
"40326","2004-04-26","Monday","18","4","26","2004"
"40327","2004-04-27","Tuesday","18","4","27","2004"
"40328","2004-04-28","Wednesday","18","4","28","2004"
"40329","2004-04-29","Thursday","18","4","29","2004"
"40330","2004-04-30","Friday","18","4","30","2004"
"40401","2004-05-01","Saturday","18","5","1","2004"
"40402","2004-05-02","Sunday","18","5","2","2004"
"40403","2004-05-03","Monday","19","5","3","2004"
"40404","2004-05-04","Tuesday","19","5","4","2004"
"40405","2004-05-05","Wednesday","19","5","5","2004"
"40406","2004-05-06","Thursday","19","5","6","2004"
"40407","2004-05-07","Friday","19","5","7","2004"
"40408","2004-05-08","Saturday","19","5","8","2004"
"40409","2004-05-09","Sunday","19","5","9","2004"
"40410","2004-05-10","Monday","20","5","10","2004"
"40411","2004-05-11","Tuesday","20","5","11","2004"
"40412","2004-05-12","Wednesday","20","5","12","2004"
"40413","2004-05-13","Thursday","20","5","13","2004"
"40414","2004-05-14","Friday","20","5","14","2004"
"40415","2004-05-15","Saturday","20","5","15","2004"
"40416","2004-05-16","Sunday","20","5","16","2004"
"40417","2004-05-17","Monday","21","5","17","2004"
"40418","2004-05-18","Tuesday","21","5","18","2004"
"40419","2004-05-19","Wednesday","21","5","19","2004"
"40420","2004-05-20","Thursday","21","5","20","2004"
"40421","2004-05-21","Friday","21","5","21","2004"
"40422","2004-05-22","Saturday","21","5","22","2004"
"40423","2004-05-23","Sunday","21","5","23","2004"
"40424","2004-05-24","Monday","22","5","24","2004"
"40425","2004-05-25","Tuesday","22","5","25","2004"
"40426","2004-05-26","Wednesday","22","5","26","2004"
"40427","2004-05-27","Thursday","22","5","27","2004"
"40428","2004-05-28","Friday","22","5","28","2004"
"40429","2004-05-29","Saturday","22","5","29","2004"
"40430","2004-05-30","Sunday","22","5","30","2004"
"40431","2004-05-31","Monday","23","5","31","2004"
"40501","2004-06-01","Tuesday","23","6","1","2004"
"40502","2004-06-02","Wednesday","23","6","2","2004"
"40503","2004-06-03","Thursday","23","6","3","2004"
"40504","2004-06-04","Friday","23","6","4","2004"
"40505","2004-06-05","Saturday","23","6","5","2004"
"40506","2004-06-06","Sunday","23","6","6","2004"
"40507","2004-06-07","Monday","24","6","7","2004"
"40508","2004-06-08","Tuesday","24","6","8","2004"
"40509","2004-06-09","Wednesday","24","6","9","2004"
"40510","2004-06-10","Thursday","24","6","10","2004"
"40511","2004-06-11","Friday","24","6","11","2004"
"40512","2004-06-12","Saturday","24","6","12","2004"
"40513","2004-06-13","Sunday","24","6","13","2004"
"40514","2004-06-14","Monday","25","6","14","2004"
"40515","2004-06-15","Tuesday","25","6","15","2004"
"40516","2004-06-16","Wednesday","25","6","16","2004"
"40517","2004-06-17","Thursday","25","6","17","2004"
"40518","2004-06-18","Friday","25","6","18","2004"
"40519","2004-06-19","Saturday","25","6","19","2004"
"40520","2004-06-20","Sunday","25","6","20","2004"
"40521","2004-06-21","Monday","26","6","21","2004"
"40522","2004-06-22","Tuesday","26","6","22","2004"
"40523","2004-06-23","Wednesday","26","6","23","2004"
"40524","2004-06-24","Thursday","26","6","24","2004"
"40525","2004-06-25","Friday","26","6","25","2004"
"40526","2004-06-26","Saturday","26","6","26","2004"
"40527","2004-06-27","Sunday","26","6","27","2004"
"40528","2004-06-28","Monday","27","6","28","2004"
"40529","2004-06-29","Tuesday","27","6","29","2004"
"40530","2004-06-30","Wednesday","27","6","30","2004"
"40601","2004-07-01","Thursday","27","7","1","2004"
"40602","2004-07-02","Friday","27","7","2","2004"
"40603","2004-07-03","Saturday","27","7","3","2004"
"40604","2004-07-04","Sunday","27","7","4","2004"
"40605","2004-07-05","Monday","28","7","5","2004"
"40606","2004-07-06","Tuesday","28","7","6","2004"
"40607","2004-07-07","Wednesday","28","7","7","2004"
"40608","2004-07-08","Thursday","28","7","8","2004"
"40609","2004-07-09","Friday","28","7","9","2004"
"40610","2004-07-10","Saturday","28","7","10","2004"
"40611","2004-07-11","Sunday","28","7","11","2004"
"40612","2004-07-12","Monday","29","7","12","2004"
"40613","2004-07-13","Tuesday","29","7","13","2004"
"40614","2004-07-14","Wednesday","29","7","14","2004"
"40615","2004-07-15","Thursday","29","7","15","2004"
"40616","2004-07-16","Friday","29","7","16","2004"
"40617","2004-07-17","Saturday","29","7","17","2004"
"40618","2004-07-18","Sunday","29","7","18","2004"
"40619","2004-07-19","Monday","30","7","19","2004"
"40620","2004-07-20","Tuesday","30","7","20","2004"
"40621","2004-07-21","Wednesday","30","7","21","2004"
"40622","2004-07-22","Thursday","30","7","22","2004"
"40623","2004-07-23","Friday","30","7","23","2004"
"40624","2004-07-24","Saturday","30","7","24","2004"
"40625","2004-07-25","Sunday","30","7","25","2004"
"40626","2004-07-26","Monday","31","7","26","2004"
"40627","2004-07-27","Tuesday","31","7","27","2004"
"40628","2004-07-28","Wednesday","31","7","28","2004"
"40629","2004-07-29","Thursday","31","7","29","2004"
"40630","2004-07-30","Friday","31","7","30","2004"
"40631","2004-07-31","Saturday","31","7","31","2004"
"40701","2004-08-01","Sunday","31","8","1","2004"
"40702","2004-08-02","Monday","32","8","2","2004"
"40703","2004-08-03","Tuesday","32","8","3","2004"
"40704","2004-08-04","Wednesday","32","8","4","2004"
"40705","2004-08-05","Thursday","32","8","5","2004"
"40706","2004-08-06","Friday","32","8","6","2004"
"40707","2004-08-07","Saturday","32","8","7","2004"
"40708","2004-08-08","Sunday","32","8","8","2004"
"40709","2004-08-09","Monday","33","8","9","2004"
"40710","2004-08-10","Tuesday","33","8","10","2004"
"40711","2004-08-11","Wednesday","33","8","11","2004"
"40712","2004-08-12","Thursday","33","8","12","2004"
"40713","2004-08-13","Friday","33","8","13","2004"
"40714","2004-08-14","Saturday","33","8","14","2004"
"40715","2004-08-15","Sunday","33","8","15","2004"
"40716","2004-08-16","Monday","34","8","16","2004"
"40717","2004-08-17","Tuesday","34","8","17","2004"
"40718","2004-08-18","Wednesday","34","8","18","2004"
"40719","2004-08-19","Thursday","34","8","19","2004"
"40720","2004-08-20","Friday","34","8","20","2004"
"40721","2004-08-21","Saturday","34","8","21","2004"
"40722","2004-08-22","Sunday","34","8","22","2004"
"40723","2004-08-23","Monday","35","8","23","2004"
"40724","2004-08-24","Tuesday","35","8","24","2004"
"40725","2004-08-25","Wednesday","35","8","25","2004"
"40726","2004-08-26","Thursday","35","8","26","2004"
"40727","2004-08-27","Friday","35","8","27","2004"
"40728","2004-08-28","Saturday","35","8","28","2004"
"40729","2004-08-29","Sunday","35","8","29","2004"
"40730","2004-08-30","Monday","36","8","30","2004"
"40731","2004-08-31","Tuesday","36","8","31","2004"
"40801","2004-09-01","Wednesday","36","9","1","2004"
"40802","2004-09-02","Thursday","36","9","2","2004"
"40803","2004-09-03","Friday","36","9","3","2004"
"40804","2004-09-04","Saturday","36","9","4","2004"
"40805","2004-09-05","Sunday","36","9","5","2004"
"40806","2004-09-06","Monday","37","9","6","2004"
"40807","2004-09-07","Tuesday","37","9","7","2004"
"40808","2004-09-08","Wednesday","37","9","8","2004"
"40809","2004-09-09","Thursday","37","9","9","2004"
"40810","2004-09-10","Friday","37","9","10","2004"
"40811","2004-09-11","Saturday","37","9","11","2004"
"40812","2004-09-12","Sunday","37","9","12","2004"
"40813","2004-09-13","Monday","38","9","13","2004"
"40814","2004-09-14","Tuesday","38","9","14","2004"
"40815","2004-09-15","Wednesday","38","9","15","2004"
"40816","2004-09-16","Thursday","38","9","16","2004"
"40817","2004-09-17","Friday","38","9","17","2004"
"40818","2004-09-18","Saturday","38","9","18","2004"
"40819","2004-09-19","Sunday","38","9","19","2004"
"40820","2004-09-20","Monday","39","9","20","2004"
"40821","2004-09-21","Tuesday","39","9","21","2004"
"40822","2004-09-22","Wednesday","39","9","22","2004"
"40823","2004-09-23","Thursday","39","9","23","2004"
"40824","2004-09-24","Friday","39","9","24","2004"
"40825","2004-09-25","Saturday","39","9","25","2004"
"40826","2004-09-26","Sunday","39","9","26","2004"
"40827","2004-09-27","Monday","40","9","27","2004"
"40828","2004-09-28","Tuesday","40","9","28","2004"
"40829","2004-09-29","Wednesday","40","9","29","2004"
"40830","2004-09-30","Thursday","40","9","30","2004"
"40901","2004-10-01","Friday","40","10","1","2004"
"40902","2004-10-02","Saturday","40","10","2","2004"
"40903","2004-10-03","Sunday","40","10","3","2004"
"40904","2004-10-04","Monday","41","10","4","2004"
"40905","2004-10-05","Tuesday","41","10","5","2004"
"40906","2004-10-06","Wednesday","41","10","6","2004"
"40907","2004-10-07","Thursday","41","10","7","2004"
"40908","2004-10-08","Friday","41","10","8","2004"
"40909","2004-10-09","Saturday","41","10","9","2004"
"40910","2004-10-10","Sunday","41","10","10","2004"
"40911","2004-10-11","Monday","42","10","11","2004"
"40912","2004-10-12","Tuesday","42","10","12","2004"
"40913","2004-10-13","Wednesday","42","10","13","2004"
"40914","2004-10-14","Thursday","42","10","14","2004"
"40915","2004-10-15","Friday","42","10","15","2004"
"40916","2004-10-16","Saturday","42","10","16","2004"
"40917","2004-10-17","Sunday","42","10","17","2004"
"40918","2004-10-18","Monday","43","10","18","2004"
"40919","2004-10-19","Tuesday","43","10","19","2004"
"40920","2004-10-20","Wednesday","43","10","20","2004"
"40921","2004-10-21","Thursday","43","10","21","2004"
"40922","2004-10-22","Friday","43","10","22","2004"
"40923","2004-10-23","Saturday","43","10","23","2004"
"40924","2004-10-24","Sunday","43","10","24","2004"
"40925","2004-10-25","Monday","44","10","25","2004"
"40926","2004-10-26","Tuesday","44","10","26","2004"
"40927","2004-10-27","Wednesday","44","10","27","2004"
"40928","2004-10-28","Thursday","44","10","28","2004"
"40929","2004-10-29","Friday","44","10","29","2004"
"40930","2004-10-30","Saturday","44","10","30","2004"
"40931","2004-10-31","Sunday","44","10","31","2004"
"41001","2004-11-01","Monday","45","11","1","2004"
"41002","2004-11-02","Tuesday","45","11","2","2004"
"41003","2004-11-03","Wednesday","45","11","3","2004"
"41004","2004-11-04","Thursday","45","11","4","2004"
"41005","2004-11-05","Friday","45","11","5","2004"
"41006","2004-11-06","Saturday","45","11","6","2004"
"41007","2004-11-07","Sunday","45","11","7","2004"
"41008","2004-11-08","Monday","46","11","8","2004"
"41009","2004-11-09","Tuesday","46","11","9","2004"
"41010","2004-11-10","Wednesday","46","11","10","2004"
"41011","2004-11-11","Thursday","46","11","11","2004"
"41012","2004-11-12","Friday","46","11","12","2004"
"41013","2004-11-13","Saturday","46","11","13","2004"
"41014","2004-11-14","Sunday","46","11","14","2004"
"41015","2004-11-15","Monday","47","11","15","2004"
"41016","2004-11-16","Tuesday","47","11","16","2004"
"41017","2004-11-17","Wednesday","47","11","17","2004"
"41018","2004-11-18","Thursday","47","11","18","2004"
"41019","2004-11-19","Friday","47","11","19","2004"
"41020","2004-11-20","Saturday","47","11","20","2004"
"41021","2004-11-21","Sunday","47","11","21","2004"
"41022","2004-11-22","Monday","48","11","22","2004"
"41023","2004-11-23","Tuesday","48","11","23","2004"
"41024","2004-11-24","Wednesday","48","11","24","2004"
"41025","2004-11-25","Thursday","48","11","25","2004"
"41026","2004-11-26","Friday","48","11","26","2004"
"41027","2004-11-27","Saturday","48","11","27","2004"
"41028","2004-11-28","Sunday","48","11","28","2004"
"41029","2004-11-29","Monday","49","11","29","2004"
"41030","2004-11-30","Tuesday","49","11","30","2004"
"41101","2004-12-01","Wednesday","49","12","1","2004"
"41102","2004-12-02","Thursday","49","12","2","2004"
"41103","2004-12-03","Friday","49","12","3","2004"
"41104","2004-12-04","Saturday","49","12","4","2004"
"41105","2004-12-05","Sunday","49","12","5","2004"
"41106","2004-12-06","Monday","50","12","6","2004"
"41107","2004-12-07","Tuesday","50","12","7","2004"
"41108","2004-12-08","Wednesday","50","12","8","2004"
"41109","2004-12-09","Thursday","50","12","9","2004"
"41110","2004-12-10","Friday","50","12","10","2004"
"41111","2004-12-11","Saturday","50","12","11","2004"
"41112","2004-12-12","Sunday","50","12","12","2004"
"41113","2004-12-13","Monday","51","12","13","2004"
"41114","2004-12-14","Tuesday","51","12","14","2004"
"41115","2004-12-15","Wednesday","51","12","15","2004"
"41116","2004-12-16","Thursday","51","12","16","2004"
"41117","2004-12-17","Friday","51","12","17","2004"
"41118","2004-12-18","Saturday","51","12","18","2004"
"41119","2004-12-19","Sunday","51","12","19","2004"
"41120","2004-12-20","Monday","52","12","20","2004"
"41121","2004-12-21","Tuesday","52","12","21","2004"
"41122","2004-12-22","Wednesday","52","12","22","2004"
"41123","2004-12-23","Thursday","52","12","23","2004"
"41124","2004-12-24","Friday","52","12","24","2004"
"41125","2004-12-25","Saturday","52","12","25","2004"
"41126","2004-12-26","Sunday","52","12","26","2004"
"41127","2004-12-27","Monday","53","12","27","2004"
"41128","2004-12-28","Tuesday","53","12","28","2004"
"41129","2004-12-29","Wednesday","53","12","29","2004"
"41130","2004-12-30","Thursday","53","12","30","2004"
"41131","2004-12-31","Friday","53","12","31","2004"
"50001","2005-01-01","Saturday","53","1","1","2005"
"50002","2005-01-02","Sunday","53","1","2","2005"
"50003","2005-01-03","Monday","1","1","3","2005"
"50004","2005-01-04","Tuesday","1","1","4","2005"
"50005","2005-01-05","Wednesday","1","1","5","2005"
"50006","2005-01-06","Thursday","1","1","6","2005"
"50007","2005-01-07","Friday","1","1","7","2005"
"50008","2005-01-08","Saturday","1","1","8","2005"
"50009","2005-01-09","Sunday","1","1","9","2005"
"50010","2005-01-10","Monday","2","1","10","2005"
"50011","2005-01-11","Tuesday","2","1","11","2005"
"50012","2005-01-12","Wednesday","2","1","12","2005"
"50013","2005-01-13","Thursday","2","1","13","2005"
"50014","2005-01-14","Friday","2","1","14","2005"
"50015","2005-01-15","Saturday","2","1","15","2005"
"50016","2005-01-16","Sunday","2","1","16","2005"
"50017","2005-01-17","Monday","3","1","17","2005"
"50018","2005-01-18","Tuesday","3","1","18","2005"
"50019","2005-01-19","Wednesday","3","1","19","2005"
"50020","2005-01-20","Thursday","3","1","20","2005"
"50021","2005-01-21","Friday","3","1","21","2005"
"50022","2005-01-22","Saturday","3","1","22","2005"
"50023","2005-01-23","Sunday","3","1","23","2005"
"50024","2005-01-24","Monday","4","1","24","2005"
"50025","2005-01-25","Tuesday","4","1","25","2005"
"50026","2005-01-26","Wednesday","4","1","26","2005"
"50027","2005-01-27","Thursday","4","1","27","2005"
"50028","2005-01-28","Friday","4","1","28","2005"
"50029","2005-01-29","Saturday","4","1","29","2005"
"50030","2005-01-30","Sunday","4","1","30","2005"
"50031","2005-01-31","Monday","5","1","31","2005"
"50101","2005-02-01","Tuesday","5","2","1","2005"
"50102","2005-02-02","Wednesday","5","2","2","2005"
"50103","2005-02-03","Thursday","5","2","3","2005"
"50104","2005-02-04","Friday","5","2","4","2005"
"50105","2005-02-05","Saturday","5","2","5","2005"
"50106","2005-02-06","Sunday","5","2","6","2005"
"50107","2005-02-07","Monday","6","2","7","2005"
"50108","2005-02-08","Tuesday","6","2","8","2005"
"50109","2005-02-09","Wednesday","6","2","9","2005"
"50110","2005-02-10","Thursday","6","2","10","2005"
"50111","2005-02-11","Friday","6","2","11","2005"
"50112","2005-02-12","Saturday","6","2","12","2005"
"50113","2005-02-13","Sunday","6","2","13","2005"
"50114","2005-02-14","Monday","7","2","14","2005"
"50115","2005-02-15","Tuesday","7","2","15","2005"
"50116","2005-02-16","Wednesday","7","2","16","2005"
"50117","2005-02-17","Thursday","7","2","17","2005"
"50118","2005-02-18","Friday","7","2","18","2005"
"50119","2005-02-19","Saturday","7","2","19","2005"
"50120","2005-02-20","Sunday","7","2","20","2005"
"50121","2005-02-21","Monday","8","2","21","2005"
"50122","2005-02-22","Tuesday","8","2","22","2005"
"50123","2005-02-23","Wednesday","8","2","23","2005"
"50124","2005-02-24","Thursday","8","2","24","2005"
"50125","2005-02-25","Friday","8","2","25","2005"
"50126","2005-02-26","Saturday","8","2","26","2005"
"50127","2005-02-27","Sunday","8","2","27","2005"
"50128","2005-02-28","Monday","9","2","28","2005"
"50201","2005-03-01","Tuesday","9","3","1","2005"
"50202","2005-03-02","Wednesday","9","3","2","2005"
"50203","2005-03-03","Thursday","9","3","3","2005"
"50204","2005-03-04","Friday","9","3","4","2005"
"50205","2005-03-05","Saturday","9","3","5","2005"
"50206","2005-03-06","Sunday","9","3","6","2005"
"50207","2005-03-07","Monday","10","3","7","2005"
"50208","2005-03-08","Tuesday","10","3","8","2005"
"50209","2005-03-09","Wednesday","10","3","9","2005"
"50210","2005-03-10","Thursday","10","3","10","2005"
"50211","2005-03-11","Friday","10","3","11","2005"
"50212","2005-03-12","Saturday","10","3","12","2005"
"50213","2005-03-13","Sunday","10","3","13","2005"
"50214","2005-03-14","Monday","11","3","14","2005"
"50215","2005-03-15","Tuesday","11","3","15","2005"
"50216","2005-03-16","Wednesday","11","3","16","2005"
"50217","2005-03-17","Thursday","11","3","17","2005"
"50218","2005-03-18","Friday","11","3","18","2005"
"50219","2005-03-19","Saturday","11","3","19","2005"
"50220","2005-03-20","Sunday","11","3","20","2005"
"50221","2005-03-21","Monday","12","3","21","2005"
"50222","2005-03-22","Tuesday","12","3","22","2005"
"50223","2005-03-23","Wednesday","12","3","23","2005"
"50224","2005-03-24","Thursday","12","3","24","2005"
"50225","2005-03-25","Friday","12","3","25","2005"
"50226","2005-03-26","Saturday","12","3","26","2005"
"50227","2005-03-27","Sunday","12","3","27","2005"
"50228","2005-03-28","Monday","13","3","28","2005"
"50229","2005-03-29","Tuesday","13","3","29","2005"
"50230","2005-03-30","Wednesday","13","3","30","2005"
"50231","2005-03-31","Thursday","13","3","31","2005"
"50301","2005-04-01","Friday","13","4","1","2005"
"50302","2005-04-02","Saturday","13","4","2","2005"
"50303","2005-04-03","Sunday","13","4","3","2005"
"50304","2005-04-04","Monday","14","4","4","2005"
"50305","2005-04-05","Tuesday","14","4","5","2005"
"50306","2005-04-06","Wednesday","14","4","6","2005"
"50307","2005-04-07","Thursday","14","4","7","2005"
"50308","2005-04-08","Friday","14","4","8","2005"
"50309","2005-04-09","Saturday","14","4","9","2005"
"50310","2005-04-10","Sunday","14","4","10","2005"
"50311","2005-04-11","Monday","15","4","11","2005"
"50312","2005-04-12","Tuesday","15","4","12","2005"
"50313","2005-04-13","Wednesday","15","4","13","2005"
"50314","2005-04-14","Thursday","15","4","14","2005"
"50315","2005-04-15","Friday","15","4","15","2005"
"50316","2005-04-16","Saturday","15","4","16","2005"
"50317","2005-04-17","Sunday","15","4","17","2005"
"50318","2005-04-18","Monday","16","4","18","2005"
"50319","2005-04-19","Tuesday","16","4","19","2005"
"50320","2005-04-20","Wednesday","16","4","20","2005"
"50321","2005-04-21","Thursday","16","4","21","2005"
"50322","2005-04-22","Friday","16","4","22","2005"
"50323","2005-04-23","Saturday","16","4","23","2005"
"50324","2005-04-24","Sunday","16","4","24","2005"
"50325","2005-04-25","Monday","17","4","25","2005"
"50326","2005-04-26","Tuesday","17","4","26","2005"
"50327","2005-04-27","Wednesday","17","4","27","2005"
"50328","2005-04-28","Thursday","17","4","28","2005"
"50329","2005-04-29","Friday","17","4","29","2005"
"50330","2005-04-30","Saturday","17","4","30","2005"
"50401","2005-05-01","Sunday","17","5","1","2005"
"50402","2005-05-02","Monday","18","5","2","2005"
"50403","2005-05-03","Tuesday","18","5","3","2005"
"50404","2005-05-04","Wednesday","18","5","4","2005"
"50405","2005-05-05","Thursday","18","5","5","2005"
"50406","2005-05-06","Friday","18","5","6","2005"
"50407","2005-05-07","Saturday","18","5","7","2005"
"50408","2005-05-08","Sunday","18","5","8","2005"
"50409","2005-05-09","Monday","19","5","9","2005"
"50410","2005-05-10","Tuesday","19","5","10","2005"
"50411","2005-05-11","Wednesday","19","5","11","2005"
"50412","2005-05-12","Thursday","19","5","12","2005"
"50413","2005-05-13","Friday","19","5","13","2005"
"50414","2005-05-14","Saturday","19","5","14","2005"
"50415","2005-05-15","Sunday","19","5","15","2005"
"50416","2005-05-16","Monday","20","5","16","2005"
"50417","2005-05-17","Tuesday","20","5","17","2005"
"50418","2005-05-18","Wednesday","20","5","18","2005"
"50419","2005-05-19","Thursday","20","5","19","2005"
"50420","2005-05-20","Friday","20","5","20","2005"
"50421","2005-05-21","Saturday","20","5","21","2005"
"50422","2005-05-22","Sunday","20","5","22","2005"
"50423","2005-05-23","Monday","21","5","23","2005"
"50424","2005-05-24","Tuesday","21","5","24","2005"
"50425","2005-05-25","Wednesday","21","5","25","2005"
"50426","2005-05-26","Thursday","21","5","26","2005"
"50427","2005-05-27","Friday","21","5","27","2005"
"50428","2005-05-28","Saturday","21","5","28","2005"
"50429","2005-05-29","Sunday","21","5","29","2005"
"50430","2005-05-30","Monday","22","5","30","2005"
"50431","2005-05-31","Tuesday","22","5","31","2005"
"50501","2005-06-01","Wednesday","22","6","1","2005"
"50502","2005-06-02","Thursday","22","6","2","2005"
"50503","2005-06-03","Friday","22","6","3","2005"
"50504","2005-06-04","Saturday","22","6","4","2005"
"50505","2005-06-05","Sunday","22","6","5","2005"
"50506","2005-06-06","Monday","23","6","6","2005"
"50507","2005-06-07","Tuesday","23","6","7","2005"
"50508","2005-06-08","Wednesday","23","6","8","2005"
"50509","2005-06-09","Thursday","23","6","9","2005"
"50510","2005-06-10","Friday","23","6","10","2005"
"50511","2005-06-11","Saturday","23","6","11","2005"
"50512","2005-06-12","Sunday","23","6","12","2005"
"50513","2005-06-13","Monday","24","6","13","2005"
"50514","2005-06-14","Tuesday","24","6","14","2005"
"50515","2005-06-15","Wednesday","24","6","15","2005"
"50516","2005-06-16","Thursday","24","6","16","2005"
"50517","2005-06-17","Friday","24","6","17","2005"
"50518","2005-06-18","Saturday","24","6","18","2005"
"50519","2005-06-19","Sunday","24","6","19","2005"
"50520","2005-06-20","Monday","25","6","20","2005"
"50521","2005-06-21","Tuesday","25","6","21","2005"
"50522","2005-06-22","Wednesday","25","6","22","2005"
"50523","2005-06-23","Thursday","25","6","23","2005"
"50524","2005-06-24","Friday","25","6","24","2005"
"50525","2005-06-25","Saturday","25","6","25","2005"
"50526","2005-06-26","Sunday","25","6","26","2005"
"50527","2005-06-27","Monday","26","6","27","2005"
"50528","2005-06-28","Tuesday","26","6","28","2005"
"50529","2005-06-29","Wednesday","26","6","29","2005"
"50530","2005-06-30","Thursday","26","6","30","2005"
"50601","2005-07-01","Friday","26","7","1","2005"
"50602","2005-07-02","Saturday","26","7","2","2005"
"50603","2005-07-03","Sunday","26","7","3","2005"
"50604","2005-07-04","Monday","27","7","4","2005"
"50605","2005-07-05","Tuesday","27","7","5","2005"
"50606","2005-07-06","Wednesday","27","7","6","2005"
"50607","2005-07-07","Thursday","27","7","7","2005"
"50608","2005-07-08","Friday","27","7","8","2005"
"50609","2005-07-09","Saturday","27","7","9","2005"
"50610","2005-07-10","Sunday","27","7","10","2005"
"50611","2005-07-11","Monday","28","7","11","2005"
"50612","2005-07-12","Tuesday","28","7","12","2005"
"50613","2005-07-13","Wednesday","28","7","13","2005"
"50614","2005-07-14","Thursday","28","7","14","2005"
"50615","2005-07-15","Friday","28","7","15","2005"
"50616","2005-07-16","Saturday","28","7","16","2005"
"50617","2005-07-17","Sunday","28","7","17","2005"
"50618","2005-07-18","Monday","29","7","18","2005"
"50619","2005-07-19","Tuesday","29","7","19","2005"
"50620","2005-07-20","Wednesday","29","7","20","2005"
"50621","2005-07-21","Thursday","29","7","21","2005"
"50622","2005-07-22","Friday","29","7","22","2005"
"50623","2005-07-23","Saturday","29","7","23","2005"
"50624","2005-07-24","Sunday","29","7","24","2005"
"50625","2005-07-25","Monday","30","7","25","2005"
"50626","2005-07-26","Tuesday","30","7","26","2005"
"50627","2005-07-27","Wednesday","30","7","27","2005"
"50628","2005-07-28","Thursday","30","7","28","2005"
"50629","2005-07-29","Friday","30","7","29","2005"
"50630","2005-07-30","Saturday","30","7","30","2005"
"50631","2005-07-31","Sunday","30","7","31","2005"
"50701","2005-08-01","Monday","31","8","1","2005"
"50702","2005-08-02","Tuesday","31","8","2","2005"
"50703","2005-08-03","Wednesday","31","8","3","2005"
"50704","2005-08-04","Thursday","31","8","4","2005"
"50705","2005-08-05","Friday","31","8","5","2005"
"50706","2005-08-06","Saturday","31","8","6","2005"
"50707","2005-08-07","Sunday","31","8","7","2005"
"50708","2005-08-08","Monday","32","8","8","2005"
"50709","2005-08-09","Tuesday","32","8","9","2005"
"50710","2005-08-10","Wednesday","32","8","10","2005"
"50711","2005-08-11","Thursday","32","8","11","2005"
"50712","2005-08-12","Friday","32","8","12","2005"
"50713","2005-08-13","Saturday","32","8","13","2005"
"50714","2005-08-14","Sunday","32","8","14","2005"
"50715","2005-08-15","Monday","33","8","15","2005"
"50716","2005-08-16","Tuesday","33","8","16","2005"
"50717","2005-08-17","Wednesday","33","8","17","2005"
"50718","2005-08-18","Thursday","33","8","18","2005"
"50719","2005-08-19","Friday","33","8","19","2005"
"50720","2005-08-20","Saturday","33","8","20","2005"
"50721","2005-08-21","Sunday","33","8","21","2005"
"50722","2005-08-22","Monday","34","8","22","2005"
"50723","2005-08-23","Tuesday","34","8","23","2005"
"50724","2005-08-24","Wednesday","34","8","24","2005"
"50725","2005-08-25","Thursday","34","8","25","2005"
"50726","2005-08-26","Friday","34","8","26","2005"
"50727","2005-08-27","Saturday","34","8","27","2005"
"50728","2005-08-28","Sunday","34","8","28","2005"
"50729","2005-08-29","Monday","35","8","29","2005"
"50730","2005-08-30","Tuesday","35","8","30","2005"
"50731","2005-08-31","Wednesday","35","8","31","2005"
"50801","2005-09-01","Thursday","35","9","1","2005"
"50802","2005-09-02","Friday","35","9","2","2005"
"50803","2005-09-03","Saturday","35","9","3","2005"
"50804","2005-09-04","Sunday","35","9","4","2005"
"50805","2005-09-05","Monday","36","9","5","2005"
"50806","2005-09-06","Tuesday","36","9","6","2005"
"50807","2005-09-07","Wednesday","36","9","7","2005"
"50808","2005-09-08","Thursday","36","9","8","2005"
"50809","2005-09-09","Friday","36","9","9","2005"
"50810","2005-09-10","Saturday","36","9","10","2005"
"50811","2005-09-11","Sunday","36","9","11","2005"
"50812","2005-09-12","Monday","37","9","12","2005"
"50813","2005-09-13","Tuesday","37","9","13","2005"
"50814","2005-09-14","Wednesday","37","9","14","2005"
"50815","2005-09-15","Thursday","37","9","15","2005"
"50816","2005-09-16","Friday","37","9","16","2005"
"50817","2005-09-17","Saturday","37","9","17","2005"
"50818","2005-09-18","Sunday","37","9","18","2005"
"50819","2005-09-19","Monday","38","9","19","2005"
"50820","2005-09-20","Tuesday","38","9","20","2005"
"50821","2005-09-21","Wednesday","38","9","21","2005"
"50822","2005-09-22","Thursday","38","9","22","2005"
"50823","2005-09-23","Friday","38","9","23","2005"
"50824","2005-09-24","Saturday","38","9","24","2005"
"50825","2005-09-25","Sunday","38","9","25","2005"
"50826","2005-09-26","Monday","39","9","26","2005"
"50827","2005-09-27","Tuesday","39","9","27","2005"
"50828","2005-09-28","Wednesday","39","9","28","2005"
"50829","2005-09-29","Thursday","39","9","29","2005"
"50830","2005-09-30","Friday","39","9","30","2005"
"50901","2005-10-01","Saturday","39","10","1","2005"
"50902","2005-10-02","Sunday","39","10","2","2005"
"50903","2005-10-03","Monday","40","10","3","2005"
"50904","2005-10-04","Tuesday","40","10","4","2005"
"50905","2005-10-05","Wednesday","40","10","5","2005"
"50906","2005-10-06","Thursday","40","10","6","2005"
"50907","2005-10-07","Friday","40","10","7","2005"
"50908","2005-10-08","Saturday","40","10","8","2005"
"50909","2005-10-09","Sunday","40","10","9","2005"
"50910","2005-10-10","Monday","41","10","10","2005"
"50911","2005-10-11","Tuesday","41","10","11","2005"
"50912","2005-10-12","Wednesday","41","10","12","2005"
"50913","2005-10-13","Thursday","41","10","13","2005"
"50914","2005-10-14","Friday","41","10","14","2005"
"50915","2005-10-15","Saturday","41","10","15","2005"
"50916","2005-10-16","Sunday","41","10","16","2005"
"50917","2005-10-17","Monday","42","10","17","2005"
"50918","2005-10-18","Tuesday","42","10","18","2005"
"50919","2005-10-19","Wednesday","42","10","19","2005"
"50920","2005-10-20","Thursday","42","10","20","2005"
"50921","2005-10-21","Friday","42","10","21","2005"
"50922","2005-10-22","Saturday","42","10","22","2005"
"50923","2005-10-23","Sunday","42","10","23","2005"
"50924","2005-10-24","Monday","43","10","24","2005"
"50925","2005-10-25","Tuesday","43","10","25","2005"
"50926","2005-10-26","Wednesday","43","10","26","2005"
"50927","2005-10-27","Thursday","43","10","27","2005"
"50928","2005-10-28","Friday","43","10","28","2005"
"50929","2005-10-29","Saturday","43","10","29","2005"
"50930","2005-10-30","Sunday","43","10","30","2005"
"50931","2005-10-31","Monday","44","10","31","2005"
"51001","2005-11-01","Tuesday","44","11","1","2005"
"51002","2005-11-02","Wednesday","44","11","2","2005"
"51003","2005-11-03","Thursday","44","11","3","2005"
"51004","2005-11-04","Friday","44","11","4","2005"
"51005","2005-11-05","Saturday","44","11","5","2005"
"51006","2005-11-06","Sunday","44","11","6","2005"
"51007","2005-11-07","Monday","45","11","7","2005"
"51008","2005-11-08","Tuesday","45","11","8","2005"
"51009","2005-11-09","Wednesday","45","11","9","2005"
"51010","2005-11-10","Thursday","45","11","10","2005"
"51011","2005-11-11","Friday","45","11","11","2005"
"51012","2005-11-12","Saturday","45","11","12","2005"
"51013","2005-11-13","Sunday","45","11","13","2005"
"51014","2005-11-14","Monday","46","11","14","2005"
"51015","2005-11-15","Tuesday","46","11","15","2005"
"51016","2005-11-16","Wednesday","46","11","16","2005"
"51017","2005-11-17","Thursday","46","11","17","2005"
"51018","2005-11-18","Friday","46","11","18","2005"
"51019","2005-11-19","Saturday","46","11","19","2005"
"51020","2005-11-20","Sunday","46","11","20","2005"
"51021","2005-11-21","Monday","47","11","21","2005"
"51022","2005-11-22","Tuesday","47","11","22","2005"
"51023","2005-11-23","Wednesday","47","11","23","2005"
"51024","2005-11-24","Thursday","47","11","24","2005"
"51025","2005-11-25","Friday","47","11","25","2005"
"51026","2005-11-26","Saturday","47","11","26","2005"
"51027","2005-11-27","Sunday","47","11","27","2005"
"51028","2005-11-28","Monday","48","11","28","2005"
"51029","2005-11-29","Tuesday","48","11","29","2005"
"51030","2005-11-30","Wednesday","48","11","30","2005"
"51101","2005-12-01","Thursday","48","12","1","2005"
"51102","2005-12-02","Friday","48","12","2","2005"
"51103","2005-12-03","Saturday","48","12","3","2005"
"51104","2005-12-04","Sunday","48","12","4","2005"
"51105","2005-12-05","Monday","49","12","5","2005"
"51106","2005-12-06","Tuesday","49","12","6","2005"
"51107","2005-12-07","Wednesday","49","12","7","2005"
"51108","2005-12-08","Thursday","49","12","8","2005"
"51109","2005-12-09","Friday","49","12","9","2005"
"51110","2005-12-10","Saturday","49","12","10","2005"
"51111","2005-12-11","Sunday","49","12","11","2005"
"51112","2005-12-12","Monday","50","12","12","2005"
"51113","2005-12-13","Tuesday","50","12","13","2005"
"51114","2005-12-14","Wednesday","50","12","14","2005"
"51115","2005-12-15","Thursday","50","12","15","2005"
"51116","2005-12-16","Friday","50","12","16","2005"
"51117","2005-12-17","Saturday","50","12","17","2005"
"51118","2005-12-18","Sunday","50","12","18","2005"
"51119","2005-12-19","Monday","51","12","19","2005"
"51120","2005-12-20","Tuesday","51","12","20","2005"
"51121","2005-12-21","Wednesday","51","12","21","2005"
"51122","2005-12-22","Thursday","51","12","22","2005"
"51123","2005-12-23","Friday","51","12","23","2005"
"51124","2005-12-24","Saturday","51","12","24","2005"
"51125","2005-12-25","Sunday","51","12","25","2005"
"51126","2005-12-26","Monday","52","12","26","2005"
"51127","2005-12-27","Tuesday","52","12","27","2005"
"51128","2005-12-28","Wednesday","52","12","28","2005"
"51129","2005-12-29","Thursday","52","12","29","2005"
"51130","2005-12-30","Friday","52","12","30","2005"
"51131","2005-12-31","Saturday","52","12","31","2005"
"60001","2006-01-01","Sunday","52","1","1","2006"
"60002","2006-01-02","Monday","1","1","2","2006"
"60003","2006-01-03","Tuesday","1","1","3","2006"
"60004","2006-01-04","Wednesday","1","1","4","2006"
"60005","2006-01-05","Thursday","1","1","5","2006"
"60006","2006-01-06","Friday","1","1","6","2006"
"60007","2006-01-07","Saturday","1","1","7","2006"
"60008","2006-01-08","Sunday","1","1","8","2006"
"60009","2006-01-09","Monday","2","1","9","2006"
"60010","2006-01-10","Tuesday","2","1","10","2006"
"60011","2006-01-11","Wednesday","2","1","11","2006"
"60012","2006-01-12","Thursday","2","1","12","2006"
"60013","2006-01-13","Friday","2","1","13","2006"
"60014","2006-01-14","Saturday","2","1","14","2006"
"60015","2006-01-15","Sunday","2","1","15","2006"
"60016","2006-01-16","Monday","3","1","16","2006"
"60017","2006-01-17","Tuesday","3","1","17","2006"
"60018","2006-01-18","Wednesday","3","1","18","2006"
"60019","2006-01-19","Thursday","3","1","19","2006"
"60020","2006-01-20","Friday","3","1","20","2006"
"60021","2006-01-21","Saturday","3","1","21","2006"
"60022","2006-01-22","Sunday","3","1","22","2006"
"60023","2006-01-23","Monday","4","1","23","2006"
"60024","2006-01-24","Tuesday","4","1","24","2006"
"60025","2006-01-25","Wednesday","4","1","25","2006"
"60026","2006-01-26","Thursday","4","1","26","2006"
"60027","2006-01-27","Friday","4","1","27","2006"
"60028","2006-01-28","Saturday","4","1","28","2006"
"60029","2006-01-29","Sunday","4","1","29","2006"
"60030","2006-01-30","Monday","5","1","30","2006"
"60031","2006-01-31","Tuesday","5","1","31","2006"
"60101","2006-02-01","Wednesday","5","2","1","2006"
"60102","2006-02-02","Thursday","5","2","2","2006"
"60103","2006-02-03","Friday","5","2","3","2006"
"60104","2006-02-04","Saturday","5","2","4","2006"
"60105","2006-02-05","Sunday","5","2","5","2006"
"60106","2006-02-06","Monday","6","2","6","2006"
"60107","2006-02-07","Tuesday","6","2","7","2006"
"60108","2006-02-08","Wednesday","6","2","8","2006"
"60109","2006-02-09","Thursday","6","2","9","2006"
"60110","2006-02-10","Friday","6","2","10","2006"
"60111","2006-02-11","Saturday","6","2","11","2006"
"60112","2006-02-12","Sunday","6","2","12","2006"
"60113","2006-02-13","Monday","7","2","13","2006"
"60114","2006-02-14","Tuesday","7","2","14","2006"
"60115","2006-02-15","Wednesday","7","2","15","2006"
"60116","2006-02-16","Thursday","7","2","16","2006"
"60117","2006-02-17","Friday","7","2","17","2006"
"60118","2006-02-18","Saturday","7","2","18","2006"
"60119","2006-02-19","Sunday","7","2","19","2006"
"60120","2006-02-20","Monday","8","2","20","2006"
"60121","2006-02-21","Tuesday","8","2","21","2006"
"60122","2006-02-22","Wednesday","8","2","22","2006"
"60123","2006-02-23","Thursday","8","2","23","2006"
"60124","2006-02-24","Friday","8","2","24","2006"
"60125","2006-02-25","Saturday","8","2","25","2006"
"60126","2006-02-26","Sunday","8","2","26","2006"
"60127","2006-02-27","Monday","9","2","27","2006"
"60128","2006-02-28","Tuesday","9","2","28","2006"
"60201","2006-03-01","Wednesday","9","3","1","2006"
"60202","2006-03-02","Thursday","9","3","2","2006"
"60203","2006-03-03","Friday","9","3","3","2006"
"60204","2006-03-04","Saturday","9","3","4","2006"
"60205","2006-03-05","Sunday","9","3","5","2006"
"60206","2006-03-06","Monday","10","3","6","2006"
"60207","2006-03-07","Tuesday","10","3","7","2006"
"60208","2006-03-08","Wednesday","10","3","8","2006"
"60209","2006-03-09","Thursday","10","3","9","2006"
"60210","2006-03-10","Friday","10","3","10","2006"
"60211","2006-03-11","Saturday","10","3","11","2006"
"60212","2006-03-12","Sunday","10","3","12","2006"
"60213","2006-03-13","Monday","11","3","13","2006"
"60214","2006-03-14","Tuesday","11","3","14","2006"
"60215","2006-03-15","Wednesday","11","3","15","2006"
"60216","2006-03-16","Thursday","11","3","16","2006"
"60217","2006-03-17","Friday","11","3","17","2006"
"60218","2006-03-18","Saturday","11","3","18","2006"
"60219","2006-03-19","Sunday","11","3","19","2006"
"60220","2006-03-20","Monday","12","3","20","2006"
"60221","2006-03-21","Tuesday","12","3","21","2006"
"60222","2006-03-22","Wednesday","12","3","22","2006"
"60223","2006-03-23","Thursday","12","3","23","2006"
"60224","2006-03-24","Friday","12","3","24","2006"
"60225","2006-03-25","Saturday","12","3","25","2006"
"60226","2006-03-26","Sunday","12","3","26","2006"
"60227","2006-03-27","Monday","13","3","27","2006"
"60228","2006-03-28","Tuesday","13","3","28","2006"
"60229","2006-03-29","Wednesday","13","3","29","2006"
"60230","2006-03-30","Thursday","13","3","30","2006"
"60231","2006-03-31","Friday","13","3","31","2006"
"60301","2006-04-01","Saturday","13","4","1","2006"
"60302","2006-04-02","Sunday","13","4","2","2006"
"60303","2006-04-03","Monday","14","4","3","2006"
"60304","2006-04-04","Tuesday","14","4","4","2006"
"60305","2006-04-05","Wednesday","14","4","5","2006"
"60306","2006-04-06","Thursday","14","4","6","2006"
"60307","2006-04-07","Friday","14","4","7","2006"
"60308","2006-04-08","Saturday","14","4","8","2006"
"60309","2006-04-09","Sunday","14","4","9","2006"
"60310","2006-04-10","Monday","15","4","10","2006"
"60311","2006-04-11","Tuesday","15","4","11","2006"
"60312","2006-04-12","Wednesday","15","4","12","2006"
"60313","2006-04-13","Thursday","15","4","13","2006"
"60314","2006-04-14","Friday","15","4","14","2006"
"60315","2006-04-15","Saturday","15","4","15","2006"
"60316","2006-04-16","Sunday","15","4","16","2006"
"60317","2006-04-17","Monday","16","4","17","2006"
"60318","2006-04-18","Tuesday","16","4","18","2006"
"60319","2006-04-19","Wednesday","16","4","19","2006"
"60320","2006-04-20","Thursday","16","4","20","2006"
"60321","2006-04-21","Friday","16","4","21","2006"
"60322","2006-04-22","Saturday","16","4","22","2006"
"60323","2006-04-23","Sunday","16","4","23","2006"
"60324","2006-04-24","Monday","17","4","24","2006"
"60325","2006-04-25","Tuesday","17","4","25","2006"
"60326","2006-04-26","Wednesday","17","4","26","2006"
"60327","2006-04-27","Thursday","17","4","27","2006"
"60328","2006-04-28","Friday","17","4","28","2006"
"60329","2006-04-29","Saturday","17","4","29","2006"
"60330","2006-04-30","Sunday","17","4","30","2006"
"60401","2006-05-01","Monday","18","5","1","2006"
"60402","2006-05-02","Tuesday","18","5","2","2006"
"60403","2006-05-03","Wednesday","18","5","3","2006"
"60404","2006-05-04","Thursday","18","5","4","2006"
"60405","2006-05-05","Friday","18","5","5","2006"
"60406","2006-05-06","Saturday","18","5","6","2006"
"60407","2006-05-07","Sunday","18","5","7","2006"
"60408","2006-05-08","Monday","19","5","8","2006"
"60409","2006-05-09","Tuesday","19","5","9","2006"
"60410","2006-05-10","Wednesday","19","5","10","2006"
"60411","2006-05-11","Thursday","19","5","11","2006"
"60412","2006-05-12","Friday","19","5","12","2006"
"60413","2006-05-13","Saturday","19","5","13","2006"
"60414","2006-05-14","Sunday","19","5","14","2006"
"60415","2006-05-15","Monday","20","5","15","2006"
"60416","2006-05-16","Tuesday","20","5","16","2006"
"60417","2006-05-17","Wednesday","20","5","17","2006"
"60418","2006-05-18","Thursday","20","5","18","2006"
"60419","2006-05-19","Friday","20","5","19","2006"
"60420","2006-05-20","Saturday","20","5","20","2006"
"60421","2006-05-21","Sunday","20","5","21","2006"
"60422","2006-05-22","Monday","21","5","22","2006"
"60423","2006-05-23","Tuesday","21","5","23","2006"
"60424","2006-05-24","Wednesday","21","5","24","2006"
"60425","2006-05-25","Thursday","21","5","25","2006"
"60426","2006-05-26","Friday","21","5","26","2006"
"60427","2006-05-27","Saturday","21","5","27","2006"
"60428","2006-05-28","Sunday","21","5","28","2006"
"60429","2006-05-29","Monday","22","5","29","2006"
"60430","2006-05-30","Tuesday","22","5","30","2006"
"60431","2006-05-31","Wednesday","22","5","31","2006"
"60501","2006-06-01","Thursday","22","6","1","2006"
"60502","2006-06-02","Friday","22","6","2","2006"
"60503","2006-06-03","Saturday","22","6","3","2006"
"60504","2006-06-04","Sunday","22","6","4","2006"
"60505","2006-06-05","Monday","23","6","5","2006"
"60506","2006-06-06","Tuesday","23","6","6","2006"
"60507","2006-06-07","Wednesday","23","6","7","2006"
"60508","2006-06-08","Thursday","23","6","8","2006"
"60509","2006-06-09","Friday","23","6","9","2006"
"60510","2006-06-10","Saturday","23","6","10","2006"
"60511","2006-06-11","Sunday","23","6","11","2006"
"60512","2006-06-12","Monday","24","6","12","2006"
"60513","2006-06-13","Tuesday","24","6","13","2006"
"60514","2006-06-14","Wednesday","24","6","14","2006"
"60515","2006-06-15","Thursday","24","6","15","2006"
"60516","2006-06-16","Friday","24","6","16","2006"
"60517","2006-06-17","Saturday","24","6","17","2006"
"60518","2006-06-18","Sunday","24","6","18","2006"
"60519","2006-06-19","Monday","25","6","19","2006"
"60520","2006-06-20","Tuesday","25","6","20","2006"
"60521","2006-06-21","Wednesday","25","6","21","2006"
"60522","2006-06-22","Thursday","25","6","22","2006"
"60523","2006-06-23","Friday","25","6","23","2006"
"60524","2006-06-24","Saturday","25","6","24","2006"
"60525","2006-06-25","Sunday","25","6","25","2006"
"60526","2006-06-26","Monday","26","6","26","2006"
"60527","2006-06-27","Tuesday","26","6","27","2006"
"60528","2006-06-28","Wednesday","26","6","28","2006"
"60529","2006-06-29","Thursday","26","6","29","2006"
"60530","2006-06-30","Friday","26","6","30","2006"
"60601","2006-07-01","Saturday","26","7","1","2006"
"60602","2006-07-02","Sunday","26","7","2","2006"
"60603","2006-07-03","Monday","27","7","3","2006"
"60604","2006-07-04","Tuesday","27","7","4","2006"
"60605","2006-07-05","Wednesday","27","7","5","2006"
"60606","2006-07-06","Thursday","27","7","6","2006"
"60607","2006-07-07","Friday","27","7","7","2006"
"60608","2006-07-08","Saturday","27","7","8","2006"
"60609","2006-07-09","Sunday","27","7","9","2006"
"60610","2006-07-10","Monday","28","7","10","2006"
"60611","2006-07-11","Tuesday","28","7","11","2006"
"60612","2006-07-12","Wednesday","28","7","12","2006"
"60613","2006-07-13","Thursday","28","7","13","2006"
"60614","2006-07-14","Friday","28","7","14","2006"
"60615","2006-07-15","Saturday","28","7","15","2006"
"60616","2006-07-16","Sunday","28","7","16","2006"
"60617","2006-07-17","Monday","29","7","17","2006"
"60618","2006-07-18","Tuesday","29","7","18","2006"
"60619","2006-07-19","Wednesday","29","7","19","2006"
"60620","2006-07-20","Thursday","29","7","20","2006"
"60621","2006-07-21","Friday","29","7","21","2006"
"60622","2006-07-22","Saturday","29","7","22","2006"
"60623","2006-07-23","Sunday","29","7","23","2006"
"60624","2006-07-24","Monday","30","7","24","2006"
"60625","2006-07-25","Tuesday","30","7","25","2006"
"60626","2006-07-26","Wednesday","30","7","26","2006"
"60627","2006-07-27","Thursday","30","7","27","2006"
"60628","2006-07-28","Friday","30","7","28","2006"
"60629","2006-07-29","Saturday","30","7","29","2006"
"60630","2006-07-30","Sunday","30","7","30","2006"
"60631","2006-07-31","Monday","31","7","31","2006"
"60701","2006-08-01","Tuesday","31","8","1","2006"
"60702","2006-08-02","Wednesday","31","8","2","2006"
"60703","2006-08-03","Thursday","31","8","3","2006"
"60704","2006-08-04","Friday","31","8","4","2006"
"60705","2006-08-05","Saturday","31","8","5","2006"
"60706","2006-08-06","Sunday","31","8","6","2006"
"60707","2006-08-07","Monday","32","8","7","2006"
"60708","2006-08-08","Tuesday","32","8","8","2006"
"60709","2006-08-09","Wednesday","32","8","9","2006"
"60710","2006-08-10","Thursday","32","8","10","2006"
"60711","2006-08-11","Friday","32","8","11","2006"
"60712","2006-08-12","Saturday","32","8","12","2006"
"60713","2006-08-13","Sunday","32","8","13","2006"
"60714","2006-08-14","Monday","33","8","14","2006"
"60715","2006-08-15","Tuesday","33","8","15","2006"
"60716","2006-08-16","Wednesday","33","8","16","2006"
"60717","2006-08-17","Thursday","33","8","17","2006"
"60718","2006-08-18","Friday","33","8","18","2006"
"60719","2006-08-19","Saturday","33","8","19","2006"
"60720","2006-08-20","Sunday","33","8","20","2006"
"60721","2006-08-21","Monday","34","8","21","2006"
"60722","2006-08-22","Tuesday","34","8","22","2006"
"60723","2006-08-23","Wednesday","34","8","23","2006"
"60724","2006-08-24","Thursday","34","8","24","2006"
"60725","2006-08-25","Friday","34","8","25","2006"
"60726","2006-08-26","Saturday","34","8","26","2006"
"60727","2006-08-27","Sunday","34","8","27","2006"
"60728","2006-08-28","Monday","35","8","28","2006"
"60729","2006-08-29","Tuesday","35","8","29","2006"
"60730","2006-08-30","Wednesday","35","8","30","2006"
"60731","2006-08-31","Thursday","35","8","31","2006"
"60801","2006-09-01","Friday","35","9","1","2006"
"60802","2006-09-02","Saturday","35","9","2","2006"
"60803","2006-09-03","Sunday","35","9","3","2006"
"60804","2006-09-04","Monday","36","9","4","2006"
"60805","2006-09-05","Tuesday","36","9","5","2006"
"60806","2006-09-06","Wednesday","36","9","6","2006"
"60807","2006-09-07","Thursday","36","9","7","2006"
"60808","2006-09-08","Friday","36","9","8","2006"
"60809","2006-09-09","Saturday","36","9","9","2006"
"60810","2006-09-10","Sunday","36","9","10","2006"
"60811","2006-09-11","Monday","37","9","11","2006"
"60812","2006-09-12","Tuesday","37","9","12","2006"
"60813","2006-09-13","Wednesday","37","9","13","2006"
"60814","2006-09-14","Thursday","37","9","14","2006"
"60815","2006-09-15","Friday","37","9","15","2006"
"60816","2006-09-16","Saturday","37","9","16","2006"
"60817","2006-09-17","Sunday","37","9","17","2006"
"60818","2006-09-18","Monday","38","9","18","2006"
"60819","2006-09-19","Tuesday","38","9","19","2006"
"60820","2006-09-20","Wednesday","38","9","20","2006"
"60821","2006-09-21","Thursday","38","9","21","2006"
"60822","2006-09-22","Friday","38","9","22","2006"
"60823","2006-09-23","Saturday","38","9","23","2006"
"60824","2006-09-24","Sunday","38","9","24","2006"
"60825","2006-09-25","Monday","39","9","25","2006"
"60826","2006-09-26","Tuesday","39","9","26","2006"
"60827","2006-09-27","Wednesday","39","9","27","2006"
"60828","2006-09-28","Thursday","39","9","28","2006"
"60829","2006-09-29","Friday","39","9","29","2006"
"60830","2006-09-30","Saturday","39","9","30","2006"
"60901","2006-10-01","Sunday","39","10","1","2006"
"60902","2006-10-02","Monday","40","10","2","2006"
"60903","2006-10-03","Tuesday","40","10","3","2006"
"60904","2006-10-04","Wednesday","40","10","4","2006"
"60905","2006-10-05","Thursday","40","10","5","2006"
"60906","2006-10-06","Friday","40","10","6","2006"
"60907","2006-10-07","Saturday","40","10","7","2006"
"60908","2006-10-08","Sunday","40","10","8","2006"
"60909","2006-10-09","Monday","41","10","9","2006"
"60910","2006-10-10","Tuesday","41","10","10","2006"
"60911","2006-10-11","Wednesday","41","10","11","2006"
"60912","2006-10-12","Thursday","41","10","12","2006"
"60913","2006-10-13","Friday","41","10","13","2006"
"60914","2006-10-14","Saturday","41","10","14","2006"
"60915","2006-10-15","Sunday","41","10","15","2006"
"60916","2006-10-16","Monday","42","10","16","2006"
"60917","2006-10-17","Tuesday","42","10","17","2006"
"60918","2006-10-18","Wednesday","42","10","18","2006"
"60919","2006-10-19","Thursday","42","10","19","2006"
"60920","2006-10-20","Friday","42","10","20","2006"
"60921","2006-10-21","Saturday","42","10","21","2006"
"60922","2006-10-22","Sunday","42","10","22","2006"
"60923","2006-10-23","Monday","43","10","23","2006"
"60924","2006-10-24","Tuesday","43","10","24","2006"
"60925","2006-10-25","Wednesday","43","10","25","2006"
"60926","2006-10-26","Thursday","43","10","26","2006"
"60927","2006-10-27","Friday","43","10","27","2006"
"60928","2006-10-28","Saturday","43","10","28","2006"
"60929","2006-10-29","Sunday","43","10","29","2006"
"60930","2006-10-30","Monday","44","10","30","2006"
"60931","2006-10-31","Tuesday","44","10","31","2006"
"61001","2006-11-01","Wednesday","44","11","1","2006"
"61002","2006-11-02","Thursday","44","11","2","2006"
"61003","2006-11-03","Friday","44","11","3","2006"
"61004","2006-11-04","Saturday","44","11","4","2006"
"61005","2006-11-05","Sunday","44","11","5","2006"
"61006","2006-11-06","Monday","45","11","6","2006"
"61007","2006-11-07","Tuesday","45","11","7","2006"
"61008","2006-11-08","Wednesday","45","11","8","2006"
"61009","2006-11-09","Thursday","45","11","9","2006"
"61010","2006-11-10","Friday","45","11","10","2006"
"61011","2006-11-11","Saturday","45","11","11","2006"
"61012","2006-11-12","Sunday","45","11","12","2006"
"61013","2006-11-13","Monday","46","11","13","2006"
"61014","2006-11-14","Tuesday","46","11","14","2006"
"61015","2006-11-15","Wednesday","46","11","15","2006"
"61016","2006-11-16","Thursday","46","11","16","2006"
"61017","2006-11-17","Friday","46","11","17","2006"
"61018","2006-11-18","Saturday","46","11","18","2006"
"61019","2006-11-19","Sunday","46","11","19","2006"
"61020","2006-11-20","Monday","47","11","20","2006"
"61021","2006-11-21","Tuesday","47","11","21","2006"
"61022","2006-11-22","Wednesday","47","11","22","2006"
"61023","2006-11-23","Thursday","47","11","23","2006"
"61024","2006-11-24","Friday","47","11","24","2006"
"61025","2006-11-25","Saturday","47","11","25","2006"
"61026","2006-11-26","Sunday","47","11","26","2006"
"61027","2006-11-27","Monday","48","11","27","2006"
"61028","2006-11-28","Tuesday","48","11","28","2006"
"61029","2006-11-29","Wednesday","48","11","29","2006"
"61030","2006-11-30","Thursday","48","11","30","2006"
"61101","2006-12-01","Friday","48","12","1","2006"
"61102","2006-12-02","Saturday","48","12","2","2006"
"61103","2006-12-03","Sunday","48","12","3","2006"
"61104","2006-12-04","Monday","49","12","4","2006"
"61105","2006-12-05","Tuesday","49","12","5","2006"
"61106","2006-12-06","Wednesday","49","12","6","2006"
"61107","2006-12-07","Thursday","49","12","7","2006"
"61108","2006-12-08","Friday","49","12","8","2006"
"61109","2006-12-09","Saturday","49","12","9","2006"
"61110","2006-12-10","Sunday","49","12","10","2006"
"61111","2006-12-11","Monday","50","12","11","2006"
"61112","2006-12-12","Tuesday","50","12","12","2006"
"61113","2006-12-13","Wednesday","50","12","13","2006"
"61114","2006-12-14","Thursday","50","12","14","2006"
"61115","2006-12-15","Friday","50","12","15","2006"
"61116","2006-12-16","Saturday","50","12","16","2006"
"61117","2006-12-17","Sunday","50","12","17","2006"
"61118","2006-12-18","Monday","51","12","18","2006"
"61119","2006-12-19","Tuesday","51","12","19","2006"
"61120","2006-12-20","Wednesday","51","12","20","2006"
"61121","2006-12-21","Thursday","51","12","21","2006"
"61122","2006-12-22","Friday","51","12","22","2006"
"61123","2006-12-23","Saturday","51","12","23","2006"
"61124","2006-12-24","Sunday","51","12","24","2006"
"61125","2006-12-25","Monday","52","12","25","2006"
"61126","2006-12-26","Tuesday","52","12","26","2006"
"61127","2006-12-27","Wednesday","52","12","27","2006"
"61128","2006-12-28","Thursday","52","12","28","2006"
"61129","2006-12-29","Friday","52","12","29","2006"
"61130","2006-12-30","Saturday","52","12","30","2006"
"61131","2006-12-31","Sunday","52","12","31","2006"
"70001","2007-01-01","Monday","1","1","1","2007"
"70002","2007-01-02","Tuesday","1","1","2","2007"
"70003","2007-01-03","Wednesday","1","1","3","2007"
"70004","2007-01-04","Thursday","1","1","4","2007"
"70005","2007-01-05","Friday","1","1","5","2007"
"70006","2007-01-06","Saturday","1","1","6","2007"
"70007","2007-01-07","Sunday","1","1","7","2007"
"70008","2007-01-08","Monday","2","1","8","2007"
"70009","2007-01-09","Tuesday","2","1","9","2007"
"70010","2007-01-10","Wednesday","2","1","10","2007"
"70011","2007-01-11","Thursday","2","1","11","2007"
"70012","2007-01-12","Friday","2","1","12","2007"
"70013","2007-01-13","Saturday","2","1","13","2007"
"70014","2007-01-14","Sunday","2","1","14","2007"
"70015","2007-01-15","Monday","3","1","15","2007"
"70016","2007-01-16","Tuesday","3","1","16","2007"
"70017","2007-01-17","Wednesday","3","1","17","2007"
"70018","2007-01-18","Thursday","3","1","18","2007"
"70019","2007-01-19","Friday","3","1","19","2007"
"70020","2007-01-20","Saturday","3","1","20","2007"
"70021","2007-01-21","Sunday","3","1","21","2007"
"70022","2007-01-22","Monday","4","1","22","2007"
"70023","2007-01-23","Tuesday","4","1","23","2007"
"70024","2007-01-24","Wednesday","4","1","24","2007"
"70025","2007-01-25","Thursday","4","1","25","2007"
"70026","2007-01-26","Friday","4","1","26","2007"
"70027","2007-01-27","Saturday","4","1","27","2007"
"70028","2007-01-28","Sunday","4","1","28","2007"
"70029","2007-01-29","Monday","5","1","29","2007"
"70030","2007-01-30","Tuesday","5","1","30","2007"
"70031","2007-01-31","Wednesday","5","1","31","2007"
"70101","2007-02-01","Thursday","5","2","1","2007"
"70102","2007-02-02","Friday","5","2","2","2007"
"70103","2007-02-03","Saturday","5","2","3","2007"
"70104","2007-02-04","Sunday","5","2","4","2007"
"70105","2007-02-05","Monday","6","2","5","2007"
"70106","2007-02-06","Tuesday","6","2","6","2007"
"70107","2007-02-07","Wednesday","6","2","7","2007"
"70108","2007-02-08","Thursday","6","2","8","2007"
"70109","2007-02-09","Friday","6","2","9","2007"
"70110","2007-02-10","Saturday","6","2","10","2007"
"70111","2007-02-11","Sunday","6","2","11","2007"
"70112","2007-02-12","Monday","7","2","12","2007"
"70113","2007-02-13","Tuesday","7","2","13","2007"
"70114","2007-02-14","Wednesday","7","2","14","2007"
"70115","2007-02-15","Thursday","7","2","15","2007"
"70116","2007-02-16","Friday","7","2","16","2007"
"70117","2007-02-17","Saturday","7","2","17","2007"
"70118","2007-02-18","Sunday","7","2","18","2007"
"70119","2007-02-19","Monday","8","2","19","2007"
"70120","2007-02-20","Tuesday","8","2","20","2007"
"70121","2007-02-21","Wednesday","8","2","21","2007"
"70122","2007-02-22","Thursday","8","2","22","2007"
"70123","2007-02-23","Friday","8","2","23","2007"
"70124","2007-02-24","Saturday","8","2","24","2007"
"70125","2007-02-25","Sunday","8","2","25","2007"
"70126","2007-02-26","Monday","9","2","26","2007"
"70127","2007-02-27","Tuesday","9","2","27","2007"
"70128","2007-02-28","Wednesday","9","2","28","2007"
"70201","2007-03-01","Thursday","9","3","1","2007"
"70202","2007-03-02","Friday","9","3","2","2007"
"70203","2007-03-03","Saturday","9","3","3","2007"
"70204","2007-03-04","Sunday","9","3","4","2007"
"70205","2007-03-05","Monday","10","3","5","2007"
"70206","2007-03-06","Tuesday","10","3","6","2007"
"70207","2007-03-07","Wednesday","10","3","7","2007"
"70208","2007-03-08","Thursday","10","3","8","2007"
"70209","2007-03-09","Friday","10","3","9","2007"
"70210","2007-03-10","Saturday","10","3","10","2007"
"70211","2007-03-11","Sunday","10","3","11","2007"
"70212","2007-03-12","Monday","11","3","12","2007"
"70213","2007-03-13","Tuesday","11","3","13","2007"
"70214","2007-03-14","Wednesday","11","3","14","2007"
"70215","2007-03-15","Thursday","11","3","15","2007"
"70216","2007-03-16","Friday","11","3","16","2007"
"70217","2007-03-17","Saturday","11","3","17","2007"
"70218","2007-03-18","Sunday","11","3","18","2007"
"70219","2007-03-19","Monday","12","3","19","2007"
"70220","2007-03-20","Tuesday","12","3","20","2007"
"70221","2007-03-21","Wednesday","12","3","21","2007"
"70222","2007-03-22","Thursday","12","3","22","2007"
"70223","2007-03-23","Friday","12","3","23","2007"
"70224","2007-03-24","Saturday","12","3","24","2007"
"70225","2007-03-25","Sunday","12","3","25","2007"
"70226","2007-03-26","Monday","13","3","26","2007"
"70227","2007-03-27","Tuesday","13","3","27","2007"
"70228","2007-03-28","Wednesday","13","3","28","2007"
"70229","2007-03-29","Thursday","13","3","29","2007"
"70230","2007-03-30","Friday","13","3","30","2007"
"70231","2007-03-31","Saturday","13","3","31","2007"
"70301","2007-04-01","Sunday","13","4","1","2007"
"70302","2007-04-02","Monday","14","4","2","2007"
"70303","2007-04-03","Tuesday","14","4","3","2007"
"70304","2007-04-04","Wednesday","14","4","4","2007"
"70305","2007-04-05","Thursday","14","4","5","2007"
"70306","2007-04-06","Friday","14","4","6","2007"
"70307","2007-04-07","Saturday","14","4","7","2007"
"70308","2007-04-08","Sunday","14","4","8","2007"
"70309","2007-04-09","Monday","15","4","9","2007"
"70310","2007-04-10","Tuesday","15","4","10","2007"
"70311","2007-04-11","Wednesday","15","4","11","2007"
"70312","2007-04-12","Thursday","15","4","12","2007"
"70313","2007-04-13","Friday","15","4","13","2007"
"70314","2007-04-14","Saturday","15","4","14","2007"
"70315","2007-04-15","Sunday","15","4","15","2007"
"70316","2007-04-16","Monday","16","4","16","2007"
"70317","2007-04-17","Tuesday","16","4","17","2007"
"70318","2007-04-18","Wednesday","16","4","18","2007"
"70319","2007-04-19","Thursday","16","4","19","2007"
"70320","2007-04-20","Friday","16","4","20","2007"
"70321","2007-04-21","Saturday","16","4","21","2007"
"70322","2007-04-22","Sunday","16","4","22","2007"
"70323","2007-04-23","Monday","17","4","23","2007"
"70324","2007-04-24","Tuesday","17","4","24","2007"
"70325","2007-04-25","Wednesday","17","4","25","2007"
"70326","2007-04-26","Thursday","17","4","26","2007"
"70327","2007-04-27","Friday","17","4","27","2007"
"70328","2007-04-28","Saturday","17","4","28","2007"
"70329","2007-04-29","Sunday","17","4","29","2007"
"70330","2007-04-30","Monday","18","4","30","2007"
"70401","2007-05-01","Tuesday","18","5","1","2007"
"70402","2007-05-02","Wednesday","18","5","2","2007"
"70403","2007-05-03","Thursday","18","5","3","2007"
"70404","2007-05-04","Friday","18","5","4","2007"
"70405","2007-05-05","Saturday","18","5","5","2007"
"70406","2007-05-06","Sunday","18","5","6","2007"
"70407","2007-05-07","Monday","19","5","7","2007"
"70408","2007-05-08","Tuesday","19","5","8","2007"
"70409","2007-05-09","Wednesday","19","5","9","2007"
"70410","2007-05-10","Thursday","19","5","10","2007"
"70411","2007-05-11","Friday","19","5","11","2007"
"70412","2007-05-12","Saturday","19","5","12","2007"
"70413","2007-05-13","Sunday","19","5","13","2007"
"70414","2007-05-14","Monday","20","5","14","2007"
"70415","2007-05-15","Tuesday","20","5","15","2007"
"70416","2007-05-16","Wednesday","20","5","16","2007"
"70417","2007-05-17","Thursday","20","5","17","2007"
"70418","2007-05-18","Friday","20","5","18","2007"
"70419","2007-05-19","Saturday","20","5","19","2007"
"70420","2007-05-20","Sunday","20","5","20","2007"
"70421","2007-05-21","Monday","21","5","21","2007"
"70422","2007-05-22","Tuesday","21","5","22","2007"
"70423","2007-05-23","Wednesday","21","5","23","2007"
"70424","2007-05-24","Thursday","21","5","24","2007"
"70425","2007-05-25","Friday","21","5","25","2007"
"70426","2007-05-26","Saturday","21","5","26","2007"
"70427","2007-05-27","Sunday","21","5","27","2007"
"70428","2007-05-28","Monday","22","5","28","2007"
"70429","2007-05-29","Tuesday","22","5","29","2007"
"70430","2007-05-30","Wednesday","22","5","30","2007"
"70431","2007-05-31","Thursday","22","5","31","2007"
"70501","2007-06-01","Friday","22","6","1","2007"
"70502","2007-06-02","Saturday","22","6","2","2007"
"70503","2007-06-03","Sunday","22","6","3","2007"
"70504","2007-06-04","Monday","23","6","4","2007"
"70505","2007-06-05","Tuesday","23","6","5","2007"
"70506","2007-06-06","Wednesday","23","6","6","2007"
"70507","2007-06-07","Thursday","23","6","7","2007"
"70508","2007-06-08","Friday","23","6","8","2007"
"70509","2007-06-09","Saturday","23","6","9","2007"
"70510","2007-06-10","Sunday","23","6","10","2007"
"70511","2007-06-11","Monday","24","6","11","2007"
"70512","2007-06-12","Tuesday","24","6","12","2007"
"70513","2007-06-13","Wednesday","24","6","13","2007"
"70514","2007-06-14","Thursday","24","6","14","2007"
"70515","2007-06-15","Friday","24","6","15","2007"
"70516","2007-06-16","Saturday","24","6","16","2007"
"70517","2007-06-17","Sunday","24","6","17","2007"
"70518","2007-06-18","Monday","25","6","18","2007"
"70519","2007-06-19","Tuesday","25","6","19","2007"
"70520","2007-06-20","Wednesday","25","6","20","2007"
"70521","2007-06-21","Thursday","25","6","21","2007"
"70522","2007-06-22","Friday","25","6","22","2007"
"70523","2007-06-23","Saturday","25","6","23","2007"
"70524","2007-06-24","Sunday","25","6","24","2007"
"70525","2007-06-25","Monday","26","6","25","2007"
"70526","2007-06-26","Tuesday","26","6","26","2007"
"70527","2007-06-27","Wednesday","26","6","27","2007"
"70528","2007-06-28","Thursday","26","6","28","2007"
"70529","2007-06-29","Friday","26","6","29","2007"
"70530","2007-06-30","Saturday","26","6","30","2007"
"70601","2007-07-01","Sunday","26","7","1","2007"
"70602","2007-07-02","Monday","27","7","2","2007"
"70603","2007-07-03","Tuesday","27","7","3","2007"
"70604","2007-07-04","Wednesday","27","7","4","2007"
"70605","2007-07-05","Thursday","27","7","5","2007"
"70606","2007-07-06","Friday","27","7","6","2007"
"70607","2007-07-07","Saturday","27","7","7","2007"
"70608","2007-07-08","Sunday","27","7","8","2007"
"70609","2007-07-09","Monday","28","7","9","2007"
"70610","2007-07-10","Tuesday","28","7","10","2007"
"70611","2007-07-11","Wednesday","28","7","11","2007"
"70612","2007-07-12","Thursday","28","7","12","2007"
"70613","2007-07-13","Friday","28","7","13","2007"
"70614","2007-07-14","Saturday","28","7","14","2007"
"70615","2007-07-15","Sunday","28","7","15","2007"
"70616","2007-07-16","Monday","29","7","16","2007"
"70617","2007-07-17","Tuesday","29","7","17","2007"
"70618","2007-07-18","Wednesday","29","7","18","2007"
"70619","2007-07-19","Thursday","29","7","19","2007"
"70620","2007-07-20","Friday","29","7","20","2007"
"70621","2007-07-21","Saturday","29","7","21","2007"
"70622","2007-07-22","Sunday","29","7","22","2007"
"70623","2007-07-23","Monday","30","7","23","2007"
"70624","2007-07-24","Tuesday","30","7","24","2007"
"70625","2007-07-25","Wednesday","30","7","25","2007"
"70626","2007-07-26","Thursday","30","7","26","2007"
"70627","2007-07-27","Friday","30","7","27","2007"
"70628","2007-07-28","Saturday","30","7","28","2007"
"70629","2007-07-29","Sunday","30","7","29","2007"
"70630","2007-07-30","Monday","31","7","30","2007"
"70631","2007-07-31","Tuesday","31","7","31","2007"
"70701","2007-08-01","Wednesday","31","8","1","2007"
"70702","2007-08-02","Thursday","31","8","2","2007"
"70703","2007-08-03","Friday","31","8","3","2007"
"70704","2007-08-04","Saturday","31","8","4","2007"
"70705","2007-08-05","Sunday","31","8","5","2007"
"70706","2007-08-06","Monday","32","8","6","2007"
"70707","2007-08-07","Tuesday","32","8","7","2007"
"70708","2007-08-08","Wednesday","32","8","8","2007"
"70709","2007-08-09","Thursday","32","8","9","2007"
"70710","2007-08-10","Friday","32","8","10","2007"
"70711","2007-08-11","Saturday","32","8","11","2007"
"70712","2007-08-12","Sunday","32","8","12","2007"
"70713","2007-08-13","Monday","33","8","13","2007"
"70714","2007-08-14","Tuesday","33","8","14","2007"
"70715","2007-08-15","Wednesday","33","8","15","2007"
"70716","2007-08-16","Thursday","33","8","16","2007"
"70717","2007-08-17","Friday","33","8","17","2007"
"70718","2007-08-18","Saturday","33","8","18","2007"
"70719","2007-08-19","Sunday","33","8","19","2007"
"70720","2007-08-20","Monday","34","8","20","2007"
"70721","2007-08-21","Tuesday","34","8","21","2007"
"70722","2007-08-22","Wednesday","34","8","22","2007"
"70723","2007-08-23","Thursday","34","8","23","2007"
"70724","2007-08-24","Friday","34","8","24","2007"
"70725","2007-08-25","Saturday","34","8","25","2007"
"70726","2007-08-26","Sunday","34","8","26","2007"
"70727","2007-08-27","Monday","35","8","27","2007"
"70728","2007-08-28","Tuesday","35","8","28","2007"
"70729","2007-08-29","Wednesday","35","8","29","2007"
"70730","2007-08-30","Thursday","35","8","30","2007"
"70731","2007-08-31","Friday","35","8","31","2007"
"70801","2007-09-01","Saturday","35","9","1","2007"
"70802","2007-09-02","Sunday","35","9","2","2007"
"70803","2007-09-03","Monday","36","9","3","2007"
"70804","2007-09-04","Tuesday","36","9","4","2007"
"70805","2007-09-05","Wednesday","36","9","5","2007"
"70806","2007-09-06","Thursday","36","9","6","2007"
"70807","2007-09-07","Friday","36","9","7","2007"
"70808","2007-09-08","Saturday","36","9","8","2007"
"70809","2007-09-09","Sunday","36","9","9","2007"
"70810","2007-09-10","Monday","37","9","10","2007"
"70811","2007-09-11","Tuesday","37","9","11","2007"
"70812","2007-09-12","Wednesday","37","9","12","2007"
"70813","2007-09-13","Thursday","37","9","13","2007"
"70814","2007-09-14","Friday","37","9","14","2007"
"70815","2007-09-15","Saturday","37","9","15","2007"
"70816","2007-09-16","Sunday","37","9","16","2007"
"70817","2007-09-17","Monday","38","9","17","2007"
"70818","2007-09-18","Tuesday","38","9","18","2007"
"70819","2007-09-19","Wednesday","38","9","19","2007"
"70820","2007-09-20","Thursday","38","9","20","2007"
"70821","2007-09-21","Friday","38","9","21","2007"
"70822","2007-09-22","Saturday","38","9","22","2007"
"70823","2007-09-23","Sunday","38","9","23","2007"
"70824","2007-09-24","Monday","39","9","24","2007"
"70825","2007-09-25","Tuesday","39","9","25","2007"
"70826","2007-09-26","Wednesday","39","9","26","2007"
"70827","2007-09-27","Thursday","39","9","27","2007"
"70828","2007-09-28","Friday","39","9","28","2007"
"70829","2007-09-29","Saturday","39","9","29","2007"
"70830","2007-09-30","Sunday","39","9","30","2007"
"70901","2007-10-01","Monday","40","10","1","2007"
"70902","2007-10-02","Tuesday","40","10","2","2007"
"70903","2007-10-03","Wednesday","40","10","3","2007"
"70904","2007-10-04","Thursday","40","10","4","2007"
"70905","2007-10-05","Friday","40","10","5","2007"
"70906","2007-10-06","Saturday","40","10","6","2007"
"70907","2007-10-07","Sunday","40","10","7","2007"
"70908","2007-10-08","Monday","41","10","8","2007"
"70909","2007-10-09","Tuesday","41","10","9","2007"
"70910","2007-10-10","Wednesday","41","10","10","2007"
"70911","2007-10-11","Thursday","41","10","11","2007"
"70912","2007-10-12","Friday","41","10","12","2007"
"70913","2007-10-13","Saturday","41","10","13","2007"
"70914","2007-10-14","Sunday","41","10","14","2007"
"70915","2007-10-15","Monday","42","10","15","2007"
"70916","2007-10-16","Tuesday","42","10","16","2007"
"70917","2007-10-17","Wednesday","42","10","17","2007"
"70918","2007-10-18","Thursday","42","10","18","2007"
"70919","2007-10-19","Friday","42","10","19","2007"
"70920","2007-10-20","Saturday","42","10","20","2007"
"70921","2007-10-21","Sunday","42","10","21","2007"
"70922","2007-10-22","Monday","43","10","22","2007"
"70923","2007-10-23","Tuesday","43","10","23","2007"
"70924","2007-10-24","Wednesday","43","10","24","2007"
"70925","2007-10-25","Thursday","43","10","25","2007"
"70926","2007-10-26","Friday","43","10","26","2007"
"70927","2007-10-27","Saturday","43","10","27","2007"
"70928","2007-10-28","Sunday","43","10","28","2007"
"70929","2007-10-29","Monday","44","10","29","2007"
"70930","2007-10-30","Tuesday","44","10","30","2007"
"70931","2007-10-31","Wednesday","44","10","31","2007"
"71001","2007-11-01","Thursday","44","11","1","2007"
"71002","2007-11-02","Friday","44","11","2","2007"
"71003","2007-11-03","Saturday","44","11","3","2007"
"71004","2007-11-04","Sunday","44","11","4","2007"
"71005","2007-11-05","Monday","45","11","5","2007"
"71006","2007-11-06","Tuesday","45","11","6","2007"
"71007","2007-11-07","Wednesday","45","11","7","2007"
"71008","2007-11-08","Thursday","45","11","8","2007"
"71009","2007-11-09","Friday","45","11","9","2007"
"71010","2007-11-10","Saturday","45","11","10","2007"
"71011","2007-11-11","Sunday","45","11","11","2007"
"71012","2007-11-12","Monday","46","11","12","2007"
"71013","2007-11-13","Tuesday","46","11","13","2007"
"71014","2007-11-14","Wednesday","46","11","14","2007"
"71015","2007-11-15","Thursday","46","11","15","2007"
"71016","2007-11-16","Friday","46","11","16","2007"
"71017","2007-11-17","Saturday","46","11","17","2007"
"71018","2007-11-18","Sunday","46","11","18","2007"
"71019","2007-11-19","Monday","47","11","19","2007"
"71020","2007-11-20","Tuesday","47","11","20","2007"
"71021","2007-11-21","Wednesday","47","11","21","2007"
"71022","2007-11-22","Thursday","47","11","22","2007"
"71023","2007-11-23","Friday","47","11","23","2007"
"71024","2007-11-24","Saturday","47","11","24","2007"
"71025","2007-11-25","Sunday","47","11","25","2007"
"71026","2007-11-26","Monday","48","11","26","2007"
"71027","2007-11-27","Tuesday","48","11","27","2007"
"71028","2007-11-28","Wednesday","48","11","28","2007"
"71029","2007-11-29","Thursday","48","11","29","2007"
"71030","2007-11-30","Friday","48","11","30","2007"
"71101","2007-12-01","Saturday","48","12","1","2007"
"71102","2007-12-02","Sunday","48","12","2","2007"
"71103","2007-12-03","Monday","49","12","3","2007"
"71104","2007-12-04","Tuesday","49","12","4","2007"
"71105","2007-12-05","Wednesday","49","12","5","2007"
"71106","2007-12-06","Thursday","49","12","6","2007"
"71107","2007-12-07","Friday","49","12","7","2007"
"71108","2007-12-08","Saturday","49","12","8","2007"
"71109","2007-12-09","Sunday","49","12","9","2007"
"71110","2007-12-10","Monday","50","12","10","2007"
"71111","2007-12-11","Tuesday","50","12","11","2007"
"71112","2007-12-12","Wednesday","50","12","12","2007"
"71113","2007-12-13","Thursday","50","12","13","2007"
"71114","2007-12-14","Friday","50","12","14","2007"
"71115","2007-12-15","Saturday","50","12","15","2007"
"71116","2007-12-16","Sunday","50","12","16","2007"
"71117","2007-12-17","Monday","51","12","17","2007"
"71118","2007-12-18","Tuesday","51","12","18","2007"
"71119","2007-12-19","Wednesday","51","12","19","2007"
"71120","2007-12-20","Thursday","51","12","20","2007"
"71121","2007-12-21","Friday","51","12","21","2007"
"71122","2007-12-22","Saturday","51","12","22","2007"
"71123","2007-12-23","Sunday","51","12","23","2007"
"71124","2007-12-24","Monday","52","12","24","2007"
"71125","2007-12-25","Tuesday","52","12","25","2007"
"71126","2007-12-26","Wednesday","52","12","26","2007"
"71127","2007-12-27","Thursday","52","12","27","2007"
"71128","2007-12-28","Friday","52","12","28","2007"
"71129","2007-12-29","Saturday","52","12","29","2007"
"71130","2007-12-30","Sunday","52","12","30","2007"
"71131","2007-12-31","Monday","1","12","31","2007"
"80001","2008-01-01","Tuesday","1","1","1","2008"
"80002","2008-01-02","Wednesday","1","1","2","2008"
"80003","2008-01-03","Thursday","1","1","3","2008"
"80004","2008-01-04","Friday","1","1","4","2008"
"80005","2008-01-05","Saturday","1","1","5","2008"
"80006","2008-01-06","Sunday","1","1","6","2008"
"80007","2008-01-07","Monday","2","1","7","2008"
"80008","2008-01-08","Tuesday","2","1","8","2008"
"80009","2008-01-09","Wednesday","2","1","9","2008"
"80010","2008-01-10","Thursday","2","1","10","2008"
"80011","2008-01-11","Friday","2","1","11","2008"
"80012","2008-01-12","Saturday","2","1","12","2008"
"80013","2008-01-13","Sunday","2","1","13","2008"
"80014","2008-01-14","Monday","3","1","14","2008"
"80015","2008-01-15","Tuesday","3","1","15","2008"
"80016","2008-01-16","Wednesday","3","1","16","2008"
"80017","2008-01-17","Thursday","3","1","17","2008"
"80018","2008-01-18","Friday","3","1","18","2008"
"80019","2008-01-19","Saturday","3","1","19","2008"
"80020","2008-01-20","Sunday","3","1","20","2008"
"80021","2008-01-21","Monday","4","1","21","2008"
"80022","2008-01-22","Tuesday","4","1","22","2008"
"80023","2008-01-23","Wednesday","4","1","23","2008"
"80024","2008-01-24","Thursday","4","1","24","2008"
"80025","2008-01-25","Friday","4","1","25","2008"
"80026","2008-01-26","Saturday","4","1","26","2008"
"80027","2008-01-27","Sunday","4","1","27","2008"
"80028","2008-01-28","Monday","5","1","28","2008"
"80029","2008-01-29","Tuesday","5","1","29","2008"
"80030","2008-01-30","Wednesday","5","1","30","2008"
"80031","2008-01-31","Thursday","5","1","31","2008"
"80101","2008-02-01","Friday","5","2","1","2008"
"80102","2008-02-02","Saturday","5","2","2","2008"
"80103","2008-02-03","Sunday","5","2","3","2008"
"80104","2008-02-04","Monday","6","2","4","2008"
"80105","2008-02-05","Tuesday","6","2","5","2008"
"80106","2008-02-06","Wednesday","6","2","6","2008"
"80107","2008-02-07","Thursday","6","2","7","2008"
"80108","2008-02-08","Friday","6","2","8","2008"
"80109","2008-02-09","Saturday","6","2","9","2008"
"80110","2008-02-10","Sunday","6","2","10","2008"
"80111","2008-02-11","Monday","7","2","11","2008"
"80112","2008-02-12","Tuesday","7","2","12","2008"
"80113","2008-02-13","Wednesday","7","2","13","2008"
"80114","2008-02-14","Thursday","7","2","14","2008"
"80115","2008-02-15","Friday","7","2","15","2008"
"80116","2008-02-16","Saturday","7","2","16","2008"
"80117","2008-02-17","Sunday","7","2","17","2008"
"80118","2008-02-18","Monday","8","2","18","2008"
"80119","2008-02-19","Tuesday","8","2","19","2008"
"80120","2008-02-20","Wednesday","8","2","20","2008"
"80121","2008-02-21","Thursday","8","2","21","2008"
"80122","2008-02-22","Friday","8","2","22","2008"
"80123","2008-02-23","Saturday","8","2","23","2008"
"80124","2008-02-24","Sunday","8","2","24","2008"
"80125","2008-02-25","Monday","9","2","25","2008"
"80126","2008-02-26","Tuesday","9","2","26","2008"
"80127","2008-02-27","Wednesday","9","2","27","2008"
"80128","2008-02-28","Thursday","9","2","28","2008"
"80129","2008-02-29","Friday","9","2","29","2008"
"80201","2008-03-01","Saturday","9","3","1","2008"
"80202","2008-03-02","Sunday","9","3","2","2008"
"80203","2008-03-03","Monday","10","3","3","2008"
"80204","2008-03-04","Tuesday","10","3","4","2008"
"80205","2008-03-05","Wednesday","10","3","5","2008"
"80206","2008-03-06","Thursday","10","3","6","2008"
"80207","2008-03-07","Friday","10","3","7","2008"
"80208","2008-03-08","Saturday","10","3","8","2008"
"80209","2008-03-09","Sunday","10","3","9","2008"
"80210","2008-03-10","Monday","11","3","10","2008"
"80211","2008-03-11","Tuesday","11","3","11","2008"
"80212","2008-03-12","Wednesday","11","3","12","2008"
"80213","2008-03-13","Thursday","11","3","13","2008"
"80214","2008-03-14","Friday","11","3","14","2008"
"80215","2008-03-15","Saturday","11","3","15","2008"
"80216","2008-03-16","Sunday","11","3","16","2008"
"80217","2008-03-17","Monday","12","3","17","2008"
"80218","2008-03-18","Tuesday","12","3","18","2008"
"80219","2008-03-19","Wednesday","12","3","19","2008"
"80220","2008-03-20","Thursday","12","3","20","2008"
"80221","2008-03-21","Friday","12","3","21","2008"
"80222","2008-03-22","Saturday","12","3","22","2008"
"80223","2008-03-23","Sunday","12","3","23","2008"
"80224","2008-03-24","Monday","13","3","24","2008"
"80225","2008-03-25","Tuesday","13","3","25","2008"
"80226","2008-03-26","Wednesday","13","3","26","2008"
"80227","2008-03-27","Thursday","13","3","27","2008"
"80228","2008-03-28","Friday","13","3","28","2008"
"80229","2008-03-29","Saturday","13","3","29","2008"
"80230","2008-03-30","Sunday","13","3","30","2008"
"80231","2008-03-31","Monday","14","3","31","2008"
"80301","2008-04-01","Tuesday","14","4","1","2008"
"80302","2008-04-02","Wednesday","14","4","2","2008"
"80303","2008-04-03","Thursday","14","4","3","2008"
"80304","2008-04-04","Friday","14","4","4","2008"
"80305","2008-04-05","Saturday","14","4","5","2008"
"80306","2008-04-06","Sunday","14","4","6","2008"
"80307","2008-04-07","Monday","15","4","7","2008"
"80308","2008-04-08","Tuesday","15","4","8","2008"
"80309","2008-04-09","Wednesday","15","4","9","2008"
"80310","2008-04-10","Thursday","15","4","10","2008"
"80311","2008-04-11","Friday","15","4","11","2008"
"80312","2008-04-12","Saturday","15","4","12","2008"
"80313","2008-04-13","Sunday","15","4","13","2008"
"80314","2008-04-14","Monday","16","4","14","2008"
"80315","2008-04-15","Tuesday","16","4","15","2008"
"80316","2008-04-16","Wednesday","16","4","16","2008"
"80317","2008-04-17","Thursday","16","4","17","2008"
"80318","2008-04-18","Friday","16","4","18","2008"
"80319","2008-04-19","Saturday","16","4","19","2008"
"80320","2008-04-20","Sunday","16","4","20","2008"
"80321","2008-04-21","Monday","17","4","21","2008"
"80322","2008-04-22","Tuesday","17","4","22","2008"
"80323","2008-04-23","Wednesday","17","4","23","2008"
"80324","2008-04-24","Thursday","17","4","24","2008"
"80325","2008-04-25","Friday","17","4","25","2008"
"80326","2008-04-26","Saturday","17","4","26","2008"
"80327","2008-04-27","Sunday","17","4","27","2008"
"80328","2008-04-28","Monday","18","4","28","2008"
"80329","2008-04-29","Tuesday","18","4","29","2008"
"80330","2008-04-30","Wednesday","18","4","30","2008"
"80401","2008-05-01","Thursday","18","5","1","2008"
"80402","2008-05-02","Friday","18","5","2","2008"
"80403","2008-05-03","Saturday","18","5","3","2008"
"80404","2008-05-04","Sunday","18","5","4","2008"
"80405","2008-05-05","Monday","19","5","5","2008"
"80406","2008-05-06","Tuesday","19","5","6","2008"
"80407","2008-05-07","Wednesday","19","5","7","2008"
"80408","2008-05-08","Thursday","19","5","8","2008"
"80409","2008-05-09","Friday","19","5","9","2008"
"80410","2008-05-10","Saturday","19","5","10","2008"
"80411","2008-05-11","Sunday","19","5","11","2008"
"80412","2008-05-12","Monday","20","5","12","2008"
"80413","2008-05-13","Tuesday","20","5","13","2008"
"80414","2008-05-14","Wednesday","20","5","14","2008"
"80415","2008-05-15","Thursday","20","5","15","2008"
"80416","2008-05-16","Friday","20","5","16","2008"
"80417","2008-05-17","Saturday","20","5","17","2008"
"80418","2008-05-18","Sunday","20","5","18","2008"
"80419","2008-05-19","Monday","21","5","19","2008"
"80420","2008-05-20","Tuesday","21","5","20","2008"
"80421","2008-05-21","Wednesday","21","5","21","2008"
"80422","2008-05-22","Thursday","21","5","22","2008"
"80423","2008-05-23","Friday","21","5","23","2008"
"80424","2008-05-24","Saturday","21","5","24","2008"
"80425","2008-05-25","Sunday","21","5","25","2008"
"80426","2008-05-26","Monday","22","5","26","2008"
"80427","2008-05-27","Tuesday","22","5","27","2008"
"80428","2008-05-28","Wednesday","22","5","28","2008"
"80429","2008-05-29","Thursday","22","5","29","2008"
"80430","2008-05-30","Friday","22","5","30","2008"
"80431","2008-05-31","Saturday","22","5","31","2008"
"80501","2008-06-01","Sunday","22","6","1","2008"
"80502","2008-06-02","Monday","23","6","2","2008"
"80503","2008-06-03","Tuesday","23","6","3","2008"
"80504","2008-06-04","Wednesday","23","6","4","2008"
"80505","2008-06-05","Thursday","23","6","5","2008"
"80506","2008-06-06","Friday","23","6","6","2008"
"80507","2008-06-07","Saturday","23","6","7","2008"
"80508","2008-06-08","Sunday","23","6","8","2008"
"80509","2008-06-09","Monday","24","6","9","2008"
"80510","2008-06-10","Tuesday","24","6","10","2008"
"80511","2008-06-11","Wednesday","24","6","11","2008"
"80512","2008-06-12","Thursday","24","6","12","2008"
"80513","2008-06-13","Friday","24","6","13","2008"
"80514","2008-06-14","Saturday","24","6","14","2008"
"80515","2008-06-15","Sunday","24","6","15","2008"
"80516","2008-06-16","Monday","25","6","16","2008"
"80517","2008-06-17","Tuesday","25","6","17","2008"
"80518","2008-06-18","Wednesday","25","6","18","2008"
"80519","2008-06-19","Thursday","25","6","19","2008"
"80520","2008-06-20","Friday","25","6","20","2008"
"80521","2008-06-21","Saturday","25","6","21","2008"
"80522","2008-06-22","Sunday","25","6","22","2008"
"80523","2008-06-23","Monday","26","6","23","2008"
"80524","2008-06-24","Tuesday","26","6","24","2008"
"80525","2008-06-25","Wednesday","26","6","25","2008"
"80526","2008-06-26","Thursday","26","6","26","2008"
"80527","2008-06-27","Friday","26","6","27","2008"
"80528","2008-06-28","Saturday","26","6","28","2008"
"80529","2008-06-29","Sunday","26","6","29","2008"
"80530","2008-06-30","Monday","27","6","30","2008"
"80601","2008-07-01","Tuesday","27","7","1","2008"
"80602","2008-07-02","Wednesday","27","7","2","2008"
"80603","2008-07-03","Thursday","27","7","3","2008"
"80604","2008-07-04","Friday","27","7","4","2008"
"80605","2008-07-05","Saturday","27","7","5","2008"
"80606","2008-07-06","Sunday","27","7","6","2008"
"80607","2008-07-07","Monday","28","7","7","2008"
"80608","2008-07-08","Tuesday","28","7","8","2008"
"80609","2008-07-09","Wednesday","28","7","9","2008"
"80610","2008-07-10","Thursday","28","7","10","2008"
"80611","2008-07-11","Friday","28","7","11","2008"
"80612","2008-07-12","Saturday","28","7","12","2008"
"80613","2008-07-13","Sunday","28","7","13","2008"
"80614","2008-07-14","Monday","29","7","14","2008"
"80615","2008-07-15","Tuesday","29","7","15","2008"
"80616","2008-07-16","Wednesday","29","7","16","2008"
"80617","2008-07-17","Thursday","29","7","17","2008"
"80618","2008-07-18","Friday","29","7","18","2008"
"80619","2008-07-19","Saturday","29","7","19","2008"
"80620","2008-07-20","Sunday","29","7","20","2008"
"80621","2008-07-21","Monday","30","7","21","2008"
"80622","2008-07-22","Tuesday","30","7","22","2008"
"80623","2008-07-23","Wednesday","30","7","23","2008"
"80624","2008-07-24","Thursday","30","7","24","2008"
"80625","2008-07-25","Friday","30","7","25","2008"
"80626","2008-07-26","Saturday","30","7","26","2008"
"80627","2008-07-27","Sunday","30","7","27","2008"
"80628","2008-07-28","Monday","31","7","28","2008"
"80629","2008-07-29","Tuesday","31","7","29","2008"
"80630","2008-07-30","Wednesday","31","7","30","2008"
"80631","2008-07-31","Thursday","31","7","31","2008"
"80701","2008-08-01","Friday","31","8","1","2008"
"80702","2008-08-02","Saturday","31","8","2","2008"
"80703","2008-08-03","Sunday","31","8","3","2008"
"80704","2008-08-04","Monday","32","8","4","2008"
"80705","2008-08-05","Tuesday","32","8","5","2008"
"80706","2008-08-06","Wednesday","32","8","6","2008"
"80707","2008-08-07","Thursday","32","8","7","2008"
"80708","2008-08-08","Friday","32","8","8","2008"
"80709","2008-08-09","Saturday","32","8","9","2008"
"80710","2008-08-10","Sunday","32","8","10","2008"
"80711","2008-08-11","Monday","33","8","11","2008"
"80712","2008-08-12","Tuesday","33","8","12","2008"
"80713","2008-08-13","Wednesday","33","8","13","2008"
"80714","2008-08-14","Thursday","33","8","14","2008"
"80715","2008-08-15","Friday","33","8","15","2008"
"80716","2008-08-16","Saturday","33","8","16","2008"
"80717","2008-08-17","Sunday","33","8","17","2008"
"80718","2008-08-18","Monday","34","8","18","2008"
"80719","2008-08-19","Tuesday","34","8","19","2008"
"80720","2008-08-20","Wednesday","34","8","20","2008"
"80721","2008-08-21","Thursday","34","8","21","2008"
"80722","2008-08-22","Friday","34","8","22","2008"
"80723","2008-08-23","Saturday","34","8","23","2008"
"80724","2008-08-24","Sunday","34","8","24","2008"
"80725","2008-08-25","Monday","35","8","25","2008"
"80726","2008-08-26","Tuesday","35","8","26","2008"
"80727","2008-08-27","Wednesday","35","8","27","2008"
"80728","2008-08-28","Thursday","35","8","28","2008"
"80729","2008-08-29","Friday","35","8","29","2008"
"80730","2008-08-30","Saturday","35","8","30","2008"
"80731","2008-08-31","Sunday","35","8","31","2008"
"80801","2008-09-01","Monday","36","9","1","2008"
"80802","2008-09-02","Tuesday","36","9","2","2008"
"80803","2008-09-03","Wednesday","36","9","3","2008"
"80804","2008-09-04","Thursday","36","9","4","2008"
"80805","2008-09-05","Friday","36","9","5","2008"
"80806","2008-09-06","Saturday","36","9","6","2008"
"80807","2008-09-07","Sunday","36","9","7","2008"
"80808","2008-09-08","Monday","37","9","8","2008"
"80809","2008-09-09","Tuesday","37","9","9","2008"
"80810","2008-09-10","Wednesday","37","9","10","2008"
"80811","2008-09-11","Thursday","37","9","11","2008"
"80812","2008-09-12","Friday","37","9","12","2008"
"80813","2008-09-13","Saturday","37","9","13","2008"
"80814","2008-09-14","Sunday","37","9","14","2008"
"80815","2008-09-15","Monday","38","9","15","2008"
"80816","2008-09-16","Tuesday","38","9","16","2008"
"80817","2008-09-17","Wednesday","38","9","17","2008"
"80818","2008-09-18","Thursday","38","9","18","2008"
"80819","2008-09-19","Friday","38","9","19","2008"
"80820","2008-09-20","Saturday","38","9","20","2008"
"80821","2008-09-21","Sunday","38","9","21","2008"
"80822","2008-09-22","Monday","39","9","22","2008"
"80823","2008-09-23","Tuesday","39","9","23","2008"
"80824","2008-09-24","Wednesday","39","9","24","2008"
"80825","2008-09-25","Thursday","39","9","25","2008"
"80826","2008-09-26","Friday","39","9","26","2008"
"80827","2008-09-27","Saturday","39","9","27","2008"
"80828","2008-09-28","Sunday","39","9","28","2008"
"80829","2008-09-29","Monday","40","9","29","2008"
"80830","2008-09-30","Tuesday","40","9","30","2008"
"80901","2008-10-01","Wednesday","40","10","1","2008"
"80902","2008-10-02","Thursday","40","10","2","2008"
"80903","2008-10-03","Friday","40","10","3","2008"
"80904","2008-10-04","Saturday","40","10","4","2008"
"80905","2008-10-05","Sunday","40","10","5","2008"
"80906","2008-10-06","Monday","41","10","6","2008"
"80907","2008-10-07","Tuesday","41","10","7","2008"
"80908","2008-10-08","Wednesday","41","10","8","2008"
"80909","2008-10-09","Thursday","41","10","9","2008"
"80910","2008-10-10","Friday","41","10","10","2008"
"80911","2008-10-11","Saturday","41","10","11","2008"
"80912","2008-10-12","Sunday","41","10","12","2008"
"80913","2008-10-13","Monday","42","10","13","2008"
"80914","2008-10-14","Tuesday","42","10","14","2008"
"80915","2008-10-15","Wednesday","42","10","15","2008"
"80916","2008-10-16","Thursday","42","10","16","2008"
"80917","2008-10-17","Friday","42","10","17","2008"
"80918","2008-10-18","Saturday","42","10","18","2008"
"80919","2008-10-19","Sunday","42","10","19","2008"
"80920","2008-10-20","Monday","43","10","20","2008"
"80921","2008-10-21","Tuesday","43","10","21","2008"
"80922","2008-10-22","Wednesday","43","10","22","2008"
"80923","2008-10-23","Thursday","43","10","23","2008"
"80924","2008-10-24","Friday","43","10","24","2008"
"80925","2008-10-25","Saturday","43","10","25","2008"
"80926","2008-10-26","Sunday","43","10","26","2008"
"80927","2008-10-27","Monday","44","10","27","2008"
"80928","2008-10-28","Tuesday","44","10","28","2008"
"80929","2008-10-29","Wednesday","44","10","29","2008"
"80930","2008-10-30","Thursday","44","10","30","2008"
"80931","2008-10-31","Friday","44","10","31","2008"
"81001","2008-11-01","Saturday","44","11","1","2008"
"81002","2008-11-02","Sunday","44","11","2","2008"
"81003","2008-11-03","Monday","45","11","3","2008"
"81004","2008-11-04","Tuesday","45","11","4","2008"
"81005","2008-11-05","Wednesday","45","11","5","2008"
"81006","2008-11-06","Thursday","45","11","6","2008"
"81007","2008-11-07","Friday","45","11","7","2008"
"81008","2008-11-08","Saturday","45","11","8","2008"
"81009","2008-11-09","Sunday","45","11","9","2008"
"81010","2008-11-10","Monday","46","11","10","2008"
"81011","2008-11-11","Tuesday","46","11","11","2008"
"81012","2008-11-12","Wednesday","46","11","12","2008"
"81013","2008-11-13","Thursday","46","11","13","2008"
"81014","2008-11-14","Friday","46","11","14","2008"
"81015","2008-11-15","Saturday","46","11","15","2008"
"81016","2008-11-16","Sunday","46","11","16","2008"
"81017","2008-11-17","Monday","47","11","17","2008"
"81018","2008-11-18","Tuesday","47","11","18","2008"
"81019","2008-11-19","Wednesday","47","11","19","2008"
"81020","2008-11-20","Thursday","47","11","20","2008"
"81021","2008-11-21","Friday","47","11","21","2008"
"81022","2008-11-22","Saturday","47","11","22","2008"
"81023","2008-11-23","Sunday","47","11","23","2008"
"81024","2008-11-24","Monday","48","11","24","2008"
"81025","2008-11-25","Tuesday","48","11","25","2008"
"81026","2008-11-26","Wednesday","48","11","26","2008"
"81027","2008-11-27","Thursday","48","11","27","2008"
"81028","2008-11-28","Friday","48","11","28","2008"
"81029","2008-11-29","Saturday","48","11","29","2008"
"81030","2008-11-30","Sunday","48","11","30","2008"
"81101","2008-12-01","Monday","49","12","1","2008"
"81102","2008-12-02","Tuesday","49","12","2","2008"
"81103","2008-12-03","Wednesday","49","12","3","2008"
"81104","2008-12-04","Thursday","49","12","4","2008"
"81105","2008-12-05","Friday","49","12","5","2008"
"81106","2008-12-06","Saturday","49","12","6","2008"
"81107","2008-12-07","Sunday","49","12","7","2008"
"81108","2008-12-08","Monday","50","12","8","2008"
"81109","2008-12-09","Tuesday","50","12","9","2008"
"81110","2008-12-10","Wednesday","50","12","10","2008"
"81111","2008-12-11","Thursday","50","12","11","2008"
"81112","2008-12-12","Friday","50","12","12","2008"
"81113","2008-12-13","Saturday","50","12","13","2008"
"81114","2008-12-14","Sunday","50","12","14","2008"
"81115","2008-12-15","Monday","51","12","15","2008"
"81116","2008-12-16","Tuesday","51","12","16","2008"
"81117","2008-12-17","Wednesday","51","12","17","2008"
"81118","2008-12-18","Thursday","51","12","18","2008"
"81119","2008-12-19","Friday","51","12","19","2008"
"81120","2008-12-20","Saturday","51","12","20","2008"
"81121","2008-12-21","Sunday","51","12","21","2008"
"81122","2008-12-22","Monday","52","12","22","2008"
"81123","2008-12-23","Tuesday","52","12","23","2008"
"81124","2008-12-24","Wednesday","52","12","24","2008"
"81125","2008-12-25","Thursday","52","12","25","2008"
"81126","2008-12-26","Friday","52","12","26","2008"
"81127","2008-12-27","Saturday","52","12","27","2008"
"81128","2008-12-28","Sunday","52","12","28","2008"
"81129","2008-12-29","Monday","1","12","29","2008"
"81130","2008-12-30","Tuesday","1","12","30","2008"
"81131","2008-12-31","Wednesday","1","12","31","2008"
"90001","2009-01-01","Thursday","1","1","1","2009"
"90002","2009-01-02","Friday","1","1","2","2009"
"90003","2009-01-03","Saturday","1","1","3","2009"
"90004","2009-01-04","Sunday","1","1","4","2009"
"90005","2009-01-05","Monday","2","1","5","2009"
"90006","2009-01-06","Tuesday","2","1","6","2009"
"90007","2009-01-07","Wednesday","2","1","7","2009"
"90008","2009-01-08","Thursday","2","1","8","2009"
"90009","2009-01-09","Friday","2","1","9","2009"
"90010","2009-01-10","Saturday","2","1","10","2009"
"90011","2009-01-11","Sunday","2","1","11","2009"
"90012","2009-01-12","Monday","3","1","12","2009"
"90013","2009-01-13","Tuesday","3","1","13","2009"
"90014","2009-01-14","Wednesday","3","1","14","2009"
"90015","2009-01-15","Thursday","3","1","15","2009"
"90016","2009-01-16","Friday","3","1","16","2009"
"90017","2009-01-17","Saturday","3","1","17","2009"
"90018","2009-01-18","Sunday","3","1","18","2009"
"90019","2009-01-19","Monday","4","1","19","2009"
"90020","2009-01-20","Tuesday","4","1","20","2009"
"90021","2009-01-21","Wednesday","4","1","21","2009"
"90022","2009-01-22","Thursday","4","1","22","2009"
"90023","2009-01-23","Friday","4","1","23","2009"
"90024","2009-01-24","Saturday","4","1","24","2009"
"90025","2009-01-25","Sunday","4","1","25","2009"
"90026","2009-01-26","Monday","5","1","26","2009"
"90027","2009-01-27","Tuesday","5","1","27","2009"
"90028","2009-01-28","Wednesday","5","1","28","2009"
"90029","2009-01-29","Thursday","5","1","29","2009"
"90030","2009-01-30","Friday","5","1","30","2009"
"90031","2009-01-31","Saturday","5","1","31","2009"
"90101","2009-02-01","Sunday","5","2","1","2009"
"90102","2009-02-02","Monday","6","2","2","2009"
"90103","2009-02-03","Tuesday","6","2","3","2009"
"90104","2009-02-04","Wednesday","6","2","4","2009"
"90105","2009-02-05","Thursday","6","2","5","2009"
"90106","2009-02-06","Friday","6","2","6","2009"
"90107","2009-02-07","Saturday","6","2","7","2009"
"90108","2009-02-08","Sunday","6","2","8","2009"
"90109","2009-02-09","Monday","7","2","9","2009"
"90110","2009-02-10","Tuesday","7","2","10","2009"
"90111","2009-02-11","Wednesday","7","2","11","2009"
"90112","2009-02-12","Thursday","7","2","12","2009"
"90113","2009-02-13","Friday","7","2","13","2009"
"90114","2009-02-14","Saturday","7","2","14","2009"
"90115","2009-02-15","Sunday","7","2","15","2009"
"90116","2009-02-16","Monday","8","2","16","2009"
"90117","2009-02-17","Tuesday","8","2","17","2009"
"90118","2009-02-18","Wednesday","8","2","18","2009"
"90119","2009-02-19","Thursday","8","2","19","2009"
"90120","2009-02-20","Friday","8","2","20","2009"
"90121","2009-02-21","Saturday","8","2","21","2009"
"90122","2009-02-22","Sunday","8","2","22","2009"
"90123","2009-02-23","Monday","9","2","23","2009"
"90124","2009-02-24","Tuesday","9","2","24","2009"
"90125","2009-02-25","Wednesday","9","2","25","2009"
"90126","2009-02-26","Thursday","9","2","26","2009"
"90127","2009-02-27","Friday","9","2","27","2009"
"90128","2009-02-28","Saturday","9","2","28","2009"
"90201","2009-03-01","Sunday","9","3","1","2009"
"90202","2009-03-02","Monday","10","3","2","2009"
"90203","2009-03-03","Tuesday","10","3","3","2009"
"90204","2009-03-04","Wednesday","10","3","4","2009"
"90205","2009-03-05","Thursday","10","3","5","2009"
"90206","2009-03-06","Friday","10","3","6","2009"
"90207","2009-03-07","Saturday","10","3","7","2009"
"90208","2009-03-08","Sunday","10","3","8","2009"
"90209","2009-03-09","Monday","11","3","9","2009"
"90210","2009-03-10","Tuesday","11","3","10","2009"
"90211","2009-03-11","Wednesday","11","3","11","2009"
"90212","2009-03-12","Thursday","11","3","12","2009"
"90213","2009-03-13","Friday","11","3","13","2009"
"90214","2009-03-14","Saturday","11","3","14","2009"
"90215","2009-03-15","Sunday","11","3","15","2009"
"90216","2009-03-16","Monday","12","3","16","2009"
"90217","2009-03-17","Tuesday","12","3","17","2009"
"90218","2009-03-18","Wednesday","12","3","18","2009"
"90219","2009-03-19","Thursday","12","3","19","2009"
"90220","2009-03-20","Friday","12","3","20","2009"
"90221","2009-03-21","Saturday","12","3","21","2009"
"90222","2009-03-22","Sunday","12","3","22","2009"
"90223","2009-03-23","Monday","13","3","23","2009"
"90224","2009-03-24","Tuesday","13","3","24","2009"
"90225","2009-03-25","Wednesday","13","3","25","2009"
"90226","2009-03-26","Thursday","13","3","26","2009"
"90227","2009-03-27","Friday","13","3","27","2009"
"90228","2009-03-28","Saturday","13","3","28","2009"
"90229","2009-03-29","Sunday","13","3","29","2009"
"90230","2009-03-30","Monday","14","3","30","2009"
"90231","2009-03-31","Tuesday","14","3","31","2009"
"90301","2009-04-01","Wednesday","14","4","1","2009"
"90302","2009-04-02","Thursday","14","4","2","2009"
"90303","2009-04-03","Friday","14","4","3","2009"
"90304","2009-04-04","Saturday","14","4","4","2009"
"90305","2009-04-05","Sunday","14","4","5","2009"
"90306","2009-04-06","Monday","15","4","6","2009"
"90307","2009-04-07","Tuesday","15","4","7","2009"
"90308","2009-04-08","Wednesday","15","4","8","2009"
"90309","2009-04-09","Thursday","15","4","9","2009"
"90310","2009-04-10","Friday","15","4","10","2009"
"90311","2009-04-11","Saturday","15","4","11","2009"
"90312","2009-04-12","Sunday","15","4","12","2009"
"90313","2009-04-13","Monday","16","4","13","2009"
"90314","2009-04-14","Tuesday","16","4","14","2009"
"90315","2009-04-15","Wednesday","16","4","15","2009"
"90316","2009-04-16","Thursday","16","4","16","2009"
"90317","2009-04-17","Friday","16","4","17","2009"
"90318","2009-04-18","Saturday","16","4","18","2009"
"90319","2009-04-19","Sunday","16","4","19","2009"
"90320","2009-04-20","Monday","17","4","20","2009"
"90321","2009-04-21","Tuesday","17","4","21","2009"
"90322","2009-04-22","Wednesday","17","4","22","2009"
"90323","2009-04-23","Thursday","17","4","23","2009"
"90324","2009-04-24","Friday","17","4","24","2009"
"90325","2009-04-25","Saturday","17","4","25","2009"
"90326","2009-04-26","Sunday","17","4","26","2009"
"90327","2009-04-27","Monday","18","4","27","2009"
"90328","2009-04-28","Tuesday","18","4","28","2009"
"90329","2009-04-29","Wednesday","18","4","29","2009"
"90330","2009-04-30","Thursday","18","4","30","2009"
"90401","2009-05-01","Friday","18","5","1","2009"
"90402","2009-05-02","Saturday","18","5","2","2009"
"90403","2009-05-03","Sunday","18","5","3","2009"
"90404","2009-05-04","Monday","19","5","4","2009"
"90405","2009-05-05","Tuesday","19","5","5","2009"
"90406","2009-05-06","Wednesday","19","5","6","2009"
"90407","2009-05-07","Thursday","19","5","7","2009"
"90408","2009-05-08","Friday","19","5","8","2009"
"90409","2009-05-09","Saturday","19","5","9","2009"
"90410","2009-05-10","Sunday","19","5","10","2009"
"90411","2009-05-11","Monday","20","5","11","2009"
"90412","2009-05-12","Tuesday","20","5","12","2009"
"90413","2009-05-13","Wednesday","20","5","13","2009"
"90414","2009-05-14","Thursday","20","5","14","2009"
"90415","2009-05-15","Friday","20","5","15","2009"
"90416","2009-05-16","Saturday","20","5","16","2009"
"90417","2009-05-17","Sunday","20","5","17","2009"
"90418","2009-05-18","Monday","21","5","18","2009"
"90419","2009-05-19","Tuesday","21","5","19","2009"
"90420","2009-05-20","Wednesday","21","5","20","2009"
"90421","2009-05-21","Thursday","21","5","21","2009"
"90422","2009-05-22","Friday","21","5","22","2009"
"90423","2009-05-23","Saturday","21","5","23","2009"
"90424","2009-05-24","Sunday","21","5","24","2009"
"90425","2009-05-25","Monday","22","5","25","2009"
"90426","2009-05-26","Tuesday","22","5","26","2009"
"90427","2009-05-27","Wednesday","22","5","27","2009"
"90428","2009-05-28","Thursday","22","5","28","2009"
"90429","2009-05-29","Friday","22","5","29","2009"
"90430","2009-05-30","Saturday","22","5","30","2009"
"90431","2009-05-31","Sunday","22","5","31","2009"
"90501","2009-06-01","Monday","23","6","1","2009"
"90502","2009-06-02","Tuesday","23","6","2","2009"
"90503","2009-06-03","Wednesday","23","6","3","2009"
"90504","2009-06-04","Thursday","23","6","4","2009"
"90505","2009-06-05","Friday","23","6","5","2009"
"90506","2009-06-06","Saturday","23","6","6","2009"
"90507","2009-06-07","Sunday","23","6","7","2009"
"90508","2009-06-08","Monday","24","6","8","2009"
"90509","2009-06-09","Tuesday","24","6","9","2009"
"90510","2009-06-10","Wednesday","24","6","10","2009"
"90511","2009-06-11","Thursday","24","6","11","2009"
"90512","2009-06-12","Friday","24","6","12","2009"
"90513","2009-06-13","Saturday","24","6","13","2009"
"90514","2009-06-14","Sunday","24","6","14","2009"
"90515","2009-06-15","Monday","25","6","15","2009"
"90516","2009-06-16","Tuesday","25","6","16","2009"
"90517","2009-06-17","Wednesday","25","6","17","2009"
"90518","2009-06-18","Thursday","25","6","18","2009"
"90519","2009-06-19","Friday","25","6","19","2009"
"90520","2009-06-20","Saturday","25","6","20","2009"
"90521","2009-06-21","Sunday","25","6","21","2009"
"90522","2009-06-22","Monday","26","6","22","2009"
"90523","2009-06-23","Tuesday","26","6","23","2009"
"90524","2009-06-24","Wednesday","26","6","24","2009"
"90525","2009-06-25","Thursday","26","6","25","2009"
"90526","2009-06-26","Friday","26","6","26","2009"
"90527","2009-06-27","Saturday","26","6","27","2009"
"90528","2009-06-28","Sunday","26","6","28","2009"
"90529","2009-06-29","Monday","27","6","29","2009"
"90530","2009-06-30","Tuesday","27","6","30","2009"
"90601","2009-07-01","Wednesday","27","7","1","2009"
"90602","2009-07-02","Thursday","27","7","2","2009"
"90603","2009-07-03","Friday","27","7","3","2009"
"90604","2009-07-04","Saturday","27","7","4","2009"
"90605","2009-07-05","Sunday","27","7","5","2009"
"90606","2009-07-06","Monday","28","7","6","2009"
"90607","2009-07-07","Tuesday","28","7","7","2009"
"90608","2009-07-08","Wednesday","28","7","8","2009"
"90609","2009-07-09","Thursday","28","7","9","2009"
"90610","2009-07-10","Friday","28","7","10","2009"
"90611","2009-07-11","Saturday","28","7","11","2009"
"90612","2009-07-12","Sunday","28","7","12","2009"
"90613","2009-07-13","Monday","29","7","13","2009"
"90614","2009-07-14","Tuesday","29","7","14","2009"
"90615","2009-07-15","Wednesday","29","7","15","2009"
"90616","2009-07-16","Thursday","29","7","16","2009"
"90617","2009-07-17","Friday","29","7","17","2009"
"90618","2009-07-18","Saturday","29","7","18","2009"
"90619","2009-07-19","Sunday","29","7","19","2009"
"90620","2009-07-20","Monday","30","7","20","2009"
"90621","2009-07-21","Tuesday","30","7","21","2009"
"90622","2009-07-22","Wednesday","30","7","22","2009"
"90623","2009-07-23","Thursday","30","7","23","2009"
"90624","2009-07-24","Friday","30","7","24","2009"
"90625","2009-07-25","Saturday","30","7","25","2009"
"90626","2009-07-26","Sunday","30","7","26","2009"
"90627","2009-07-27","Monday","31","7","27","2009"
"90628","2009-07-28","Tuesday","31","7","28","2009"
"90629","2009-07-29","Wednesday","31","7","29","2009"
"90630","2009-07-30","Thursday","31","7","30","2009"
"90631","2009-07-31","Friday","31","7","31","2009"
"90701","2009-08-01","Saturday","31","8","1","2009"
"90702","2009-08-02","Sunday","31","8","2","2009"
"90703","2009-08-03","Monday","32","8","3","2009"
"90704","2009-08-04","Tuesday","32","8","4","2009"
"90705","2009-08-05","Wednesday","32","8","5","2009"
"90706","2009-08-06","Thursday","32","8","6","2009"
"90707","2009-08-07","Friday","32","8","7","2009"
"90708","2009-08-08","Saturday","32","8","8","2009"
"90709","2009-08-09","Sunday","32","8","9","2009"
"90710","2009-08-10","Monday","33","8","10","2009"
"90711","2009-08-11","Tuesday","33","8","11","2009"
"90712","2009-08-12","Wednesday","33","8","12","2009"
"90713","2009-08-13","Thursday","33","8","13","2009"
"90714","2009-08-14","Friday","33","8","14","2009"
"90715","2009-08-15","Saturday","33","8","15","2009"
"90716","2009-08-16","Sunday","33","8","16","2009"
"90717","2009-08-17","Monday","34","8","17","2009"
"90718","2009-08-18","Tuesday","34","8","18","2009"
"90719","2009-08-19","Wednesday","34","8","19","2009"
"90720","2009-08-20","Thursday","34","8","20","2009"
"90721","2009-08-21","Friday","34","8","21","2009"
"90722","2009-08-22","Saturday","34","8","22","2009"
"90723","2009-08-23","Sunday","34","8","23","2009"
"90724","2009-08-24","Monday","35","8","24","2009"
"90725","2009-08-25","Tuesday","35","8","25","2009"
"90726","2009-08-26","Wednesday","35","8","26","2009"
"90727","2009-08-27","Thursday","35","8","27","2009"
"90728","2009-08-28","Friday","35","8","28","2009"
"90729","2009-08-29","Saturday","35","8","29","2009"
"90730","2009-08-30","Sunday","35","8","30","2009"
"90731","2009-08-31","Monday","36","8","31","2009"
"90801","2009-09-01","Tuesday","36","9","1","2009"
"90802","2009-09-02","Wednesday","36","9","2","2009"
"90803","2009-09-03","Thursday","36","9","3","2009"
"90804","2009-09-04","Friday","36","9","4","2009"
"90805","2009-09-05","Saturday","36","9","5","2009"
"90806","2009-09-06","Sunday","36","9","6","2009"
"90807","2009-09-07","Monday","37","9","7","2009"
"90808","2009-09-08","Tuesday","37","9","8","2009"
"90809","2009-09-09","Wednesday","37","9","9","2009"
"90810","2009-09-10","Thursday","37","9","10","2009"
"90811","2009-09-11","Friday","37","9","11","2009"
"90812","2009-09-12","Saturday","37","9","12","2009"
"90813","2009-09-13","Sunday","37","9","13","2009"
"90814","2009-09-14","Monday","38","9","14","2009"
"90815","2009-09-15","Tuesday","38","9","15","2009"
"90816","2009-09-16","Wednesday","38","9","16","2009"
"90817","2009-09-17","Thursday","38","9","17","2009"
"90818","2009-09-18","Friday","38","9","18","2009"
"90819","2009-09-19","Saturday","38","9","19","2009"
"90820","2009-09-20","Sunday","38","9","20","2009"
"90821","2009-09-21","Monday","39","9","21","2009"
"90822","2009-09-22","Tuesday","39","9","22","2009"
"90823","2009-09-23","Wednesday","39","9","23","2009"
"90824","2009-09-24","Thursday","39","9","24","2009"
"90825","2009-09-25","Friday","39","9","25","2009"
"90826","2009-09-26","Saturday","39","9","26","2009"
"90827","2009-09-27","Sunday","39","9","27","2009"
"90828","2009-09-28","Monday","40","9","28","2009"
"90829","2009-09-29","Tuesday","40","9","29","2009"
"90830","2009-09-30","Wednesday","40","9","30","2009"
"90901","2009-10-01","Thursday","40","10","1","2009"
"90902","2009-10-02","Friday","40","10","2","2009"
"90903","2009-10-03","Saturday","40","10","3","2009"
"90904","2009-10-04","Sunday","40","10","4","2009"
"90905","2009-10-05","Monday","41","10","5","2009"
"90906","2009-10-06","Tuesday","41","10","6","2009"
"90907","2009-10-07","Wednesday","41","10","7","2009"
"90908","2009-10-08","Thursday","41","10","8","2009"
"90909","2009-10-09","Friday","41","10","9","2009"
"90910","2009-10-10","Saturday","41","10","10","2009"
"90911","2009-10-11","Sunday","41","10","11","2009"
"90912","2009-10-12","Monday","42","10","12","2009"
"90913","2009-10-13","Tuesday","42","10","13","2009"
"90914","2009-10-14","Wednesday","42","10","14","2009"
"90915","2009-10-15","Thursday","42","10","15","2009"
"90916","2009-10-16","Friday","42","10","16","2009"
"90917","2009-10-17","Saturday","42","10","17","2009"
"90918","2009-10-18","Sunday","42","10","18","2009"
"90919","2009-10-19","Monday","43","10","19","2009"
"90920","2009-10-20","Tuesday","43","10","20","2009"
"90921","2009-10-21","Wednesday","43","10","21","2009"
"90922","2009-10-22","Thursday","43","10","22","2009"
"90923","2009-10-23","Friday","43","10","23","2009"
"90924","2009-10-24","Saturday","43","10","24","2009"
"90925","2009-10-25","Sunday","43","10","25","2009"
"90926","2009-10-26","Monday","44","10","26","2009"
"90927","2009-10-27","Tuesday","44","10","27","2009"
"90928","2009-10-28","Wednesday","44","10","28","2009"
"90929","2009-10-29","Thursday","44","10","29","2009"
"90930","2009-10-30","Friday","44","10","30","2009"
"90931","2009-10-31","Saturday","44","10","31","2009"
"91001","2009-11-01","Sunday","44","11","1","2009"
"91002","2009-11-02","Monday","45","11","2","2009"
"91003","2009-11-03","Tuesday","45","11","3","2009"
"91004","2009-11-04","Wednesday","45","11","4","2009"
"91005","2009-11-05","Thursday","45","11","5","2009"
"91006","2009-11-06","Friday","45","11","6","2009"
"91007","2009-11-07","Saturday","45","11","7","2009"
"91008","2009-11-08","Sunday","45","11","8","2009"
"91009","2009-11-09","Monday","46","11","9","2009"
"91010","2009-11-10","Tuesday","46","11","10","2009"
"91011","2009-11-11","Wednesday","46","11","11","2009"
"91012","2009-11-12","Thursday","46","11","12","2009"
"91013","2009-11-13","Friday","46","11","13","2009"
"91014","2009-11-14","Saturday","46","11","14","2009"
"91015","2009-11-15","Sunday","46","11","15","2009"
"91016","2009-11-16","Monday","47","11","16","2009"
"91017","2009-11-17","Tuesday","47","11","17","2009"
"91018","2009-11-18","Wednesday","47","11","18","2009"
"91019","2009-11-19","Thursday","47","11","19","2009"
"91020","2009-11-20","Friday","47","11","20","2009"
"91021","2009-11-21","Saturday","47","11","21","2009"
"91022","2009-11-22","Sunday","47","11","22","2009"
"91023","2009-11-23","Monday","48","11","23","2009"
"91024","2009-11-24","Tuesday","48","11","24","2009"
"91025","2009-11-25","Wednesday","48","11","25","2009"
"91026","2009-11-26","Thursday","48","11","26","2009"
"91027","2009-11-27","Friday","48","11","27","2009"
"91028","2009-11-28","Saturday","48","11","28","2009"
"91029","2009-11-29","Sunday","48","11","29","2009"
"91030","2009-11-30","Monday","49","11","30","2009"
"91101","2009-12-01","Tuesday","49","12","1","2009"
"91102","2009-12-02","Wednesday","49","12","2","2009"
"91103","2009-12-03","Thursday","49","12","3","2009"
"91104","2009-12-04","Friday","49","12","4","2009"
"91105","2009-12-05","Saturday","49","12","5","2009"
"91106","2009-12-06","Sunday","49","12","6","2009"
"91107","2009-12-07","Monday","50","12","7","2009"
"91108","2009-12-08","Tuesday","50","12","8","2009"
"91109","2009-12-09","Wednesday","50","12","9","2009"
"91110","2009-12-10","Thursday","50","12","10","2009"
"91111","2009-12-11","Friday","50","12","11","2009"
"91112","2009-12-12","Saturday","50","12","12","2009"
"91113","2009-12-13","Sunday","50","12","13","2009"
"91114","2009-12-14","Monday","51","12","14","2009"
"91115","2009-12-15","Tuesday","51","12","15","2009"
"91116","2009-12-16","Wednesday","51","12","16","2009"
"91117","2009-12-17","Thursday","51","12","17","2009"
"91118","2009-12-18","Friday","51","12","18","2009"
"91119","2009-12-19","Saturday","51","12","19","2009"
"91120","2009-12-20","Sunday","51","12","20","2009"
"91121","2009-12-21","Monday","52","12","21","2009"
"91122","2009-12-22","Tuesday","52","12","22","2009"
"91123","2009-12-23","Wednesday","52","12","23","2009"
"91124","2009-12-24","Thursday","52","12","24","2009"
"91125","2009-12-25","Friday","52","12","25","2009"
"91126","2009-12-26","Saturday","52","12","26","2009"
"91127","2009-12-27","Sunday","52","12","27","2009"
"91128","2009-12-28","Monday","53","12","28","2009"
"91129","2009-12-29","Tuesday","53","12","29","2009"
"91130","2009-12-30","Wednesday","53","12","30","2009"
"91131","2009-12-31","Thursday","53","12","31","2009"
"100001","2010-01-01","Friday","53","1","1","2010"
"100002","2010-01-02","Saturday","53","1","2","2010"
"100003","2010-01-03","Sunday","53","1","3","2010"
"100004","2010-01-04","Monday","1","1","4","2010"
"100005","2010-01-05","Tuesday","1","1","5","2010"
"100006","2010-01-06","Wednesday","1","1","6","2010"
"100007","2010-01-07","Thursday","1","1","7","2010"
"100008","2010-01-08","Friday","1","1","8","2010"
"100009","2010-01-09","Saturday","1","1","9","2010"
"100010","2010-01-10","Sunday","1","1","10","2010"
"100011","2010-01-11","Monday","2","1","11","2010"
"100012","2010-01-12","Tuesday","2","1","12","2010"
"100013","2010-01-13","Wednesday","2","1","13","2010"
"100014","2010-01-14","Thursday","2","1","14","2010"
"100015","2010-01-15","Friday","2","1","15","2010"
"100016","2010-01-16","Saturday","2","1","16","2010"
"100017","2010-01-17","Sunday","2","1","17","2010"
"100018","2010-01-18","Monday","3","1","18","2010"
"100019","2010-01-19","Tuesday","3","1","19","2010"
"100020","2010-01-20","Wednesday","3","1","20","2010"
"100021","2010-01-21","Thursday","3","1","21","2010"
"100022","2010-01-22","Friday","3","1","22","2010"
"100023","2010-01-23","Saturday","3","1","23","2010"
"100024","2010-01-24","Sunday","3","1","24","2010"
"100025","2010-01-25","Monday","4","1","25","2010"
"100026","2010-01-26","Tuesday","4","1","26","2010"
"100027","2010-01-27","Wednesday","4","1","27","2010"
"100028","2010-01-28","Thursday","4","1","28","2010"
"100029","2010-01-29","Friday","4","1","29","2010"
"100030","2010-01-30","Saturday","4","1","30","2010"
"100031","2010-01-31","Sunday","4","1","31","2010"
"100101","2010-02-01","Monday","5","2","1","2010"
"100102","2010-02-02","Tuesday","5","2","2","2010"
"100103","2010-02-03","Wednesday","5","2","3","2010"
"100104","2010-02-04","Thursday","5","2","4","2010"
"100105","2010-02-05","Friday","5","2","5","2010"
"100106","2010-02-06","Saturday","5","2","6","2010"
"100107","2010-02-07","Sunday","5","2","7","2010"
"100108","2010-02-08","Monday","6","2","8","2010"
"100109","2010-02-09","Tuesday","6","2","9","2010"
"100110","2010-02-10","Wednesday","6","2","10","2010"
"100111","2010-02-11","Thursday","6","2","11","2010"
"100112","2010-02-12","Friday","6","2","12","2010"
"100113","2010-02-13","Saturday","6","2","13","2010"
"100114","2010-02-14","Sunday","6","2","14","2010"
"100115","2010-02-15","Monday","7","2","15","2010"
"100116","2010-02-16","Tuesday","7","2","16","2010"
"100117","2010-02-17","Wednesday","7","2","17","2010"
"100118","2010-02-18","Thursday","7","2","18","2010"
"100119","2010-02-19","Friday","7","2","19","2010"
"100120","2010-02-20","Saturday","7","2","20","2010"
"100121","2010-02-21","Sunday","7","2","21","2010"
"100122","2010-02-22","Monday","8","2","22","2010"
"100123","2010-02-23","Tuesday","8","2","23","2010"
"100124","2010-02-24","Wednesday","8","2","24","2010"
"100125","2010-02-25","Thursday","8","2","25","2010"
"100126","2010-02-26","Friday","8","2","26","2010"
"100127","2010-02-27","Saturday","8","2","27","2010"
"100128","2010-02-28","Sunday","8","2","28","2010"
"100201","2010-03-01","Monday","9","3","1","2010"
"100202","2010-03-02","Tuesday","9","3","2","2010"
"100203","2010-03-03","Wednesday","9","3","3","2010"
"100204","2010-03-04","Thursday","9","3","4","2010"
"100205","2010-03-05","Friday","9","3","5","2010"
"100206","2010-03-06","Saturday","9","3","6","2010"
"100207","2010-03-07","Sunday","9","3","7","2010"
"100208","2010-03-08","Monday","10","3","8","2010"
"100209","2010-03-09","Tuesday","10","3","9","2010"
"100210","2010-03-10","Wednesday","10","3","10","2010"
"100211","2010-03-11","Thursday","10","3","11","2010"
"100212","2010-03-12","Friday","10","3","12","2010"
"100213","2010-03-13","Saturday","10","3","13","2010"
"100214","2010-03-14","Sunday","10","3","14","2010"
"100215","2010-03-15","Monday","11","3","15","2010"
"100216","2010-03-16","Tuesday","11","3","16","2010"
"100217","2010-03-17","Wednesday","11","3","17","2010"
"100218","2010-03-18","Thursday","11","3","18","2010"
"100219","2010-03-19","Friday","11","3","19","2010"
"100220","2010-03-20","Saturday","11","3","20","2010"
"100221","2010-03-21","Sunday","11","3","21","2010"
"100222","2010-03-22","Monday","12","3","22","2010"
"100223","2010-03-23","Tuesday","12","3","23","2010"
"100224","2010-03-24","Wednesday","12","3","24","2010"
"100225","2010-03-25","Thursday","12","3","25","2010"
"100226","2010-03-26","Friday","12","3","26","2010"
"100227","2010-03-27","Saturday","12","3","27","2010"
"100228","2010-03-28","Sunday","12","3","28","2010"
"100229","2010-03-29","Monday","13","3","29","2010"
"100230","2010-03-30","Tuesday","13","3","30","2010"
"100231","2010-03-31","Wednesday","13","3","31","2010"
"100301","2010-04-01","Thursday","13","4","1","2010"
"100302","2010-04-02","Friday","13","4","2","2010"
"100303","2010-04-03","Saturday","13","4","3","2010"
"100304","2010-04-04","Sunday","13","4","4","2010"
"100305","2010-04-05","Monday","14","4","5","2010"
"100306","2010-04-06","Tuesday","14","4","6","2010"
"100307","2010-04-07","Wednesday","14","4","7","2010"
"100308","2010-04-08","Thursday","14","4","8","2010"
"100309","2010-04-09","Friday","14","4","9","2010"
"100310","2010-04-10","Saturday","14","4","10","2010"
"100311","2010-04-11","Sunday","14","4","11","2010"
"100312","2010-04-12","Monday","15","4","12","2010"
"100313","2010-04-13","Tuesday","15","4","13","2010"
"100314","2010-04-14","Wednesday","15","4","14","2010"
"100315","2010-04-15","Thursday","15","4","15","2010"
"100316","2010-04-16","Friday","15","4","16","2010"
"100317","2010-04-17","Saturday","15","4","17","2010"
"100318","2010-04-18","Sunday","15","4","18","2010"
"100319","2010-04-19","Monday","16","4","19","2010"
"100320","2010-04-20","Tuesday","16","4","20","2010"
"100321","2010-04-21","Wednesday","16","4","21","2010"
"100322","2010-04-22","Thursday","16","4","22","2010"
"100323","2010-04-23","Friday","16","4","23","2010"
"100324","2010-04-24","Saturday","16","4","24","2010"
"100325","2010-04-25","Sunday","16","4","25","2010"
"100326","2010-04-26","Monday","17","4","26","2010"
"100327","2010-04-27","Tuesday","17","4","27","2010"
"100328","2010-04-28","Wednesday","17","4","28","2010"
"100329","2010-04-29","Thursday","17","4","29","2010"
"100330","2010-04-30","Friday","17","4","30","2010"
"100401","2010-05-01","Saturday","17","5","1","2010"
"100402","2010-05-02","Sunday","17","5","2","2010"
"100403","2010-05-03","Monday","18","5","3","2010"
"100404","2010-05-04","Tuesday","18","5","4","2010"
"100405","2010-05-05","Wednesday","18","5","5","2010"
"100406","2010-05-06","Thursday","18","5","6","2010"
"100407","2010-05-07","Friday","18","5","7","2010"
"100408","2010-05-08","Saturday","18","5","8","2010"
"100409","2010-05-09","Sunday","18","5","9","2010"
"100410","2010-05-10","Monday","19","5","10","2010"
"100411","2010-05-11","Tuesday","19","5","11","2010"
"100412","2010-05-12","Wednesday","19","5","12","2010"
"100413","2010-05-13","Thursday","19","5","13","2010"
"100414","2010-05-14","Friday","19","5","14","2010"
"100415","2010-05-15","Saturday","19","5","15","2010"
"100416","2010-05-16","Sunday","19","5","16","2010"
"100417","2010-05-17","Monday","20","5","17","2010"
"100418","2010-05-18","Tuesday","20","5","18","2010"
"100419","2010-05-19","Wednesday","20","5","19","2010"
"100420","2010-05-20","Thursday","20","5","20","2010"
"100421","2010-05-21","Friday","20","5","21","2010"
"100422","2010-05-22","Saturday","20","5","22","2010"
"100423","2010-05-23","Sunday","20","5","23","2010"
"100424","2010-05-24","Monday","21","5","24","2010"
"100425","2010-05-25","Tuesday","21","5","25","2010"
"100426","2010-05-26","Wednesday","21","5","26","2010"
"100427","2010-05-27","Thursday","21","5","27","2010"
"100428","2010-05-28","Friday","21","5","28","2010"
"100429","2010-05-29","Saturday","21","5","29","2010"
"100430","2010-05-30","Sunday","21","5","30","2010"
"100431","2010-05-31","Monday","22","5","31","2010"
"100501","2010-06-01","Tuesday","22","6","1","2010"
"100502","2010-06-02","Wednesday","22","6","2","2010"
"100503","2010-06-03","Thursday","22","6","3","2010"
"100504","2010-06-04","Friday","22","6","4","2010"
"100505","2010-06-05","Saturday","22","6","5","2010"
"100506","2010-06-06","Sunday","22","6","6","2010"
"100507","2010-06-07","Monday","23","6","7","2010"
"100508","2010-06-08","Tuesday","23","6","8","2010"
"100509","2010-06-09","Wednesday","23","6","9","2010"
"100510","2010-06-10","Thursday","23","6","10","2010"
"100511","2010-06-11","Friday","23","6","11","2010"
"100512","2010-06-12","Saturday","23","6","12","2010"
"100513","2010-06-13","Sunday","23","6","13","2010"
"100514","2010-06-14","Monday","24","6","14","2010"
"100515","2010-06-15","Tuesday","24","6","15","2010"
"100516","2010-06-16","Wednesday","24","6","16","2010"
"100517","2010-06-17","Thursday","24","6","17","2010"
"100518","2010-06-18","Friday","24","6","18","2010"
"100519","2010-06-19","Saturday","24","6","19","2010"
"100520","2010-06-20","Sunday","24","6","20","2010"
"100521","2010-06-21","Monday","25","6","21","2010"
"100522","2010-06-22","Tuesday","25","6","22","2010"
"100523","2010-06-23","Wednesday","25","6","23","2010"
"100524","2010-06-24","Thursday","25","6","24","2010"
"100525","2010-06-25","Friday","25","6","25","2010"
"100526","2010-06-26","Saturday","25","6","26","2010"
"100527","2010-06-27","Sunday","25","6","27","2010"
"100528","2010-06-28","Monday","26","6","28","2010"
"100529","2010-06-29","Tuesday","26","6","29","2010"
"100530","2010-06-30","Wednesday","26","6","30","2010"
"100601","2010-07-01","Thursday","26","7","1","2010"
"100602","2010-07-02","Friday","26","7","2","2010"
"100603","2010-07-03","Saturday","26","7","3","2010"
"100604","2010-07-04","Sunday","26","7","4","2010"
"100605","2010-07-05","Monday","27","7","5","2010"
"100606","2010-07-06","Tuesday","27","7","6","2010"
"100607","2010-07-07","Wednesday","27","7","7","2010"
"100608","2010-07-08","Thursday","27","7","8","2010"
"100609","2010-07-09","Friday","27","7","9","2010"
"100610","2010-07-10","Saturday","27","7","10","2010"
"100611","2010-07-11","Sunday","27","7","11","2010"
"100612","2010-07-12","Monday","28","7","12","2010"
"100613","2010-07-13","Tuesday","28","7","13","2010"
"100614","2010-07-14","Wednesday","28","7","14","2010"
"100615","2010-07-15","Thursday","28","7","15","2010"
"100616","2010-07-16","Friday","28","7","16","2010"
"100617","2010-07-17","Saturday","28","7","17","2010"
"100618","2010-07-18","Sunday","28","7","18","2010"
"100619","2010-07-19","Monday","29","7","19","2010"
"100620","2010-07-20","Tuesday","29","7","20","2010"
"100621","2010-07-21","Wednesday","29","7","21","2010"
"100622","2010-07-22","Thursday","29","7","22","2010"
"100623","2010-07-23","Friday","29","7","23","2010"
"100624","2010-07-24","Saturday","29","7","24","2010"
"100625","2010-07-25","Sunday","29","7","25","2010"
"100626","2010-07-26","Monday","30","7","26","2010"
"100627","2010-07-27","Tuesday","30","7","27","2010"
"100628","2010-07-28","Wednesday","30","7","28","2010"
"100629","2010-07-29","Thursday","30","7","29","2010"
"100630","2010-07-30","Friday","30","7","30","2010"
"100631","2010-07-31","Saturday","30","7","31","2010"
"100701","2010-08-01","Sunday","30","8","1","2010"
"100702","2010-08-02","Monday","31","8","2","2010"
"100703","2010-08-03","Tuesday","31","8","3","2010"
"100704","2010-08-04","Wednesday","31","8","4","2010"
"100705","2010-08-05","Thursday","31","8","5","2010"
"100706","2010-08-06","Friday","31","8","6","2010"
"100707","2010-08-07","Saturday","31","8","7","2010"
"100708","2010-08-08","Sunday","31","8","8","2010"
"100709","2010-08-09","Monday","32","8","9","2010"
"100710","2010-08-10","Tuesday","32","8","10","2010"
"100711","2010-08-11","Wednesday","32","8","11","2010"
"100712","2010-08-12","Thursday","32","8","12","2010"
"100713","2010-08-13","Friday","32","8","13","2010"
"100714","2010-08-14","Saturday","32","8","14","2010"
"100715","2010-08-15","Sunday","32","8","15","2010"
"100716","2010-08-16","Monday","33","8","16","2010"
"100717","2010-08-17","Tuesday","33","8","17","2010"
"100718","2010-08-18","Wednesday","33","8","18","2010"
"100719","2010-08-19","Thursday","33","8","19","2010"
"100720","2010-08-20","Friday","33","8","20","2010"
"100721","2010-08-21","Saturday","33","8","21","2010"
"100722","2010-08-22","Sunday","33","8","22","2010"
"100723","2010-08-23","Monday","34","8","23","2010"
"100724","2010-08-24","Tuesday","34","8","24","2010"
"100725","2010-08-25","Wednesday","34","8","25","2010"
"100726","2010-08-26","Thursday","34","8","26","2010"
"100727","2010-08-27","Friday","34","8","27","2010"
"100728","2010-08-28","Saturday","34","8","28","2010"
"100729","2010-08-29","Sunday","34","8","29","2010"
"100730","2010-08-30","Monday","35","8","30","2010"
"100731","2010-08-31","Tuesday","35","8","31","2010"
"100801","2010-09-01","Wednesday","35","9","1","2010"
"100802","2010-09-02","Thursday","35","9","2","2010"
"100803","2010-09-03","Friday","35","9","3","2010"
"100804","2010-09-04","Saturday","35","9","4","2010"
"100805","2010-09-05","Sunday","35","9","5","2010"
"100806","2010-09-06","Monday","36","9","6","2010"
"100807","2010-09-07","Tuesday","36","9","7","2010"
"100808","2010-09-08","Wednesday","36","9","8","2010"
"100809","2010-09-09","Thursday","36","9","9","2010"
"100810","2010-09-10","Friday","36","9","10","2010"
"100811","2010-09-11","Saturday","36","9","11","2010"
"100812","2010-09-12","Sunday","36","9","12","2010"
"100813","2010-09-13","Monday","37","9","13","2010"
"100814","2010-09-14","Tuesday","37","9","14","2010"
"100815","2010-09-15","Wednesday","37","9","15","2010"
"100816","2010-09-16","Thursday","37","9","16","2010"
"100817","2010-09-17","Friday","37","9","17","2010"
"100818","2010-09-18","Saturday","37","9","18","2010"
"100819","2010-09-19","Sunday","37","9","19","2010"
"100820","2010-09-20","Monday","38","9","20","2010"
"100821","2010-09-21","Tuesday","38","9","21","2010"
"100822","2010-09-22","Wednesday","38","9","22","2010"
"100823","2010-09-23","Thursday","38","9","23","2010"
"100824","2010-09-24","Friday","38","9","24","2010"
"100825","2010-09-25","Saturday","38","9","25","2010"
"100826","2010-09-26","Sunday","38","9","26","2010"
"100827","2010-09-27","Monday","39","9","27","2010"
"100828","2010-09-28","Tuesday","39","9","28","2010"
"100829","2010-09-29","Wednesday","39","9","29","2010"
"100830","2010-09-30","Thursday","39","9","30","2010"
"100901","2010-10-01","Friday","39","10","1","2010"
"100902","2010-10-02","Saturday","39","10","2","2010"
"100903","2010-10-03","Sunday","39","10","3","2010"
"100904","2010-10-04","Monday","40","10","4","2010"
"100905","2010-10-05","Tuesday","40","10","5","2010"
"100906","2010-10-06","Wednesday","40","10","6","2010"
"100907","2010-10-07","Thursday","40","10","7","2010"
"100908","2010-10-08","Friday","40","10","8","2010"
"100909","2010-10-09","Saturday","40","10","9","2010"
"100910","2010-10-10","Sunday","40","10","10","2010"
"100911","2010-10-11","Monday","41","10","11","2010"
"100912","2010-10-12","Tuesday","41","10","12","2010"
"100913","2010-10-13","Wednesday","41","10","13","2010"
"100914","2010-10-14","Thursday","41","10","14","2010"
"100915","2010-10-15","Friday","41","10","15","2010"
"100916","2010-10-16","Saturday","41","10","16","2010"
"100917","2010-10-17","Sunday","41","10","17","2010"
"100918","2010-10-18","Monday","42","10","18","2010"
"100919","2010-10-19","Tuesday","42","10","19","2010"
"100920","2010-10-20","Wednesday","42","10","20","2010"
"100921","2010-10-21","Thursday","42","10","21","2010"
"100922","2010-10-22","Friday","42","10","22","2010"
"100923","2010-10-23","Saturday","42","10","23","2010"
"100924","2010-10-24","Sunday","42","10","24","2010"
"100925","2010-10-25","Monday","43","10","25","2010"
"100926","2010-10-26","Tuesday","43","10","26","2010"
"100927","2010-10-27","Wednesday","43","10","27","2010"
"100928","2010-10-28","Thursday","43","10","28","2010"
"100929","2010-10-29","Friday","43","10","29","2010"
"100930","2010-10-30","Saturday","43","10","30","2010"
"100931","2010-10-31","Sunday","43","10","31","2010"
"101001","2010-11-01","Monday","44","11","1","2010"
"101002","2010-11-02","Tuesday","44","11","2","2010"
"101003","2010-11-03","Wednesday","44","11","3","2010"
"101004","2010-11-04","Thursday","44","11","4","2010"
"101005","2010-11-05","Friday","44","11","5","2010"
"101006","2010-11-06","Saturday","44","11","6","2010"
"101007","2010-11-07","Sunday","44","11","7","2010"
"101008","2010-11-08","Monday","45","11","8","2010"
"101009","2010-11-09","Tuesday","45","11","9","2010"
"101010","2010-11-10","Wednesday","45","11","10","2010"
"101011","2010-11-11","Thursday","45","11","11","2010"
"101012","2010-11-12","Friday","45","11","12","2010"
"101013","2010-11-13","Saturday","45","11","13","2010"
"101014","2010-11-14","Sunday","45","11","14","2010"
"101015","2010-11-15","Monday","46","11","15","2010"
"101016","2010-11-16","Tuesday","46","11","16","2010"
"101017","2010-11-17","Wednesday","46","11","17","2010"
"101018","2010-11-18","Thursday","46","11","18","2010"
"101019","2010-11-19","Friday","46","11","19","2010"
"101020","2010-11-20","Saturday","46","11","20","2010"
"101021","2010-11-21","Sunday","46","11","21","2010"
"101022","2010-11-22","Monday","47","11","22","2010"
"101023","2010-11-23","Tuesday","47","11","23","2010"
"101024","2010-11-24","Wednesday","47","11","24","2010"
"101025","2010-11-25","Thursday","47","11","25","2010"
"101026","2010-11-26","Friday","47","11","26","2010"
"101027","2010-11-27","Saturday","47","11","27","2010"
"101028","2010-11-28","Sunday","47","11","28","2010"
"101029","2010-11-29","Monday","48","11","29","2010"
"101030","2010-11-30","Tuesday","48","11","30","2010"
"101101","2010-12-01","Wednesday","48","12","1","2010"
"101102","2010-12-02","Thursday","48","12","2","2010"
"101103","2010-12-03","Friday","48","12","3","2010"
"101104","2010-12-04","Saturday","48","12","4","2010"
"101105","2010-12-05","Sunday","48","12","5","2010"
"101106","2010-12-06","Monday","49","12","6","2010"
"101107","2010-12-07","Tuesday","49","12","7","2010"
"101108","2010-12-08","Wednesday","49","12","8","2010"
"101109","2010-12-09","Thursday","49","12","9","2010"
"101110","2010-12-10","Friday","49","12","10","2010"
"101111","2010-12-11","Saturday","49","12","11","2010"
"101112","2010-12-12","Sunday","49","12","12","2010"
"101113","2010-12-13","Monday","50","12","13","2010"
"101114","2010-12-14","Tuesday","50","12","14","2010"
"101115","2010-12-15","Wednesday","50","12","15","2010"
"101116","2010-12-16","Thursday","50","12","16","2010"
"101117","2010-12-17","Friday","50","12","17","2010"
"101118","2010-12-18","Saturday","50","12","18","2010"
"101119","2010-12-19","Sunday","50","12","19","2010"
"101120","2010-12-20","Monday","51","12","20","2010"
"101121","2010-12-21","Tuesday","51","12","21","2010"
"101122","2010-12-22","Wednesday","51","12","22","2010"
"101123","2010-12-23","Thursday","51","12","23","2010"
"101124","2010-12-24","Friday","51","12","24","2010"
"101125","2010-12-25","Saturday","51","12","25","2010"
"101126","2010-12-26","Sunday","51","12","26","2010"
"101127","2010-12-27","Monday","52","12","27","2010"
"101128","2010-12-28","Tuesday","52","12","28","2010"
"101129","2010-12-29","Wednesday","52","12","29","2010"
"101130","2010-12-30","Thursday","52","12","30","2010"
"101131","2010-12-31","Friday","52","12","31","2010"
"110001","2011-01-01","Saturday","52","1","1","2011"
"110002","2011-01-02","Sunday","52","1","2","2011"
"110003","2011-01-03","Monday","1","1","3","2011"
"110004","2011-01-04","Tuesday","1","1","4","2011"
"110005","2011-01-05","Wednesday","1","1","5","2011"
"110006","2011-01-06","Thursday","1","1","6","2011"
"110007","2011-01-07","Friday","1","1","7","2011"
"110008","2011-01-08","Saturday","1","1","8","2011"
"110009","2011-01-09","Sunday","1","1","9","2011"
"110010","2011-01-10","Monday","2","1","10","2011"
"110011","2011-01-11","Tuesday","2","1","11","2011"
"110012","2011-01-12","Wednesday","2","1","12","2011"
"110013","2011-01-13","Thursday","2","1","13","2011"
"110014","2011-01-14","Friday","2","1","14","2011"
"110015","2011-01-15","Saturday","2","1","15","2011"
"110016","2011-01-16","Sunday","2","1","16","2011"
"110017","2011-01-17","Monday","3","1","17","2011"
"110018","2011-01-18","Tuesday","3","1","18","2011"
"110019","2011-01-19","Wednesday","3","1","19","2011"
"110020","2011-01-20","Thursday","3","1","20","2011"
"110021","2011-01-21","Friday","3","1","21","2011"
"110022","2011-01-22","Saturday","3","1","22","2011"
"110023","2011-01-23","Sunday","3","1","23","2011"
"110024","2011-01-24","Monday","4","1","24","2011"
"110025","2011-01-25","Tuesday","4","1","25","2011"
"110026","2011-01-26","Wednesday","4","1","26","2011"
"110027","2011-01-27","Thursday","4","1","27","2011"
"110028","2011-01-28","Friday","4","1","28","2011"
"110029","2011-01-29","Saturday","4","1","29","2011"
"110030","2011-01-30","Sunday","4","1","30","2011"
"110031","2011-01-31","Monday","5","1","31","2011"
"110101","2011-02-01","Tuesday","5","2","1","2011"
"110102","2011-02-02","Wednesday","5","2","2","2011"
"110103","2011-02-03","Thursday","5","2","3","2011"
"110104","2011-02-04","Friday","5","2","4","2011"
"110105","2011-02-05","Saturday","5","2","5","2011"
"110106","2011-02-06","Sunday","5","2","6","2011"
"110107","2011-02-07","Monday","6","2","7","2011"
"110108","2011-02-08","Tuesday","6","2","8","2011"
"110109","2011-02-09","Wednesday","6","2","9","2011"
"110110","2011-02-10","Thursday","6","2","10","2011"
"110111","2011-02-11","Friday","6","2","11","2011"
"110112","2011-02-12","Saturday","6","2","12","2011"
"110113","2011-02-13","Sunday","6","2","13","2011"
"110114","2011-02-14","Monday","7","2","14","2011"
"110115","2011-02-15","Tuesday","7","2","15","2011"
"110116","2011-02-16","Wednesday","7","2","16","2011"
"110117","2011-02-17","Thursday","7","2","17","2011"
"110118","2011-02-18","Friday","7","2","18","2011"
"110119","2011-02-19","Saturday","7","2","19","2011"
"110120","2011-02-20","Sunday","7","2","20","2011"
"110121","2011-02-21","Monday","8","2","21","2011"
"110122","2011-02-22","Tuesday","8","2","22","2011"
"110123","2011-02-23","Wednesday","8","2","23","2011"
"110124","2011-02-24","Thursday","8","2","24","2011"
"110125","2011-02-25","Friday","8","2","25","2011"
"110126","2011-02-26","Saturday","8","2","26","2011"
"110127","2011-02-27","Sunday","8","2","27","2011"
"110128","2011-02-28","Monday","9","2","28","2011"
"110201","2011-03-01","Tuesday","9","3","1","2011"
"110202","2011-03-02","Wednesday","9","3","2","2011"
"110203","2011-03-03","Thursday","9","3","3","2011"
"110204","2011-03-04","Friday","9","3","4","2011"
"110205","2011-03-05","Saturday","9","3","5","2011"
"110206","2011-03-06","Sunday","9","3","6","2011"
"110207","2011-03-07","Monday","10","3","7","2011"
"110208","2011-03-08","Tuesday","10","3","8","2011"
"110209","2011-03-09","Wednesday","10","3","9","2011"
"110210","2011-03-10","Thursday","10","3","10","2011"
"110211","2011-03-11","Friday","10","3","11","2011"
"110212","2011-03-12","Saturday","10","3","12","2011"
"110213","2011-03-13","Sunday","10","3","13","2011"
"110214","2011-03-14","Monday","11","3","14","2011"
"110215","2011-03-15","Tuesday","11","3","15","2011"
"110216","2011-03-16","Wednesday","11","3","16","2011"
"110217","2011-03-17","Thursday","11","3","17","2011"
"110218","2011-03-18","Friday","11","3","18","2011"
"110219","2011-03-19","Saturday","11","3","19","2011"
"110220","2011-03-20","Sunday","11","3","20","2011"
"110221","2011-03-21","Monday","12","3","21","2011"
"110222","2011-03-22","Tuesday","12","3","22","2011"
"110223","2011-03-23","Wednesday","12","3","23","2011"
"110224","2011-03-24","Thursday","12","3","24","2011"
"110225","2011-03-25","Friday","12","3","25","2011"
"110226","2011-03-26","Saturday","12","3","26","2011"
"110227","2011-03-27","Sunday","12","3","27","2011"
"110228","2011-03-28","Monday","13","3","28","2011"
"110229","2011-03-29","Tuesday","13","3","29","2011"
"110230","2011-03-30","Wednesday","13","3","30","2011"
"110231","2011-03-31","Thursday","13","3","31","2011"
"110301","2011-04-01","Friday","13","4","1","2011"
"110302","2011-04-02","Saturday","13","4","2","2011"
"110303","2011-04-03","Sunday","13","4","3","2011"
"110304","2011-04-04","Monday","14","4","4","2011"
"110305","2011-04-05","Tuesday","14","4","5","2011"
"110306","2011-04-06","Wednesday","14","4","6","2011"
"110307","2011-04-07","Thursday","14","4","7","2011"
"110308","2011-04-08","Friday","14","4","8","2011"
"110309","2011-04-09","Saturday","14","4","9","2011"
"110310","2011-04-10","Sunday","14","4","10","2011"
"110311","2011-04-11","Monday","15","4","11","2011"
"110312","2011-04-12","Tuesday","15","4","12","2011"
"110313","2011-04-13","Wednesday","15","4","13","2011"
"110314","2011-04-14","Thursday","15","4","14","2011"
"110315","2011-04-15","Friday","15","4","15","2011"
"110316","2011-04-16","Saturday","15","4","16","2011"
"110317","2011-04-17","Sunday","15","4","17","2011"
"110318","2011-04-18","Monday","16","4","18","2011"
"110319","2011-04-19","Tuesday","16","4","19","2011"
"110320","2011-04-20","Wednesday","16","4","20","2011"
"110321","2011-04-21","Thursday","16","4","21","2011"
"110322","2011-04-22","Friday","16","4","22","2011"
"110323","2011-04-23","Saturday","16","4","23","2011"
"110324","2011-04-24","Sunday","16","4","24","2011"
"110325","2011-04-25","Monday","17","4","25","2011"
"110326","2011-04-26","Tuesday","17","4","26","2011"
"110327","2011-04-27","Wednesday","17","4","27","2011"
"110328","2011-04-28","Thursday","17","4","28","2011"
"110329","2011-04-29","Friday","17","4","29","2011"
"110330","2011-04-30","Saturday","17","4","30","2011"
"110401","2011-05-01","Sunday","17","5","1","2011"
"110402","2011-05-02","Monday","18","5","2","2011"
"110403","2011-05-03","Tuesday","18","5","3","2011"
"110404","2011-05-04","Wednesday","18","5","4","2011"
"110405","2011-05-05","Thursday","18","5","5","2011"
"110406","2011-05-06","Friday","18","5","6","2011"
"110407","2011-05-07","Saturday","18","5","7","2011"
"110408","2011-05-08","Sunday","18","5","8","2011"
"110409","2011-05-09","Monday","19","5","9","2011"
"110410","2011-05-10","Tuesday","19","5","10","2011"
"110411","2011-05-11","Wednesday","19","5","11","2011"
"110412","2011-05-12","Thursday","19","5","12","2011"
"110413","2011-05-13","Friday","19","5","13","2011"
"110414","2011-05-14","Saturday","19","5","14","2011"
"110415","2011-05-15","Sunday","19","5","15","2011"
"110416","2011-05-16","Monday","20","5","16","2011"
"110417","2011-05-17","Tuesday","20","5","17","2011"
"110418","2011-05-18","Wednesday","20","5","18","2011"
"110419","2011-05-19","Thursday","20","5","19","2011"
"110420","2011-05-20","Friday","20","5","20","2011"
"110421","2011-05-21","Saturday","20","5","21","2011"
"110422","2011-05-22","Sunday","20","5","22","2011"
"110423","2011-05-23","Monday","21","5","23","2011"
"110424","2011-05-24","Tuesday","21","5","24","2011"
"110425","2011-05-25","Wednesday","21","5","25","2011"
"110426","2011-05-26","Thursday","21","5","26","2011"
"110427","2011-05-27","Friday","21","5","27","2011"
"110428","2011-05-28","Saturday","21","5","28","2011"
"110429","2011-05-29","Sunday","21","5","29","2011"
"110430","2011-05-30","Monday","22","5","30","2011"
"110431","2011-05-31","Tuesday","22","5","31","2011"
"110501","2011-06-01","Wednesday","22","6","1","2011"
"110502","2011-06-02","Thursday","22","6","2","2011"
"110503","2011-06-03","Friday","22","6","3","2011"
"110504","2011-06-04","Saturday","22","6","4","2011"
"110505","2011-06-05","Sunday","22","6","5","2011"
"110506","2011-06-06","Monday","23","6","6","2011"
"110507","2011-06-07","Tuesday","23","6","7","2011"
"110508","2011-06-08","Wednesday","23","6","8","2011"
"110509","2011-06-09","Thursday","23","6","9","2011"
"110510","2011-06-10","Friday","23","6","10","2011"
"110511","2011-06-11","Saturday","23","6","11","2011"
"110512","2011-06-12","Sunday","23","6","12","2011"
"110513","2011-06-13","Monday","24","6","13","2011"
"110514","2011-06-14","Tuesday","24","6","14","2011"
"110515","2011-06-15","Wednesday","24","6","15","2011"
"110516","2011-06-16","Thursday","24","6","16","2011"
"110517","2011-06-17","Friday","24","6","17","2011"
"110518","2011-06-18","Saturday","24","6","18","2011"
"110519","2011-06-19","Sunday","24","6","19","2011"
"110520","2011-06-20","Monday","25","6","20","2011"
"110521","2011-06-21","Tuesday","25","6","21","2011"
"110522","2011-06-22","Wednesday","25","6","22","2011"
"110523","2011-06-23","Thursday","25","6","23","2011"
"110524","2011-06-24","Friday","25","6","24","2011"
"110525","2011-06-25","Saturday","25","6","25","2011"
"110526","2011-06-26","Sunday","25","6","26","2011"
"110527","2011-06-27","Monday","26","6","27","2011"
"110528","2011-06-28","Tuesday","26","6","28","2011"
"110529","2011-06-29","Wednesday","26","6","29","2011"
"110530","2011-06-30","Thursday","26","6","30","2011"
"110601","2011-07-01","Friday","26","7","1","2011"
"110602","2011-07-02","Saturday","26","7","2","2011"
"110603","2011-07-03","Sunday","26","7","3","2011"
"110604","2011-07-04","Monday","27","7","4","2011"
"110605","2011-07-05","Tuesday","27","7","5","2011"
"110606","2011-07-06","Wednesday","27","7","6","2011"
"110607","2011-07-07","Thursday","27","7","7","2011"
"110608","2011-07-08","Friday","27","7","8","2011"
"110609","2011-07-09","Saturday","27","7","9","2011"
"110610","2011-07-10","Sunday","27","7","10","2011"
"110611","2011-07-11","Monday","28","7","11","2011"
"110612","2011-07-12","Tuesday","28","7","12","2011"
"110613","2011-07-13","Wednesday","28","7","13","2011"
"110614","2011-07-14","Thursday","28","7","14","2011"
"110615","2011-07-15","Friday","28","7","15","2011"
"110616","2011-07-16","Saturday","28","7","16","2011"
"110617","2011-07-17","Sunday","28","7","17","2011"
"110618","2011-07-18","Monday","29","7","18","2011"
"110619","2011-07-19","Tuesday","29","7","19","2011"
"110620","2011-07-20","Wednesday","29","7","20","2011"
"110621","2011-07-21","Thursday","29","7","21","2011"
"110622","2011-07-22","Friday","29","7","22","2011"
"110623","2011-07-23","Saturday","29","7","23","2011"
"110624","2011-07-24","Sunday","29","7","24","2011"
"110625","2011-07-25","Monday","30","7","25","2011"
"110626","2011-07-26","Tuesday","30","7","26","2011"
"110627","2011-07-27","Wednesday","30","7","27","2011"
"110628","2011-07-28","Thursday","30","7","28","2011"
"110629","2011-07-29","Friday","30","7","29","2011"
"110630","2011-07-30","Saturday","30","7","30","2011"
"110631","2011-07-31","Sunday","30","7","31","2011"
"110701","2011-08-01","Monday","31","8","1","2011"
"110702","2011-08-02","Tuesday","31","8","2","2011"
"110703","2011-08-03","Wednesday","31","8","3","2011"
"110704","2011-08-04","Thursday","31","8","4","2011"
"110705","2011-08-05","Friday","31","8","5","2011"
"110706","2011-08-06","Saturday","31","8","6","2011"
"110707","2011-08-07","Sunday","31","8","7","2011"
"110708","2011-08-08","Monday","32","8","8","2011"
"110709","2011-08-09","Tuesday","32","8","9","2011"
"110710","2011-08-10","Wednesday","32","8","10","2011"
"110711","2011-08-11","Thursday","32","8","11","2011"
"110712","2011-08-12","Friday","32","8","12","2011"
"110713","2011-08-13","Saturday","32","8","13","2011"
"110714","2011-08-14","Sunday","32","8","14","2011"
"110715","2011-08-15","Monday","33","8","15","2011"
"110716","2011-08-16","Tuesday","33","8","16","2011"
"110717","2011-08-17","Wednesday","33","8","17","2011"
"110718","2011-08-18","Thursday","33","8","18","2011"
"110719","2011-08-19","Friday","33","8","19","2011"
"110720","2011-08-20","Saturday","33","8","20","2011"
"110721","2011-08-21","Sunday","33","8","21","2011"
"110722","2011-08-22","Monday","34","8","22","2011"
"110723","2011-08-23","Tuesday","34","8","23","2011"
"110724","2011-08-24","Wednesday","34","8","24","2011"
"110725","2011-08-25","Thursday","34","8","25","2011"
"110726","2011-08-26","Friday","34","8","26","2011"
"110727","2011-08-27","Saturday","34","8","27","2011"
"110728","2011-08-28","Sunday","34","8","28","2011"
"110729","2011-08-29","Monday","35","8","29","2011"
"110730","2011-08-30","Tuesday","35","8","30","2011"
"110731","2011-08-31","Wednesday","35","8","31","2011"
"110801","2011-09-01","Thursday","35","9","1","2011"
"110802","2011-09-02","Friday","35","9","2","2011"
"110803","2011-09-03","Saturday","35","9","3","2011"
"110804","2011-09-04","Sunday","35","9","4","2011"
"110805","2011-09-05","Monday","36","9","5","2011"
"110806","2011-09-06","Tuesday","36","9","6","2011"
"110807","2011-09-07","Wednesday","36","9","7","2011"
"110808","2011-09-08","Thursday","36","9","8","2011"
"110809","2011-09-09","Friday","36","9","9","2011"
"110810","2011-09-10","Saturday","36","9","10","2011"
"110811","2011-09-11","Sunday","36","9","11","2011"
"110812","2011-09-12","Monday","37","9","12","2011"
"110813","2011-09-13","Tuesday","37","9","13","2011"
"110814","2011-09-14","Wednesday","37","9","14","2011"
"110815","2011-09-15","Thursday","37","9","15","2011"
"110816","2011-09-16","Friday","37","9","16","2011"
"110817","2011-09-17","Saturday","37","9","17","2011"
"110818","2011-09-18","Sunday","37","9","18","2011"
"110819","2011-09-19","Monday","38","9","19","2011"
"110820","2011-09-20","Tuesday","38","9","20","2011"
"110821","2011-09-21","Wednesday","38","9","21","2011"
"110822","2011-09-22","Thursday","38","9","22","2011"
"110823","2011-09-23","Friday","38","9","23","2011"
"110824","2011-09-24","Saturday","38","9","24","2011"
"110825","2011-09-25","Sunday","38","9","25","2011"
"110826","2011-09-26","Monday","39","9","26","2011"
"110827","2011-09-27","Tuesday","39","9","27","2011"
"110828","2011-09-28","Wednesday","39","9","28","2011"
"110829","2011-09-29","Thursday","39","9","29","2011"
"110830","2011-09-30","Friday","39","9","30","2011"
"110901","2011-10-01","Saturday","39","10","1","2011"
"110902","2011-10-02","Sunday","39","10","2","2011"
"110903","2011-10-03","Monday","40","10","3","2011"
"110904","2011-10-04","Tuesday","40","10","4","2011"
"110905","2011-10-05","Wednesday","40","10","5","2011"
"110906","2011-10-06","Thursday","40","10","6","2011"
"110907","2011-10-07","Friday","40","10","7","2011"
"110908","2011-10-08","Saturday","40","10","8","2011"
"110909","2011-10-09","Sunday","40","10","9","2011"
"110910","2011-10-10","Monday","41","10","10","2011"
"110911","2011-10-11","Tuesday","41","10","11","2011"
"110912","2011-10-12","Wednesday","41","10","12","2011"
"110913","2011-10-13","Thursday","41","10","13","2011"
"110914","2011-10-14","Friday","41","10","14","2011"
"110915","2011-10-15","Saturday","41","10","15","2011"
"110916","2011-10-16","Sunday","41","10","16","2011"
"110917","2011-10-17","Monday","42","10","17","2011"
"110918","2011-10-18","Tuesday","42","10","18","2011"
"110919","2011-10-19","Wednesday","42","10","19","2011"
"110920","2011-10-20","Thursday","42","10","20","2011"
"110921","2011-10-21","Friday","42","10","21","2011"
"110922","2011-10-22","Saturday","42","10","22","2011"
"110923","2011-10-23","Sunday","42","10","23","2011"
"110924","2011-10-24","Monday","43","10","24","2011"
"110925","2011-10-25","Tuesday","43","10","25","2011"
"110926","2011-10-26","Wednesday","43","10","26","2011"
"110927","2011-10-27","Thursday","43","10","27","2011"
"110928","2011-10-28","Friday","43","10","28","2011"
"110929","2011-10-29","Saturday","43","10","29","2011"
"110930","2011-10-30","Sunday","43","10","30","2011"
"110931","2011-10-31","Monday","44","10","31","2011"
"111001","2011-11-01","Tuesday","44","11","1","2011"
"111002","2011-11-02","Wednesday","44","11","2","2011"
"111003","2011-11-03","Thursday","44","11","3","2011"
"111004","2011-11-04","Friday","44","11","4","2011"
"111005","2011-11-05","Saturday","44","11","5","2011"
"111006","2011-11-06","Sunday","44","11","6","2011"
"111007","2011-11-07","Monday","45","11","7","2011"
"111008","2011-11-08","Tuesday","45","11","8","2011"
"111009","2011-11-09","Wednesday","45","11","9","2011"
"111010","2011-11-10","Thursday","45","11","10","2011"
"111011","2011-11-11","Friday","45","11","11","2011"
"111012","2011-11-12","Saturday","45","11","12","2011"
"111013","2011-11-13","Sunday","45","11","13","2011"
"111014","2011-11-14","Monday","46","11","14","2011"
"111015","2011-11-15","Tuesday","46","11","15","2011"
"111016","2011-11-16","Wednesday","46","11","16","2011"
"111017","2011-11-17","Thursday","46","11","17","2011"
"111018","2011-11-18","Friday","46","11","18","2011"
"111019","2011-11-19","Saturday","46","11","19","2011"
"111020","2011-11-20","Sunday","46","11","20","2011"
"111021","2011-11-21","Monday","47","11","21","2011"
"111022","2011-11-22","Tuesday","47","11","22","2011"
"111023","2011-11-23","Wednesday","47","11","23","2011"
"111024","2011-11-24","Thursday","47","11","24","2011"
"111025","2011-11-25","Friday","47","11","25","2011"
"111026","2011-11-26","Saturday","47","11","26","2011"
"111027","2011-11-27","Sunday","47","11","27","2011"
"111028","2011-11-28","Monday","48","11","28","2011"
"111029","2011-11-29","Tuesday","48","11","29","2011"
"111030","2011-11-30","Wednesday","48","11","30","2011"
"111101","2011-12-01","Thursday","48","12","1","2011"
"111102","2011-12-02","Friday","48","12","2","2011"
"111103","2011-12-03","Saturday","48","12","3","2011"
"111104","2011-12-04","Sunday","48","12","4","2011"
"111105","2011-12-05","Monday","49","12","5","2011"
"111106","2011-12-06","Tuesday","49","12","6","2011"
"111107","2011-12-07","Wednesday","49","12","7","2011"
"111108","2011-12-08","Thursday","49","12","8","2011"
"111109","2011-12-09","Friday","49","12","9","2011"
"111110","2011-12-10","Saturday","49","12","10","2011"
"111111","2011-12-11","Sunday","49","12","11","2011"
"111112","2011-12-12","Monday","50","12","12","2011"
"111113","2011-12-13","Tuesday","50","12","13","2011"
"111114","2011-12-14","Wednesday","50","12","14","2011"
"111115","2011-12-15","Thursday","50","12","15","2011"
"111116","2011-12-16","Friday","50","12","16","2011"
"111117","2011-12-17","Saturday","50","12","17","2011"
"111118","2011-12-18","Sunday","50","12","18","2011"
"111119","2011-12-19","Monday","51","12","19","2011"
"111120","2011-12-20","Tuesday","51","12","20","2011"
"111121","2011-12-21","Wednesday","51","12","21","2011"
"111122","2011-12-22","Thursday","51","12","22","2011"
"111123","2011-12-23","Friday","51","12","23","2011"
"111124","2011-12-24","Saturday","51","12","24","2011"
"111125","2011-12-25","Sunday","51","12","25","2011"
"111126","2011-12-26","Monday","52","12","26","2011"
"111127","2011-12-27","Tuesday","52","12","27","2011"
"111128","2011-12-28","Wednesday","52","12","28","2011"
"111129","2011-12-29","Thursday","52","12","29","2011"
"111130","2011-12-30","Friday","52","12","30","2011"
"111131","2011-12-31","Saturday","52","12","31","2011"
"120001","2012-01-01","Sunday","52","1","1","2012"
"120002","2012-01-02","Monday","1","1","2","2012"
"120003","2012-01-03","Tuesday","1","1","3","2012"
"120004","2012-01-04","Wednesday","1","1","4","2012"
"120005","2012-01-05","Thursday","1","1","5","2012"
"120006","2012-01-06","Friday","1","1","6","2012"
"120007","2012-01-07","Saturday","1","1","7","2012"
"120008","2012-01-08","Sunday","1","1","8","2012"
"120009","2012-01-09","Monday","2","1","9","2012"
"120010","2012-01-10","Tuesday","2","1","10","2012"
"120011","2012-01-11","Wednesday","2","1","11","2012"
"120012","2012-01-12","Thursday","2","1","12","2012"
"120013","2012-01-13","Friday","2","1","13","2012"
"120014","2012-01-14","Saturday","2","1","14","2012"
"120015","2012-01-15","Sunday","2","1","15","2012"
"120016","2012-01-16","Monday","3","1","16","2012"
"120017","2012-01-17","Tuesday","3","1","17","2012"
"120018","2012-01-18","Wednesday","3","1","18","2012"
"120019","2012-01-19","Thursday","3","1","19","2012"
"120020","2012-01-20","Friday","3","1","20","2012"
"120021","2012-01-21","Saturday","3","1","21","2012"
"120022","2012-01-22","Sunday","3","1","22","2012"
"120023","2012-01-23","Monday","4","1","23","2012"
"120024","2012-01-24","Tuesday","4","1","24","2012"
"120025","2012-01-25","Wednesday","4","1","25","2012"
"120026","2012-01-26","Thursday","4","1","26","2012"
"120027","2012-01-27","Friday","4","1","27","2012"
"120028","2012-01-28","Saturday","4","1","28","2012"
"120029","2012-01-29","Sunday","4","1","29","2012"
"120030","2012-01-30","Monday","5","1","30","2012"
"120031","2012-01-31","Tuesday","5","1","31","2012"
"120101","2012-02-01","Wednesday","5","2","1","2012"
"120102","2012-02-02","Thursday","5","2","2","2012"
"120103","2012-02-03","Friday","5","2","3","2012"
"120104","2012-02-04","Saturday","5","2","4","2012"
"120105","2012-02-05","Sunday","5","2","5","2012"
"120106","2012-02-06","Monday","6","2","6","2012"
"120107","2012-02-07","Tuesday","6","2","7","2012"
"120108","2012-02-08","Wednesday","6","2","8","2012"
"120109","2012-02-09","Thursday","6","2","9","2012"
"120110","2012-02-10","Friday","6","2","10","2012"
"120111","2012-02-11","Saturday","6","2","11","2012"
"120112","2012-02-12","Sunday","6","2","12","2012"
"120113","2012-02-13","Monday","7","2","13","2012"
"120114","2012-02-14","Tuesday","7","2","14","2012"
"120115","2012-02-15","Wednesday","7","2","15","2012"
"120116","2012-02-16","Thursday","7","2","16","2012"
"120117","2012-02-17","Friday","7","2","17","2012"
"120118","2012-02-18","Saturday","7","2","18","2012"
"120119","2012-02-19","Sunday","7","2","19","2012"
"120120","2012-02-20","Monday","8","2","20","2012"
"120121","2012-02-21","Tuesday","8","2","21","2012"
"120122","2012-02-22","Wednesday","8","2","22","2012"
"120123","2012-02-23","Thursday","8","2","23","2012"
"120124","2012-02-24","Friday","8","2","24","2012"
"120125","2012-02-25","Saturday","8","2","25","2012"
"120126","2012-02-26","Sunday","8","2","26","2012"
"120127","2012-02-27","Monday","9","2","27","2012"
"120128","2012-02-28","Tuesday","9","2","28","2012"
"120129","2012-02-29","Wednesday","9","2","29","2012"
"120201","2012-03-01","Thursday","9","3","1","2012"
"120202","2012-03-02","Friday","9","3","2","2012"
"120203","2012-03-03","Saturday","9","3","3","2012"
"120204","2012-03-04","Sunday","9","3","4","2012"
"120205","2012-03-05","Monday","10","3","5","2012"
"120206","2012-03-06","Tuesday","10","3","6","2012"
"120207","2012-03-07","Wednesday","10","3","7","2012"
"120208","2012-03-08","Thursday","10","3","8","2012"
"120209","2012-03-09","Friday","10","3","9","2012"
"120210","2012-03-10","Saturday","10","3","10","2012"
"120211","2012-03-11","Sunday","10","3","11","2012"
"120212","2012-03-12","Monday","11","3","12","2012"
"120213","2012-03-13","Tuesday","11","3","13","2012"
"120214","2012-03-14","Wednesday","11","3","14","2012"
"120215","2012-03-15","Thursday","11","3","15","2012"
"120216","2012-03-16","Friday","11","3","16","2012"
"120217","2012-03-17","Saturday","11","3","17","2012"
"120218","2012-03-18","Sunday","11","3","18","2012"
"120219","2012-03-19","Monday","12","3","19","2012"
"120220","2012-03-20","Tuesday","12","3","20","2012"
"120221","2012-03-21","Wednesday","12","3","21","2012"
"120222","2012-03-22","Thursday","12","3","22","2012"
"120223","2012-03-23","Friday","12","3","23","2012"
"120224","2012-03-24","Saturday","12","3","24","2012"
"120225","2012-03-25","Sunday","12","3","25","2012"
"120226","2012-03-26","Monday","13","3","26","2012"
"120227","2012-03-27","Tuesday","13","3","27","2012"
"120228","2012-03-28","Wednesday","13","3","28","2012"
"120229","2012-03-29","Thursday","13","3","29","2012"
"120230","2012-03-30","Friday","13","3","30","2012"
"120231","2012-03-31","Saturday","13","3","31","2012"
"120301","2012-04-01","Sunday","13","4","1","2012"
"120302","2012-04-02","Monday","14","4","2","2012"
"120303","2012-04-03","Tuesday","14","4","3","2012"
"120304","2012-04-04","Wednesday","14","4","4","2012"
"120305","2012-04-05","Thursday","14","4","5","2012"
"120306","2012-04-06","Friday","14","4","6","2012"
"120307","2012-04-07","Saturday","14","4","7","2012"
"120308","2012-04-08","Sunday","14","4","8","2012"
"120309","2012-04-09","Monday","15","4","9","2012"
"120310","2012-04-10","Tuesday","15","4","10","2012"
"120311","2012-04-11","Wednesday","15","4","11","2012"
"120312","2012-04-12","Thursday","15","4","12","2012"
"120313","2012-04-13","Friday","15","4","13","2012"
"120314","2012-04-14","Saturday","15","4","14","2012"
"120315","2012-04-15","Sunday","15","4","15","2012"
"120316","2012-04-16","Monday","16","4","16","2012"
"120317","2012-04-17","Tuesday","16","4","17","2012"
"120318","2012-04-18","Wednesday","16","4","18","2012"
"120319","2012-04-19","Thursday","16","4","19","2012"
"120320","2012-04-20","Friday","16","4","20","2012"
"120321","2012-04-21","Saturday","16","4","21","2012"
"120322","2012-04-22","Sunday","16","4","22","2012"
"120323","2012-04-23","Monday","17","4","23","2012"
"120324","2012-04-24","Tuesday","17","4","24","2012"
"120325","2012-04-25","Wednesday","17","4","25","2012"
"120326","2012-04-26","Thursday","17","4","26","2012"
"120327","2012-04-27","Friday","17","4","27","2012"
"120328","2012-04-28","Saturday","17","4","28","2012"
"120329","2012-04-29","Sunday","17","4","29","2012"
"120330","2012-04-30","Monday","18","4","30","2012"
"120401","2012-05-01","Tuesday","18","5","1","2012"
"120402","2012-05-02","Wednesday","18","5","2","2012"
"120403","2012-05-03","Thursday","18","5","3","2012"
"120404","2012-05-04","Friday","18","5","4","2012"
"120405","2012-05-05","Saturday","18","5","5","2012"
"120406","2012-05-06","Sunday","18","5","6","2012"
"120407","2012-05-07","Monday","19","5","7","2012"
"120408","2012-05-08","Tuesday","19","5","8","2012"
"120409","2012-05-09","Wednesday","19","5","9","2012"
"120410","2012-05-10","Thursday","19","5","10","2012"
"120411","2012-05-11","Friday","19","5","11","2012"
"120412","2012-05-12","Saturday","19","5","12","2012"
"120413","2012-05-13","Sunday","19","5","13","2012"
"120414","2012-05-14","Monday","20","5","14","2012"
"120415","2012-05-15","Tuesday","20","5","15","2012"
"120416","2012-05-16","Wednesday","20","5","16","2012"
"120417","2012-05-17","Thursday","20","5","17","2012"
"120418","2012-05-18","Friday","20","5","18","2012"
"120419","2012-05-19","Saturday","20","5","19","2012"
"120420","2012-05-20","Sunday","20","5","20","2012"
"120421","2012-05-21","Monday","21","5","21","2012"
"120422","2012-05-22","Tuesday","21","5","22","2012"
"120423","2012-05-23","Wednesday","21","5","23","2012"
"120424","2012-05-24","Thursday","21","5","24","2012"
"120425","2012-05-25","Friday","21","5","25","2012"
"120426","2012-05-26","Saturday","21","5","26","2012"
"120427","2012-05-27","Sunday","21","5","27","2012"
"120428","2012-05-28","Monday","22","5","28","2012"
"120429","2012-05-29","Tuesday","22","5","29","2012"
"120430","2012-05-30","Wednesday","22","5","30","2012"
"120431","2012-05-31","Thursday","22","5","31","2012"
"120501","2012-06-01","Friday","22","6","1","2012"
"120502","2012-06-02","Saturday","22","6","2","2012"
"120503","2012-06-03","Sunday","22","6","3","2012"
"120504","2012-06-04","Monday","23","6","4","2012"
"120505","2012-06-05","Tuesday","23","6","5","2012"
"120506","2012-06-06","Wednesday","23","6","6","2012"
"120507","2012-06-07","Thursday","23","6","7","2012"
"120508","2012-06-08","Friday","23","6","8","2012"
"120509","2012-06-09","Saturday","23","6","9","2012"
"120510","2012-06-10","Sunday","23","6","10","2012"
"120511","2012-06-11","Monday","24","6","11","2012"
"120512","2012-06-12","Tuesday","24","6","12","2012"
"120513","2012-06-13","Wednesday","24","6","13","2012"
"120514","2012-06-14","Thursday","24","6","14","2012"
"120515","2012-06-15","Friday","24","6","15","2012"
"120516","2012-06-16","Saturday","24","6","16","2012"
"120517","2012-06-17","Sunday","24","6","17","2012"
"120518","2012-06-18","Monday","25","6","18","2012"
"120519","2012-06-19","Tuesday","25","6","19","2012"
"120520","2012-06-20","Wednesday","25","6","20","2012"
"120521","2012-06-21","Thursday","25","6","21","2012"
"120522","2012-06-22","Friday","25","6","22","2012"
"120523","2012-06-23","Saturday","25","6","23","2012"
"120524","2012-06-24","Sunday","25","6","24","2012"
"120525","2012-06-25","Monday","26","6","25","2012"
"120526","2012-06-26","Tuesday","26","6","26","2012"
"120527","2012-06-27","Wednesday","26","6","27","2012"
"120528","2012-06-28","Thursday","26","6","28","2012"
"120529","2012-06-29","Friday","26","6","29","2012"
"120530","2012-06-30","Saturday","26","6","30","2012"
"120601","2012-07-01","Sunday","26","7","1","2012"
"120602","2012-07-02","Monday","27","7","2","2012"
"120603","2012-07-03","Tuesday","27","7","3","2012"
"120604","2012-07-04","Wednesday","27","7","4","2012"
"120605","2012-07-05","Thursday","27","7","5","2012"
"120606","2012-07-06","Friday","27","7","6","2012"
"120607","2012-07-07","Saturday","27","7","7","2012"
"120608","2012-07-08","Sunday","27","7","8","2012"
"120609","2012-07-09","Monday","28","7","9","2012"
"120610","2012-07-10","Tuesday","28","7","10","2012"
"120611","2012-07-11","Wednesday","28","7","11","2012"
"120612","2012-07-12","Thursday","28","7","12","2012"
"120613","2012-07-13","Friday","28","7","13","2012"
"120614","2012-07-14","Saturday","28","7","14","2012"
"120615","2012-07-15","Sunday","28","7","15","2012"
"120616","2012-07-16","Monday","29","7","16","2012"
"120617","2012-07-17","Tuesday","29","7","17","2012"
"120618","2012-07-18","Wednesday","29","7","18","2012"
"120619","2012-07-19","Thursday","29","7","19","2012"
"120620","2012-07-20","Friday","29","7","20","2012"
"120621","2012-07-21","Saturday","29","7","21","2012"
"120622","2012-07-22","Sunday","29","7","22","2012"
"120623","2012-07-23","Monday","30","7","23","2012"
"120624","2012-07-24","Tuesday","30","7","24","2012"
"120625","2012-07-25","Wednesday","30","7","25","2012"
"120626","2012-07-26","Thursday","30","7","26","2012"
"120627","2012-07-27","Friday","30","7","27","2012"
"120628","2012-07-28","Saturday","30","7","28","2012"
"120629","2012-07-29","Sunday","30","7","29","2012"
"120630","2012-07-30","Monday","31","7","30","2012"
"120631","2012-07-31","Tuesday","31","7","31","2012"
"120701","2012-08-01","Wednesday","31","8","1","2012"
"120702","2012-08-02","Thursday","31","8","2","2012"
"120703","2012-08-03","Friday","31","8","3","2012"
"120704","2012-08-04","Saturday","31","8","4","2012"
"120705","2012-08-05","Sunday","31","8","5","2012"
"120706","2012-08-06","Monday","32","8","6","2012"
"120707","2012-08-07","Tuesday","32","8","7","2012"
"120708","2012-08-08","Wednesday","32","8","8","2012"
"120709","2012-08-09","Thursday","32","8","9","2012"
"120710","2012-08-10","Friday","32","8","10","2012"
"120711","2012-08-11","Saturday","32","8","11","2012"
"120712","2012-08-12","Sunday","32","8","12","2012"
"120713","2012-08-13","Monday","33","8","13","2012"
"120714","2012-08-14","Tuesday","33","8","14","2012"
"120715","2012-08-15","Wednesday","33","8","15","2012"
"120716","2012-08-16","Thursday","33","8","16","2012"
"120717","2012-08-17","Friday","33","8","17","2012"
"120718","2012-08-18","Saturday","33","8","18","2012"
"120719","2012-08-19","Sunday","33","8","19","2012"
"120720","2012-08-20","Monday","34","8","20","2012"
"120721","2012-08-21","Tuesday","34","8","21","2012"
"120722","2012-08-22","Wednesday","34","8","22","2012"
"120723","2012-08-23","Thursday","34","8","23","2012"
"120724","2012-08-24","Friday","34","8","24","2012"
"120725","2012-08-25","Saturday","34","8","25","2012"
"120726","2012-08-26","Sunday","34","8","26","2012"
"120727","2012-08-27","Monday","35","8","27","2012"
"120728","2012-08-28","Tuesday","35","8","28","2012"
"120729","2012-08-29","Wednesday","35","8","29","2012"
"120730","2012-08-30","Thursday","35","8","30","2012"
"120731","2012-08-31","Friday","35","8","31","2012"
"120801","2012-09-01","Saturday","35","9","1","2012"
"120802","2012-09-02","Sunday","35","9","2","2012"
"120803","2012-09-03","Monday","36","9","3","2012"
"120804","2012-09-04","Tuesday","36","9","4","2012"
"120805","2012-09-05","Wednesday","36","9","5","2012"
"120806","2012-09-06","Thursday","36","9","6","2012"
"120807","2012-09-07","Friday","36","9","7","2012"
"120808","2012-09-08","Saturday","36","9","8","2012"
"120809","2012-09-09","Sunday","36","9","9","2012"
"120810","2012-09-10","Monday","37","9","10","2012"
"120811","2012-09-11","Tuesday","37","9","11","2012"
"120812","2012-09-12","Wednesday","37","9","12","2012"
"120813","2012-09-13","Thursday","37","9","13","2012"
"120814","2012-09-14","Friday","37","9","14","2012"
"120815","2012-09-15","Saturday","37","9","15","2012"
"120816","2012-09-16","Sunday","37","9","16","2012"
"120817","2012-09-17","Monday","38","9","17","2012"
"120818","2012-09-18","Tuesday","38","9","18","2012"
"120819","2012-09-19","Wednesday","38","9","19","2012"
"120820","2012-09-20","Thursday","38","9","20","2012"
"120821","2012-09-21","Friday","38","9","21","2012"
"120822","2012-09-22","Saturday","38","9","22","2012"
"120823","2012-09-23","Sunday","38","9","23","2012"
"120824","2012-09-24","Monday","39","9","24","2012"
"120825","2012-09-25","Tuesday","39","9","25","2012"
"120826","2012-09-26","Wednesday","39","9","26","2012"
"120827","2012-09-27","Thursday","39","9","27","2012"
"120828","2012-09-28","Friday","39","9","28","2012"
"120829","2012-09-29","Saturday","39","9","29","2012"
"120830","2012-09-30","Sunday","39","9","30","2012"
"120901","2012-10-01","Monday","40","10","1","2012"
"120902","2012-10-02","Tuesday","40","10","2","2012"
"120903","2012-10-03","Wednesday","40","10","3","2012"
"120904","2012-10-04","Thursday","40","10","4","2012"
"120905","2012-10-05","Friday","40","10","5","2012"
"120906","2012-10-06","Saturday","40","10","6","2012"
"120907","2012-10-07","Sunday","40","10","7","2012"
"120908","2012-10-08","Monday","41","10","8","2012"
"120909","2012-10-09","Tuesday","41","10","9","2012"
"120910","2012-10-10","Wednesday","41","10","10","2012"
"120911","2012-10-11","Thursday","41","10","11","2012"
"120912","2012-10-12","Friday","41","10","12","2012"
"120913","2012-10-13","Saturday","41","10","13","2012"
"120914","2012-10-14","Sunday","41","10","14","2012"
"120915","2012-10-15","Monday","42","10","15","2012"
"120916","2012-10-16","Tuesday","42","10","16","2012"
"120917","2012-10-17","Wednesday","42","10","17","2012"
"120918","2012-10-18","Thursday","42","10","18","2012"
"120919","2012-10-19","Friday","42","10","19","2012"
"120920","2012-10-20","Saturday","42","10","20","2012"
"120921","2012-10-21","Sunday","42","10","21","2012"
"120922","2012-10-22","Monday","43","10","22","2012"
"120923","2012-10-23","Tuesday","43","10","23","2012"
"120924","2012-10-24","Wednesday","43","10","24","2012"
"120925","2012-10-25","Thursday","43","10","25","2012"
"120926","2012-10-26","Friday","43","10","26","2012"
"120927","2012-10-27","Saturday","43","10","27","2012"
"120928","2012-10-28","Sunday","43","10","28","2012"
"120929","2012-10-29","Monday","44","10","29","2012"
"120930","2012-10-30","Tuesday","44","10","30","2012"
"120931","2012-10-31","Wednesday","44","10","31","2012"
"121001","2012-11-01","Thursday","44","11","1","2012"
"121002","2012-11-02","Friday","44","11","2","2012"
"121003","2012-11-03","Saturday","44","11","3","2012"
"121004","2012-11-04","Sunday","44","11","4","2012"
"121005","2012-11-05","Monday","45","11","5","2012"
"121006","2012-11-06","Tuesday","45","11","6","2012"
"121007","2012-11-07","Wednesday","45","11","7","2012"
"121008","2012-11-08","Thursday","45","11","8","2012"
"121009","2012-11-09","Friday","45","11","9","2012"
"121010","2012-11-10","Saturday","45","11","10","2012"
"121011","2012-11-11","Sunday","45","11","11","2012"
"121012","2012-11-12","Monday","46","11","12","2012"
"121013","2012-11-13","Tuesday","46","11","13","2012"
"121014","2012-11-14","Wednesday","46","11","14","2012"
"121015","2012-11-15","Thursday","46","11","15","2012"
"121016","2012-11-16","Friday","46","11","16","2012"
"121017","2012-11-17","Saturday","46","11","17","2012"
"121018","2012-11-18","Sunday","46","11","18","2012"
"121019","2012-11-19","Monday","47","11","19","2012"
"121020","2012-11-20","Tuesday","47","11","20","2012"
"121021","2012-11-21","Wednesday","47","11","21","2012"
"121022","2012-11-22","Thursday","47","11","22","2012"
"121023","2012-11-23","Friday","47","11","23","2012"
"121024","2012-11-24","Saturday","47","11","24","2012"
"121025","2012-11-25","Sunday","47","11","25","2012"
"121026","2012-11-26","Monday","48","11","26","2012"
"121027","2012-11-27","Tuesday","48","11","27","2012"
"121028","2012-11-28","Wednesday","48","11","28","2012"
"121029","2012-11-29","Thursday","48","11","29","2012"
"121030","2012-11-30","Friday","48","11","30","2012"
"121101","2012-12-01","Saturday","48","12","1","2012"
"121102","2012-12-02","Sunday","48","12","2","2012"
"121103","2012-12-03","Monday","49","12","3","2012"
"121104","2012-12-04","Tuesday","49","12","4","2012"
"121105","2012-12-05","Wednesday","49","12","5","2012"
"121106","2012-12-06","Thursday","49","12","6","2012"
"121107","2012-12-07","Friday","49","12","7","2012"
"121108","2012-12-08","Saturday","49","12","8","2012"
"121109","2012-12-09","Sunday","49","12","9","2012"
"121110","2012-12-10","Monday","50","12","10","2012"
"121111","2012-12-11","Tuesday","50","12","11","2012"
"121112","2012-12-12","Wednesday","50","12","12","2012"
"121113","2012-12-13","Thursday","50","12","13","2012"
"121114","2012-12-14","Friday","50","12","14","2012"
"121115","2012-12-15","Saturday","50","12","15","2012"
"121116","2012-12-16","Sunday","50","12","16","2012"
"121117","2012-12-17","Monday","51","12","17","2012"
"121118","2012-12-18","Tuesday","51","12","18","2012"
"121119","2012-12-19","Wednesday","51","12","19","2012"
"121120","2012-12-20","Thursday","51","12","20","2012"
"121121","2012-12-21","Friday","51","12","21","2012"
"121122","2012-12-22","Saturday","51","12","22","2012"
"121123","2012-12-23","Sunday","51","12","23","2012"
"121124","2012-12-24","Monday","52","12","24","2012"
"121125","2012-12-25","Tuesday","52","12","25","2012"
"121126","2012-12-26","Wednesday","52","12","26","2012"
"121127","2012-12-27","Thursday","52","12","27","2012"
"121128","2012-12-28","Friday","52","12","28","2012"
"121129","2012-12-29","Saturday","52","12","29","2012"
"121130","2012-12-30","Sunday","52","12","30","2012"
"121131","2012-12-31","Monday","1","12","31","2012"
"130001","2013-01-01","Tuesday","1","1","1","2013"
"130002","2013-01-02","Wednesday","1","1","2","2013"
"130003","2013-01-03","Thursday","1","1","3","2013"
"130004","2013-01-04","Friday","1","1","4","2013"
"130005","2013-01-05","Saturday","1","1","5","2013"
"130006","2013-01-06","Sunday","1","1","6","2013"
"130007","2013-01-07","Monday","2","1","7","2013"
"130008","2013-01-08","Tuesday","2","1","8","2013"
"130009","2013-01-09","Wednesday","2","1","9","2013"
"130010","2013-01-10","Thursday","2","1","10","2013"
"130011","2013-01-11","Friday","2","1","11","2013"
"130012","2013-01-12","Saturday","2","1","12","2013"
"130013","2013-01-13","Sunday","2","1","13","2013"
"130014","2013-01-14","Monday","3","1","14","2013"
"130015","2013-01-15","Tuesday","3","1","15","2013"
"130016","2013-01-16","Wednesday","3","1","16","2013"
"130017","2013-01-17","Thursday","3","1","17","2013"
"130018","2013-01-18","Friday","3","1","18","2013"
"130019","2013-01-19","Saturday","3","1","19","2013"
"130020","2013-01-20","Sunday","3","1","20","2013"
"130021","2013-01-21","Monday","4","1","21","2013"
"130022","2013-01-22","Tuesday","4","1","22","2013"
"130023","2013-01-23","Wednesday","4","1","23","2013"
"130024","2013-01-24","Thursday","4","1","24","2013"
"130025","2013-01-25","Friday","4","1","25","2013"
"130026","2013-01-26","Saturday","4","1","26","2013"
"130027","2013-01-27","Sunday","4","1","27","2013"
"130028","2013-01-28","Monday","5","1","28","2013"
"130029","2013-01-29","Tuesday","5","1","29","2013"
"130030","2013-01-30","Wednesday","5","1","30","2013"
"130031","2013-01-31","Thursday","5","1","31","2013"
"130101","2013-02-01","Friday","5","2","1","2013"
"130102","2013-02-02","Saturday","5","2","2","2013"
"130103","2013-02-03","Sunday","5","2","3","2013"
"130104","2013-02-04","Monday","6","2","4","2013"
"130105","2013-02-05","Tuesday","6","2","5","2013"
"130106","2013-02-06","Wednesday","6","2","6","2013"
"130107","2013-02-07","Thursday","6","2","7","2013"
"130108","2013-02-08","Friday","6","2","8","2013"
"130109","2013-02-09","Saturday","6","2","9","2013"
"130110","2013-02-10","Sunday","6","2","10","2013"
"130111","2013-02-11","Monday","7","2","11","2013"
"130112","2013-02-12","Tuesday","7","2","12","2013"
"130113","2013-02-13","Wednesday","7","2","13","2013"
"130114","2013-02-14","Thursday","7","2","14","2013"
"130115","2013-02-15","Friday","7","2","15","2013"
"130116","2013-02-16","Saturday","7","2","16","2013"
"130117","2013-02-17","Sunday","7","2","17","2013"
"130118","2013-02-18","Monday","8","2","18","2013"
"130119","2013-02-19","Tuesday","8","2","19","2013"
"130120","2013-02-20","Wednesday","8","2","20","2013"
"130121","2013-02-21","Thursday","8","2","21","2013"
"130122","2013-02-22","Friday","8","2","22","2013"
"130123","2013-02-23","Saturday","8","2","23","2013"
"130124","2013-02-24","Sunday","8","2","24","2013"
"130125","2013-02-25","Monday","9","2","25","2013"
"130126","2013-02-26","Tuesday","9","2","26","2013"
"130127","2013-02-27","Wednesday","9","2","27","2013"
"130128","2013-02-28","Thursday","9","2","28","2013"
"130201","2013-03-01","Friday","9","3","1","2013"
"130202","2013-03-02","Saturday","9","3","2","2013"
"130203","2013-03-03","Sunday","9","3","3","2013"
"130204","2013-03-04","Monday","10","3","4","2013"
"130205","2013-03-05","Tuesday","10","3","5","2013"
"130206","2013-03-06","Wednesday","10","3","6","2013"
"130207","2013-03-07","Thursday","10","3","7","2013"
"130208","2013-03-08","Friday","10","3","8","2013"
"130209","2013-03-09","Saturday","10","3","9","2013"
"130210","2013-03-10","Sunday","10","3","10","2013"
"130211","2013-03-11","Monday","11","3","11","2013"
"130212","2013-03-12","Tuesday","11","3","12","2013"
"130213","2013-03-13","Wednesday","11","3","13","2013"
"130214","2013-03-14","Thursday","11","3","14","2013"
"130215","2013-03-15","Friday","11","3","15","2013"
"130216","2013-03-16","Saturday","11","3","16","2013"
"130217","2013-03-17","Sunday","11","3","17","2013"
"130218","2013-03-18","Monday","12","3","18","2013"
"130219","2013-03-19","Tuesday","12","3","19","2013"
"130220","2013-03-20","Wednesday","12","3","20","2013"
"130221","2013-03-21","Thursday","12","3","21","2013"
"130222","2013-03-22","Friday","12","3","22","2013"
"130223","2013-03-23","Saturday","12","3","23","2013"
"130224","2013-03-24","Sunday","12","3","24","2013"
"130225","2013-03-25","Monday","13","3","25","2013"
"130226","2013-03-26","Tuesday","13","3","26","2013"
"130227","2013-03-27","Wednesday","13","3","27","2013"
"130228","2013-03-28","Thursday","13","3","28","2013"
"130229","2013-03-29","Friday","13","3","29","2013"
"130230","2013-03-30","Saturday","13","3","30","2013"
"130231","2013-03-31","Sunday","13","3","31","2013"
"130301","2013-04-01","Monday","14","4","1","2013"
"130302","2013-04-02","Tuesday","14","4","2","2013"
"130303","2013-04-03","Wednesday","14","4","3","2013"
"130304","2013-04-04","Thursday","14","4","4","2013"
"130305","2013-04-05","Friday","14","4","5","2013"
"130306","2013-04-06","Saturday","14","4","6","2013"
"130307","2013-04-07","Sunday","14","4","7","2013"
"130308","2013-04-08","Monday","15","4","8","2013"
"130309","2013-04-09","Tuesday","15","4","9","2013"
"130310","2013-04-10","Wednesday","15","4","10","2013"
"130311","2013-04-11","Thursday","15","4","11","2013"
"130312","2013-04-12","Friday","15","4","12","2013"
"130313","2013-04-13","Saturday","15","4","13","2013"
"130314","2013-04-14","Sunday","15","4","14","2013"
"130315","2013-04-15","Monday","16","4","15","2013"
"130316","2013-04-16","Tuesday","16","4","16","2013"
"130317","2013-04-17","Wednesday","16","4","17","2013"
"130318","2013-04-18","Thursday","16","4","18","2013"
"130319","2013-04-19","Friday","16","4","19","2013"
"130320","2013-04-20","Saturday","16","4","20","2013"
"130321","2013-04-21","Sunday","16","4","21","2013"
"130322","2013-04-22","Monday","17","4","22","2013"
"130323","2013-04-23","Tuesday","17","4","23","2013"
"130324","2013-04-24","Wednesday","17","4","24","2013"
"130325","2013-04-25","Thursday","17","4","25","2013"
"130326","2013-04-26","Friday","17","4","26","2013"
"130327","2013-04-27","Saturday","17","4","27","2013"
"130328","2013-04-28","Sunday","17","4","28","2013"
"130329","2013-04-29","Monday","18","4","29","2013"
"130330","2013-04-30","Tuesday","18","4","30","2013"
"130401","2013-05-01","Wednesday","18","5","1","2013"
"130402","2013-05-02","Thursday","18","5","2","2013"
"130403","2013-05-03","Friday","18","5","3","2013"
"130404","2013-05-04","Saturday","18","5","4","2013"
"130405","2013-05-05","Sunday","18","5","5","2013"
"130406","2013-05-06","Monday","19","5","6","2013"
"130407","2013-05-07","Tuesday","19","5","7","2013"
"130408","2013-05-08","Wednesday","19","5","8","2013"
"130409","2013-05-09","Thursday","19","5","9","2013"
"130410","2013-05-10","Friday","19","5","10","2013"
"130411","2013-05-11","Saturday","19","5","11","2013"
"130412","2013-05-12","Sunday","19","5","12","2013"
"130413","2013-05-13","Monday","20","5","13","2013"
"130414","2013-05-14","Tuesday","20","5","14","2013"
"130415","2013-05-15","Wednesday","20","5","15","2013"
"130416","2013-05-16","Thursday","20","5","16","2013"
"130417","2013-05-17","Friday","20","5","17","2013"
"130418","2013-05-18","Saturday","20","5","18","2013"
"130419","2013-05-19","Sunday","20","5","19","2013"
"130420","2013-05-20","Monday","21","5","20","2013"
"130421","2013-05-21","Tuesday","21","5","21","2013"
"130422","2013-05-22","Wednesday","21","5","22","2013"
"130423","2013-05-23","Thursday","21","5","23","2013"
"130424","2013-05-24","Friday","21","5","24","2013"
"130425","2013-05-25","Saturday","21","5","25","2013"
"130426","2013-05-26","Sunday","21","5","26","2013"
"130427","2013-05-27","Monday","22","5","27","2013"
"130428","2013-05-28","Tuesday","22","5","28","2013"
"130429","2013-05-29","Wednesday","22","5","29","2013"
"130430","2013-05-30","Thursday","22","5","30","2013"
"130431","2013-05-31","Friday","22","5","31","2013"
"130501","2013-06-01","Saturday","22","6","1","2013"
"130502","2013-06-02","Sunday","22","6","2","2013"
"130503","2013-06-03","Monday","23","6","3","2013"
"130504","2013-06-04","Tuesday","23","6","4","2013"
"130505","2013-06-05","Wednesday","23","6","5","2013"
"130506","2013-06-06","Thursday","23","6","6","2013"
"130507","2013-06-07","Friday","23","6","7","2013"
"130508","2013-06-08","Saturday","23","6","8","2013"
"130509","2013-06-09","Sunday","23","6","9","2013"
"130510","2013-06-10","Monday","24","6","10","2013"
"130511","2013-06-11","Tuesday","24","6","11","2013"
"130512","2013-06-12","Wednesday","24","6","12","2013"
"130513","2013-06-13","Thursday","24","6","13","2013"
"130514","2013-06-14","Friday","24","6","14","2013"
"130515","2013-06-15","Saturday","24","6","15","2013"
"130516","2013-06-16","Sunday","24","6","16","2013"
"130517","2013-06-17","Monday","25","6","17","2013"
"130518","2013-06-18","Tuesday","25","6","18","2013"
"130519","2013-06-19","Wednesday","25","6","19","2013"
"130520","2013-06-20","Thursday","25","6","20","2013"
"130521","2013-06-21","Friday","25","6","21","2013"
"130522","2013-06-22","Saturday","25","6","22","2013"
"130523","2013-06-23","Sunday","25","6","23","2013"
"130524","2013-06-24","Monday","26","6","24","2013"
"130525","2013-06-25","Tuesday","26","6","25","2013"
"130526","2013-06-26","Wednesday","26","6","26","2013"
"130527","2013-06-27","Thursday","26","6","27","2013"
"130528","2013-06-28","Friday","26","6","28","2013"
"130529","2013-06-29","Saturday","26","6","29","2013"
"130530","2013-06-30","Sunday","26","6","30","2013"
"130601","2013-07-01","Monday","27","7","1","2013"
"130602","2013-07-02","Tuesday","27","7","2","2013"
"130603","2013-07-03","Wednesday","27","7","3","2013"
"130604","2013-07-04","Thursday","27","7","4","2013"
"130605","2013-07-05","Friday","27","7","5","2013"
"130606","2013-07-06","Saturday","27","7","6","2013"
"130607","2013-07-07","Sunday","27","7","7","2013"
"130608","2013-07-08","Monday","28","7","8","2013"
"130609","2013-07-09","Tuesday","28","7","9","2013"
"130610","2013-07-10","Wednesday","28","7","10","2013"
"130611","2013-07-11","Thursday","28","7","11","2013"
"130612","2013-07-12","Friday","28","7","12","2013"
"130613","2013-07-13","Saturday","28","7","13","2013"
"130614","2013-07-14","Sunday","28","7","14","2013"
"130615","2013-07-15","Monday","29","7","15","2013"
"130616","2013-07-16","Tuesday","29","7","16","2013"
"130617","2013-07-17","Wednesday","29","7","17","2013"
"130618","2013-07-18","Thursday","29","7","18","2013"
"130619","2013-07-19","Friday","29","7","19","2013"
"130620","2013-07-20","Saturday","29","7","20","2013"
"130621","2013-07-21","Sunday","29","7","21","2013"
"130622","2013-07-22","Monday","30","7","22","2013"
"130623","2013-07-23","Tuesday","30","7","23","2013"
"130624","2013-07-24","Wednesday","30","7","24","2013"
"130625","2013-07-25","Thursday","30","7","25","2013"
"130626","2013-07-26","Friday","30","7","26","2013"
"130627","2013-07-27","Saturday","30","7","27","2013"
"130628","2013-07-28","Sunday","30","7","28","2013"
"130629","2013-07-29","Monday","31","7","29","2013"
"130630","2013-07-30","Tuesday","31","7","30","2013"
"130631","2013-07-31","Wednesday","31","7","31","2013"
"130701","2013-08-01","Thursday","31","8","1","2013"
"130702","2013-08-02","Friday","31","8","2","2013"
"130703","2013-08-03","Saturday","31","8","3","2013"
"130704","2013-08-04","Sunday","31","8","4","2013"
"130705","2013-08-05","Monday","32","8","5","2013"
"130706","2013-08-06","Tuesday","32","8","6","2013"
"130707","2013-08-07","Wednesday","32","8","7","2013"
"130708","2013-08-08","Thursday","32","8","8","2013"
"130709","2013-08-09","Friday","32","8","9","2013"
"130710","2013-08-10","Saturday","32","8","10","2013"
"130711","2013-08-11","Sunday","32","8","11","2013"
"130712","2013-08-12","Monday","33","8","12","2013"
"130713","2013-08-13","Tuesday","33","8","13","2013"
"130714","2013-08-14","Wednesday","33","8","14","2013"
"130715","2013-08-15","Thursday","33","8","15","2013"
"130716","2013-08-16","Friday","33","8","16","2013"
"130717","2013-08-17","Saturday","33","8","17","2013"
"130718","2013-08-18","Sunday","33","8","18","2013"
"130719","2013-08-19","Monday","34","8","19","2013"
"130720","2013-08-20","Tuesday","34","8","20","2013"
"130721","2013-08-21","Wednesday","34","8","21","2013"
"130722","2013-08-22","Thursday","34","8","22","2013"
"130723","2013-08-23","Friday","34","8","23","2013"
"130724","2013-08-24","Saturday","34","8","24","2013"
"130725","2013-08-25","Sunday","34","8","25","2013"
"130726","2013-08-26","Monday","35","8","26","2013"
"130727","2013-08-27","Tuesday","35","8","27","2013"
"130728","2013-08-28","Wednesday","35","8","28","2013"
"130729","2013-08-29","Thursday","35","8","29","2013"
"130730","2013-08-30","Friday","35","8","30","2013"
"130731","2013-08-31","Saturday","35","8","31","2013"
"130801","2013-09-01","Sunday","35","9","1","2013"
"130802","2013-09-02","Monday","36","9","2","2013"
"130803","2013-09-03","Tuesday","36","9","3","2013"
"130804","2013-09-04","Wednesday","36","9","4","2013"
"130805","2013-09-05","Thursday","36","9","5","2013"
"130806","2013-09-06","Friday","36","9","6","2013"
"130807","2013-09-07","Saturday","36","9","7","2013"
"130808","2013-09-08","Sunday","36","9","8","2013"
"130809","2013-09-09","Monday","37","9","9","2013"
"130810","2013-09-10","Tuesday","37","9","10","2013"
"130811","2013-09-11","Wednesday","37","9","11","2013"
"130812","2013-09-12","Thursday","37","9","12","2013"
"130813","2013-09-13","Friday","37","9","13","2013"
"130814","2013-09-14","Saturday","37","9","14","2013"
"130815","2013-09-15","Sunday","37","9","15","2013"
"130816","2013-09-16","Monday","38","9","16","2013"
"130817","2013-09-17","Tuesday","38","9","17","2013"
"130818","2013-09-18","Wednesday","38","9","18","2013"
"130819","2013-09-19","Thursday","38","9","19","2013"
"130820","2013-09-20","Friday","38","9","20","2013"
"130821","2013-09-21","Saturday","38","9","21","2013"
"130822","2013-09-22","Sunday","38","9","22","2013"
"130823","2013-09-23","Monday","39","9","23","2013"
"130824","2013-09-24","Tuesday","39","9","24","2013"
"130825","2013-09-25","Wednesday","39","9","25","2013"
"130826","2013-09-26","Thursday","39","9","26","2013"
"130827","2013-09-27","Friday","39","9","27","2013"
"130828","2013-09-28","Saturday","39","9","28","2013"
"130829","2013-09-29","Sunday","39","9","29","2013"
"130830","2013-09-30","Monday","40","9","30","2013"
"130901","2013-10-01","Tuesday","40","10","1","2013"
"130902","2013-10-02","Wednesday","40","10","2","2013"
"130903","2013-10-03","Thursday","40","10","3","2013"
"130904","2013-10-04","Friday","40","10","4","2013"
"130905","2013-10-05","Saturday","40","10","5","2013"
"130906","2013-10-06","Sunday","40","10","6","2013"
"130907","2013-10-07","Monday","41","10","7","2013"
"130908","2013-10-08","Tuesday","41","10","8","2013"
"130909","2013-10-09","Wednesday","41","10","9","2013"
"130910","2013-10-10","Thursday","41","10","10","2013"
"130911","2013-10-11","Friday","41","10","11","2013"
"130912","2013-10-12","Saturday","41","10","12","2013"
"130913","2013-10-13","Sunday","41","10","13","2013"
"130914","2013-10-14","Monday","42","10","14","2013"
"130915","2013-10-15","Tuesday","42","10","15","2013"
"130916","2013-10-16","Wednesday","42","10","16","2013"
"130917","2013-10-17","Thursday","42","10","17","2013"
"130918","2013-10-18","Friday","42","10","18","2013"
"130919","2013-10-19","Saturday","42","10","19","2013"
"130920","2013-10-20","Sunday","42","10","20","2013"
"130921","2013-10-21","Monday","43","10","21","2013"
"130922","2013-10-22","Tuesday","43","10","22","2013"
"130923","2013-10-23","Wednesday","43","10","23","2013"
"130924","2013-10-24","Thursday","43","10","24","2013"
"130925","2013-10-25","Friday","43","10","25","2013"
"130926","2013-10-26","Saturday","43","10","26","2013"
"130927","2013-10-27","Sunday","43","10","27","2013"
"130928","2013-10-28","Monday","44","10","28","2013"
"130929","2013-10-29","Tuesday","44","10","29","2013"
"130930","2013-10-30","Wednesday","44","10","30","2013"
"130931","2013-10-31","Thursday","44","10","31","2013"
"131001","2013-11-01","Friday","44","11","1","2013"
"131002","2013-11-02","Saturday","44","11","2","2013"
"131003","2013-11-03","Sunday","44","11","3","2013"
"131004","2013-11-04","Monday","45","11","4","2013"
"131005","2013-11-05","Tuesday","45","11","5","2013"
"131006","2013-11-06","Wednesday","45","11","6","2013"
"131007","2013-11-07","Thursday","45","11","7","2013"
"131008","2013-11-08","Friday","45","11","8","2013"
"131009","2013-11-09","Saturday","45","11","9","2013"
"131010","2013-11-10","Sunday","45","11","10","2013"
"131011","2013-11-11","Monday","46","11","11","2013"
"131012","2013-11-12","Tuesday","46","11","12","2013"
"131013","2013-11-13","Wednesday","46","11","13","2013"
"131014","2013-11-14","Thursday","46","11","14","2013"
"131015","2013-11-15","Friday","46","11","15","2013"
"131016","2013-11-16","Saturday","46","11","16","2013"
"131017","2013-11-17","Sunday","46","11","17","2013"
"131018","2013-11-18","Monday","47","11","18","2013"
"131019","2013-11-19","Tuesday","47","11","19","2013"
"131020","2013-11-20","Wednesday","47","11","20","2013"
"131021","2013-11-21","Thursday","47","11","21","2013"
"131022","2013-11-22","Friday","47","11","22","2013"
"131023","2013-11-23","Saturday","47","11","23","2013"
"131024","2013-11-24","Sunday","47","11","24","2013"
"131025","2013-11-25","Monday","48","11","25","2013"
"131026","2013-11-26","Tuesday","48","11","26","2013"
"131027","2013-11-27","Wednesday","48","11","27","2013"
"131028","2013-11-28","Thursday","48","11","28","2013"
"131029","2013-11-29","Friday","48","11","29","2013"
"131030","2013-11-30","Saturday","48","11","30","2013"
"131101","2013-12-01","Sunday","48","12","1","2013"
"131102","2013-12-02","Monday","49","12","2","2013"
"131103","2013-12-03","Tuesday","49","12","3","2013"
"131104","2013-12-04","Wednesday","49","12","4","2013"
"131105","2013-12-05","Thursday","49","12","5","2013"
"131106","2013-12-06","Friday","49","12","6","2013"
"131107","2013-12-07","Saturday","49","12","7","2013"
"131108","2013-12-08","Sunday","49","12","8","2013"
"131109","2013-12-09","Monday","50","12","9","2013"
"131110","2013-12-10","Tuesday","50","12","10","2013"
"131111","2013-12-11","Wednesday","50","12","11","2013"
"131112","2013-12-12","Thursday","50","12","12","2013"
"131113","2013-12-13","Friday","50","12","13","2013"
"131114","2013-12-14","Saturday","50","12","14","2013"
"131115","2013-12-15","Sunday","50","12","15","2013"
"131116","2013-12-16","Monday","51","12","16","2013"
"131117","2013-12-17","Tuesday","51","12","17","2013"
"131118","2013-12-18","Wednesday","51","12","18","2013"
"131119","2013-12-19","Thursday","51","12","19","2013"
"131120","2013-12-20","Friday","51","12","20","2013"
"131121","2013-12-21","Saturday","51","12","21","2013"
"131122","2013-12-22","Sunday","51","12","22","2013"
"131123","2013-12-23","Monday","52","12","23","2013"
"131124","2013-12-24","Tuesday","52","12","24","2013"
"131125","2013-12-25","Wednesday","52","12","25","2013"
"131126","2013-12-26","Thursday","52","12","26","2013"
"131127","2013-12-27","Friday","52","12","27","2013"
"131128","2013-12-28","Saturday","52","12","28","2013"
"131129","2013-12-29","Sunday","52","12","29","2013"
"131130","2013-12-30","Monday","1","12","30","2013"
"131131","2013-12-31","Tuesday","1","12","31","2013"
"140001","2014-01-01","Wednesday","1","1","1","2014"
"140002","2014-01-02","Thursday","1","1","2","2014"
"140003","2014-01-03","Friday","1","1","3","2014"
"140004","2014-01-04","Saturday","1","1","4","2014"
"140005","2014-01-05","Sunday","1","1","5","2014"
"140006","2014-01-06","Monday","2","1","6","2014"
"140007","2014-01-07","Tuesday","2","1","7","2014"
"140008","2014-01-08","Wednesday","2","1","8","2014"
"140009","2014-01-09","Thursday","2","1","9","2014"
"140010","2014-01-10","Friday","2","1","10","2014"
"140011","2014-01-11","Saturday","2","1","11","2014"
"140012","2014-01-12","Sunday","2","1","12","2014"
"140013","2014-01-13","Monday","3","1","13","2014"
"140014","2014-01-14","Tuesday","3","1","14","2014"
"140015","2014-01-15","Wednesday","3","1","15","2014"
"140016","2014-01-16","Thursday","3","1","16","2014"
"140017","2014-01-17","Friday","3","1","17","2014"
"140018","2014-01-18","Saturday","3","1","18","2014"
"140019","2014-01-19","Sunday","3","1","19","2014"
"140020","2014-01-20","Monday","4","1","20","2014"
"140021","2014-01-21","Tuesday","4","1","21","2014"
"140022","2014-01-22","Wednesday","4","1","22","2014"
"140023","2014-01-23","Thursday","4","1","23","2014"
"140024","2014-01-24","Friday","4","1","24","2014"
"140025","2014-01-25","Saturday","4","1","25","2014"
"140026","2014-01-26","Sunday","4","1","26","2014"
"140027","2014-01-27","Monday","5","1","27","2014"
"140028","2014-01-28","Tuesday","5","1","28","2014"
"140029","2014-01-29","Wednesday","5","1","29","2014"
"140030","2014-01-30","Thursday","5","1","30","2014"
"140031","2014-01-31","Friday","5","1","31","2014"
"140101","2014-02-01","Saturday","5","2","1","2014"
"140102","2014-02-02","Sunday","5","2","2","2014"
"140103","2014-02-03","Monday","6","2","3","2014"
"140104","2014-02-04","Tuesday","6","2","4","2014"
"140105","2014-02-05","Wednesday","6","2","5","2014"
"140106","2014-02-06","Thursday","6","2","6","2014"
"140107","2014-02-07","Friday","6","2","7","2014"
"140108","2014-02-08","Saturday","6","2","8","2014"
"140109","2014-02-09","Sunday","6","2","9","2014"
"140110","2014-02-10","Monday","7","2","10","2014"
"140111","2014-02-11","Tuesday","7","2","11","2014"
"140112","2014-02-12","Wednesday","7","2","12","2014"
"140113","2014-02-13","Thursday","7","2","13","2014"
"140114","2014-02-14","Friday","7","2","14","2014"
"140115","2014-02-15","Saturday","7","2","15","2014"
"140116","2014-02-16","Sunday","7","2","16","2014"
"140117","2014-02-17","Monday","8","2","17","2014"
"140118","2014-02-18","Tuesday","8","2","18","2014"
"140119","2014-02-19","Wednesday","8","2","19","2014"
"140120","2014-02-20","Thursday","8","2","20","2014"
"140121","2014-02-21","Friday","8","2","21","2014"
"140122","2014-02-22","Saturday","8","2","22","2014"
"140123","2014-02-23","Sunday","8","2","23","2014"
"140124","2014-02-24","Monday","9","2","24","2014"
"140125","2014-02-25","Tuesday","9","2","25","2014"
"140126","2014-02-26","Wednesday","9","2","26","2014"
"140127","2014-02-27","Thursday","9","2","27","2014"
"140128","2014-02-28","Friday","9","2","28","2014"
"140201","2014-03-01","Saturday","9","3","1","2014"
"140202","2014-03-02","Sunday","9","3","2","2014"
"140203","2014-03-03","Monday","10","3","3","2014"
"140204","2014-03-04","Tuesday","10","3","4","2014"
"140205","2014-03-05","Wednesday","10","3","5","2014"
"140206","2014-03-06","Thursday","10","3","6","2014"
"140207","2014-03-07","Friday","10","3","7","2014"
"140208","2014-03-08","Saturday","10","3","8","2014"
"140209","2014-03-09","Sunday","10","3","9","2014"
"140210","2014-03-10","Monday","11","3","10","2014"
"140211","2014-03-11","Tuesday","11","3","11","2014"
"140212","2014-03-12","Wednesday","11","3","12","2014"
"140213","2014-03-13","Thursday","11","3","13","2014"
"140214","2014-03-14","Friday","11","3","14","2014"
"140215","2014-03-15","Saturday","11","3","15","2014"
"140216","2014-03-16","Sunday","11","3","16","2014"
"140217","2014-03-17","Monday","12","3","17","2014"
"140218","2014-03-18","Tuesday","12","3","18","2014"
"140219","2014-03-19","Wednesday","12","3","19","2014"
"140220","2014-03-20","Thursday","12","3","20","2014"
"140221","2014-03-21","Friday","12","3","21","2014"
"140222","2014-03-22","Saturday","12","3","22","2014"
"140223","2014-03-23","Sunday","12","3","23","2014"
"140224","2014-03-24","Monday","13","3","24","2014"
"140225","2014-03-25","Tuesday","13","3","25","2014"
"140226","2014-03-26","Wednesday","13","3","26","2014"
"140227","2014-03-27","Thursday","13","3","27","2014"
"140228","2014-03-28","Friday","13","3","28","2014"
"140229","2014-03-29","Saturday","13","3","29","2014"
"140230","2014-03-30","Sunday","13","3","30","2014"
"140231","2014-03-31","Monday","14","3","31","2014"
"140301","2014-04-01","Tuesday","14","4","1","2014"
"140302","2014-04-02","Wednesday","14","4","2","2014"
"140303","2014-04-03","Thursday","14","4","3","2014"
"140304","2014-04-04","Friday","14","4","4","2014"
"140305","2014-04-05","Saturday","14","4","5","2014"
"140306","2014-04-06","Sunday","14","4","6","2014"
"140307","2014-04-07","Monday","15","4","7","2014"
"140308","2014-04-08","Tuesday","15","4","8","2014"
"140309","2014-04-09","Wednesday","15","4","9","2014"
"140310","2014-04-10","Thursday","15","4","10","2014"
"140311","2014-04-11","Friday","15","4","11","2014"
"140312","2014-04-12","Saturday","15","4","12","2014"
"140313","2014-04-13","Sunday","15","4","13","2014"
"140314","2014-04-14","Monday","16","4","14","2014"
"140315","2014-04-15","Tuesday","16","4","15","2014"
"140316","2014-04-16","Wednesday","16","4","16","2014"
"140317","2014-04-17","Thursday","16","4","17","2014"
"140318","2014-04-18","Friday","16","4","18","2014"
"140319","2014-04-19","Saturday","16","4","19","2014"
"140320","2014-04-20","Sunday","16","4","20","2014"
"140321","2014-04-21","Monday","17","4","21","2014"
"140322","2014-04-22","Tuesday","17","4","22","2014"
"140323","2014-04-23","Wednesday","17","4","23","2014"
"140324","2014-04-24","Thursday","17","4","24","2014"
"140325","2014-04-25","Friday","17","4","25","2014"
"140326","2014-04-26","Saturday","17","4","26","2014"
"140327","2014-04-27","Sunday","17","4","27","2014"
"140328","2014-04-28","Monday","18","4","28","2014"
"140329","2014-04-29","Tuesday","18","4","29","2014"
"140330","2014-04-30","Wednesday","18","4","30","2014"
"140401","2014-05-01","Thursday","18","5","1","2014"
"140402","2014-05-02","Friday","18","5","2","2014"
"140403","2014-05-03","Saturday","18","5","3","2014"
"140404","2014-05-04","Sunday","18","5","4","2014"
"140405","2014-05-05","Monday","19","5","5","2014"
"140406","2014-05-06","Tuesday","19","5","6","2014"
"140407","2014-05-07","Wednesday","19","5","7","2014"
"140408","2014-05-08","Thursday","19","5","8","2014"
"140409","2014-05-09","Friday","19","5","9","2014"
"140410","2014-05-10","Saturday","19","5","10","2014"
"140411","2014-05-11","Sunday","19","5","11","2014"
"140412","2014-05-12","Monday","20","5","12","2014"
"140413","2014-05-13","Tuesday","20","5","13","2014"
"140414","2014-05-14","Wednesday","20","5","14","2014"
"140415","2014-05-15","Thursday","20","5","15","2014"
"140416","2014-05-16","Friday","20","5","16","2014"
"140417","2014-05-17","Saturday","20","5","17","2014"
"140418","2014-05-18","Sunday","20","5","18","2014"
"140419","2014-05-19","Monday","21","5","19","2014"
"140420","2014-05-20","Tuesday","21","5","20","2014"
"140421","2014-05-21","Wednesday","21","5","21","2014"
"140422","2014-05-22","Thursday","21","5","22","2014"
"140423","2014-05-23","Friday","21","5","23","2014"
"140424","2014-05-24","Saturday","21","5","24","2014"
"140425","2014-05-25","Sunday","21","5","25","2014"
"140426","2014-05-26","Monday","22","5","26","2014"
"140427","2014-05-27","Tuesday","22","5","27","2014"
"140428","2014-05-28","Wednesday","22","5","28","2014"
"140429","2014-05-29","Thursday","22","5","29","2014"
"140430","2014-05-30","Friday","22","5","30","2014"
"140431","2014-05-31","Saturday","22","5","31","2014"
"140501","2014-06-01","Sunday","22","6","1","2014"
"140502","2014-06-02","Monday","23","6","2","2014"
"140503","2014-06-03","Tuesday","23","6","3","2014"
"140504","2014-06-04","Wednesday","23","6","4","2014"
"140505","2014-06-05","Thursday","23","6","5","2014"
"140506","2014-06-06","Friday","23","6","6","2014"
"140507","2014-06-07","Saturday","23","6","7","2014"
"140508","2014-06-08","Sunday","23","6","8","2014"
"140509","2014-06-09","Monday","24","6","9","2014"
"140510","2014-06-10","Tuesday","24","6","10","2014"
"140511","2014-06-11","Wednesday","24","6","11","2014"
"140512","2014-06-12","Thursday","24","6","12","2014"
"140513","2014-06-13","Friday","24","6","13","2014"
"140514","2014-06-14","Saturday","24","6","14","2014"
"140515","2014-06-15","Sunday","24","6","15","2014"
"140516","2014-06-16","Monday","25","6","16","2014"
"140517","2014-06-17","Tuesday","25","6","17","2014"
"140518","2014-06-18","Wednesday","25","6","18","2014"
"140519","2014-06-19","Thursday","25","6","19","2014"
"140520","2014-06-20","Friday","25","6","20","2014"
"140521","2014-06-21","Saturday","25","6","21","2014"
"140522","2014-06-22","Sunday","25","6","22","2014"
"140523","2014-06-23","Monday","26","6","23","2014"
"140524","2014-06-24","Tuesday","26","6","24","2014"
"140525","2014-06-25","Wednesday","26","6","25","2014"
"140526","2014-06-26","Thursday","26","6","26","2014"
"140527","2014-06-27","Friday","26","6","27","2014"
"140528","2014-06-28","Saturday","26","6","28","2014"
"140529","2014-06-29","Sunday","26","6","29","2014"
"140530","2014-06-30","Monday","27","6","30","2014"
"140601","2014-07-01","Tuesday","27","7","1","2014"
"140602","2014-07-02","Wednesday","27","7","2","2014"
"140603","2014-07-03","Thursday","27","7","3","2014"
"140604","2014-07-04","Friday","27","7","4","2014"
"140605","2014-07-05","Saturday","27","7","5","2014"
"140606","2014-07-06","Sunday","27","7","6","2014"
"140607","2014-07-07","Monday","28","7","7","2014"
"140608","2014-07-08","Tuesday","28","7","8","2014"
"140609","2014-07-09","Wednesday","28","7","9","2014"
"140610","2014-07-10","Thursday","28","7","10","2014"
"140611","2014-07-11","Friday","28","7","11","2014"
"140612","2014-07-12","Saturday","28","7","12","2014"
"140613","2014-07-13","Sunday","28","7","13","2014"
"140614","2014-07-14","Monday","29","7","14","2014"
"140615","2014-07-15","Tuesday","29","7","15","2014"
"140616","2014-07-16","Wednesday","29","7","16","2014"
"140617","2014-07-17","Thursday","29","7","17","2014"
"140618","2014-07-18","Friday","29","7","18","2014"
"140619","2014-07-19","Saturday","29","7","19","2014"
"140620","2014-07-20","Sunday","29","7","20","2014"
"140621","2014-07-21","Monday","30","7","21","2014"
"140622","2014-07-22","Tuesday","30","7","22","2014"
"140623","2014-07-23","Wednesday","30","7","23","2014"
"140624","2014-07-24","Thursday","30","7","24","2014"
"140625","2014-07-25","Friday","30","7","25","2014"
"140626","2014-07-26","Saturday","30","7","26","2014"
"140627","2014-07-27","Sunday","30","7","27","2014"
"140628","2014-07-28","Monday","31","7","28","2014"
"140629","2014-07-29","Tuesday","31","7","29","2014"
"140630","2014-07-30","Wednesday","31","7","30","2014"
"140631","2014-07-31","Thursday","31","7","31","2014"
"140701","2014-08-01","Friday","31","8","1","2014"
"140702","2014-08-02","Saturday","31","8","2","2014"
"140703","2014-08-03","Sunday","31","8","3","2014"
"140704","2014-08-04","Monday","32","8","4","2014"
"140705","2014-08-05","Tuesday","32","8","5","2014"
"140706","2014-08-06","Wednesday","32","8","6","2014"
"140707","2014-08-07","Thursday","32","8","7","2014"
"140708","2014-08-08","Friday","32","8","8","2014"
"140709","2014-08-09","Saturday","32","8","9","2014"
"140710","2014-08-10","Sunday","32","8","10","2014"
"140711","2014-08-11","Monday","33","8","11","2014"
"140712","2014-08-12","Tuesday","33","8","12","2014"
"140713","2014-08-13","Wednesday","33","8","13","2014"
"140714","2014-08-14","Thursday","33","8","14","2014"
"140715","2014-08-15","Friday","33","8","15","2014"
"140716","2014-08-16","Saturday","33","8","16","2014"
"140717","2014-08-17","Sunday","33","8","17","2014"
"140718","2014-08-18","Monday","34","8","18","2014"
"140719","2014-08-19","Tuesday","34","8","19","2014"
"140720","2014-08-20","Wednesday","34","8","20","2014"
"140721","2014-08-21","Thursday","34","8","21","2014"
"140722","2014-08-22","Friday","34","8","22","2014"
"140723","2014-08-23","Saturday","34","8","23","2014"
"140724","2014-08-24","Sunday","34","8","24","2014"
"140725","2014-08-25","Monday","35","8","25","2014"
"140726","2014-08-26","Tuesday","35","8","26","2014"
"140727","2014-08-27","Wednesday","35","8","27","2014"
"140728","2014-08-28","Thursday","35","8","28","2014"
"140729","2014-08-29","Friday","35","8","29","2014"
"140730","2014-08-30","Saturday","35","8","30","2014"
"140731","2014-08-31","Sunday","35","8","31","2014"
"140801","2014-09-01","Monday","36","9","1","2014"
"140802","2014-09-02","Tuesday","36","9","2","2014"
"140803","2014-09-03","Wednesday","36","9","3","2014"
"140804","2014-09-04","Thursday","36","9","4","2014"
"140805","2014-09-05","Friday","36","9","5","2014"
"140806","2014-09-06","Saturday","36","9","6","2014"
"140807","2014-09-07","Sunday","36","9","7","2014"
"140808","2014-09-08","Monday","37","9","8","2014"
"140809","2014-09-09","Tuesday","37","9","9","2014"
"140810","2014-09-10","Wednesday","37","9","10","2014"
"140811","2014-09-11","Thursday","37","9","11","2014"
"140812","2014-09-12","Friday","37","9","12","2014"
"140813","2014-09-13","Saturday","37","9","13","2014"
"140814","2014-09-14","Sunday","37","9","14","2014"
"140815","2014-09-15","Monday","38","9","15","2014"
"140816","2014-09-16","Tuesday","38","9","16","2014"
"140817","2014-09-17","Wednesday","38","9","17","2014"
"140818","2014-09-18","Thursday","38","9","18","2014"
"140819","2014-09-19","Friday","38","9","19","2014"
"140820","2014-09-20","Saturday","38","9","20","2014"
"140821","2014-09-21","Sunday","38","9","21","2014"
"140822","2014-09-22","Monday","39","9","22","2014"
"140823","2014-09-23","Tuesday","39","9","23","2014"
"140824","2014-09-24","Wednesday","39","9","24","2014"
"140825","2014-09-25","Thursday","39","9","25","2014"
"140826","2014-09-26","Friday","39","9","26","2014"
"140827","2014-09-27","Saturday","39","9","27","2014"
"140828","2014-09-28","Sunday","39","9","28","2014"
"140829","2014-09-29","Monday","40","9","29","2014"
"140830","2014-09-30","Tuesday","40","9","30","2014"
"140901","2014-10-01","Wednesday","40","10","1","2014"
"140902","2014-10-02","Thursday","40","10","2","2014"
"140903","2014-10-03","Friday","40","10","3","2014"
"140904","2014-10-04","Saturday","40","10","4","2014"
"140905","2014-10-05","Sunday","40","10","5","2014"
"140906","2014-10-06","Monday","41","10","6","2014"
"140907","2014-10-07","Tuesday","41","10","7","2014"
"140908","2014-10-08","Wednesday","41","10","8","2014"
"140909","2014-10-09","Thursday","41","10","9","2014"
"140910","2014-10-10","Friday","41","10","10","2014"
"140911","2014-10-11","Saturday","41","10","11","2014"
"140912","2014-10-12","Sunday","41","10","12","2014"
"140913","2014-10-13","Monday","42","10","13","2014"
"140914","2014-10-14","Tuesday","42","10","14","2014"
"140915","2014-10-15","Wednesday","42","10","15","2014"
"140916","2014-10-16","Thursday","42","10","16","2014"
"140917","2014-10-17","Friday","42","10","17","2014"
"140918","2014-10-18","Saturday","42","10","18","2014"
"140919","2014-10-19","Sunday","42","10","19","2014"
"140920","2014-10-20","Monday","43","10","20","2014"
"140921","2014-10-21","Tuesday","43","10","21","2014"
"140922","2014-10-22","Wednesday","43","10","22","2014"
"140923","2014-10-23","Thursday","43","10","23","2014"
"140924","2014-10-24","Friday","43","10","24","2014"
"140925","2014-10-25","Saturday","43","10","25","2014"
"140926","2014-10-26","Sunday","43","10","26","2014"
"140927","2014-10-27","Monday","44","10","27","2014"
"140928","2014-10-28","Tuesday","44","10","28","2014"
"140929","2014-10-29","Wednesday","44","10","29","2014"
"140930","2014-10-30","Thursday","44","10","30","2014"
"140931","2014-10-31","Friday","44","10","31","2014"
"141001","2014-11-01","Saturday","44","11","1","2014"
"141002","2014-11-02","Sunday","44","11","2","2014"
"141003","2014-11-03","Monday","45","11","3","2014"
"141004","2014-11-04","Tuesday","45","11","4","2014"
"141005","2014-11-05","Wednesday","45","11","5","2014"
"141006","2014-11-06","Thursday","45","11","6","2014"
"141007","2014-11-07","Friday","45","11","7","2014"
"141008","2014-11-08","Saturday","45","11","8","2014"
"141009","2014-11-09","Sunday","45","11","9","2014"
"141010","2014-11-10","Monday","46","11","10","2014"
"141011","2014-11-11","Tuesday","46","11","11","2014"
"141012","2014-11-12","Wednesday","46","11","12","2014"
"141013","2014-11-13","Thursday","46","11","13","2014"
"141014","2014-11-14","Friday","46","11","14","2014"
"141015","2014-11-15","Saturday","46","11","15","2014"
"141016","2014-11-16","Sunday","46","11","16","2014"
"141017","2014-11-17","Monday","47","11","17","2014"
"141018","2014-11-18","Tuesday","47","11","18","2014"
"141019","2014-11-19","Wednesday","47","11","19","2014"
"141020","2014-11-20","Thursday","47","11","20","2014"
"141021","2014-11-21","Friday","47","11","21","2014"
"141022","2014-11-22","Saturday","47","11","22","2014"
"141023","2014-11-23","Sunday","47","11","23","2014"
"141024","2014-11-24","Monday","48","11","24","2014"
"141025","2014-11-25","Tuesday","48","11","25","2014"
"141026","2014-11-26","Wednesday","48","11","26","2014"
"141027","2014-11-27","Thursday","48","11","27","2014"
"141028","2014-11-28","Friday","48","11","28","2014"
"141029","2014-11-29","Saturday","48","11","29","2014"
"141030","2014-11-30","Sunday","48","11","30","2014"
"141101","2014-12-01","Monday","49","12","1","2014"
"141102","2014-12-02","Tuesday","49","12","2","2014"
"141103","2014-12-03","Wednesday","49","12","3","2014"
"141104","2014-12-04","Thursday","49","12","4","2014"
"141105","2014-12-05","Friday","49","12","5","2014"
"141106","2014-12-06","Saturday","49","12","6","2014"
"141107","2014-12-07","Sunday","49","12","7","2014"
"141108","2014-12-08","Monday","50","12","8","2014"
"141109","2014-12-09","Tuesday","50","12","9","2014"
"141110","2014-12-10","Wednesday","50","12","10","2014"
"141111","2014-12-11","Thursday","50","12","11","2014"
"141112","2014-12-12","Friday","50","12","12","2014"
"141113","2014-12-13","Saturday","50","12","13","2014"
"141114","2014-12-14","Sunday","50","12","14","2014"
"141115","2014-12-15","Monday","51","12","15","2014"
"141116","2014-12-16","Tuesday","51","12","16","2014"
"141117","2014-12-17","Wednesday","51","12","17","2014"
"141118","2014-12-18","Thursday","51","12","18","2014"
"141119","2014-12-19","Friday","51","12","19","2014"
"141120","2014-12-20","Saturday","51","12","20","2014"
"141121","2014-12-21","Sunday","51","12","21","2014"
"141122","2014-12-22","Monday","52","12","22","2014"
"141123","2014-12-23","Tuesday","52","12","23","2014"
"141124","2014-12-24","Wednesday","52","12","24","2014"
"141125","2014-12-25","Thursday","52","12","25","2014"
"141126","2014-12-26","Friday","52","12","26","2014"
"141127","2014-12-27","Saturday","52","12","27","2014"
"141128","2014-12-28","Sunday","52","12","28","2014"
"141129","2014-12-29","Monday","1","12","29","2014"
"141130","2014-12-30","Tuesday","1","12","30","2014"
"141131","2014-12-31","Wednesday","1","12","31","2014"
"150001","2015-01-01","Thursday","1","1","1","2015"
"150002","2015-01-02","Friday","1","1","2","2015"
"150003","2015-01-03","Saturday","1","1","3","2015"
"150004","2015-01-04","Sunday","1","1","4","2015"
"150005","2015-01-05","Monday","2","1","5","2015"
"150006","2015-01-06","Tuesday","2","1","6","2015"
"150007","2015-01-07","Wednesday","2","1","7","2015"
"150008","2015-01-08","Thursday","2","1","8","2015"
"150009","2015-01-09","Friday","2","1","9","2015"
"150010","2015-01-10","Saturday","2","1","10","2015"
"150011","2015-01-11","Sunday","2","1","11","2015"
"150012","2015-01-12","Monday","3","1","12","2015"
"150013","2015-01-13","Tuesday","3","1","13","2015"
"150014","2015-01-14","Wednesday","3","1","14","2015"
"150015","2015-01-15","Thursday","3","1","15","2015"
"150016","2015-01-16","Friday","3","1","16","2015"
"150017","2015-01-17","Saturday","3","1","17","2015"
"150018","2015-01-18","Sunday","3","1","18","2015"
"150019","2015-01-19","Monday","4","1","19","2015"
"150020","2015-01-20","Tuesday","4","1","20","2015"
"150021","2015-01-21","Wednesday","4","1","21","2015"
"150022","2015-01-22","Thursday","4","1","22","2015"
"150023","2015-01-23","Friday","4","1","23","2015"
"150024","2015-01-24","Saturday","4","1","24","2015"
"150025","2015-01-25","Sunday","4","1","25","2015"
"150026","2015-01-26","Monday","5","1","26","2015"
"150027","2015-01-27","Tuesday","5","1","27","2015"
"150028","2015-01-28","Wednesday","5","1","28","2015"
"150029","2015-01-29","Thursday","5","1","29","2015"
"150030","2015-01-30","Friday","5","1","30","2015"
"150031","2015-01-31","Saturday","5","1","31","2015"
"150101","2015-02-01","Sunday","5","2","1","2015"
"150102","2015-02-02","Monday","6","2","2","2015"
"150103","2015-02-03","Tuesday","6","2","3","2015"
"150104","2015-02-04","Wednesday","6","2","4","2015"
"150105","2015-02-05","Thursday","6","2","5","2015"
"150106","2015-02-06","Friday","6","2","6","2015"
"150107","2015-02-07","Saturday","6","2","7","2015"
"150108","2015-02-08","Sunday","6","2","8","2015"
"150109","2015-02-09","Monday","7","2","9","2015"
"150110","2015-02-10","Tuesday","7","2","10","2015"
"150111","2015-02-11","Wednesday","7","2","11","2015"
"150112","2015-02-12","Thursday","7","2","12","2015"
"150113","2015-02-13","Friday","7","2","13","2015"
"150114","2015-02-14","Saturday","7","2","14","2015"
"150115","2015-02-15","Sunday","7","2","15","2015"
"150116","2015-02-16","Monday","8","2","16","2015"
"150117","2015-02-17","Tuesday","8","2","17","2015"
"150118","2015-02-18","Wednesday","8","2","18","2015"
"150119","2015-02-19","Thursday","8","2","19","2015"
"150120","2015-02-20","Friday","8","2","20","2015"
"150121","2015-02-21","Saturday","8","2","21","2015"
"150122","2015-02-22","Sunday","8","2","22","2015"
"150123","2015-02-23","Monday","9","2","23","2015"
"150124","2015-02-24","Tuesday","9","2","24","2015"
"150125","2015-02-25","Wednesday","9","2","25","2015"
"150126","2015-02-26","Thursday","9","2","26","2015"
"150127","2015-02-27","Friday","9","2","27","2015"
"150128","2015-02-28","Saturday","9","2","28","2015"
"150201","2015-03-01","Sunday","9","3","1","2015"
"150202","2015-03-02","Monday","10","3","2","2015"
"150203","2015-03-03","Tuesday","10","3","3","2015"
"150204","2015-03-04","Wednesday","10","3","4","2015"
"150205","2015-03-05","Thursday","10","3","5","2015"
"150206","2015-03-06","Friday","10","3","6","2015"
"150207","2015-03-07","Saturday","10","3","7","2015"
"150208","2015-03-08","Sunday","10","3","8","2015"
"150209","2015-03-09","Monday","11","3","9","2015"
"150210","2015-03-10","Tuesday","11","3","10","2015"
"150211","2015-03-11","Wednesday","11","3","11","2015"
"150212","2015-03-12","Thursday","11","3","12","2015"
"150213","2015-03-13","Friday","11","3","13","2015"
"150214","2015-03-14","Saturday","11","3","14","2015"
"150215","2015-03-15","Sunday","11","3","15","2015"
"150216","2015-03-16","Monday","12","3","16","2015"
"150217","2015-03-17","Tuesday","12","3","17","2015"
"150218","2015-03-18","Wednesday","12","3","18","2015"
"150219","2015-03-19","Thursday","12","3","19","2015"
"150220","2015-03-20","Friday","12","3","20","2015"
"150221","2015-03-21","Saturday","12","3","21","2015"
"150222","2015-03-22","Sunday","12","3","22","2015"
"150223","2015-03-23","Monday","13","3","23","2015"
"150224","2015-03-24","Tuesday","13","3","24","2015"
"150225","2015-03-25","Wednesday","13","3","25","2015"
"150226","2015-03-26","Thursday","13","3","26","2015"
"150227","2015-03-27","Friday","13","3","27","2015"
"150228","2015-03-28","Saturday","13","3","28","2015"
"150229","2015-03-29","Sunday","13","3","29","2015"
"150230","2015-03-30","Monday","14","3","30","2015"
"150231","2015-03-31","Tuesday","14","3","31","2015"
"150301","2015-04-01","Wednesday","14","4","1","2015"
"150302","2015-04-02","Thursday","14","4","2","2015"
"150303","2015-04-03","Friday","14","4","3","2015"
"150304","2015-04-04","Saturday","14","4","4","2015"
"150305","2015-04-05","Sunday","14","4","5","2015"
"150306","2015-04-06","Monday","15","4","6","2015"
"150307","2015-04-07","Tuesday","15","4","7","2015"
"150308","2015-04-08","Wednesday","15","4","8","2015"
"150309","2015-04-09","Thursday","15","4","9","2015"
"150310","2015-04-10","Friday","15","4","10","2015"
"150311","2015-04-11","Saturday","15","4","11","2015"
"150312","2015-04-12","Sunday","15","4","12","2015"
"150313","2015-04-13","Monday","16","4","13","2015"
"150314","2015-04-14","Tuesday","16","4","14","2015"
"150315","2015-04-15","Wednesday","16","4","15","2015"
"150316","2015-04-16","Thursday","16","4","16","2015"
"150317","2015-04-17","Friday","16","4","17","2015"
"150318","2015-04-18","Saturday","16","4","18","2015"
"150319","2015-04-19","Sunday","16","4","19","2015"
"150320","2015-04-20","Monday","17","4","20","2015"
"150321","2015-04-21","Tuesday","17","4","21","2015"
"150322","2015-04-22","Wednesday","17","4","22","2015"
"150323","2015-04-23","Thursday","17","4","23","2015"
"150324","2015-04-24","Friday","17","4","24","2015"
"150325","2015-04-25","Saturday","17","4","25","2015"
"150326","2015-04-26","Sunday","17","4","26","2015"
"150327","2015-04-27","Monday","18","4","27","2015"
"150328","2015-04-28","Tuesday","18","4","28","2015"
"150329","2015-04-29","Wednesday","18","4","29","2015"
"150330","2015-04-30","Thursday","18","4","30","2015"
"150401","2015-05-01","Friday","18","5","1","2015"
"150402","2015-05-02","Saturday","18","5","2","2015"
"150403","2015-05-03","Sunday","18","5","3","2015"
"150404","2015-05-04","Monday","19","5","4","2015"
"150405","2015-05-05","Tuesday","19","5","5","2015"
"150406","2015-05-06","Wednesday","19","5","6","2015"
"150407","2015-05-07","Thursday","19","5","7","2015"
"150408","2015-05-08","Friday","19","5","8","2015"
"150409","2015-05-09","Saturday","19","5","9","2015"
"150410","2015-05-10","Sunday","19","5","10","2015"
"150411","2015-05-11","Monday","20","5","11","2015"
"150412","2015-05-12","Tuesday","20","5","12","2015"
"150413","2015-05-13","Wednesday","20","5","13","2015"
"150414","2015-05-14","Thursday","20","5","14","2015"
"150415","2015-05-15","Friday","20","5","15","2015"
"150416","2015-05-16","Saturday","20","5","16","2015"
"150417","2015-05-17","Sunday","20","5","17","2015"
"150418","2015-05-18","Monday","21","5","18","2015"
"150419","2015-05-19","Tuesday","21","5","19","2015"
"150420","2015-05-20","Wednesday","21","5","20","2015"
"150421","2015-05-21","Thursday","21","5","21","2015"
"150422","2015-05-22","Friday","21","5","22","2015"
"150423","2015-05-23","Saturday","21","5","23","2015"
"150424","2015-05-24","Sunday","21","5","24","2015"
"150425","2015-05-25","Monday","22","5","25","2015"
"150426","2015-05-26","Tuesday","22","5","26","2015"
"150427","2015-05-27","Wednesday","22","5","27","2015"
"150428","2015-05-28","Thursday","22","5","28","2015"
"150429","2015-05-29","Friday","22","5","29","2015"
"150430","2015-05-30","Saturday","22","5","30","2015"
"150431","2015-05-31","Sunday","22","5","31","2015"
"150501","2015-06-01","Monday","23","6","1","2015"
"150502","2015-06-02","Tuesday","23","6","2","2015"
"150503","2015-06-03","Wednesday","23","6","3","2015"
"150504","2015-06-04","Thursday","23","6","4","2015"
"150505","2015-06-05","Friday","23","6","5","2015"
"150506","2015-06-06","Saturday","23","6","6","2015"
"150507","2015-06-07","Sunday","23","6","7","2015"
"150508","2015-06-08","Monday","24","6","8","2015"
"150509","2015-06-09","Tuesday","24","6","9","2015"
"150510","2015-06-10","Wednesday","24","6","10","2015"
"150511","2015-06-11","Thursday","24","6","11","2015"
"150512","2015-06-12","Friday","24","6","12","2015"
"150513","2015-06-13","Saturday","24","6","13","2015"
"150514","2015-06-14","Sunday","24","6","14","2015"
"150515","2015-06-15","Monday","25","6","15","2015"
"150516","2015-06-16","Tuesday","25","6","16","2015"
"150517","2015-06-17","Wednesday","25","6","17","2015"
"150518","2015-06-18","Thursday","25","6","18","2015"
"150519","2015-06-19","Friday","25","6","19","2015"
"150520","2015-06-20","Saturday","25","6","20","2015"
"150521","2015-06-21","Sunday","25","6","21","2015"
"150522","2015-06-22","Monday","26","6","22","2015"
"150523","2015-06-23","Tuesday","26","6","23","2015"
"150524","2015-06-24","Wednesday","26","6","24","2015"
"150525","2015-06-25","Thursday","26","6","25","2015"
"150526","2015-06-26","Friday","26","6","26","2015"
"150527","2015-06-27","Saturday","26","6","27","2015"
"150528","2015-06-28","Sunday","26","6","28","2015"
"150529","2015-06-29","Monday","27","6","29","2015"
"150530","2015-06-30","Tuesday","27","6","30","2015"
"150601","2015-07-01","Wednesday","27","7","1","2015"
"150602","2015-07-02","Thursday","27","7","2","2015"
"150603","2015-07-03","Friday","27","7","3","2015"
"150604","2015-07-04","Saturday","27","7","4","2015"
"150605","2015-07-05","Sunday","27","7","5","2015"
"150606","2015-07-06","Monday","28","7","6","2015"
"150607","2015-07-07","Tuesday","28","7","7","2015"
"150608","2015-07-08","Wednesday","28","7","8","2015"
"150609","2015-07-09","Thursday","28","7","9","2015"
"150610","2015-07-10","Friday","28","7","10","2015"
"150611","2015-07-11","Saturday","28","7","11","2015"
"150612","2015-07-12","Sunday","28","7","12","2015"
"150613","2015-07-13","Monday","29","7","13","2015"
"150614","2015-07-14","Tuesday","29","7","14","2015"
"150615","2015-07-15","Wednesday","29","7","15","2015"
"150616","2015-07-16","Thursday","29","7","16","2015"
"150617","2015-07-17","Friday","29","7","17","2015"
"150618","2015-07-18","Saturday","29","7","18","2015"
"150619","2015-07-19","Sunday","29","7","19","2015"
"150620","2015-07-20","Monday","30","7","20","2015"
"150621","2015-07-21","Tuesday","30","7","21","2015"
"150622","2015-07-22","Wednesday","30","7","22","2015"
"150623","2015-07-23","Thursday","30","7","23","2015"
"150624","2015-07-24","Friday","30","7","24","2015"
"150625","2015-07-25","Saturday","30","7","25","2015"
"150626","2015-07-26","Sunday","30","7","26","2015"
"150627","2015-07-27","Monday","31","7","27","2015"
"150628","2015-07-28","Tuesday","31","7","28","2015"
"150629","2015-07-29","Wednesday","31","7","29","2015"
"150630","2015-07-30","Thursday","31","7","30","2015"
"150631","2015-07-31","Friday","31","7","31","2015"
"150701","2015-08-01","Saturday","31","8","1","2015"
"150702","2015-08-02","Sunday","31","8","2","2015"
"150703","2015-08-03","Monday","32","8","3","2015"
"150704","2015-08-04","Tuesday","32","8","4","2015"
"150705","2015-08-05","Wednesday","32","8","5","2015"
"150706","2015-08-06","Thursday","32","8","6","2015"
"150707","2015-08-07","Friday","32","8","7","2015"
"150708","2015-08-08","Saturday","32","8","8","2015"
"150709","2015-08-09","Sunday","32","8","9","2015"
"150710","2015-08-10","Monday","33","8","10","2015"
"150711","2015-08-11","Tuesday","33","8","11","2015"
"150712","2015-08-12","Wednesday","33","8","12","2015"
"150713","2015-08-13","Thursday","33","8","13","2015"
"150714","2015-08-14","Friday","33","8","14","2015"
"150715","2015-08-15","Saturday","33","8","15","2015"
"150716","2015-08-16","Sunday","33","8","16","2015"
"150717","2015-08-17","Monday","34","8","17","2015"
"150718","2015-08-18","Tuesday","34","8","18","2015"
"150719","2015-08-19","Wednesday","34","8","19","2015"
"150720","2015-08-20","Thursday","34","8","20","2015"
"150721","2015-08-21","Friday","34","8","21","2015"
"150722","2015-08-22","Saturday","34","8","22","2015"
"150723","2015-08-23","Sunday","34","8","23","2015"
"150724","2015-08-24","Monday","35","8","24","2015"
"150725","2015-08-25","Tuesday","35","8","25","2015"
"150726","2015-08-26","Wednesday","35","8","26","2015"
"150727","2015-08-27","Thursday","35","8","27","2015"
"150728","2015-08-28","Friday","35","8","28","2015"
"150729","2015-08-29","Saturday","35","8","29","2015"
"150730","2015-08-30","Sunday","35","8","30","2015"
"150731","2015-08-31","Monday","36","8","31","2015"
"150801","2015-09-01","Tuesday","36","9","1","2015"
"150802","2015-09-02","Wednesday","36","9","2","2015"
"150803","2015-09-03","Thursday","36","9","3","2015"
"150804","2015-09-04","Friday","36","9","4","2015"
"150805","2015-09-05","Saturday","36","9","5","2015"
"150806","2015-09-06","Sunday","36","9","6","2015"
"150807","2015-09-07","Monday","37","9","7","2015"
"150808","2015-09-08","Tuesday","37","9","8","2015"
"150809","2015-09-09","Wednesday","37","9","9","2015"
"150810","2015-09-10","Thursday","37","9","10","2015"
"150811","2015-09-11","Friday","37","9","11","2015"
"150812","2015-09-12","Saturday","37","9","12","2015"
"150813","2015-09-13","Sunday","37","9","13","2015"
"150814","2015-09-14","Monday","38","9","14","2015"
"150815","2015-09-15","Tuesday","38","9","15","2015"
"150816","2015-09-16","Wednesday","38","9","16","2015"
"150817","2015-09-17","Thursday","38","9","17","2015"
"150818","2015-09-18","Friday","38","9","18","2015"
"150819","2015-09-19","Saturday","38","9","19","2015"
"150820","2015-09-20","Sunday","38","9","20","2015"
"150821","2015-09-21","Monday","39","9","21","2015"
"150822","2015-09-22","Tuesday","39","9","22","2015"
"150823","2015-09-23","Wednesday","39","9","23","2015"
"150824","2015-09-24","Thursday","39","9","24","2015"
"150825","2015-09-25","Friday","39","9","25","2015"
"150826","2015-09-26","Saturday","39","9","26","2015"
"150827","2015-09-27","Sunday","39","9","27","2015"
"150828","2015-09-28","Monday","40","9","28","2015"
"150829","2015-09-29","Tuesday","40","9","29","2015"
"150830","2015-09-30","Wednesday","40","9","30","2015"
"150901","2015-10-01","Thursday","40","10","1","2015"
"150902","2015-10-02","Friday","40","10","2","2015"
"150903","2015-10-03","Saturday","40","10","3","2015"
"150904","2015-10-04","Sunday","40","10","4","2015"
"150905","2015-10-05","Monday","41","10","5","2015"
"150906","2015-10-06","Tuesday","41","10","6","2015"
"150907","2015-10-07","Wednesday","41","10","7","2015"
"150908","2015-10-08","Thursday","41","10","8","2015"
"150909","2015-10-09","Friday","41","10","9","2015"
"150910","2015-10-10","Saturday","41","10","10","2015"
"150911","2015-10-11","Sunday","41","10","11","2015"
"150912","2015-10-12","Monday","42","10","12","2015"
"150913","2015-10-13","Tuesday","42","10","13","2015"
"150914","2015-10-14","Wednesday","42","10","14","2015"
"150915","2015-10-15","Thursday","42","10","15","2015"
"150916","2015-10-16","Friday","42","10","16","2015"
"150917","2015-10-17","Saturday","42","10","17","2015"
"150918","2015-10-18","Sunday","42","10","18","2015"
"150919","2015-10-19","Monday","43","10","19","2015"
"150920","2015-10-20","Tuesday","43","10","20","2015"
"150921","2015-10-21","Wednesday","43","10","21","2015"
"150922","2015-10-22","Thursday","43","10","22","2015"
"150923","2015-10-23","Friday","43","10","23","2015"
"150924","2015-10-24","Saturday","43","10","24","2015"
"150925","2015-10-25","Sunday","43","10","25","2015"
"150926","2015-10-26","Monday","44","10","26","2015"
"150927","2015-10-27","Tuesday","44","10","27","2015"
"150928","2015-10-28","Wednesday","44","10","28","2015"
"150929","2015-10-29","Thursday","44","10","29","2015"
"150930","2015-10-30","Friday","44","10","30","2015"
"150931","2015-10-31","Saturday","44","10","31","2015"
"151001","2015-11-01","Sunday","44","11","1","2015"
"151002","2015-11-02","Monday","45","11","2","2015"
"151003","2015-11-03","Tuesday","45","11","3","2015"
"151004","2015-11-04","Wednesday","45","11","4","2015"
"151005","2015-11-05","Thursday","45","11","5","2015"
"151006","2015-11-06","Friday","45","11","6","2015"
"151007","2015-11-07","Saturday","45","11","7","2015"
"151008","2015-11-08","Sunday","45","11","8","2015"
"151009","2015-11-09","Monday","46","11","9","2015"
"151010","2015-11-10","Tuesday","46","11","10","2015"
"151011","2015-11-11","Wednesday","46","11","11","2015"
"151012","2015-11-12","Thursday","46","11","12","2015"
"151013","2015-11-13","Friday","46","11","13","2015"
"151014","2015-11-14","Saturday","46","11","14","2015"
"151015","2015-11-15","Sunday","46","11","15","2015"
"151016","2015-11-16","Monday","47","11","16","2015"
"151017","2015-11-17","Tuesday","47","11","17","2015"
"151018","2015-11-18","Wednesday","47","11","18","2015"
"151019","2015-11-19","Thursday","47","11","19","2015"
"151020","2015-11-20","Friday","47","11","20","2015"
"151021","2015-11-21","Saturday","47","11","21","2015"
"151022","2015-11-22","Sunday","47","11","22","2015"
"151023","2015-11-23","Monday","48","11","23","2015"
"151024","2015-11-24","Tuesday","48","11","24","2015"
"151025","2015-11-25","Wednesday","48","11","25","2015"
"151026","2015-11-26","Thursday","48","11","26","2015"
"151027","2015-11-27","Friday","48","11","27","2015"
"151028","2015-11-28","Saturday","48","11","28","2015"
"151029","2015-11-29","Sunday","48","11","29","2015"
"151030","2015-11-30","Monday","49","11","30","2015"
"151101","2015-12-01","Tuesday","49","12","1","2015"
"151102","2015-12-02","Wednesday","49","12","2","2015"
"151103","2015-12-03","Thursday","49","12","3","2015"
"151104","2015-12-04","Friday","49","12","4","2015"
"151105","2015-12-05","Saturday","49","12","5","2015"
"151106","2015-12-06","Sunday","49","12","6","2015"
"151107","2015-12-07","Monday","50","12","7","2015"
"151108","2015-12-08","Tuesday","50","12","8","2015"
"151109","2015-12-09","Wednesday","50","12","9","2015"
"151110","2015-12-10","Thursday","50","12","10","2015"
"151111","2015-12-11","Friday","50","12","11","2015"
"151112","2015-12-12","Saturday","50","12","12","2015"
"151113","2015-12-13","Sunday","50","12","13","2015"
"151114","2015-12-14","Monday","51","12","14","2015"
"151115","2015-12-15","Tuesday","51","12","15","2015"
"151116","2015-12-16","Wednesday","51","12","16","2015"
"151117","2015-12-17","Thursday","51","12","17","2015"
"151118","2015-12-18","Friday","51","12","18","2015"
"151119","2015-12-19","Saturday","51","12","19","2015"
"151120","2015-12-20","Sunday","51","12","20","2015"
"151121","2015-12-21","Monday","52","12","21","2015"
"151122","2015-12-22","Tuesday","52","12","22","2015"
"151123","2015-12-23","Wednesday","52","12","23","2015"
"151124","2015-12-24","Thursday","52","12","24","2015"
"151125","2015-12-25","Friday","52","12","25","2015"
"151126","2015-12-26","Saturday","52","12","26","2015"
"151127","2015-12-27","Sunday","52","12","27","2015"
"151128","2015-12-28","Monday","53","12","28","2015"
"151129","2015-12-29","Tuesday","53","12","29","2015"
"151130","2015-12-30","Wednesday","53","12","30","2015"
"151131","2015-12-31","Thursday","53","12","31","2015"
"160001","2016-01-01","Friday","53","1","1","2016"
"160002","2016-01-02","Saturday","53","1","2","2016"
"160003","2016-01-03","Sunday","53","1","3","2016"
"160004","2016-01-04","Monday","1","1","4","2016"
"160005","2016-01-05","Tuesday","1","1","5","2016"
"160006","2016-01-06","Wednesday","1","1","6","2016"
"160007","2016-01-07","Thursday","1","1","7","2016"
"160008","2016-01-08","Friday","1","1","8","2016"
"160009","2016-01-09","Saturday","1","1","9","2016"
"160010","2016-01-10","Sunday","1","1","10","2016"
"160011","2016-01-11","Monday","2","1","11","2016"
"160012","2016-01-12","Tuesday","2","1","12","2016"
"160013","2016-01-13","Wednesday","2","1","13","2016"
"160014","2016-01-14","Thursday","2","1","14","2016"
"160015","2016-01-15","Friday","2","1","15","2016"
"160016","2016-01-16","Saturday","2","1","16","2016"
"160017","2016-01-17","Sunday","2","1","17","2016"
"160018","2016-01-18","Monday","3","1","18","2016"
"160019","2016-01-19","Tuesday","3","1","19","2016"
"160020","2016-01-20","Wednesday","3","1","20","2016"
"160021","2016-01-21","Thursday","3","1","21","2016"
"160022","2016-01-22","Friday","3","1","22","2016"
"160023","2016-01-23","Saturday","3","1","23","2016"
"160024","2016-01-24","Sunday","3","1","24","2016"
"160025","2016-01-25","Monday","4","1","25","2016"
"160026","2016-01-26","Tuesday","4","1","26","2016"
"160027","2016-01-27","Wednesday","4","1","27","2016"
"160028","2016-01-28","Thursday","4","1","28","2016"
"160029","2016-01-29","Friday","4","1","29","2016"
"160030","2016-01-30","Saturday","4","1","30","2016"
"160031","2016-01-31","Sunday","4","1","31","2016"
"160101","2016-02-01","Monday","5","2","1","2016"
"160102","2016-02-02","Tuesday","5","2","2","2016"
"160103","2016-02-03","Wednesday","5","2","3","2016"
"160104","2016-02-04","Thursday","5","2","4","2016"
"160105","2016-02-05","Friday","5","2","5","2016"
"160106","2016-02-06","Saturday","5","2","6","2016"
"160107","2016-02-07","Sunday","5","2","7","2016"
"160108","2016-02-08","Monday","6","2","8","2016"
"160109","2016-02-09","Tuesday","6","2","9","2016"
"160110","2016-02-10","Wednesday","6","2","10","2016"
"160111","2016-02-11","Thursday","6","2","11","2016"
"160112","2016-02-12","Friday","6","2","12","2016"
"160113","2016-02-13","Saturday","6","2","13","2016"
"160114","2016-02-14","Sunday","6","2","14","2016"
"160115","2016-02-15","Monday","7","2","15","2016"
"160116","2016-02-16","Tuesday","7","2","16","2016"
"160117","2016-02-17","Wednesday","7","2","17","2016"
"160118","2016-02-18","Thursday","7","2","18","2016"
"160119","2016-02-19","Friday","7","2","19","2016"
"160120","2016-02-20","Saturday","7","2","20","2016"
"160121","2016-02-21","Sunday","7","2","21","2016"
"160122","2016-02-22","Monday","8","2","22","2016"
"160123","2016-02-23","Tuesday","8","2","23","2016"
"160124","2016-02-24","Wednesday","8","2","24","2016"
"160125","2016-02-25","Thursday","8","2","25","2016"
"160126","2016-02-26","Friday","8","2","26","2016"
"160127","2016-02-27","Saturday","8","2","27","2016"
"160128","2016-02-28","Sunday","8","2","28","2016"
"160129","2016-02-29","Monday","9","2","29","2016"
"160201","2016-03-01","Tuesday","9","3","1","2016"
"160202","2016-03-02","Wednesday","9","3","2","2016"
"160203","2016-03-03","Thursday","9","3","3","2016"
"160204","2016-03-04","Friday","9","3","4","2016"
"160205","2016-03-05","Saturday","9","3","5","2016"
"160206","2016-03-06","Sunday","9","3","6","2016"
"160207","2016-03-07","Monday","10","3","7","2016"
"160208","2016-03-08","Tuesday","10","3","8","2016"
"160209","2016-03-09","Wednesday","10","3","9","2016"
"160210","2016-03-10","Thursday","10","3","10","2016"
"160211","2016-03-11","Friday","10","3","11","2016"
"160212","2016-03-12","Saturday","10","3","12","2016"
"160213","2016-03-13","Sunday","10","3","13","2016"
"160214","2016-03-14","Monday","11","3","14","2016"
"160215","2016-03-15","Tuesday","11","3","15","2016"
"160216","2016-03-16","Wednesday","11","3","16","2016"
"160217","2016-03-17","Thursday","11","3","17","2016"
"160218","2016-03-18","Friday","11","3","18","2016"
"160219","2016-03-19","Saturday","11","3","19","2016"
"160220","2016-03-20","Sunday","11","3","20","2016"
"160221","2016-03-21","Monday","12","3","21","2016"
"160222","2016-03-22","Tuesday","12","3","22","2016"
"160223","2016-03-23","Wednesday","12","3","23","2016"
"160224","2016-03-24","Thursday","12","3","24","2016"
"160225","2016-03-25","Friday","12","3","25","2016"
"160226","2016-03-26","Saturday","12","3","26","2016"
"160227","2016-03-27","Sunday","12","3","27","2016"
"160228","2016-03-28","Monday","13","3","28","2016"
"160229","2016-03-29","Tuesday","13","3","29","2016"
"160230","2016-03-30","Wednesday","13","3","30","2016"
"160231","2016-03-31","Thursday","13","3","31","2016"
"160301","2016-04-01","Friday","13","4","1","2016"
"160302","2016-04-02","Saturday","13","4","2","2016"
"160303","2016-04-03","Sunday","13","4","3","2016"
"160304","2016-04-04","Monday","14","4","4","2016"
"160305","2016-04-05","Tuesday","14","4","5","2016"
"160306","2016-04-06","Wednesday","14","4","6","2016"
"160307","2016-04-07","Thursday","14","4","7","2016"
"160308","2016-04-08","Friday","14","4","8","2016"
"160309","2016-04-09","Saturday","14","4","9","2016"
"160310","2016-04-10","Sunday","14","4","10","2016"
"160311","2016-04-11","Monday","15","4","11","2016"
"160312","2016-04-12","Tuesday","15","4","12","2016"
"160313","2016-04-13","Wednesday","15","4","13","2016"
"160314","2016-04-14","Thursday","15","4","14","2016"
"160315","2016-04-15","Friday","15","4","15","2016"
"160316","2016-04-16","Saturday","15","4","16","2016"
"160317","2016-04-17","Sunday","15","4","17","2016"
"160318","2016-04-18","Monday","16","4","18","2016"
"160319","2016-04-19","Tuesday","16","4","19","2016"
"160320","2016-04-20","Wednesday","16","4","20","2016"
"160321","2016-04-21","Thursday","16","4","21","2016"
"160322","2016-04-22","Friday","16","4","22","2016"
"160323","2016-04-23","Saturday","16","4","23","2016"
"160324","2016-04-24","Sunday","16","4","24","2016"
"160325","2016-04-25","Monday","17","4","25","2016"
"160326","2016-04-26","Tuesday","17","4","26","2016"
"160327","2016-04-27","Wednesday","17","4","27","2016"
"160328","2016-04-28","Thursday","17","4","28","2016"
"160329","2016-04-29","Friday","17","4","29","2016"
"160330","2016-04-30","Saturday","17","4","30","2016"
"160401","2016-05-01","Sunday","17","5","1","2016"
"160402","2016-05-02","Monday","18","5","2","2016"
"160403","2016-05-03","Tuesday","18","5","3","2016"
"160404","2016-05-04","Wednesday","18","5","4","2016"
"160405","2016-05-05","Thursday","18","5","5","2016"
"160406","2016-05-06","Friday","18","5","6","2016"
"160407","2016-05-07","Saturday","18","5","7","2016"
"160408","2016-05-08","Sunday","18","5","8","2016"
"160409","2016-05-09","Monday","19","5","9","2016"
"160410","2016-05-10","Tuesday","19","5","10","2016"
"160411","2016-05-11","Wednesday","19","5","11","2016"
"160412","2016-05-12","Thursday","19","5","12","2016"
"160413","2016-05-13","Friday","19","5","13","2016"
"160414","2016-05-14","Saturday","19","5","14","2016"
"160415","2016-05-15","Sunday","19","5","15","2016"
"160416","2016-05-16","Monday","20","5","16","2016"
"160417","2016-05-17","Tuesday","20","5","17","2016"
"160418","2016-05-18","Wednesday","20","5","18","2016"
"160419","2016-05-19","Thursday","20","5","19","2016"
"160420","2016-05-20","Friday","20","5","20","2016"
"160421","2016-05-21","Saturday","20","5","21","2016"
"160422","2016-05-22","Sunday","20","5","22","2016"
"160423","2016-05-23","Monday","21","5","23","2016"
"160424","2016-05-24","Tuesday","21","5","24","2016"
"160425","2016-05-25","Wednesday","21","5","25","2016"
"160426","2016-05-26","Thursday","21","5","26","2016"
"160427","2016-05-27","Friday","21","5","27","2016"
"160428","2016-05-28","Saturday","21","5","28","2016"
"160429","2016-05-29","Sunday","21","5","29","2016"
"160430","2016-05-30","Monday","22","5","30","2016"
"160431","2016-05-31","Tuesday","22","5","31","2016"
"160501","2016-06-01","Wednesday","22","6","1","2016"
"160502","2016-06-02","Thursday","22","6","2","2016"
"160503","2016-06-03","Friday","22","6","3","2016"
"160504","2016-06-04","Saturday","22","6","4","2016"
"160505","2016-06-05","Sunday","22","6","5","2016"
"160506","2016-06-06","Monday","23","6","6","2016"
"160507","2016-06-07","Tuesday","23","6","7","2016"
"160508","2016-06-08","Wednesday","23","6","8","2016"
"160509","2016-06-09","Thursday","23","6","9","2016"
"160510","2016-06-10","Friday","23","6","10","2016"
"160511","2016-06-11","Saturday","23","6","11","2016"
"160512","2016-06-12","Sunday","23","6","12","2016"
"160513","2016-06-13","Monday","24","6","13","2016"
"160514","2016-06-14","Tuesday","24","6","14","2016"
"160515","2016-06-15","Wednesday","24","6","15","2016"
"160516","2016-06-16","Thursday","24","6","16","2016"
"160517","2016-06-17","Friday","24","6","17","2016"
"160518","2016-06-18","Saturday","24","6","18","2016"
"160519","2016-06-19","Sunday","24","6","19","2016"
"160520","2016-06-20","Monday","25","6","20","2016"
"160521","2016-06-21","Tuesday","25","6","21","2016"
"160522","2016-06-22","Wednesday","25","6","22","2016"
"160523","2016-06-23","Thursday","25","6","23","2016"
"160524","2016-06-24","Friday","25","6","24","2016"
"160525","2016-06-25","Saturday","25","6","25","2016"
"160526","2016-06-26","Sunday","25","6","26","2016"
"160527","2016-06-27","Monday","26","6","27","2016"
"160528","2016-06-28","Tuesday","26","6","28","2016"
"160529","2016-06-29","Wednesday","26","6","29","2016"
"160530","2016-06-30","Thursday","26","6","30","2016"
"160601","2016-07-01","Friday","26","7","1","2016"
"160602","2016-07-02","Saturday","26","7","2","2016"
"160603","2016-07-03","Sunday","26","7","3","2016"
"160604","2016-07-04","Monday","27","7","4","2016"
"160605","2016-07-05","Tuesday","27","7","5","2016"
"160606","2016-07-06","Wednesday","27","7","6","2016"
"160607","2016-07-07","Thursday","27","7","7","2016"
"160608","2016-07-08","Friday","27","7","8","2016"
"160609","2016-07-09","Saturday","27","7","9","2016"
"160610","2016-07-10","Sunday","27","7","10","2016"
"160611","2016-07-11","Monday","28","7","11","2016"
"160612","2016-07-12","Tuesday","28","7","12","2016"
"160613","2016-07-13","Wednesday","28","7","13","2016"
"160614","2016-07-14","Thursday","28","7","14","2016"
"160615","2016-07-15","Friday","28","7","15","2016"
"160616","2016-07-16","Saturday","28","7","16","2016"
"160617","2016-07-17","Sunday","28","7","17","2016"
"160618","2016-07-18","Monday","29","7","18","2016"
"160619","2016-07-19","Tuesday","29","7","19","2016"
"160620","2016-07-20","Wednesday","29","7","20","2016"
"160621","2016-07-21","Thursday","29","7","21","2016"
"160622","2016-07-22","Friday","29","7","22","2016"
"160623","2016-07-23","Saturday","29","7","23","2016"
"160624","2016-07-24","Sunday","29","7","24","2016"
"160625","2016-07-25","Monday","30","7","25","2016"
"160626","2016-07-26","Tuesday","30","7","26","2016"
"160627","2016-07-27","Wednesday","30","7","27","2016"
"160628","2016-07-28","Thursday","30","7","28","2016"
"160629","2016-07-29","Friday","30","7","29","2016"
"160630","2016-07-30","Saturday","30","7","30","2016"
"160631","2016-07-31","Sunday","30","7","31","2016"
"160701","2016-08-01","Monday","31","8","1","2016"
"160702","2016-08-02","Tuesday","31","8","2","2016"
"160703","2016-08-03","Wednesday","31","8","3","2016"
"160704","2016-08-04","Thursday","31","8","4","2016"
"160705","2016-08-05","Friday","31","8","5","2016"
"160706","2016-08-06","Saturday","31","8","6","2016"
"160707","2016-08-07","Sunday","31","8","7","2016"
"160708","2016-08-08","Monday","32","8","8","2016"
"160709","2016-08-09","Tuesday","32","8","9","2016"
"160710","2016-08-10","Wednesday","32","8","10","2016"
"160711","2016-08-11","Thursday","32","8","11","2016"
"160712","2016-08-12","Friday","32","8","12","2016"
"160713","2016-08-13","Saturday","32","8","13","2016"
"160714","2016-08-14","Sunday","32","8","14","2016"
"160715","2016-08-15","Monday","33","8","15","2016"
"160716","2016-08-16","Tuesday","33","8","16","2016"
"160717","2016-08-17","Wednesday","33","8","17","2016"
"160718","2016-08-18","Thursday","33","8","18","2016"
"160719","2016-08-19","Friday","33","8","19","2016"
"160720","2016-08-20","Saturday","33","8","20","2016"
"160721","2016-08-21","Sunday","33","8","21","2016"
"160722","2016-08-22","Monday","34","8","22","2016"
"160723","2016-08-23","Tuesday","34","8","23","2016"
"160724","2016-08-24","Wednesday","34","8","24","2016"
"160725","2016-08-25","Thursday","34","8","25","2016"
"160726","2016-08-26","Friday","34","8","26","2016"
"160727","2016-08-27","Saturday","34","8","27","2016"
"160728","2016-08-28","Sunday","34","8","28","2016"
"160729","2016-08-29","Monday","35","8","29","2016"
"160730","2016-08-30","Tuesday","35","8","30","2016"
"160731","2016-08-31","Wednesday","35","8","31","2016"
"160801","2016-09-01","Thursday","35","9","1","2016"
"160802","2016-09-02","Friday","35","9","2","2016"
"160803","2016-09-03","Saturday","35","9","3","2016"
"160804","2016-09-04","Sunday","35","9","4","2016"
"160805","2016-09-05","Monday","36","9","5","2016"
"160806","2016-09-06","Tuesday","36","9","6","2016"
"160807","2016-09-07","Wednesday","36","9","7","2016"
"160808","2016-09-08","Thursday","36","9","8","2016"
"160809","2016-09-09","Friday","36","9","9","2016"
"160810","2016-09-10","Saturday","36","9","10","2016"
"160811","2016-09-11","Sunday","36","9","11","2016"
"160812","2016-09-12","Monday","37","9","12","2016"
"160813","2016-09-13","Tuesday","37","9","13","2016"
"160814","2016-09-14","Wednesday","37","9","14","2016"
"160815","2016-09-15","Thursday","37","9","15","2016"
"160816","2016-09-16","Friday","37","9","16","2016"
"160817","2016-09-17","Saturday","37","9","17","2016"
"160818","2016-09-18","Sunday","37","9","18","2016"
"160819","2016-09-19","Monday","38","9","19","2016"
"160820","2016-09-20","Tuesday","38","9","20","2016"
"160821","2016-09-21","Wednesday","38","9","21","2016"
"160822","2016-09-22","Thursday","38","9","22","2016"
"160823","2016-09-23","Friday","38","9","23","2016"
"160824","2016-09-24","Saturday","38","9","24","2016"
"160825","2016-09-25","Sunday","38","9","25","2016"
"160826","2016-09-26","Monday","39","9","26","2016"
"160827","2016-09-27","Tuesday","39","9","27","2016"
"160828","2016-09-28","Wednesday","39","9","28","2016"
"160829","2016-09-29","Thursday","39","9","29","2016"
"160830","2016-09-30","Friday","39","9","30","2016"
"160901","2016-10-01","Saturday","39","10","1","2016"
"160902","2016-10-02","Sunday","39","10","2","2016"
"160903","2016-10-03","Monday","40","10","3","2016"
"160904","2016-10-04","Tuesday","40","10","4","2016"
"160905","2016-10-05","Wednesday","40","10","5","2016"
"160906","2016-10-06","Thursday","40","10","6","2016"
"160907","2016-10-07","Friday","40","10","7","2016"
"160908","2016-10-08","Saturday","40","10","8","2016"
"160909","2016-10-09","Sunday","40","10","9","2016"
"160910","2016-10-10","Monday","41","10","10","2016"
"160911","2016-10-11","Tuesday","41","10","11","2016"
"160912","2016-10-12","Wednesday","41","10","12","2016"
"160913","2016-10-13","Thursday","41","10","13","2016"
"160914","2016-10-14","Friday","41","10","14","2016"
"160915","2016-10-15","Saturday","41","10","15","2016"
"160916","2016-10-16","Sunday","41","10","16","2016"
"160917","2016-10-17","Monday","42","10","17","2016"
"160918","2016-10-18","Tuesday","42","10","18","2016"
"160919","2016-10-19","Wednesday","42","10","19","2016"
"160920","2016-10-20","Thursday","42","10","20","2016"
"160921","2016-10-21","Friday","42","10","21","2016"
"160922","2016-10-22","Saturday","42","10","22","2016"
"160923","2016-10-23","Sunday","42","10","23","2016"
"160924","2016-10-24","Monday","43","10","24","2016"
"160925","2016-10-25","Tuesday","43","10","25","2016"
"160926","2016-10-26","Wednesday","43","10","26","2016"
"160927","2016-10-27","Thursday","43","10","27","2016"
"160928","2016-10-28","Friday","43","10","28","2016"
"160929","2016-10-29","Saturday","43","10","29","2016"
"160930","2016-10-30","Sunday","43","10","30","2016"
"160931","2016-10-31","Monday","44","10","31","2016"
"161001","2016-11-01","Tuesday","44","11","1","2016"
"161002","2016-11-02","Wednesday","44","11","2","2016"
"161003","2016-11-03","Thursday","44","11","3","2016"
"161004","2016-11-04","Friday","44","11","4","2016"
"161005","2016-11-05","Saturday","44","11","5","2016"
"161006","2016-11-06","Sunday","44","11","6","2016"
"161007","2016-11-07","Monday","45","11","7","2016"
"161008","2016-11-08","Tuesday","45","11","8","2016"
"161009","2016-11-09","Wednesday","45","11","9","2016"
"161010","2016-11-10","Thursday","45","11","10","2016"
"161011","2016-11-11","Friday","45","11","11","2016"
"161012","2016-11-12","Saturday","45","11","12","2016"
"161013","2016-11-13","Sunday","45","11","13","2016"
"161014","2016-11-14","Monday","46","11","14","2016"
"161015","2016-11-15","Tuesday","46","11","15","2016"
"161016","2016-11-16","Wednesday","46","11","16","2016"
"161017","2016-11-17","Thursday","46","11","17","2016"
"161018","2016-11-18","Friday","46","11","18","2016"
"161019","2016-11-19","Saturday","46","11","19","2016"
"161020","2016-11-20","Sunday","46","11","20","2016"
"161021","2016-11-21","Monday","47","11","21","2016"
"161022","2016-11-22","Tuesday","47","11","22","2016"
"161023","2016-11-23","Wednesday","47","11","23","2016"
"161024","2016-11-24","Thursday","47","11","24","2016"
"161025","2016-11-25","Friday","47","11","25","2016"
"161026","2016-11-26","Saturday","47","11","26","2016"
"161027","2016-11-27","Sunday","47","11","27","2016"
"161028","2016-11-28","Monday","48","11","28","2016"
"161029","2016-11-29","Tuesday","48","11","29","2016"
"161030","2016-11-30","Wednesday","48","11","30","2016"
"161101","2016-12-01","Thursday","48","12","1","2016"
"161102","2016-12-02","Friday","48","12","2","2016"
"161103","2016-12-03","Saturday","48","12","3","2016"
"161104","2016-12-04","Sunday","48","12","4","2016"
"161105","2016-12-05","Monday","49","12","5","2016"
"161106","2016-12-06","Tuesday","49","12","6","2016"
"161107","2016-12-07","Wednesday","49","12","7","2016"
"161108","2016-12-08","Thursday","49","12","8","2016"
"161109","2016-12-09","Friday","49","12","9","2016"
"161110","2016-12-10","Saturday","49","12","10","2016"
"161111","2016-12-11","Sunday","49","12","11","2016"
"161112","2016-12-12","Monday","50","12","12","2016"
"161113","2016-12-13","Tuesday","50","12","13","2016"
"161114","2016-12-14","Wednesday","50","12","14","2016"
"161115","2016-12-15","Thursday","50","12","15","2016"
"161116","2016-12-16","Friday","50","12","16","2016"
"161117","2016-12-17","Saturday","50","12","17","2016"
"161118","2016-12-18","Sunday","50","12","18","2016"
"161119","2016-12-19","Monday","51","12","19","2016"
"161120","2016-12-20","Tuesday","51","12","20","2016"
"161121","2016-12-21","Wednesday","51","12","21","2016"
"161122","2016-12-22","Thursday","51","12","22","2016"
"161123","2016-12-23","Friday","51","12","23","2016"
"161124","2016-12-24","Saturday","51","12","24","2016"
"161125","2016-12-25","Sunday","51","12","25","2016"
"161126","2016-12-26","Monday","52","12","26","2016"
"161127","2016-12-27","Tuesday","52","12","27","2016"
"161128","2016-12-28","Wednesday","52","12","28","2016"
"161129","2016-12-29","Thursday","52","12","29","2016"
"161130","2016-12-30","Friday","52","12","30","2016"
"161131","2016-12-31","Saturday","52","12","31","2016"
"170001","2017-01-01","Sunday","52","1","1","2017"
"170002","2017-01-02","Monday","1","1","2","2017"
"170003","2017-01-03","Tuesday","1","1","3","2017"
"170004","2017-01-04","Wednesday","1","1","4","2017"
"170005","2017-01-05","Thursday","1","1","5","2017"
"170006","2017-01-06","Friday","1","1","6","2017"
"170007","2017-01-07","Saturday","1","1","7","2017"
"170008","2017-01-08","Sunday","1","1","8","2017"
"170009","2017-01-09","Monday","2","1","9","2017"
"170010","2017-01-10","Tuesday","2","1","10","2017"
"170011","2017-01-11","Wednesday","2","1","11","2017"
"170012","2017-01-12","Thursday","2","1","12","2017"
"170013","2017-01-13","Friday","2","1","13","2017"
"170014","2017-01-14","Saturday","2","1","14","2017"
"170015","2017-01-15","Sunday","2","1","15","2017"
"170016","2017-01-16","Monday","3","1","16","2017"
"170017","2017-01-17","Tuesday","3","1","17","2017"
"170018","2017-01-18","Wednesday","3","1","18","2017"
"170019","2017-01-19","Thursday","3","1","19","2017"
"170020","2017-01-20","Friday","3","1","20","2017"
"170021","2017-01-21","Saturday","3","1","21","2017"
"170022","2017-01-22","Sunday","3","1","22","2017"
"170023","2017-01-23","Monday","4","1","23","2017"
"170024","2017-01-24","Tuesday","4","1","24","2017"
"170025","2017-01-25","Wednesday","4","1","25","2017"
"170026","2017-01-26","Thursday","4","1","26","2017"
"170027","2017-01-27","Friday","4","1","27","2017"
"170028","2017-01-28","Saturday","4","1","28","2017"
"170029","2017-01-29","Sunday","4","1","29","2017"
"170030","2017-01-30","Monday","5","1","30","2017"
"170031","2017-01-31","Tuesday","5","1","31","2017"
"170101","2017-02-01","Wednesday","5","2","1","2017"
"170102","2017-02-02","Thursday","5","2","2","2017"
"170103","2017-02-03","Friday","5","2","3","2017"
"170104","2017-02-04","Saturday","5","2","4","2017"
"170105","2017-02-05","Sunday","5","2","5","2017"
"170106","2017-02-06","Monday","6","2","6","2017"
"170107","2017-02-07","Tuesday","6","2","7","2017"
"170108","2017-02-08","Wednesday","6","2","8","2017"
"170109","2017-02-09","Thursday","6","2","9","2017"
"170110","2017-02-10","Friday","6","2","10","2017"
"170111","2017-02-11","Saturday","6","2","11","2017"
"170112","2017-02-12","Sunday","6","2","12","2017"
"170113","2017-02-13","Monday","7","2","13","2017"
"170114","2017-02-14","Tuesday","7","2","14","2017"
"170115","2017-02-15","Wednesday","7","2","15","2017"
"170116","2017-02-16","Thursday","7","2","16","2017"
"170117","2017-02-17","Friday","7","2","17","2017"
"170118","2017-02-18","Saturday","7","2","18","2017"
"170119","2017-02-19","Sunday","7","2","19","2017"
"170120","2017-02-20","Monday","8","2","20","2017"
"170121","2017-02-21","Tuesday","8","2","21","2017"
"170122","2017-02-22","Wednesday","8","2","22","2017"
"170123","2017-02-23","Thursday","8","2","23","2017"
"170124","2017-02-24","Friday","8","2","24","2017"
"170125","2017-02-25","Saturday","8","2","25","2017"
"170126","2017-02-26","Sunday","8","2","26","2017"
"170127","2017-02-27","Monday","9","2","27","2017"
"170128","2017-02-28","Tuesday","9","2","28","2017"
"170201","2017-03-01","Wednesday","9","3","1","2017"
"170202","2017-03-02","Thursday","9","3","2","2017"
"170203","2017-03-03","Friday","9","3","3","2017"
"170204","2017-03-04","Saturday","9","3","4","2017"
"170205","2017-03-05","Sunday","9","3","5","2017"
"170206","2017-03-06","Monday","10","3","6","2017"
"170207","2017-03-07","Tuesday","10","3","7","2017"
"170208","2017-03-08","Wednesday","10","3","8","2017"
"170209","2017-03-09","Thursday","10","3","9","2017"
"170210","2017-03-10","Friday","10","3","10","2017"
"170211","2017-03-11","Saturday","10","3","11","2017"
"170212","2017-03-12","Sunday","10","3","12","2017"
"170213","2017-03-13","Monday","11","3","13","2017"
"170214","2017-03-14","Tuesday","11","3","14","2017"
"170215","2017-03-15","Wednesday","11","3","15","2017"
"170216","2017-03-16","Thursday","11","3","16","2017"
"170217","2017-03-17","Friday","11","3","17","2017"
"170218","2017-03-18","Saturday","11","3","18","2017"
"170219","2017-03-19","Sunday","11","3","19","2017"
"170220","2017-03-20","Monday","12","3","20","2017"
"170221","2017-03-21","Tuesday","12","3","21","2017"
"170222","2017-03-22","Wednesday","12","3","22","2017"
"170223","2017-03-23","Thursday","12","3","23","2017"
"170224","2017-03-24","Friday","12","3","24","2017"
"170225","2017-03-25","Saturday","12","3","25","2017"
"170226","2017-03-26","Sunday","12","3","26","2017"
"170227","2017-03-27","Monday","13","3","27","2017"
"170228","2017-03-28","Tuesday","13","3","28","2017"
"170229","2017-03-29","Wednesday","13","3","29","2017"
"170230","2017-03-30","Thursday","13","3","30","2017"
"170231","2017-03-31","Friday","13","3","31","2017"
"170301","2017-04-01","Saturday","13","4","1","2017"
"170302","2017-04-02","Sunday","13","4","2","2017"
"170303","2017-04-03","Monday","14","4","3","2017"
"170304","2017-04-04","Tuesday","14","4","4","2017"
"170305","2017-04-05","Wednesday","14","4","5","2017"
"170306","2017-04-06","Thursday","14","4","6","2017"
"170307","2017-04-07","Friday","14","4","7","2017"
"170308","2017-04-08","Saturday","14","4","8","2017"
"170309","2017-04-09","Sunday","14","4","9","2017"
"170310","2017-04-10","Monday","15","4","10","2017"
"170311","2017-04-11","Tuesday","15","4","11","2017"
"170312","2017-04-12","Wednesday","15","4","12","2017"
"170313","2017-04-13","Thursday","15","4","13","2017"
"170314","2017-04-14","Friday","15","4","14","2017"
"170315","2017-04-15","Saturday","15","4","15","2017"
"170316","2017-04-16","Sunday","15","4","16","2017"
"170317","2017-04-17","Monday","16","4","17","2017"
"170318","2017-04-18","Tuesday","16","4","18","2017"
"170319","2017-04-19","Wednesday","16","4","19","2017"
"170320","2017-04-20","Thursday","16","4","20","2017"
"170321","2017-04-21","Friday","16","4","21","2017"
"170322","2017-04-22","Saturday","16","4","22","2017"
"170323","2017-04-23","Sunday","16","4","23","2017"
"170324","2017-04-24","Monday","17","4","24","2017"
"170325","2017-04-25","Tuesday","17","4","25","2017"
"170326","2017-04-26","Wednesday","17","4","26","2017"
"170327","2017-04-27","Thursday","17","4","27","2017"
"170328","2017-04-28","Friday","17","4","28","2017"
"170329","2017-04-29","Saturday","17","4","29","2017"
"170330","2017-04-30","Sunday","17","4","30","2017"
"170401","2017-05-01","Monday","18","5","1","2017"
"170402","2017-05-02","Tuesday","18","5","2","2017"
"170403","2017-05-03","Wednesday","18","5","3","2017"
"170404","2017-05-04","Thursday","18","5","4","2017"
"170405","2017-05-05","Friday","18","5","5","2017"
"170406","2017-05-06","Saturday","18","5","6","2017"
"170407","2017-05-07","Sunday","18","5","7","2017"
"170408","2017-05-08","Monday","19","5","8","2017"
"170409","2017-05-09","Tuesday","19","5","9","2017"
"170410","2017-05-10","Wednesday","19","5","10","2017"
"170411","2017-05-11","Thursday","19","5","11","2017"
"170412","2017-05-12","Friday","19","5","12","2017"
"170413","2017-05-13","Saturday","19","5","13","2017"
"170414","2017-05-14","Sunday","19","5","14","2017"
"170415","2017-05-15","Monday","20","5","15","2017"
"170416","2017-05-16","Tuesday","20","5","16","2017"
"170417","2017-05-17","Wednesday","20","5","17","2017"
"170418","2017-05-18","Thursday","20","5","18","2017"
"170419","2017-05-19","Friday","20","5","19","2017"
"170420","2017-05-20","Saturday","20","5","20","2017"
"170421","2017-05-21","Sunday","20","5","21","2017"
"170422","2017-05-22","Monday","21","5","22","2017"
"170423","2017-05-23","Tuesday","21","5","23","2017"
"170424","2017-05-24","Wednesday","21","5","24","2017"
"170425","2017-05-25","Thursday","21","5","25","2017"
"170426","2017-05-26","Friday","21","5","26","2017"
"170427","2017-05-27","Saturday","21","5","27","2017"
"170428","2017-05-28","Sunday","21","5","28","2017"
"170429","2017-05-29","Monday","22","5","29","2017"
"170430","2017-05-30","Tuesday","22","5","30","2017"
"170431","2017-05-31","Wednesday","22","5","31","2017"
"170501","2017-06-01","Thursday","22","6","1","2017"
"170502","2017-06-02","Friday","22","6","2","2017"
"170503","2017-06-03","Saturday","22","6","3","2017"
"170504","2017-06-04","Sunday","22","6","4","2017"
"170505","2017-06-05","Monday","23","6","5","2017"
"170506","2017-06-06","Tuesday","23","6","6","2017"
"170507","2017-06-07","Wednesday","23","6","7","2017"
"170508","2017-06-08","Thursday","23","6","8","2017"
"170509","2017-06-09","Friday","23","6","9","2017"
"170510","2017-06-10","Saturday","23","6","10","2017"
"170511","2017-06-11","Sunday","23","6","11","2017"
"170512","2017-06-12","Monday","24","6","12","2017"
"170513","2017-06-13","Tuesday","24","6","13","2017"
"170514","2017-06-14","Wednesday","24","6","14","2017"
"170515","2017-06-15","Thursday","24","6","15","2017"
"170516","2017-06-16","Friday","24","6","16","2017"
"170517","2017-06-17","Saturday","24","6","17","2017"
"170518","2017-06-18","Sunday","24","6","18","2017"
"170519","2017-06-19","Monday","25","6","19","2017"
"170520","2017-06-20","Tuesday","25","6","20","2017"
"170521","2017-06-21","Wednesday","25","6","21","2017"
"170522","2017-06-22","Thursday","25","6","22","2017"
"170523","2017-06-23","Friday","25","6","23","2017"
"170524","2017-06-24","Saturday","25","6","24","2017"
"170525","2017-06-25","Sunday","25","6","25","2017"
"170526","2017-06-26","Monday","26","6","26","2017"
"170527","2017-06-27","Tuesday","26","6","27","2017"
"170528","2017-06-28","Wednesday","26","6","28","2017"
"170529","2017-06-29","Thursday","26","6","29","2017"
"170530","2017-06-30","Friday","26","6","30","2017"
"170601","2017-07-01","Saturday","26","7","1","2017"
"170602","2017-07-02","Sunday","26","7","2","2017"
"170603","2017-07-03","Monday","27","7","3","2017"
"170604","2017-07-04","Tuesday","27","7","4","2017"
"170605","2017-07-05","Wednesday","27","7","5","2017"
"170606","2017-07-06","Thursday","27","7","6","2017"
"170607","2017-07-07","Friday","27","7","7","2017"
"170608","2017-07-08","Saturday","27","7","8","2017"
"170609","2017-07-09","Sunday","27","7","9","2017"
"170610","2017-07-10","Monday","28","7","10","2017"
"170611","2017-07-11","Tuesday","28","7","11","2017"
"170612","2017-07-12","Wednesday","28","7","12","2017"
"170613","2017-07-13","Thursday","28","7","13","2017"
"170614","2017-07-14","Friday","28","7","14","2017"
"170615","2017-07-15","Saturday","28","7","15","2017"
"170616","2017-07-16","Sunday","28","7","16","2017"
"170617","2017-07-17","Monday","29","7","17","2017"
"170618","2017-07-18","Tuesday","29","7","18","2017"
"170619","2017-07-19","Wednesday","29","7","19","2017"
"170620","2017-07-20","Thursday","29","7","20","2017"
"170621","2017-07-21","Friday","29","7","21","2017"
"170622","2017-07-22","Saturday","29","7","22","2017"
"170623","2017-07-23","Sunday","29","7","23","2017"
"170624","2017-07-24","Monday","30","7","24","2017"
"170625","2017-07-25","Tuesday","30","7","25","2017"
"170626","2017-07-26","Wednesday","30","7","26","2017"
"170627","2017-07-27","Thursday","30","7","27","2017"
"170628","2017-07-28","Friday","30","7","28","2017"
"170629","2017-07-29","Saturday","30","7","29","2017"
"170630","2017-07-30","Sunday","30","7","30","2017"
"170631","2017-07-31","Monday","31","7","31","2017"
"170701","2017-08-01","Tuesday","31","8","1","2017"
"170702","2017-08-02","Wednesday","31","8","2","2017"
"170703","2017-08-03","Thursday","31","8","3","2017"
"170704","2017-08-04","Friday","31","8","4","2017"
"170705","2017-08-05","Saturday","31","8","5","2017"
"170706","2017-08-06","Sunday","31","8","6","2017"
"170707","2017-08-07","Monday","32","8","7","2017"
"170708","2017-08-08","Tuesday","32","8","8","2017"
"170709","2017-08-09","Wednesday","32","8","9","2017"
"170710","2017-08-10","Thursday","32","8","10","2017"
"170711","2017-08-11","Friday","32","8","11","2017"
"170712","2017-08-12","Saturday","32","8","12","2017"
"170713","2017-08-13","Sunday","32","8","13","2017"
"170714","2017-08-14","Monday","33","8","14","2017"
"170715","2017-08-15","Tuesday","33","8","15","2017"
"170716","2017-08-16","Wednesday","33","8","16","2017"
"170717","2017-08-17","Thursday","33","8","17","2017"
"170718","2017-08-18","Friday","33","8","18","2017"
"170719","2017-08-19","Saturday","33","8","19","2017"
"170720","2017-08-20","Sunday","33","8","20","2017"
"170721","2017-08-21","Monday","34","8","21","2017"
"170722","2017-08-22","Tuesday","34","8","22","2017"
"170723","2017-08-23","Wednesday","34","8","23","2017"
"170724","2017-08-24","Thursday","34","8","24","2017"
"170725","2017-08-25","Friday","34","8","25","2017"
"170726","2017-08-26","Saturday","34","8","26","2017"
"170727","2017-08-27","Sunday","34","8","27","2017"
"170728","2017-08-28","Monday","35","8","28","2017"
"170729","2017-08-29","Tuesday","35","8","29","2017"
"170730","2017-08-30","Wednesday","35","8","30","2017"
"170731","2017-08-31","Thursday","35","8","31","2017"
"170801","2017-09-01","Friday","35","9","1","2017"
"170802","2017-09-02","Saturday","35","9","2","2017"
"170803","2017-09-03","Sunday","35","9","3","2017"
"170804","2017-09-04","Monday","36","9","4","2017"
"170805","2017-09-05","Tuesday","36","9","5","2017"
"170806","2017-09-06","Wednesday","36","9","6","2017"
"170807","2017-09-07","Thursday","36","9","7","2017"
"170808","2017-09-08","Friday","36","9","8","2017"
"170809","2017-09-09","Saturday","36","9","9","2017"
"170810","2017-09-10","Sunday","36","9","10","2017"
"170811","2017-09-11","Monday","37","9","11","2017"
"170812","2017-09-12","Tuesday","37","9","12","2017"
"170813","2017-09-13","Wednesday","37","9","13","2017"
"170814","2017-09-14","Thursday","37","9","14","2017"
"170815","2017-09-15","Friday","37","9","15","2017"
"170816","2017-09-16","Saturday","37","9","16","2017"
"170817","2017-09-17","Sunday","37","9","17","2017"
"170818","2017-09-18","Monday","38","9","18","2017"
"170819","2017-09-19","Tuesday","38","9","19","2017"
"170820","2017-09-20","Wednesday","38","9","20","2017"
"170821","2017-09-21","Thursday","38","9","21","2017"
"170822","2017-09-22","Friday","38","9","22","2017"
"170823","2017-09-23","Saturday","38","9","23","2017"
"170824","2017-09-24","Sunday","38","9","24","2017"
"170825","2017-09-25","Monday","39","9","25","2017"
"170826","2017-09-26","Tuesday","39","9","26","2017"
"170827","2017-09-27","Wednesday","39","9","27","2017"
"170828","2017-09-28","Thursday","39","9","28","2017"
"170829","2017-09-29","Friday","39","9","29","2017"
"170830","2017-09-30","Saturday","39","9","30","2017"
"170901","2017-10-01","Sunday","39","10","1","2017"
"170902","2017-10-02","Monday","40","10","2","2017"
"170903","2017-10-03","Tuesday","40","10","3","2017"
"170904","2017-10-04","Wednesday","40","10","4","2017"
"170905","2017-10-05","Thursday","40","10","5","2017"
"170906","2017-10-06","Friday","40","10","6","2017"
"170907","2017-10-07","Saturday","40","10","7","2017"
"170908","2017-10-08","Sunday","40","10","8","2017"
"170909","2017-10-09","Monday","41","10","9","2017"
"170910","2017-10-10","Tuesday","41","10","10","2017"
"170911","2017-10-11","Wednesday","41","10","11","2017"
"170912","2017-10-12","Thursday","41","10","12","2017"
"170913","2017-10-13","Friday","41","10","13","2017"
"170914","2017-10-14","Saturday","41","10","14","2017"
"170915","2017-10-15","Sunday","41","10","15","2017"
"170916","2017-10-16","Monday","42","10","16","2017"
"170917","2017-10-17","Tuesday","42","10","17","2017"
"170918","2017-10-18","Wednesday","42","10","18","2017"
"170919","2017-10-19","Thursday","42","10","19","2017"
"170920","2017-10-20","Friday","42","10","20","2017"
"170921","2017-10-21","Saturday","42","10","21","2017"
"170922","2017-10-22","Sunday","42","10","22","2017"
"170923","2017-10-23","Monday","43","10","23","2017"
"170924","2017-10-24","Tuesday","43","10","24","2017"
"170925","2017-10-25","Wednesday","43","10","25","2017"
"170926","2017-10-26","Thursday","43","10","26","2017"
"170927","2017-10-27","Friday","43","10","27","2017"
"170928","2017-10-28","Saturday","43","10","28","2017"
"170929","2017-10-29","Sunday","43","10","29","2017"
"170930","2017-10-30","Monday","44","10","30","2017"
"170931","2017-10-31","Tuesday","44","10","31","2017"
"171001","2017-11-01","Wednesday","44","11","1","2017"
"171002","2017-11-02","Thursday","44","11","2","2017"
"171003","2017-11-03","Friday","44","11","3","2017"
"171004","2017-11-04","Saturday","44","11","4","2017"
"171005","2017-11-05","Sunday","44","11","5","2017"
"171006","2017-11-06","Monday","45","11","6","2017"
"171007","2017-11-07","Tuesday","45","11","7","2017"
"171008","2017-11-08","Wednesday","45","11","8","2017"
"171009","2017-11-09","Thursday","45","11","9","2017"
"171010","2017-11-10","Friday","45","11","10","2017"
"171011","2017-11-11","Saturday","45","11","11","2017"
"171012","2017-11-12","Sunday","45","11","12","2017"
"171013","2017-11-13","Monday","46","11","13","2017"
"171014","2017-11-14","Tuesday","46","11","14","2017"
"171015","2017-11-15","Wednesday","46","11","15","2017"
"171016","2017-11-16","Thursday","46","11","16","2017"
"171017","2017-11-17","Friday","46","11","17","2017"
"171018","2017-11-18","Saturday","46","11","18","2017"
"171019","2017-11-19","Sunday","46","11","19","2017"
"171020","2017-11-20","Monday","47","11","20","2017"
"171021","2017-11-21","Tuesday","47","11","21","2017"
"171022","2017-11-22","Wednesday","47","11","22","2017"
"171023","2017-11-23","Thursday","47","11","23","2017"
"171024","2017-11-24","Friday","47","11","24","2017"
"171025","2017-11-25","Saturday","47","11","25","2017"
"171026","2017-11-26","Sunday","47","11","26","2017"
"171027","2017-11-27","Monday","48","11","27","2017"
"171028","2017-11-28","Tuesday","48","11","28","2017"
"171029","2017-11-29","Wednesday","48","11","29","2017"
"171030","2017-11-30","Thursday","48","11","30","2017"
"171101","2017-12-01","Friday","48","12","1","2017"
"171102","2017-12-02","Saturday","48","12","2","2017"
"171103","2017-12-03","Sunday","48","12","3","2017"
"171104","2017-12-04","Monday","49","12","4","2017"
"171105","2017-12-05","Tuesday","49","12","5","2017"
"171106","2017-12-06","Wednesday","49","12","6","2017"
"171107","2017-12-07","Thursday","49","12","7","2017"
"171108","2017-12-08","Friday","49","12","8","2017"
"171109","2017-12-09","Saturday","49","12","9","2017"
"171110","2017-12-10","Sunday","49","12","10","2017"
"171111","2017-12-11","Monday","50","12","11","2017"
"171112","2017-12-12","Tuesday","50","12","12","2017"
"171113","2017-12-13","Wednesday","50","12","13","2017"
"171114","2017-12-14","Thursday","50","12","14","2017"
"171115","2017-12-15","Friday","50","12","15","2017"
"171116","2017-12-16","Saturday","50","12","16","2017"
"171117","2017-12-17","Sunday","50","12","17","2017"
"171118","2017-12-18","Monday","51","12","18","2017"
"171119","2017-12-19","Tuesday","51","12","19","2017"
"171120","2017-12-20","Wednesday","51","12","20","2017"
"171121","2017-12-21","Thursday","51","12","21","2017"
"171122","2017-12-22","Friday","51","12","22","2017"
"171123","2017-12-23","Saturday","51","12","23","2017"
"171124","2017-12-24","Sunday","51","12","24","2017"
"171125","2017-12-25","Monday","52","12","25","2017"
"171126","2017-12-26","Tuesday","52","12","26","2017"
"171127","2017-12-27","Wednesday","52","12","27","2017"
"171128","2017-12-28","Thursday","52","12","28","2017"
"171129","2017-12-29","Friday","52","12","29","2017"
"171130","2017-12-30","Saturday","52","12","30","2017"
"171131","2017-12-31","Sunday","52","12","31","2017"
"180001","2018-01-01","Monday","1","1","1","2018"
"180002","2018-01-02","Tuesday","1","1","2","2018"
"180003","2018-01-03","Wednesday","1","1","3","2018"
"180004","2018-01-04","Thursday","1","1","4","2018"
"180005","2018-01-05","Friday","1","1","5","2018"
"180006","2018-01-06","Saturday","1","1","6","2018"
"180007","2018-01-07","Sunday","1","1","7","2018"
"180008","2018-01-08","Monday","2","1","8","2018"
"180009","2018-01-09","Tuesday","2","1","9","2018"
"180010","2018-01-10","Wednesday","2","1","10","2018"
"180011","2018-01-11","Thursday","2","1","11","2018"
"180012","2018-01-12","Friday","2","1","12","2018"
"180013","2018-01-13","Saturday","2","1","13","2018"
"180014","2018-01-14","Sunday","2","1","14","2018"
"180015","2018-01-15","Monday","3","1","15","2018"
"180016","2018-01-16","Tuesday","3","1","16","2018"
"180017","2018-01-17","Wednesday","3","1","17","2018"
"180018","2018-01-18","Thursday","3","1","18","2018"
"180019","2018-01-19","Friday","3","1","19","2018"
"180020","2018-01-20","Saturday","3","1","20","2018"
"180021","2018-01-21","Sunday","3","1","21","2018"
"180022","2018-01-22","Monday","4","1","22","2018"
"180023","2018-01-23","Tuesday","4","1","23","2018"
"180024","2018-01-24","Wednesday","4","1","24","2018"
"180025","2018-01-25","Thursday","4","1","25","2018"
"180026","2018-01-26","Friday","4","1","26","2018"
"180027","2018-01-27","Saturday","4","1","27","2018"
"180028","2018-01-28","Sunday","4","1","28","2018"
"180029","2018-01-29","Monday","5","1","29","2018"
"180030","2018-01-30","Tuesday","5","1","30","2018"
"180031","2018-01-31","Wednesday","5","1","31","2018"
"180101","2018-02-01","Thursday","5","2","1","2018"
"180102","2018-02-02","Friday","5","2","2","2018"
"180103","2018-02-03","Saturday","5","2","3","2018"
"180104","2018-02-04","Sunday","5","2","4","2018"
"180105","2018-02-05","Monday","6","2","5","2018"
"180106","2018-02-06","Tuesday","6","2","6","2018"
"180107","2018-02-07","Wednesday","6","2","7","2018"
"180108","2018-02-08","Thursday","6","2","8","2018"
"180109","2018-02-09","Friday","6","2","9","2018"
"180110","2018-02-10","Saturday","6","2","10","2018"
"180111","2018-02-11","Sunday","6","2","11","2018"
"180112","2018-02-12","Monday","7","2","12","2018"
"180113","2018-02-13","Tuesday","7","2","13","2018"
"180114","2018-02-14","Wednesday","7","2","14","2018"
"180115","2018-02-15","Thursday","7","2","15","2018"
"180116","2018-02-16","Friday","7","2","16","2018"
"180117","2018-02-17","Saturday","7","2","17","2018"
"180118","2018-02-18","Sunday","7","2","18","2018"
"180119","2018-02-19","Monday","8","2","19","2018"
"180120","2018-02-20","Tuesday","8","2","20","2018"
"180121","2018-02-21","Wednesday","8","2","21","2018"
"180122","2018-02-22","Thursday","8","2","22","2018"
"180123","2018-02-23","Friday","8","2","23","2018"
"180124","2018-02-24","Saturday","8","2","24","2018"
"180125","2018-02-25","Sunday","8","2","25","2018"
"180126","2018-02-26","Monday","9","2","26","2018"
"180127","2018-02-27","Tuesday","9","2","27","2018"
"180128","2018-02-28","Wednesday","9","2","28","2018"
"180201","2018-03-01","Thursday","9","3","1","2018"
"180202","2018-03-02","Friday","9","3","2","2018"
"180203","2018-03-03","Saturday","9","3","3","2018"
"180204","2018-03-04","Sunday","9","3","4","2018"
"180205","2018-03-05","Monday","10","3","5","2018"
"180206","2018-03-06","Tuesday","10","3","6","2018"
"180207","2018-03-07","Wednesday","10","3","7","2018"
"180208","2018-03-08","Thursday","10","3","8","2018"
"180209","2018-03-09","Friday","10","3","9","2018"
"180210","2018-03-10","Saturday","10","3","10","2018"
"180211","2018-03-11","Sunday","10","3","11","2018"
"180212","2018-03-12","Monday","11","3","12","2018"
"180213","2018-03-13","Tuesday","11","3","13","2018"
"180214","2018-03-14","Wednesday","11","3","14","2018"
"180215","2018-03-15","Thursday","11","3","15","2018"
"180216","2018-03-16","Friday","11","3","16","2018"
"180217","2018-03-17","Saturday","11","3","17","2018"
"180218","2018-03-18","Sunday","11","3","18","2018"
"180219","2018-03-19","Monday","12","3","19","2018"
"180220","2018-03-20","Tuesday","12","3","20","2018"
"180221","2018-03-21","Wednesday","12","3","21","2018"
"180222","2018-03-22","Thursday","12","3","22","2018"
"180223","2018-03-23","Friday","12","3","23","2018"
"180224","2018-03-24","Saturday","12","3","24","2018"
"180225","2018-03-25","Sunday","12","3","25","2018"
"180226","2018-03-26","Monday","13","3","26","2018"
"180227","2018-03-27","Tuesday","13","3","27","2018"
"180228","2018-03-28","Wednesday","13","3","28","2018"
"180229","2018-03-29","Thursday","13","3","29","2018"
"180230","2018-03-30","Friday","13","3","30","2018"
"180231","2018-03-31","Saturday","13","3","31","2018"
"180301","2018-04-01","Sunday","13","4","1","2018"
"180302","2018-04-02","Monday","14","4","2","2018"
"180303","2018-04-03","Tuesday","14","4","3","2018"
"180304","2018-04-04","Wednesday","14","4","4","2018"
"180305","2018-04-05","Thursday","14","4","5","2018"
"180306","2018-04-06","Friday","14","4","6","2018"
"180307","2018-04-07","Saturday","14","4","7","2018"
"180308","2018-04-08","Sunday","14","4","8","2018"
"180309","2018-04-09","Monday","15","4","9","2018"
"180310","2018-04-10","Tuesday","15","4","10","2018"
"180311","2018-04-11","Wednesday","15","4","11","2018"
"180312","2018-04-12","Thursday","15","4","12","2018"
"180313","2018-04-13","Friday","15","4","13","2018"
"180314","2018-04-14","Saturday","15","4","14","2018"
"180315","2018-04-15","Sunday","15","4","15","2018"
"180316","2018-04-16","Monday","16","4","16","2018"
"180317","2018-04-17","Tuesday","16","4","17","2018"
"180318","2018-04-18","Wednesday","16","4","18","2018"
"180319","2018-04-19","Thursday","16","4","19","2018"
"180320","2018-04-20","Friday","16","4","20","2018"
"180321","2018-04-21","Saturday","16","4","21","2018"
"180322","2018-04-22","Sunday","16","4","22","2018"
"180323","2018-04-23","Monday","17","4","23","2018"
"180324","2018-04-24","Tuesday","17","4","24","2018"
"180325","2018-04-25","Wednesday","17","4","25","2018"
"180326","2018-04-26","Thursday","17","4","26","2018"
"180327","2018-04-27","Friday","17","4","27","2018"
"180328","2018-04-28","Saturday","17","4","28","2018"
"180329","2018-04-29","Sunday","17","4","29","2018"
"180330","2018-04-30","Monday","18","4","30","2018"
"180401","2018-05-01","Tuesday","18","5","1","2018"
"180402","2018-05-02","Wednesday","18","5","2","2018"
"180403","2018-05-03","Thursday","18","5","3","2018"
"180404","2018-05-04","Friday","18","5","4","2018"
"180405","2018-05-05","Saturday","18","5","5","2018"
"180406","2018-05-06","Sunday","18","5","6","2018"
"180407","2018-05-07","Monday","19","5","7","2018"
"180408","2018-05-08","Tuesday","19","5","8","2018"
"180409","2018-05-09","Wednesday","19","5","9","2018"
"180410","2018-05-10","Thursday","19","5","10","2018"
"180411","2018-05-11","Friday","19","5","11","2018"
"180412","2018-05-12","Saturday","19","5","12","2018"
"180413","2018-05-13","Sunday","19","5","13","2018"
"180414","2018-05-14","Monday","20","5","14","2018"
"180415","2018-05-15","Tuesday","20","5","15","2018"
"180416","2018-05-16","Wednesday","20","5","16","2018"
"180417","2018-05-17","Thursday","20","5","17","2018"
"180418","2018-05-18","Friday","20","5","18","2018"
"180419","2018-05-19","Saturday","20","5","19","2018"
"180420","2018-05-20","Sunday","20","5","20","2018"
"180421","2018-05-21","Monday","21","5","21","2018"
"180422","2018-05-22","Tuesday","21","5","22","2018"
"180423","2018-05-23","Wednesday","21","5","23","2018"
"180424","2018-05-24","Thursday","21","5","24","2018"
"180425","2018-05-25","Friday","21","5","25","2018"
"180426","2018-05-26","Saturday","21","5","26","2018"
"180427","2018-05-27","Sunday","21","5","27","2018"
"180428","2018-05-28","Monday","22","5","28","2018"
"180429","2018-05-29","Tuesday","22","5","29","2018"
"180430","2018-05-30","Wednesday","22","5","30","2018"
"180431","2018-05-31","Thursday","22","5","31","2018"
"180501","2018-06-01","Friday","22","6","1","2018"
"180502","2018-06-02","Saturday","22","6","2","2018"
"180503","2018-06-03","Sunday","22","6","3","2018"
"180504","2018-06-04","Monday","23","6","4","2018"
"180505","2018-06-05","Tuesday","23","6","5","2018"
"180506","2018-06-06","Wednesday","23","6","6","2018"
"180507","2018-06-07","Thursday","23","6","7","2018"
"180508","2018-06-08","Friday","23","6","8","2018"
"180509","2018-06-09","Saturday","23","6","9","2018"
"180510","2018-06-10","Sunday","23","6","10","2018"
"180511","2018-06-11","Monday","24","6","11","2018"
"180512","2018-06-12","Tuesday","24","6","12","2018"
"180513","2018-06-13","Wednesday","24","6","13","2018"
"180514","2018-06-14","Thursday","24","6","14","2018"
"180515","2018-06-15","Friday","24","6","15","2018"
"180516","2018-06-16","Saturday","24","6","16","2018"
"180517","2018-06-17","Sunday","24","6","17","2018"
"180518","2018-06-18","Monday","25","6","18","2018"
"180519","2018-06-19","Tuesday","25","6","19","2018"
"180520","2018-06-20","Wednesday","25","6","20","2018"
"180521","2018-06-21","Thursday","25","6","21","2018"
"180522","2018-06-22","Friday","25","6","22","2018"
"180523","2018-06-23","Saturday","25","6","23","2018"
"180524","2018-06-24","Sunday","25","6","24","2018"
"180525","2018-06-25","Monday","26","6","25","2018"
"180526","2018-06-26","Tuesday","26","6","26","2018"
"180527","2018-06-27","Wednesday","26","6","27","2018"
"180528","2018-06-28","Thursday","26","6","28","2018"
"180529","2018-06-29","Friday","26","6","29","2018"
"180530","2018-06-30","Saturday","26","6","30","2018"
"180601","2018-07-01","Sunday","26","7","1","2018"
"180602","2018-07-02","Monday","27","7","2","2018"
"180603","2018-07-03","Tuesday","27","7","3","2018"
"180604","2018-07-04","Wednesday","27","7","4","2018"
"180605","2018-07-05","Thursday","27","7","5","2018"
"180606","2018-07-06","Friday","27","7","6","2018"
"180607","2018-07-07","Saturday","27","7","7","2018"
"180608","2018-07-08","Sunday","27","7","8","2018"
"180609","2018-07-09","Monday","28","7","9","2018"
"180610","2018-07-10","Tuesday","28","7","10","2018"
"180611","2018-07-11","Wednesday","28","7","11","2018"
"180612","2018-07-12","Thursday","28","7","12","2018"
"180613","2018-07-13","Friday","28","7","13","2018"
"180614","2018-07-14","Saturday","28","7","14","2018"
"180615","2018-07-15","Sunday","28","7","15","2018"
"180616","2018-07-16","Monday","29","7","16","2018"
"180617","2018-07-17","Tuesday","29","7","17","2018"
"180618","2018-07-18","Wednesday","29","7","18","2018"
"180619","2018-07-19","Thursday","29","7","19","2018"
"180620","2018-07-20","Friday","29","7","20","2018"
"180621","2018-07-21","Saturday","29","7","21","2018"
"180622","2018-07-22","Sunday","29","7","22","2018"
"180623","2018-07-23","Monday","30","7","23","2018"
"180624","2018-07-24","Tuesday","30","7","24","2018"
"180625","2018-07-25","Wednesday","30","7","25","2018"
"180626","2018-07-26","Thursday","30","7","26","2018"
"180627","2018-07-27","Friday","30","7","27","2018"
"180628","2018-07-28","Saturday","30","7","28","2018"
"180629","2018-07-29","Sunday","30","7","29","2018"
"180630","2018-07-30","Monday","31","7","30","2018"
"180631","2018-07-31","Tuesday","31","7","31","2018"
"180701","2018-08-01","Wednesday","31","8","1","2018"
"180702","2018-08-02","Thursday","31","8","2","2018"
"180703","2018-08-03","Friday","31","8","3","2018"
"180704","2018-08-04","Saturday","31","8","4","2018"
"180705","2018-08-05","Sunday","31","8","5","2018"
"180706","2018-08-06","Monday","32","8","6","2018"
"180707","2018-08-07","Tuesday","32","8","7","2018"
"180708","2018-08-08","Wednesday","32","8","8","2018"
"180709","2018-08-09","Thursday","32","8","9","2018"
"180710","2018-08-10","Friday","32","8","10","2018"
"180711","2018-08-11","Saturday","32","8","11","2018"
"180712","2018-08-12","Sunday","32","8","12","2018"
"180713","2018-08-13","Monday","33","8","13","2018"
"180714","2018-08-14","Tuesday","33","8","14","2018"
"180715","2018-08-15","Wednesday","33","8","15","2018"
"180716","2018-08-16","Thursday","33","8","16","2018"
"180717","2018-08-17","Friday","33","8","17","2018"
"180718","2018-08-18","Saturday","33","8","18","2018"
"180719","2018-08-19","Sunday","33","8","19","2018"
"180720","2018-08-20","Monday","34","8","20","2018"
"180721","2018-08-21","Tuesday","34","8","21","2018"
"180722","2018-08-22","Wednesday","34","8","22","2018"
"180723","2018-08-23","Thursday","34","8","23","2018"
"180724","2018-08-24","Friday","34","8","24","2018"
"180725","2018-08-25","Saturday","34","8","25","2018"
"180726","2018-08-26","Sunday","34","8","26","2018"
"180727","2018-08-27","Monday","35","8","27","2018"
"180728","2018-08-28","Tuesday","35","8","28","2018"
"180729","2018-08-29","Wednesday","35","8","29","2018"
"180730","2018-08-30","Thursday","35","8","30","2018"
"180731","2018-08-31","Friday","35","8","31","2018"
"180801","2018-09-01","Saturday","35","9","1","2018"
"180802","2018-09-02","Sunday","35","9","2","2018"
"180803","2018-09-03","Monday","36","9","3","2018"
"180804","2018-09-04","Tuesday","36","9","4","2018"
"180805","2018-09-05","Wednesday","36","9","5","2018"
"180806","2018-09-06","Thursday","36","9","6","2018"
"180807","2018-09-07","Friday","36","9","7","2018"
"180808","2018-09-08","Saturday","36","9","8","2018"
"180809","2018-09-09","Sunday","36","9","9","2018"
"180810","2018-09-10","Monday","37","9","10","2018"
"180811","2018-09-11","Tuesday","37","9","11","2018"
"180812","2018-09-12","Wednesday","37","9","12","2018"
"180813","2018-09-13","Thursday","37","9","13","2018"
"180814","2018-09-14","Friday","37","9","14","2018"
"180815","2018-09-15","Saturday","37","9","15","2018"
"180816","2018-09-16","Sunday","37","9","16","2018"
"180817","2018-09-17","Monday","38","9","17","2018"
"180818","2018-09-18","Tuesday","38","9","18","2018"
"180819","2018-09-19","Wednesday","38","9","19","2018"
"180820","2018-09-20","Thursday","38","9","20","2018"
"180821","2018-09-21","Friday","38","9","21","2018"
"180822","2018-09-22","Saturday","38","9","22","2018"
"180823","2018-09-23","Sunday","38","9","23","2018"
"180824","2018-09-24","Monday","39","9","24","2018"
"180825","2018-09-25","Tuesday","39","9","25","2018"
"180826","2018-09-26","Wednesday","39","9","26","2018"
"180827","2018-09-27","Thursday","39","9","27","2018"
"180828","2018-09-28","Friday","39","9","28","2018"
"180829","2018-09-29","Saturday","39","9","29","2018"
"180830","2018-09-30","Sunday","39","9","30","2018"
"180901","2018-10-01","Monday","40","10","1","2018"
"180902","2018-10-02","Tuesday","40","10","2","2018"
"180903","2018-10-03","Wednesday","40","10","3","2018"
"180904","2018-10-04","Thursday","40","10","4","2018"
"180905","2018-10-05","Friday","40","10","5","2018"
"180906","2018-10-06","Saturday","40","10","6","2018"
"180907","2018-10-07","Sunday","40","10","7","2018"
"180908","2018-10-08","Monday","41","10","8","2018"
"180909","2018-10-09","Tuesday","41","10","9","2018"
"180910","2018-10-10","Wednesday","41","10","10","2018"
"180911","2018-10-11","Thursday","41","10","11","2018"
"180912","2018-10-12","Friday","41","10","12","2018"
"180913","2018-10-13","Saturday","41","10","13","2018"
"180914","2018-10-14","Sunday","41","10","14","2018"
"180915","2018-10-15","Monday","42","10","15","2018"
"180916","2018-10-16","Tuesday","42","10","16","2018"
"180917","2018-10-17","Wednesday","42","10","17","2018"
"180918","2018-10-18","Thursday","42","10","18","2018"
"180919","2018-10-19","Friday","42","10","19","2018"
"180920","2018-10-20","Saturday","42","10","20","2018"
"180921","2018-10-21","Sunday","42","10","21","2018"
"180922","2018-10-22","Monday","43","10","22","2018"
"180923","2018-10-23","Tuesday","43","10","23","2018"
"180924","2018-10-24","Wednesday","43","10","24","2018"
"180925","2018-10-25","Thursday","43","10","25","2018"
"180926","2018-10-26","Friday","43","10","26","2018"
"180927","2018-10-27","Saturday","43","10","27","2018"
"180928","2018-10-28","Sunday","43","10","28","2018"
"180929","2018-10-29","Monday","44","10","29","2018"
"180930","2018-10-30","Tuesday","44","10","30","2018"
"180931","2018-10-31","Wednesday","44","10","31","2018"
"181001","2018-11-01","Thursday","44","11","1","2018"
"181002","2018-11-02","Friday","44","11","2","2018"
"181003","2018-11-03","Saturday","44","11","3","2018"
"181004","2018-11-04","Sunday","44","11","4","2018"
"181005","2018-11-05","Monday","45","11","5","2018"
"181006","2018-11-06","Tuesday","45","11","6","2018"
"181007","2018-11-07","Wednesday","45","11","7","2018"
"181008","2018-11-08","Thursday","45","11","8","2018"
"181009","2018-11-09","Friday","45","11","9","2018"
"181010","2018-11-10","Saturday","45","11","10","2018"
"181011","2018-11-11","Sunday","45","11","11","2018"
"181012","2018-11-12","Monday","46","11","12","2018"
"181013","2018-11-13","Tuesday","46","11","13","2018"
"181014","2018-11-14","Wednesday","46","11","14","2018"
"181015","2018-11-15","Thursday","46","11","15","2018"
"181016","2018-11-16","Friday","46","11","16","2018"
"181017","2018-11-17","Saturday","46","11","17","2018"
"181018","2018-11-18","Sunday","46","11","18","2018"
"181019","2018-11-19","Monday","47","11","19","2018"
"181020","2018-11-20","Tuesday","47","11","20","2018"
"181021","2018-11-21","Wednesday","47","11","21","2018"
"181022","2018-11-22","Thursday","47","11","22","2018"
"181023","2018-11-23","Friday","47","11","23","2018"
"181024","2018-11-24","Saturday","47","11","24","2018"
"181025","2018-11-25","Sunday","47","11","25","2018"
"181026","2018-11-26","Monday","48","11","26","2018"
"181027","2018-11-27","Tuesday","48","11","27","2018"
"181028","2018-11-28","Wednesday","48","11","28","2018"
"181029","2018-11-29","Thursday","48","11","29","2018"
"181030","2018-11-30","Friday","48","11","30","2018"
"181101","2018-12-01","Saturday","48","12","1","2018"
"181102","2018-12-02","Sunday","48","12","2","2018"
"181103","2018-12-03","Monday","49","12","3","2018"
"181104","2018-12-04","Tuesday","49","12","4","2018"
"181105","2018-12-05","Wednesday","49","12","5","2018"
"181106","2018-12-06","Thursday","49","12","6","2018"
"181107","2018-12-07","Friday","49","12","7","2018"
"181108","2018-12-08","Saturday","49","12","8","2018"
"181109","2018-12-09","Sunday","49","12","9","2018"
"181110","2018-12-10","Monday","50","12","10","2018"
"181111","2018-12-11","Tuesday","50","12","11","2018"
"181112","2018-12-12","Wednesday","50","12","12","2018"
"181113","2018-12-13","Thursday","50","12","13","2018"
"181114","2018-12-14","Friday","50","12","14","2018"
"181115","2018-12-15","Saturday","50","12","15","2018"
"181116","2018-12-16","Sunday","50","12","16","2018"
"181117","2018-12-17","Monday","51","12","17","2018"
"181118","2018-12-18","Tuesday","51","12","18","2018"
"181119","2018-12-19","Wednesday","51","12","19","2018"
"181120","2018-12-20","Thursday","51","12","20","2018"
"181121","2018-12-21","Friday","51","12","21","2018"
"181122","2018-12-22","Saturday","51","12","22","2018"
"181123","2018-12-23","Sunday","51","12","23","2018"
"181124","2018-12-24","Monday","52","12","24","2018"
"181125","2018-12-25","Tuesday","52","12","25","2018"
"181126","2018-12-26","Wednesday","52","12","26","2018"
"181127","2018-12-27","Thursday","52","12","27","2018"
"181128","2018-12-28","Friday","52","12","28","2018"
"181129","2018-12-29","Saturday","52","12","29","2018"
"181130","2018-12-30","Sunday","52","12","30","2018"
"181131","2018-12-31","Monday","1","12","31","2018"
"190001","2019-01-01","Tuesday","1","1","1","2019"
"190002","2019-01-02","Wednesday","1","1","2","2019"
"190003","2019-01-03","Thursday","1","1","3","2019"
"190004","2019-01-04","Friday","1","1","4","2019"
"190005","2019-01-05","Saturday","1","1","5","2019"
"190006","2019-01-06","Sunday","1","1","6","2019"
"190007","2019-01-07","Monday","2","1","7","2019"
"190008","2019-01-08","Tuesday","2","1","8","2019"
"190009","2019-01-09","Wednesday","2","1","9","2019"
"190010","2019-01-10","Thursday","2","1","10","2019"
"190011","2019-01-11","Friday","2","1","11","2019"
"190012","2019-01-12","Saturday","2","1","12","2019"
"190013","2019-01-13","Sunday","2","1","13","2019"
"190014","2019-01-14","Monday","3","1","14","2019"
"190015","2019-01-15","Tuesday","3","1","15","2019"
"190016","2019-01-16","Wednesday","3","1","16","2019"
"190017","2019-01-17","Thursday","3","1","17","2019"
"190018","2019-01-18","Friday","3","1","18","2019"
"190019","2019-01-19","Saturday","3","1","19","2019"
"190020","2019-01-20","Sunday","3","1","20","2019"
"190021","2019-01-21","Monday","4","1","21","2019"
"190022","2019-01-22","Tuesday","4","1","22","2019"
"190023","2019-01-23","Wednesday","4","1","23","2019"
"190024","2019-01-24","Thursday","4","1","24","2019"
"190025","2019-01-25","Friday","4","1","25","2019"
"190026","2019-01-26","Saturday","4","1","26","2019"
"190027","2019-01-27","Sunday","4","1","27","2019"
"190028","2019-01-28","Monday","5","1","28","2019"
"190029","2019-01-29","Tuesday","5","1","29","2019"
"190030","2019-01-30","Wednesday","5","1","30","2019"
"190031","2019-01-31","Thursday","5","1","31","2019"
"190101","2019-02-01","Friday","5","2","1","2019"
"190102","2019-02-02","Saturday","5","2","2","2019"
"190103","2019-02-03","Sunday","5","2","3","2019"
"190104","2019-02-04","Monday","6","2","4","2019"
"190105","2019-02-05","Tuesday","6","2","5","2019"
"190106","2019-02-06","Wednesday","6","2","6","2019"
"190107","2019-02-07","Thursday","6","2","7","2019"
"190108","2019-02-08","Friday","6","2","8","2019"
"190109","2019-02-09","Saturday","6","2","9","2019"
"190110","2019-02-10","Sunday","6","2","10","2019"
"190111","2019-02-11","Monday","7","2","11","2019"
"190112","2019-02-12","Tuesday","7","2","12","2019"
"190113","2019-02-13","Wednesday","7","2","13","2019"
"190114","2019-02-14","Thursday","7","2","14","2019"
"190115","2019-02-15","Friday","7","2","15","2019"
"190116","2019-02-16","Saturday","7","2","16","2019"
"190117","2019-02-17","Sunday","7","2","17","2019"
"190118","2019-02-18","Monday","8","2","18","2019"
"190119","2019-02-19","Tuesday","8","2","19","2019"
"190120","2019-02-20","Wednesday","8","2","20","2019"
"190121","2019-02-21","Thursday","8","2","21","2019"
"190122","2019-02-22","Friday","8","2","22","2019"
"190123","2019-02-23","Saturday","8","2","23","2019"
"190124","2019-02-24","Sunday","8","2","24","2019"
"190125","2019-02-25","Monday","9","2","25","2019"
"190126","2019-02-26","Tuesday","9","2","26","2019"
"190127","2019-02-27","Wednesday","9","2","27","2019"
"190128","2019-02-28","Thursday","9","2","28","2019"
"190201","2019-03-01","Friday","9","3","1","2019"
"190202","2019-03-02","Saturday","9","3","2","2019"
"190203","2019-03-03","Sunday","9","3","3","2019"
"190204","2019-03-04","Monday","10","3","4","2019"
"190205","2019-03-05","Tuesday","10","3","5","2019"
"190206","2019-03-06","Wednesday","10","3","6","2019"
"190207","2019-03-07","Thursday","10","3","7","2019"
"190208","2019-03-08","Friday","10","3","8","2019"
"190209","2019-03-09","Saturday","10","3","9","2019"
"190210","2019-03-10","Sunday","10","3","10","2019"
"190211","2019-03-11","Monday","11","3","11","2019"
"190212","2019-03-12","Tuesday","11","3","12","2019"
"190213","2019-03-13","Wednesday","11","3","13","2019"
"190214","2019-03-14","Thursday","11","3","14","2019"
"190215","2019-03-15","Friday","11","3","15","2019"
"190216","2019-03-16","Saturday","11","3","16","2019"
"190217","2019-03-17","Sunday","11","3","17","2019"
"190218","2019-03-18","Monday","12","3","18","2019"
"190219","2019-03-19","Tuesday","12","3","19","2019"
"190220","2019-03-20","Wednesday","12","3","20","2019"
"190221","2019-03-21","Thursday","12","3","21","2019"
"190222","2019-03-22","Friday","12","3","22","2019"
"190223","2019-03-23","Saturday","12","3","23","2019"
"190224","2019-03-24","Sunday","12","3","24","2019"
"190225","2019-03-25","Monday","13","3","25","2019"
"190226","2019-03-26","Tuesday","13","3","26","2019"
"190227","2019-03-27","Wednesday","13","3","27","2019"
"190228","2019-03-28","Thursday","13","3","28","2019"
"190229","2019-03-29","Friday","13","3","29","2019"
"190230","2019-03-30","Saturday","13","3","30","2019"
"190231","2019-03-31","Sunday","13","3","31","2019"
"190301","2019-04-01","Monday","14","4","1","2019"
"190302","2019-04-02","Tuesday","14","4","2","2019"
"190303","2019-04-03","Wednesday","14","4","3","2019"
"190304","2019-04-04","Thursday","14","4","4","2019"
"190305","2019-04-05","Friday","14","4","5","2019"
"190306","2019-04-06","Saturday","14","4","6","2019"
"190307","2019-04-07","Sunday","14","4","7","2019"
"190308","2019-04-08","Monday","15","4","8","2019"
"190309","2019-04-09","Tuesday","15","4","9","2019"
"190310","2019-04-10","Wednesday","15","4","10","2019"
"190311","2019-04-11","Thursday","15","4","11","2019"
"190312","2019-04-12","Friday","15","4","12","2019"
"190313","2019-04-13","Saturday","15","4","13","2019"
"190314","2019-04-14","Sunday","15","4","14","2019"
"190315","2019-04-15","Monday","16","4","15","2019"
"190316","2019-04-16","Tuesday","16","4","16","2019"
"190317","2019-04-17","Wednesday","16","4","17","2019"
"190318","2019-04-18","Thursday","16","4","18","2019"
"190319","2019-04-19","Friday","16","4","19","2019"
"190320","2019-04-20","Saturday","16","4","20","2019"
"190321","2019-04-21","Sunday","16","4","21","2019"
"190322","2019-04-22","Monday","17","4","22","2019"
"190323","2019-04-23","Tuesday","17","4","23","2019"
"190324","2019-04-24","Wednesday","17","4","24","2019"
"190325","2019-04-25","Thursday","17","4","25","2019"
"190326","2019-04-26","Friday","17","4","26","2019"
"190327","2019-04-27","Saturday","17","4","27","2019"
"190328","2019-04-28","Sunday","17","4","28","2019"
"190329","2019-04-29","Monday","18","4","29","2019"
"190330","2019-04-30","Tuesday","18","4","30","2019"
"190401","2019-05-01","Wednesday","18","5","1","2019"
"190402","2019-05-02","Thursday","18","5","2","2019"
"190403","2019-05-03","Friday","18","5","3","2019"
"190404","2019-05-04","Saturday","18","5","4","2019"
"190405","2019-05-05","Sunday","18","5","5","2019"
"190406","2019-05-06","Monday","19","5","6","2019"
"190407","2019-05-07","Tuesday","19","5","7","2019"
"190408","2019-05-08","Wednesday","19","5","8","2019"
"190409","2019-05-09","Thursday","19","5","9","2019"
"190410","2019-05-10","Friday","19","5","10","2019"
"190411","2019-05-11","Saturday","19","5","11","2019"
"190412","2019-05-12","Sunday","19","5","12","2019"
"190413","2019-05-13","Monday","20","5","13","2019"
"190414","2019-05-14","Tuesday","20","5","14","2019"
"190415","2019-05-15","Wednesday","20","5","15","2019"
"190416","2019-05-16","Thursday","20","5","16","2019"
"190417","2019-05-17","Friday","20","5","17","2019"
"190418","2019-05-18","Saturday","20","5","18","2019"
"190419","2019-05-19","Sunday","20","5","19","2019"
"190420","2019-05-20","Monday","21","5","20","2019"
"190421","2019-05-21","Tuesday","21","5","21","2019"
"190422","2019-05-22","Wednesday","21","5","22","2019"
"190423","2019-05-23","Thursday","21","5","23","2019"
"190424","2019-05-24","Friday","21","5","24","2019"
"190425","2019-05-25","Saturday","21","5","25","2019"
"190426","2019-05-26","Sunday","21","5","26","2019"
"190427","2019-05-27","Monday","22","5","27","2019"
"190428","2019-05-28","Tuesday","22","5","28","2019"
"190429","2019-05-29","Wednesday","22","5","29","2019"
"190430","2019-05-30","Thursday","22","5","30","2019"
"190431","2019-05-31","Friday","22","5","31","2019"
"190501","2019-06-01","Saturday","22","6","1","2019"
"190502","2019-06-02","Sunday","22","6","2","2019"
"190503","2019-06-03","Monday","23","6","3","2019"
"190504","2019-06-04","Tuesday","23","6","4","2019"
"190505","2019-06-05","Wednesday","23","6","5","2019"
"190506","2019-06-06","Thursday","23","6","6","2019"
"190507","2019-06-07","Friday","23","6","7","2019"
"190508","2019-06-08","Saturday","23","6","8","2019"
"190509","2019-06-09","Sunday","23","6","9","2019"
"190510","2019-06-10","Monday","24","6","10","2019"
"190511","2019-06-11","Tuesday","24","6","11","2019"
"190512","2019-06-12","Wednesday","24","6","12","2019"
"190513","2019-06-13","Thursday","24","6","13","2019"
"190514","2019-06-14","Friday","24","6","14","2019"
"190515","2019-06-15","Saturday","24","6","15","2019"
"190516","2019-06-16","Sunday","24","6","16","2019"
"190517","2019-06-17","Monday","25","6","17","2019"
"190518","2019-06-18","Tuesday","25","6","18","2019"
"190519","2019-06-19","Wednesday","25","6","19","2019"
"190520","2019-06-20","Thursday","25","6","20","2019"
"190521","2019-06-21","Friday","25","6","21","2019"
"190522","2019-06-22","Saturday","25","6","22","2019"
"190523","2019-06-23","Sunday","25","6","23","2019"
"190524","2019-06-24","Monday","26","6","24","2019"
"190525","2019-06-25","Tuesday","26","6","25","2019"
"190526","2019-06-26","Wednesday","26","6","26","2019"
"190527","2019-06-27","Thursday","26","6","27","2019"
"190528","2019-06-28","Friday","26","6","28","2019"
"190529","2019-06-29","Saturday","26","6","29","2019"
"190530","2019-06-30","Sunday","26","6","30","2019"
"190601","2019-07-01","Monday","27","7","1","2019"
"190602","2019-07-02","Tuesday","27","7","2","2019"
"190603","2019-07-03","Wednesday","27","7","3","2019"
"190604","2019-07-04","Thursday","27","7","4","2019"
"190605","2019-07-05","Friday","27","7","5","2019"
"190606","2019-07-06","Saturday","27","7","6","2019"
"190607","2019-07-07","Sunday","27","7","7","2019"
"190608","2019-07-08","Monday","28","7","8","2019"
"190609","2019-07-09","Tuesday","28","7","9","2019"
"190610","2019-07-10","Wednesday","28","7","10","2019"
"190611","2019-07-11","Thursday","28","7","11","2019"
"190612","2019-07-12","Friday","28","7","12","2019"
"190613","2019-07-13","Saturday","28","7","13","2019"
"190614","2019-07-14","Sunday","28","7","14","2019"
"190615","2019-07-15","Monday","29","7","15","2019"
"190616","2019-07-16","Tuesday","29","7","16","2019"
"190617","2019-07-17","Wednesday","29","7","17","2019"
"190618","2019-07-18","Thursday","29","7","18","2019"
"190619","2019-07-19","Friday","29","7","19","2019"
"190620","2019-07-20","Saturday","29","7","20","2019"
"190621","2019-07-21","Sunday","29","7","21","2019"
"190622","2019-07-22","Monday","30","7","22","2019"
"190623","2019-07-23","Tuesday","30","7","23","2019"
"190624","2019-07-24","Wednesday","30","7","24","2019"
"190625","2019-07-25","Thursday","30","7","25","2019"
"190626","2019-07-26","Friday","30","7","26","2019"
"190627","2019-07-27","Saturday","30","7","27","2019"
"190628","2019-07-28","Sunday","30","7","28","2019"
"190629","2019-07-29","Monday","31","7","29","2019"
"190630","2019-07-30","Tuesday","31","7","30","2019"
"190631","2019-07-31","Wednesday","31","7","31","2019"
"190701","2019-08-01","Thursday","31","8","1","2019"
"190702","2019-08-02","Friday","31","8","2","2019"
"190703","2019-08-03","Saturday","31","8","3","2019"
"190704","2019-08-04","Sunday","31","8","4","2019"
"190705","2019-08-05","Monday","32","8","5","2019"
"190706","2019-08-06","Tuesday","32","8","6","2019"
"190707","2019-08-07","Wednesday","32","8","7","2019"
"190708","2019-08-08","Thursday","32","8","8","2019"
"190709","2019-08-09","Friday","32","8","9","2019"
"190710","2019-08-10","Saturday","32","8","10","2019"
"190711","2019-08-11","Sunday","32","8","11","2019"
"190712","2019-08-12","Monday","33","8","12","2019"
"190713","2019-08-13","Tuesday","33","8","13","2019"
"190714","2019-08-14","Wednesday","33","8","14","2019"
"190715","2019-08-15","Thursday","33","8","15","2019"
"190716","2019-08-16","Friday","33","8","16","2019"
"190717","2019-08-17","Saturday","33","8","17","2019"
"190718","2019-08-18","Sunday","33","8","18","2019"
"190719","2019-08-19","Monday","34","8","19","2019"
"190720","2019-08-20","Tuesday","34","8","20","2019"
"190721","2019-08-21","Wednesday","34","8","21","2019"
"190722","2019-08-22","Thursday","34","8","22","2019"
"190723","2019-08-23","Friday","34","8","23","2019"
"190724","2019-08-24","Saturday","34","8","24","2019"
"190725","2019-08-25","Sunday","34","8","25","2019"
"190726","2019-08-26","Monday","35","8","26","2019"
"190727","2019-08-27","Tuesday","35","8","27","2019"
"190728","2019-08-28","Wednesday","35","8","28","2019"
"190729","2019-08-29","Thursday","35","8","29","2019"
"190730","2019-08-30","Friday","35","8","30","2019"
"190731","2019-08-31","Saturday","35","8","31","2019"
"190801","2019-09-01","Sunday","35","9","1","2019"
"190802","2019-09-02","Monday","36","9","2","2019"
"190803","2019-09-03","Tuesday","36","9","3","2019"
"190804","2019-09-04","Wednesday","36","9","4","2019"
"190805","2019-09-05","Thursday","36","9","5","2019"
"190806","2019-09-06","Friday","36","9","6","2019"
"190807","2019-09-07","Saturday","36","9","7","2019"
"190808","2019-09-08","Sunday","36","9","8","2019"
"190809","2019-09-09","Monday","37","9","9","2019"
"190810","2019-09-10","Tuesday","37","9","10","2019"
"190811","2019-09-11","Wednesday","37","9","11","2019"
"190812","2019-09-12","Thursday","37","9","12","2019"
"190813","2019-09-13","Friday","37","9","13","2019"
"190814","2019-09-14","Saturday","37","9","14","2019"
"190815","2019-09-15","Sunday","37","9","15","2019"
"190816","2019-09-16","Monday","38","9","16","2019"
"190817","2019-09-17","Tuesday","38","9","17","2019"
"190818","2019-09-18","Wednesday","38","9","18","2019"
"190819","2019-09-19","Thursday","38","9","19","2019"
"190820","2019-09-20","Friday","38","9","20","2019"
"190821","2019-09-21","Saturday","38","9","21","2019"
"190822","2019-09-22","Sunday","38","9","22","2019"
"190823","2019-09-23","Monday","39","9","23","2019"
"190824","2019-09-24","Tuesday","39","9","24","2019"
"190825","2019-09-25","Wednesday","39","9","25","2019"
"190826","2019-09-26","Thursday","39","9","26","2019"
"190827","2019-09-27","Friday","39","9","27","2019"
"190828","2019-09-28","Saturday","39","9","28","2019"
"190829","2019-09-29","Sunday","39","9","29","2019"
"190830","2019-09-30","Monday","40","9","30","2019"
"190901","2019-10-01","Tuesday","40","10","1","2019"
"190902","2019-10-02","Wednesday","40","10","2","2019"
"190903","2019-10-03","Thursday","40","10","3","2019"
"190904","2019-10-04","Friday","40","10","4","2019"
"190905","2019-10-05","Saturday","40","10","5","2019"
"190906","2019-10-06","Sunday","40","10","6","2019"
"190907","2019-10-07","Monday","41","10","7","2019"
"190908","2019-10-08","Tuesday","41","10","8","2019"
"190909","2019-10-09","Wednesday","41","10","9","2019"
"190910","2019-10-10","Thursday","41","10","10","2019"
"190911","2019-10-11","Friday","41","10","11","2019"
"190912","2019-10-12","Saturday","41","10","12","2019"
"190913","2019-10-13","Sunday","41","10","13","2019"
"190914","2019-10-14","Monday","42","10","14","2019"
"190915","2019-10-15","Tuesday","42","10","15","2019"
"190916","2019-10-16","Wednesday","42","10","16","2019"
"190917","2019-10-17","Thursday","42","10","17","2019"
"190918","2019-10-18","Friday","42","10","18","2019"
"190919","2019-10-19","Saturday","42","10","19","2019"
"190920","2019-10-20","Sunday","42","10","20","2019"
"190921","2019-10-21","Monday","43","10","21","2019"
"190922","2019-10-22","Tuesday","43","10","22","2019"
"190923","2019-10-23","Wednesday","43","10","23","2019"
"190924","2019-10-24","Thursday","43","10","24","2019"
"190925","2019-10-25","Friday","43","10","25","2019"
"190926","2019-10-26","Saturday","43","10","26","2019"
"190927","2019-10-27","Sunday","43","10","27","2019"
"190928","2019-10-28","Monday","44","10","28","2019"
"190929","2019-10-29","Tuesday","44","10","29","2019"
"190930","2019-10-30","Wednesday","44","10","30","2019"
"190931","2019-10-31","Thursday","44","10","31","2019"
"191001","2019-11-01","Friday","44","11","1","2019"
"191002","2019-11-02","Saturday","44","11","2","2019"
"191003","2019-11-03","Sunday","44","11","3","2019"
"191004","2019-11-04","Monday","45","11","4","2019"
"191005","2019-11-05","Tuesday","45","11","5","2019"
"191006","2019-11-06","Wednesday","45","11","6","2019"
"191007","2019-11-07","Thursday","45","11","7","2019"
"191008","2019-11-08","Friday","45","11","8","2019"
"191009","2019-11-09","Saturday","45","11","9","2019"
"191010","2019-11-10","Sunday","45","11","10","2019"
"191011","2019-11-11","Monday","46","11","11","2019"
"191012","2019-11-12","Tuesday","46","11","12","2019"
"191013","2019-11-13","Wednesday","46","11","13","2019"
"191014","2019-11-14","Thursday","46","11","14","2019"
"191015","2019-11-15","Friday","46","11","15","2019"
"191016","2019-11-16","Saturday","46","11","16","2019"
"191017","2019-11-17","Sunday","46","11","17","2019"
"191018","2019-11-18","Monday","47","11","18","2019"
"191019","2019-11-19","Tuesday","47","11","19","2019"
"191020","2019-11-20","Wednesday","47","11","20","2019"
"191021","2019-11-21","Thursday","47","11","21","2019"
"191022","2019-11-22","Friday","47","11","22","2019"
"191023","2019-11-23","Saturday","47","11","23","2019"
"191024","2019-11-24","Sunday","47","11","24","2019"
"191025","2019-11-25","Monday","48","11","25","2019"
"191026","2019-11-26","Tuesday","48","11","26","2019"
"191027","2019-11-27","Wednesday","48","11","27","2019"
"191028","2019-11-28","Thursday","48","11","28","2019"
"191029","2019-11-29","Friday","48","11","29","2019"
"191030","2019-11-30","Saturday","48","11","30","2019"
"191101","2019-12-01","Sunday","48","12","1","2019"
"191102","2019-12-02","Monday","49","12","2","2019"
"191103","2019-12-03","Tuesday","49","12","3","2019"
"191104","2019-12-04","Wednesday","49","12","4","2019"
"191105","2019-12-05","Thursday","49","12","5","2019"
"191106","2019-12-06","Friday","49","12","6","2019"
"191107","2019-12-07","Saturday","49","12","7","2019"
"191108","2019-12-08","Sunday","49","12","8","2019"
"191109","2019-12-09","Monday","50","12","9","2019"
"191110","2019-12-10","Tuesday","50","12","10","2019"
"191111","2019-12-11","Wednesday","50","12","11","2019"
"191112","2019-12-12","Thursday","50","12","12","2019"
"191113","2019-12-13","Friday","50","12","13","2019"
"191114","2019-12-14","Saturday","50","12","14","2019"
"191115","2019-12-15","Sunday","50","12","15","2019"
"191116","2019-12-16","Monday","51","12","16","2019"
"191117","2019-12-17","Tuesday","51","12","17","2019"
"191118","2019-12-18","Wednesday","51","12","18","2019"
"191119","2019-12-19","Thursday","51","12","19","2019"
"191120","2019-12-20","Friday","51","12","20","2019"
"191121","2019-12-21","Saturday","51","12","21","2019"
"191122","2019-12-22","Sunday","51","12","22","2019"
"191123","2019-12-23","Monday","52","12","23","2019"
"191124","2019-12-24","Tuesday","52","12","24","2019"
"191125","2019-12-25","Wednesday","52","12","25","2019"
"191126","2019-12-26","Thursday","52","12","26","2019"
"191127","2019-12-27","Friday","52","12","27","2019"
"191128","2019-12-28","Saturday","52","12","28","2019"
"191129","2019-12-29","Sunday","52","12","29","2019"
"191130","2019-12-30","Monday","1","12","30","2019"
"191131","2019-12-31","Tuesday","1","12","31","2019"
"200001","2020-01-01","Wednesday","1","1","1","2020"
"200002","2020-01-02","Thursday","1","1","2","2020"
"200003","2020-01-03","Friday","1","1","3","2020"
"200004","2020-01-04","Saturday","1","1","4","2020"
"200005","2020-01-05","Sunday","1","1","5","2020"
"200006","2020-01-06","Monday","2","1","6","2020"
"200007","2020-01-07","Tuesday","2","1","7","2020"
"200008","2020-01-08","Wednesday","2","1","8","2020"
"200009","2020-01-09","Thursday","2","1","9","2020"
"200010","2020-01-10","Friday","2","1","10","2020"
"200011","2020-01-11","Saturday","2","1","11","2020"
"200012","2020-01-12","Sunday","2","1","12","2020"
"200013","2020-01-13","Monday","3","1","13","2020"
"200014","2020-01-14","Tuesday","3","1","14","2020"
"200015","2020-01-15","Wednesday","3","1","15","2020"
"200016","2020-01-16","Thursday","3","1","16","2020"
"200017","2020-01-17","Friday","3","1","17","2020"
"200018","2020-01-18","Saturday","3","1","18","2020"
"200019","2020-01-19","Sunday","3","1","19","2020"
"200020","2020-01-20","Monday","4","1","20","2020"
"200021","2020-01-21","Tuesday","4","1","21","2020"
"200022","2020-01-22","Wednesday","4","1","22","2020"
"200023","2020-01-23","Thursday","4","1","23","2020"
"200024","2020-01-24","Friday","4","1","24","2020"
"200025","2020-01-25","Saturday","4","1","25","2020"
"200026","2020-01-26","Sunday","4","1","26","2020"
"200027","2020-01-27","Monday","5","1","27","2020"
"200028","2020-01-28","Tuesday","5","1","28","2020"
"200029","2020-01-29","Wednesday","5","1","29","2020"
"200030","2020-01-30","Thursday","5","1","30","2020"
"200031","2020-01-31","Friday","5","1","31","2020"
"200101","2020-02-01","Saturday","5","2","1","2020"
"200102","2020-02-02","Sunday","5","2","2","2020"
"200103","2020-02-03","Monday","6","2","3","2020"
"200104","2020-02-04","Tuesday","6","2","4","2020"
"200105","2020-02-05","Wednesday","6","2","5","2020"
"200106","2020-02-06","Thursday","6","2","6","2020"
"200107","2020-02-07","Friday","6","2","7","2020"
"200108","2020-02-08","Saturday","6","2","8","2020"
"200109","2020-02-09","Sunday","6","2","9","2020"
"200110","2020-02-10","Monday","7","2","10","2020"
"200111","2020-02-11","Tuesday","7","2","11","2020"
"200112","2020-02-12","Wednesday","7","2","12","2020"
"200113","2020-02-13","Thursday","7","2","13","2020"
"200114","2020-02-14","Friday","7","2","14","2020"
"200115","2020-02-15","Saturday","7","2","15","2020"
"200116","2020-02-16","Sunday","7","2","16","2020"
"200117","2020-02-17","Monday","8","2","17","2020"
"200118","2020-02-18","Tuesday","8","2","18","2020"
"200119","2020-02-19","Wednesday","8","2","19","2020"
"200120","2020-02-20","Thursday","8","2","20","2020"
"200121","2020-02-21","Friday","8","2","21","2020"
"200122","2020-02-22","Saturday","8","2","22","2020"
"200123","2020-02-23","Sunday","8","2","23","2020"
"200124","2020-02-24","Monday","9","2","24","2020"
"200125","2020-02-25","Tuesday","9","2","25","2020"
"200126","2020-02-26","Wednesday","9","2","26","2020"
"200127","2020-02-27","Thursday","9","2","27","2020"
"200128","2020-02-28","Friday","9","2","28","2020"
"200129","2020-02-29","Saturday","9","2","29","2020"
"200201","2020-03-01","Sunday","9","3","1","2020"
"200202","2020-03-02","Monday","10","3","2","2020"
"200203","2020-03-03","Tuesday","10","3","3","2020"
"200204","2020-03-04","Wednesday","10","3","4","2020"
"200205","2020-03-05","Thursday","10","3","5","2020"
"200206","2020-03-06","Friday","10","3","6","2020"
"200207","2020-03-07","Saturday","10","3","7","2020"
"200208","2020-03-08","Sunday","10","3","8","2020"
"200209","2020-03-09","Monday","11","3","9","2020"
"200210","2020-03-10","Tuesday","11","3","10","2020"
"200211","2020-03-11","Wednesday","11","3","11","2020"
"200212","2020-03-12","Thursday","11","3","12","2020"
"200213","2020-03-13","Friday","11","3","13","2020"
"200214","2020-03-14","Saturday","11","3","14","2020"
"200215","2020-03-15","Sunday","11","3","15","2020"
"200216","2020-03-16","Monday","12","3","16","2020"
"200217","2020-03-17","Tuesday","12","3","17","2020"
"200218","2020-03-18","Wednesday","12","3","18","2020"
"200219","2020-03-19","Thursday","12","3","19","2020"
"200220","2020-03-20","Friday","12","3","20","2020"
"200221","2020-03-21","Saturday","12","3","21","2020"
"200222","2020-03-22","Sunday","12","3","22","2020"
"200223","2020-03-23","Monday","13","3","23","2020"
"200224","2020-03-24","Tuesday","13","3","24","2020"
"200225","2020-03-25","Wednesday","13","3","25","2020"
"200226","2020-03-26","Thursday","13","3","26","2020"
"200227","2020-03-27","Friday","13","3","27","2020"
"200228","2020-03-28","Saturday","13","3","28","2020"
"200229","2020-03-29","Sunday","13","3","29","2020"
"200230","2020-03-30","Monday","14","3","30","2020"
"200231","2020-03-31","Tuesday","14","3","31","2020"
"200301","2020-04-01","Wednesday","14","4","1","2020"
"200302","2020-04-02","Thursday","14","4","2","2020"
"200303","2020-04-03","Friday","14","4","3","2020"
"200304","2020-04-04","Saturday","14","4","4","2020"
"200305","2020-04-05","Sunday","14","4","5","2020"
"200306","2020-04-06","Monday","15","4","6","2020"
"200307","2020-04-07","Tuesday","15","4","7","2020"
"200308","2020-04-08","Wednesday","15","4","8","2020"
"200309","2020-04-09","Thursday","15","4","9","2020"
"200310","2020-04-10","Friday","15","4","10","2020"
"200311","2020-04-11","Saturday","15","4","11","2020"
"200312","2020-04-12","Sunday","15","4","12","2020"
"200313","2020-04-13","Monday","16","4","13","2020"
"200314","2020-04-14","Tuesday","16","4","14","2020"
"200315","2020-04-15","Wednesday","16","4","15","2020"
"200316","2020-04-16","Thursday","16","4","16","2020"
"200317","2020-04-17","Friday","16","4","17","2020"
"200318","2020-04-18","Saturday","16","4","18","2020"
"200319","2020-04-19","Sunday","16","4","19","2020"
"200320","2020-04-20","Monday","17","4","20","2020"
"200321","2020-04-21","Tuesday","17","4","21","2020"
"200322","2020-04-22","Wednesday","17","4","22","2020"
"200323","2020-04-23","Thursday","17","4","23","2020"
"200324","2020-04-24","Friday","17","4","24","2020"
"200325","2020-04-25","Saturday","17","4","25","2020"
"200326","2020-04-26","Sunday","17","4","26","2020"
"200327","2020-04-27","Monday","18","4","27","2020"
"200328","2020-04-28","Tuesday","18","4","28","2020"
"200329","2020-04-29","Wednesday","18","4","29","2020"
"200330","2020-04-30","Thursday","18","4","30","2020"
"200401","2020-05-01","Friday","18","5","1","2020"
"200402","2020-05-02","Saturday","18","5","2","2020"
"200403","2020-05-03","Sunday","18","5","3","2020"
"200404","2020-05-04","Monday","19","5","4","2020"
"200405","2020-05-05","Tuesday","19","5","5","2020"
"200406","2020-05-06","Wednesday","19","5","6","2020"
"200407","2020-05-07","Thursday","19","5","7","2020"
"200408","2020-05-08","Friday","19","5","8","2020"
"200409","2020-05-09","Saturday","19","5","9","2020"
"200410","2020-05-10","Sunday","19","5","10","2020"
"200411","2020-05-11","Monday","20","5","11","2020"
"200412","2020-05-12","Tuesday","20","5","12","2020"
"200413","2020-05-13","Wednesday","20","5","13","2020"
"200414","2020-05-14","Thursday","20","5","14","2020"
"200415","2020-05-15","Friday","20","5","15","2020"
"200416","2020-05-16","Saturday","20","5","16","2020"
"200417","2020-05-17","Sunday","20","5","17","2020"
"200418","2020-05-18","Monday","21","5","18","2020"
"200419","2020-05-19","Tuesday","21","5","19","2020"
"200420","2020-05-20","Wednesday","21","5","20","2020"
"200421","2020-05-21","Thursday","21","5","21","2020"
"200422","2020-05-22","Friday","21","5","22","2020"
"200423","2020-05-23","Saturday","21","5","23","2020"
"200424","2020-05-24","Sunday","21","5","24","2020"
"200425","2020-05-25","Monday","22","5","25","2020"
"200426","2020-05-26","Tuesday","22","5","26","2020"
"200427","2020-05-27","Wednesday","22","5","27","2020"
"200428","2020-05-28","Thursday","22","5","28","2020"
"200429","2020-05-29","Friday","22","5","29","2020"
"200430","2020-05-30","Saturday","22","5","30","2020"
"200431","2020-05-31","Sunday","22","5","31","2020"
"200501","2020-06-01","Monday","23","6","1","2020"
"200502","2020-06-02","Tuesday","23","6","2","2020"
"200503","2020-06-03","Wednesday","23","6","3","2020"
"200504","2020-06-04","Thursday","23","6","4","2020"
"200505","2020-06-05","Friday","23","6","5","2020"
"200506","2020-06-06","Saturday","23","6","6","2020"
"200507","2020-06-07","Sunday","23","6","7","2020"
"200508","2020-06-08","Monday","24","6","8","2020"
"200509","2020-06-09","Tuesday","24","6","9","2020"
"200510","2020-06-10","Wednesday","24","6","10","2020"
"200511","2020-06-11","Thursday","24","6","11","2020"
"200512","2020-06-12","Friday","24","6","12","2020"
"200513","2020-06-13","Saturday","24","6","13","2020"
"200514","2020-06-14","Sunday","24","6","14","2020"
"200515","2020-06-15","Monday","25","6","15","2020"
"200516","2020-06-16","Tuesday","25","6","16","2020"
"200517","2020-06-17","Wednesday","25","6","17","2020"
"200518","2020-06-18","Thursday","25","6","18","2020"
"200519","2020-06-19","Friday","25","6","19","2020"
"200520","2020-06-20","Saturday","25","6","20","2020"
"200521","2020-06-21","Sunday","25","6","21","2020"
"200522","2020-06-22","Monday","26","6","22","2020"
"200523","2020-06-23","Tuesday","26","6","23","2020"
"200524","2020-06-24","Wednesday","26","6","24","2020"
"200525","2020-06-25","Thursday","26","6","25","2020"
"200526","2020-06-26","Friday","26","6","26","2020"
"200527","2020-06-27","Saturday","26","6","27","2020"
"200528","2020-06-28","Sunday","26","6","28","2020"
"200529","2020-06-29","Monday","27","6","29","2020"
"200530","2020-06-30","Tuesday","27","6","30","2020"
"200601","2020-07-01","Wednesday","27","7","1","2020"
"200602","2020-07-02","Thursday","27","7","2","2020"
"200603","2020-07-03","Friday","27","7","3","2020"
"200604","2020-07-04","Saturday","27","7","4","2020"
"200605","2020-07-05","Sunday","27","7","5","2020"
"200606","2020-07-06","Monday","28","7","6","2020"
"200607","2020-07-07","Tuesday","28","7","7","2020"
"200608","2020-07-08","Wednesday","28","7","8","2020"
"200609","2020-07-09","Thursday","28","7","9","2020"
"200610","2020-07-10","Friday","28","7","10","2020"
"200611","2020-07-11","Saturday","28","7","11","2020"
"200612","2020-07-12","Sunday","28","7","12","2020"
"200613","2020-07-13","Monday","29","7","13","2020"
"200614","2020-07-14","Tuesday","29","7","14","2020"
"200615","2020-07-15","Wednesday","29","7","15","2020"
"200616","2020-07-16","Thursday","29","7","16","2020"
"200617","2020-07-17","Friday","29","7","17","2020"
"200618","2020-07-18","Saturday","29","7","18","2020"
"200619","2020-07-19","Sunday","29","7","19","2020"
"200620","2020-07-20","Monday","30","7","20","2020"
"200621","2020-07-21","Tuesday","30","7","21","2020"
"200622","2020-07-22","Wednesday","30","7","22","2020"
"200623","2020-07-23","Thursday","30","7","23","2020"
"200624","2020-07-24","Friday","30","7","24","2020"
"200625","2020-07-25","Saturday","30","7","25","2020"
"200626","2020-07-26","Sunday","30","7","26","2020"
"200627","2020-07-27","Monday","31","7","27","2020"
"200628","2020-07-28","Tuesday","31","7","28","2020"
"200629","2020-07-29","Wednesday","31","7","29","2020"
"200630","2020-07-30","Thursday","31","7","30","2020"
"200631","2020-07-31","Friday","31","7","31","2020"
"200701","2020-08-01","Saturday","31","8","1","2020"
"200702","2020-08-02","Sunday","31","8","2","2020"
"200703","2020-08-03","Monday","32","8","3","2020"
"200704","2020-08-04","Tuesday","32","8","4","2020"
"200705","2020-08-05","Wednesday","32","8","5","2020"
"200706","2020-08-06","Thursday","32","8","6","2020"
"200707","2020-08-07","Friday","32","8","7","2020"
"200708","2020-08-08","Saturday","32","8","8","2020"
"200709","2020-08-09","Sunday","32","8","9","2020"
"200710","2020-08-10","Monday","33","8","10","2020"
"200711","2020-08-11","Tuesday","33","8","11","2020"
"200712","2020-08-12","Wednesday","33","8","12","2020"
"200713","2020-08-13","Thursday","33","8","13","2020"
"200714","2020-08-14","Friday","33","8","14","2020"
"200715","2020-08-15","Saturday","33","8","15","2020"
"200716","2020-08-16","Sunday","33","8","16","2020"
"200717","2020-08-17","Monday","34","8","17","2020"
"200718","2020-08-18","Tuesday","34","8","18","2020"
"200719","2020-08-19","Wednesday","34","8","19","2020"
"200720","2020-08-20","Thursday","34","8","20","2020"
"200721","2020-08-21","Friday","34","8","21","2020"
"200722","2020-08-22","Saturday","34","8","22","2020"
"200723","2020-08-23","Sunday","34","8","23","2020"
"200724","2020-08-24","Monday","35","8","24","2020"
"200725","2020-08-25","Tuesday","35","8","25","2020"
"200726","2020-08-26","Wednesday","35","8","26","2020"
"200727","2020-08-27","Thursday","35","8","27","2020"
"200728","2020-08-28","Friday","35","8","28","2020"
"200729","2020-08-29","Saturday","35","8","29","2020"
"200730","2020-08-30","Sunday","35","8","30","2020"
"200731","2020-08-31","Monday","36","8","31","2020"
"200801","2020-09-01","Tuesday","36","9","1","2020"
"200802","2020-09-02","Wednesday","36","9","2","2020"
"200803","2020-09-03","Thursday","36","9","3","2020"
"200804","2020-09-04","Friday","36","9","4","2020"
"200805","2020-09-05","Saturday","36","9","5","2020"
"200806","2020-09-06","Sunday","36","9","6","2020"
"200807","2020-09-07","Monday","37","9","7","2020"
"200808","2020-09-08","Tuesday","37","9","8","2020"
"200809","2020-09-09","Wednesday","37","9","9","2020"
"200810","2020-09-10","Thursday","37","9","10","2020"
"200811","2020-09-11","Friday","37","9","11","2020"
"200812","2020-09-12","Saturday","37","9","12","2020"
"200813","2020-09-13","Sunday","37","9","13","2020"
"200814","2020-09-14","Monday","38","9","14","2020"
"200815","2020-09-15","Tuesday","38","9","15","2020"
"200816","2020-09-16","Wednesday","38","9","16","2020"
"200817","2020-09-17","Thursday","38","9","17","2020"
"200818","2020-09-18","Friday","38","9","18","2020"
"200819","2020-09-19","Saturday","38","9","19","2020"
"200820","2020-09-20","Sunday","38","9","20","2020"
"200821","2020-09-21","Monday","39","9","21","2020"
"200822","2020-09-22","Tuesday","39","9","22","2020"
"200823","2020-09-23","Wednesday","39","9","23","2020"
"200824","2020-09-24","Thursday","39","9","24","2020"
"200825","2020-09-25","Friday","39","9","25","2020"
"200826","2020-09-26","Saturday","39","9","26","2020"
"200827","2020-09-27","Sunday","39","9","27","2020"
"200828","2020-09-28","Monday","40","9","28","2020"
"200829","2020-09-29","Tuesday","40","9","29","2020"
"200830","2020-09-30","Wednesday","40","9","30","2020"
"200901","2020-10-01","Thursday","40","10","1","2020"
"200902","2020-10-02","Friday","40","10","2","2020"
"200903","2020-10-03","Saturday","40","10","3","2020"
"200904","2020-10-04","Sunday","40","10","4","2020"
"200905","2020-10-05","Monday","41","10","5","2020"
"200906","2020-10-06","Tuesday","41","10","6","2020"
"200907","2020-10-07","Wednesday","41","10","7","2020"
"200908","2020-10-08","Thursday","41","10","8","2020"
"200909","2020-10-09","Friday","41","10","9","2020"
"200910","2020-10-10","Saturday","41","10","10","2020"
"200911","2020-10-11","Sunday","41","10","11","2020"
"200912","2020-10-12","Monday","42","10","12","2020"
"200913","2020-10-13","Tuesday","42","10","13","2020"
"200914","2020-10-14","Wednesday","42","10","14","2020"
"200915","2020-10-15","Thursday","42","10","15","2020"
"200916","2020-10-16","Friday","42","10","16","2020"
"200917","2020-10-17","Saturday","42","10","17","2020"
"200918","2020-10-18","Sunday","42","10","18","2020"
"200919","2020-10-19","Monday","43","10","19","2020"
"200920","2020-10-20","Tuesday","43","10","20","2020"
"200921","2020-10-21","Wednesday","43","10","21","2020"
"200922","2020-10-22","Thursday","43","10","22","2020"
"200923","2020-10-23","Friday","43","10","23","2020"
"200924","2020-10-24","Saturday","43","10","24","2020"
"200925","2020-10-25","Sunday","43","10","25","2020"
"200926","2020-10-26","Monday","44","10","26","2020"
"200927","2020-10-27","Tuesday","44","10","27","2020"
"200928","2020-10-28","Wednesday","44","10","28","2020"
"200929","2020-10-29","Thursday","44","10","29","2020"
"200930","2020-10-30","Friday","44","10","30","2020"
"200931","2020-10-31","Saturday","44","10","31","2020"
"201001","2020-11-01","Sunday","44","11","1","2020"
"201002","2020-11-02","Monday","45","11","2","2020"
"201003","2020-11-03","Tuesday","45","11","3","2020"
"201004","2020-11-04","Wednesday","45","11","4","2020"
"201005","2020-11-05","Thursday","45","11","5","2020"
"201006","2020-11-06","Friday","45","11","6","2020"
"201007","2020-11-07","Saturday","45","11","7","2020"
"201008","2020-11-08","Sunday","45","11","8","2020"
"201009","2020-11-09","Monday","46","11","9","2020"
"201010","2020-11-10","Tuesday","46","11","10","2020"
"201011","2020-11-11","Wednesday","46","11","11","2020"
"201012","2020-11-12","Thursday","46","11","12","2020"
"201013","2020-11-13","Friday","46","11","13","2020"
"201014","2020-11-14","Saturday","46","11","14","2020"
"201015","2020-11-15","Sunday","46","11","15","2020"
"201016","2020-11-16","Monday","47","11","16","2020"
"201017","2020-11-17","Tuesday","47","11","17","2020"
"201018","2020-11-18","Wednesday","47","11","18","2020"
"201019","2020-11-19","Thursday","47","11","19","2020"
"201020","2020-11-20","Friday","47","11","20","2020"
"201021","2020-11-21","Saturday","47","11","21","2020"
"201022","2020-11-22","Sunday","47","11","22","2020"
"201023","2020-11-23","Monday","48","11","23","2020"
"201024","2020-11-24","Tuesday","48","11","24","2020"
"201025","2020-11-25","Wednesday","48","11","25","2020"
"201026","2020-11-26","Thursday","48","11","26","2020"
"201027","2020-11-27","Friday","48","11","27","2020"
"201028","2020-11-28","Saturday","48","11","28","2020"
"201029","2020-11-29","Sunday","48","11","29","2020"
"201030","2020-11-30","Monday","49","11","30","2020"
"201101","2020-12-01","Tuesday","49","12","1","2020"
"201102","2020-12-02","Wednesday","49","12","2","2020"
"201103","2020-12-03","Thursday","49","12","3","2020"
"201104","2020-12-04","Friday","49","12","4","2020"
"201105","2020-12-05","Saturday","49","12","5","2020"
"201106","2020-12-06","Sunday","49","12","6","2020"
"201107","2020-12-07","Monday","50","12","7","2020"
"201108","2020-12-08","Tuesday","50","12","8","2020"
"201109","2020-12-09","Wednesday","50","12","9","2020"
"201110","2020-12-10","Thursday","50","12","10","2020"
"201111","2020-12-11","Friday","50","12","11","2020"
"201112","2020-12-12","Saturday","50","12","12","2020"
"201113","2020-12-13","Sunday","50","12","13","2020"
"201114","2020-12-14","Monday","51","12","14","2020"
"201115","2020-12-15","Tuesday","51","12","15","2020"
"201116","2020-12-16","Wednesday","51","12","16","2020"
"201117","2020-12-17","Thursday","51","12","17","2020"
"201118","2020-12-18","Friday","51","12","18","2020"
"201119","2020-12-19","Saturday","51","12","19","2020"
"201120","2020-12-20","Sunday","51","12","20","2020"
"201121","2020-12-21","Monday","52","12","21","2020"
"201122","2020-12-22","Tuesday","52","12","22","2020"
"201123","2020-12-23","Wednesday","52","12","23","2020"
"201124","2020-12-24","Thursday","52","12","24","2020"
"201125","2020-12-25","Friday","52","12","25","2020"
"201126","2020-12-26","Saturday","52","12","26","2020"
"201127","2020-12-27","Sunday","52","12","27","2020"
"201128","2020-12-28","Monday","53","12","28","2020"
"201129","2020-12-29","Tuesday","53","12","29","2020"
"201130","2020-12-30","Wednesday","53","12","30","2020"
"201131","2020-12-31","Thursday","53","12","31","2020"
"210001","2021-01-01","Friday","53","1","1","2021"
"210002","2021-01-02","Saturday","53","1","2","2021"
"210003","2021-01-03","Sunday","53","1","3","2021"
"210004","2021-01-04","Monday","1","1","4","2021"
"210005","2021-01-05","Tuesday","1","1","5","2021"
"210006","2021-01-06","Wednesday","1","1","6","2021"
"210007","2021-01-07","Thursday","1","1","7","2021"
"210008","2021-01-08","Friday","1","1","8","2021"
"210009","2021-01-09","Saturday","1","1","9","2021"
"210010","2021-01-10","Sunday","1","1","10","2021"
"210011","2021-01-11","Monday","2","1","11","2021"
"210012","2021-01-12","Tuesday","2","1","12","2021"
"210013","2021-01-13","Wednesday","2","1","13","2021"
"210014","2021-01-14","Thursday","2","1","14","2021"
"210015","2021-01-15","Friday","2","1","15","2021"
"210016","2021-01-16","Saturday","2","1","16","2021"
"210017","2021-01-17","Sunday","2","1","17","2021"
"210018","2021-01-18","Monday","3","1","18","2021"
"210019","2021-01-19","Tuesday","3","1","19","2021"
"210020","2021-01-20","Wednesday","3","1","20","2021"
"210021","2021-01-21","Thursday","3","1","21","2021"
"210022","2021-01-22","Friday","3","1","22","2021"
"210023","2021-01-23","Saturday","3","1","23","2021"
"210024","2021-01-24","Sunday","3","1","24","2021"
"210025","2021-01-25","Monday","4","1","25","2021"
"210026","2021-01-26","Tuesday","4","1","26","2021"
"210027","2021-01-27","Wednesday","4","1","27","2021"
"210028","2021-01-28","Thursday","4","1","28","2021"
"210029","2021-01-29","Friday","4","1","29","2021"
"210030","2021-01-30","Saturday","4","1","30","2021"
"210031","2021-01-31","Sunday","4","1","31","2021"
"210101","2021-02-01","Monday","5","2","1","2021"
"210102","2021-02-02","Tuesday","5","2","2","2021"
"210103","2021-02-03","Wednesday","5","2","3","2021"
"210104","2021-02-04","Thursday","5","2","4","2021"
"210105","2021-02-05","Friday","5","2","5","2021"
"210106","2021-02-06","Saturday","5","2","6","2021"
"210107","2021-02-07","Sunday","5","2","7","2021"
"210108","2021-02-08","Monday","6","2","8","2021"
"210109","2021-02-09","Tuesday","6","2","9","2021"
"210110","2021-02-10","Wednesday","6","2","10","2021"
"210111","2021-02-11","Thursday","6","2","11","2021"
"210112","2021-02-12","Friday","6","2","12","2021"
"210113","2021-02-13","Saturday","6","2","13","2021"
"210114","2021-02-14","Sunday","6","2","14","2021"
"210115","2021-02-15","Monday","7","2","15","2021"
"210116","2021-02-16","Tuesday","7","2","16","2021"
"210117","2021-02-17","Wednesday","7","2","17","2021"
"210118","2021-02-18","Thursday","7","2","18","2021"
"210119","2021-02-19","Friday","7","2","19","2021"
"210120","2021-02-20","Saturday","7","2","20","2021"
"210121","2021-02-21","Sunday","7","2","21","2021"
"210122","2021-02-22","Monday","8","2","22","2021"
"210123","2021-02-23","Tuesday","8","2","23","2021"
"210124","2021-02-24","Wednesday","8","2","24","2021"
"210125","2021-02-25","Thursday","8","2","25","2021"
"210126","2021-02-26","Friday","8","2","26","2021"
"210127","2021-02-27","Saturday","8","2","27","2021"
"210128","2021-02-28","Sunday","8","2","28","2021"
"210201","2021-03-01","Monday","9","3","1","2021"
"210202","2021-03-02","Tuesday","9","3","2","2021"
"210203","2021-03-03","Wednesday","9","3","3","2021"
"210204","2021-03-04","Thursday","9","3","4","2021"
"210205","2021-03-05","Friday","9","3","5","2021"
"210206","2021-03-06","Saturday","9","3","6","2021"
"210207","2021-03-07","Sunday","9","3","7","2021"
"210208","2021-03-08","Monday","10","3","8","2021"
"210209","2021-03-09","Tuesday","10","3","9","2021"
"210210","2021-03-10","Wednesday","10","3","10","2021"
"210211","2021-03-11","Thursday","10","3","11","2021"
"210212","2021-03-12","Friday","10","3","12","2021"
"210213","2021-03-13","Saturday","10","3","13","2021"
"210214","2021-03-14","Sunday","10","3","14","2021"
"210215","2021-03-15","Monday","11","3","15","2021"
"210216","2021-03-16","Tuesday","11","3","16","2021"
"210217","2021-03-17","Wednesday","11","3","17","2021"
"210218","2021-03-18","Thursday","11","3","18","2021"
"210219","2021-03-19","Friday","11","3","19","2021"
"210220","2021-03-20","Saturday","11","3","20","2021"
"210221","2021-03-21","Sunday","11","3","21","2021"
"210222","2021-03-22","Monday","12","3","22","2021"
"210223","2021-03-23","Tuesday","12","3","23","2021"
"210224","2021-03-24","Wednesday","12","3","24","2021"
"210225","2021-03-25","Thursday","12","3","25","2021"
"210226","2021-03-26","Friday","12","3","26","2021"
"210227","2021-03-27","Saturday","12","3","27","2021"
"210228","2021-03-28","Sunday","12","3","28","2021"
"210229","2021-03-29","Monday","13","3","29","2021"
"210230","2021-03-30","Tuesday","13","3","30","2021"
"210231","2021-03-31","Wednesday","13","3","31","2021"
"210301","2021-04-01","Thursday","13","4","1","2021"
"210302","2021-04-02","Friday","13","4","2","2021"
"210303","2021-04-03","Saturday","13","4","3","2021"
"210304","2021-04-04","Sunday","13","4","4","2021"
"210305","2021-04-05","Monday","14","4","5","2021"
"210306","2021-04-06","Tuesday","14","4","6","2021"
"210307","2021-04-07","Wednesday","14","4","7","2021"
"210308","2021-04-08","Thursday","14","4","8","2021"
"210309","2021-04-09","Friday","14","4","9","2021"
"210310","2021-04-10","Saturday","14","4","10","2021"
"210311","2021-04-11","Sunday","14","4","11","2021"
"210312","2021-04-12","Monday","15","4","12","2021"
"210313","2021-04-13","Tuesday","15","4","13","2021"
"210314","2021-04-14","Wednesday","15","4","14","2021"
"210315","2021-04-15","Thursday","15","4","15","2021"
"210316","2021-04-16","Friday","15","4","16","2021"
"210317","2021-04-17","Saturday","15","4","17","2021"
"210318","2021-04-18","Sunday","15","4","18","2021"
"210319","2021-04-19","Monday","16","4","19","2021"
"210320","2021-04-20","Tuesday","16","4","20","2021"
"210321","2021-04-21","Wednesday","16","4","21","2021"
"210322","2021-04-22","Thursday","16","4","22","2021"
"210323","2021-04-23","Friday","16","4","23","2021"
"210324","2021-04-24","Saturday","16","4","24","2021"
"210325","2021-04-25","Sunday","16","4","25","2021"
"210326","2021-04-26","Monday","17","4","26","2021"
"210327","2021-04-27","Tuesday","17","4","27","2021"
"210328","2021-04-28","Wednesday","17","4","28","2021"
"210329","2021-04-29","Thursday","17","4","29","2021"
"210330","2021-04-30","Friday","17","4","30","2021"
"210401","2021-05-01","Saturday","17","5","1","2021"
"210402","2021-05-02","Sunday","17","5","2","2021"
"210403","2021-05-03","Monday","18","5","3","2021"
"210404","2021-05-04","Tuesday","18","5","4","2021"
"210405","2021-05-05","Wednesday","18","5","5","2021"
"210406","2021-05-06","Thursday","18","5","6","2021"
"210407","2021-05-07","Friday","18","5","7","2021"
"210408","2021-05-08","Saturday","18","5","8","2021"
"210409","2021-05-09","Sunday","18","5","9","2021"
"210410","2021-05-10","Monday","19","5","10","2021"
"210411","2021-05-11","Tuesday","19","5","11","2021"
"210412","2021-05-12","Wednesday","19","5","12","2021"
"210413","2021-05-13","Thursday","19","5","13","2021"
"210414","2021-05-14","Friday","19","5","14","2021"
"210415","2021-05-15","Saturday","19","5","15","2021"
"210416","2021-05-16","Sunday","19","5","16","2021"
"210417","2021-05-17","Monday","20","5","17","2021"
"210418","2021-05-18","Tuesday","20","5","18","2021"
"210419","2021-05-19","Wednesday","20","5","19","2021"
"210420","2021-05-20","Thursday","20","5","20","2021"
"210421","2021-05-21","Friday","20","5","21","2021"
"210422","2021-05-22","Saturday","20","5","22","2021"
"210423","2021-05-23","Sunday","20","5","23","2021"
"210424","2021-05-24","Monday","21","5","24","2021"
"210425","2021-05-25","Tuesday","21","5","25","2021"
"210426","2021-05-26","Wednesday","21","5","26","2021"
"210427","2021-05-27","Thursday","21","5","27","2021"
"210428","2021-05-28","Friday","21","5","28","2021"
"210429","2021-05-29","Saturday","21","5","29","2021"
"210430","2021-05-30","Sunday","21","5","30","2021"
"210431","2021-05-31","Monday","22","5","31","2021"
"210501","2021-06-01","Tuesday","22","6","1","2021"
"210502","2021-06-02","Wednesday","22","6","2","2021"
"210503","2021-06-03","Thursday","22","6","3","2021"
"210504","2021-06-04","Friday","22","6","4","2021"
"210505","2021-06-05","Saturday","22","6","5","2021"
"210506","2021-06-06","Sunday","22","6","6","2021"
"210507","2021-06-07","Monday","23","6","7","2021"
"210508","2021-06-08","Tuesday","23","6","8","2021"
"210509","2021-06-09","Wednesday","23","6","9","2021"
"210510","2021-06-10","Thursday","23","6","10","2021"
"210511","2021-06-11","Friday","23","6","11","2021"
"210512","2021-06-12","Saturday","23","6","12","2021"
"210513","2021-06-13","Sunday","23","6","13","2021"
"210514","2021-06-14","Monday","24","6","14","2021"
"210515","2021-06-15","Tuesday","24","6","15","2021"
"210516","2021-06-16","Wednesday","24","6","16","2021"
"210517","2021-06-17","Thursday","24","6","17","2021"
"210518","2021-06-18","Friday","24","6","18","2021"
"210519","2021-06-19","Saturday","24","6","19","2021"
"210520","2021-06-20","Sunday","24","6","20","2021"
"210521","2021-06-21","Monday","25","6","21","2021"
"210522","2021-06-22","Tuesday","25","6","22","2021"
"210523","2021-06-23","Wednesday","25","6","23","2021"
"210524","2021-06-24","Thursday","25","6","24","2021"
"210525","2021-06-25","Friday","25","6","25","2021"
"210526","2021-06-26","Saturday","25","6","26","2021"
"210527","2021-06-27","Sunday","25","6","27","2021"
"210528","2021-06-28","Monday","26","6","28","2021"
"210529","2021-06-29","Tuesday","26","6","29","2021"
"210530","2021-06-30","Wednesday","26","6","30","2021"
"210601","2021-07-01","Thursday","26","7","1","2021"
"210602","2021-07-02","Friday","26","7","2","2021"
"210603","2021-07-03","Saturday","26","7","3","2021"
"210604","2021-07-04","Sunday","26","7","4","2021"
"210605","2021-07-05","Monday","27","7","5","2021"
"210606","2021-07-06","Tuesday","27","7","6","2021"
"210607","2021-07-07","Wednesday","27","7","7","2021"
"210608","2021-07-08","Thursday","27","7","8","2021"
"210609","2021-07-09","Friday","27","7","9","2021"
"210610","2021-07-10","Saturday","27","7","10","2021"
"210611","2021-07-11","Sunday","27","7","11","2021"
"210612","2021-07-12","Monday","28","7","12","2021"
"210613","2021-07-13","Tuesday","28","7","13","2021"
"210614","2021-07-14","Wednesday","28","7","14","2021"
"210615","2021-07-15","Thursday","28","7","15","2021"
"210616","2021-07-16","Friday","28","7","16","2021"
"210617","2021-07-17","Saturday","28","7","17","2021"
"210618","2021-07-18","Sunday","28","7","18","2021"
"210619","2021-07-19","Monday","29","7","19","2021"
"210620","2021-07-20","Tuesday","29","7","20","2021"
"210621","2021-07-21","Wednesday","29","7","21","2021"
"210622","2021-07-22","Thursday","29","7","22","2021"
"210623","2021-07-23","Friday","29","7","23","2021"
"210624","2021-07-24","Saturday","29","7","24","2021"
"210625","2021-07-25","Sunday","29","7","25","2021"
"210626","2021-07-26","Monday","30","7","26","2021"
"210627","2021-07-27","Tuesday","30","7","27","2021"
"210628","2021-07-28","Wednesday","30","7","28","2021"
"210629","2021-07-29","Thursday","30","7","29","2021"
"210630","2021-07-30","Friday","30","7","30","2021"
"210631","2021-07-31","Saturday","30","7","31","2021"
"210701","2021-08-01","Sunday","30","8","1","2021"
"210702","2021-08-02","Monday","31","8","2","2021"
"210703","2021-08-03","Tuesday","31","8","3","2021"
"210704","2021-08-04","Wednesday","31","8","4","2021"
"210705","2021-08-05","Thursday","31","8","5","2021"
"210706","2021-08-06","Friday","31","8","6","2021"
"210707","2021-08-07","Saturday","31","8","7","2021"
"210708","2021-08-08","Sunday","31","8","8","2021"
"210709","2021-08-09","Monday","32","8","9","2021"
"210710","2021-08-10","Tuesday","32","8","10","2021"
"210711","2021-08-11","Wednesday","32","8","11","2021"
"210712","2021-08-12","Thursday","32","8","12","2021"
"210713","2021-08-13","Friday","32","8","13","2021"
"210714","2021-08-14","Saturday","32","8","14","2021"
"210715","2021-08-15","Sunday","32","8","15","2021"
"210716","2021-08-16","Monday","33","8","16","2021"
"210717","2021-08-17","Tuesday","33","8","17","2021"
"210718","2021-08-18","Wednesday","33","8","18","2021"
"210719","2021-08-19","Thursday","33","8","19","2021"
"210720","2021-08-20","Friday","33","8","20","2021"
"210721","2021-08-21","Saturday","33","8","21","2021"
"210722","2021-08-22","Sunday","33","8","22","2021"
"210723","2021-08-23","Monday","34","8","23","2021"
"210724","2021-08-24","Tuesday","34","8","24","2021"
"210725","2021-08-25","Wednesday","34","8","25","2021"
"210726","2021-08-26","Thursday","34","8","26","2021"
"210727","2021-08-27","Friday","34","8","27","2021"
"210728","2021-08-28","Saturday","34","8","28","2021"
"210729","2021-08-29","Sunday","34","8","29","2021"
"210730","2021-08-30","Monday","35","8","30","2021"
"210731","2021-08-31","Tuesday","35","8","31","2021"
"210801","2021-09-01","Wednesday","35","9","1","2021"
"210802","2021-09-02","Thursday","35","9","2","2021"
"210803","2021-09-03","Friday","35","9","3","2021"
"210804","2021-09-04","Saturday","35","9","4","2021"
"210805","2021-09-05","Sunday","35","9","5","2021"
"210806","2021-09-06","Monday","36","9","6","2021"
"210807","2021-09-07","Tuesday","36","9","7","2021"
"210808","2021-09-08","Wednesday","36","9","8","2021"
"210809","2021-09-09","Thursday","36","9","9","2021"
"210810","2021-09-10","Friday","36","9","10","2021"
"210811","2021-09-11","Saturday","36","9","11","2021"
"210812","2021-09-12","Sunday","36","9","12","2021"
"210813","2021-09-13","Monday","37","9","13","2021"
"210814","2021-09-14","Tuesday","37","9","14","2021"
"210815","2021-09-15","Wednesday","37","9","15","2021"
"210816","2021-09-16","Thursday","37","9","16","2021"
"210817","2021-09-17","Friday","37","9","17","2021"
"210818","2021-09-18","Saturday","37","9","18","2021"
"210819","2021-09-19","Sunday","37","9","19","2021"
"210820","2021-09-20","Monday","38","9","20","2021"
"210821","2021-09-21","Tuesday","38","9","21","2021"
"210822","2021-09-22","Wednesday","38","9","22","2021"
"210823","2021-09-23","Thursday","38","9","23","2021"
"210824","2021-09-24","Friday","38","9","24","2021"
"210825","2021-09-25","Saturday","38","9","25","2021"
"210826","2021-09-26","Sunday","38","9","26","2021"
"210827","2021-09-27","Monday","39","9","27","2021"
"210828","2021-09-28","Tuesday","39","9","28","2021"
"210829","2021-09-29","Wednesday","39","9","29","2021"
"210830","2021-09-30","Thursday","39","9","30","2021"
"210901","2021-10-01","Friday","39","10","1","2021"
"210902","2021-10-02","Saturday","39","10","2","2021"
"210903","2021-10-03","Sunday","39","10","3","2021"
"210904","2021-10-04","Monday","40","10","4","2021"
"210905","2021-10-05","Tuesday","40","10","5","2021"
"210906","2021-10-06","Wednesday","40","10","6","2021"
"210907","2021-10-07","Thursday","40","10","7","2021"
"210908","2021-10-08","Friday","40","10","8","2021"
"210909","2021-10-09","Saturday","40","10","9","2021"
"210910","2021-10-10","Sunday","40","10","10","2021"
"210911","2021-10-11","Monday","41","10","11","2021"
"210912","2021-10-12","Tuesday","41","10","12","2021"
"210913","2021-10-13","Wednesday","41","10","13","2021"
"210914","2021-10-14","Thursday","41","10","14","2021"
"210915","2021-10-15","Friday","41","10","15","2021"
"210916","2021-10-16","Saturday","41","10","16","2021"
"210917","2021-10-17","Sunday","41","10","17","2021"
"210918","2021-10-18","Monday","42","10","18","2021"
"210919","2021-10-19","Tuesday","42","10","19","2021"
"210920","2021-10-20","Wednesday","42","10","20","2021"
"210921","2021-10-21","Thursday","42","10","21","2021"
"210922","2021-10-22","Friday","42","10","22","2021"
"210923","2021-10-23","Saturday","42","10","23","2021"
"210924","2021-10-24","Sunday","42","10","24","2021"
"210925","2021-10-25","Monday","43","10","25","2021"
"210926","2021-10-26","Tuesday","43","10","26","2021"
"210927","2021-10-27","Wednesday","43","10","27","2021"
"210928","2021-10-28","Thursday","43","10","28","2021"
"210929","2021-10-29","Friday","43","10","29","2021"
"210930","2021-10-30","Saturday","43","10","30","2021"
"210931","2021-10-31","Sunday","43","10","31","2021"
"211001","2021-11-01","Monday","44","11","1","2021"
"211002","2021-11-02","Tuesday","44","11","2","2021"
"211003","2021-11-03","Wednesday","44","11","3","2021"
"211004","2021-11-04","Thursday","44","11","4","2021"
"211005","2021-11-05","Friday","44","11","5","2021"
"211006","2021-11-06","Saturday","44","11","6","2021"
"211007","2021-11-07","Sunday","44","11","7","2021"
"211008","2021-11-08","Monday","45","11","8","2021"
"211009","2021-11-09","Tuesday","45","11","9","2021"
"211010","2021-11-10","Wednesday","45","11","10","2021"
"211011","2021-11-11","Thursday","45","11","11","2021"
"211012","2021-11-12","Friday","45","11","12","2021"
"211013","2021-11-13","Saturday","45","11","13","2021"
"211014","2021-11-14","Sunday","45","11","14","2021"
"211015","2021-11-15","Monday","46","11","15","2021"
"211016","2021-11-16","Tuesday","46","11","16","2021"
"211017","2021-11-17","Wednesday","46","11","17","2021"
"211018","2021-11-18","Thursday","46","11","18","2021"
"211019","2021-11-19","Friday","46","11","19","2021"
"211020","2021-11-20","Saturday","46","11","20","2021"
"211021","2021-11-21","Sunday","46","11","21","2021"
"211022","2021-11-22","Monday","47","11","22","2021"
"211023","2021-11-23","Tuesday","47","11","23","2021"
"211024","2021-11-24","Wednesday","47","11","24","2021"
"211025","2021-11-25","Thursday","47","11","25","2021"
"211026","2021-11-26","Friday","47","11","26","2021"
"211027","2021-11-27","Saturday","47","11","27","2021"
"211028","2021-11-28","Sunday","47","11","28","2021"
"211029","2021-11-29","Monday","48","11","29","2021"
"211030","2021-11-30","Tuesday","48","11","30","2021"
"211101","2021-12-01","Wednesday","48","12","1","2021"
"211102","2021-12-02","Thursday","48","12","2","2021"
"211103","2021-12-03","Friday","48","12","3","2021"
"211104","2021-12-04","Saturday","48","12","4","2021"
"211105","2021-12-05","Sunday","48","12","5","2021"
"211106","2021-12-06","Monday","49","12","6","2021"
"211107","2021-12-07","Tuesday","49","12","7","2021"
"211108","2021-12-08","Wednesday","49","12","8","2021"
"211109","2021-12-09","Thursday","49","12","9","2021"
"211110","2021-12-10","Friday","49","12","10","2021"
"211111","2021-12-11","Saturday","49","12","11","2021"
"211112","2021-12-12","Sunday","49","12","12","2021"
"211113","2021-12-13","Monday","50","12","13","2021"
"211114","2021-12-14","Tuesday","50","12","14","2021"
"211115","2021-12-15","Wednesday","50","12","15","2021"
"211116","2021-12-16","Thursday","50","12","16","2021"
"211117","2021-12-17","Friday","50","12","17","2021"
"211118","2021-12-18","Saturday","50","12","18","2021"
"211119","2021-12-19","Sunday","50","12","19","2021"
"211120","2021-12-20","Monday","51","12","20","2021"
"211121","2021-12-21","Tuesday","51","12","21","2021"
"211122","2021-12-22","Wednesday","51","12","22","2021"
"211123","2021-12-23","Thursday","51","12","23","2021"
"211124","2021-12-24","Friday","51","12","24","2021"
"211125","2021-12-25","Saturday","51","12","25","2021"
"211126","2021-12-26","Sunday","51","12","26","2021"
"211127","2021-12-27","Monday","52","12","27","2021"
"211128","2021-12-28","Tuesday","52","12","28","2021"
"211129","2021-12-29","Wednesday","52","12","29","2021"
"211130","2021-12-30","Thursday","52","12","30","2021"
"211131","2021-12-31","Friday","52","12","31","2021"
"220001","2022-01-01","Saturday","52","1","1","2022"
"220002","2022-01-02","Sunday","52","1","2","2022"
"220003","2022-01-03","Monday","1","1","3","2022"
"220004","2022-01-04","Tuesday","1","1","4","2022"
"220005","2022-01-05","Wednesday","1","1","5","2022"
"220006","2022-01-06","Thursday","1","1","6","2022"
"220007","2022-01-07","Friday","1","1","7","2022"
"220008","2022-01-08","Saturday","1","1","8","2022"
"220009","2022-01-09","Sunday","1","1","9","2022"
"220010","2022-01-10","Monday","2","1","10","2022"
"220011","2022-01-11","Tuesday","2","1","11","2022"
"220012","2022-01-12","Wednesday","2","1","12","2022"
"220013","2022-01-13","Thursday","2","1","13","2022"
"220014","2022-01-14","Friday","2","1","14","2022"
"220015","2022-01-15","Saturday","2","1","15","2022"
"220016","2022-01-16","Sunday","2","1","16","2022"
"220017","2022-01-17","Monday","3","1","17","2022"
"220018","2022-01-18","Tuesday","3","1","18","2022"
"220019","2022-01-19","Wednesday","3","1","19","2022"
"220020","2022-01-20","Thursday","3","1","20","2022"
"220021","2022-01-21","Friday","3","1","21","2022"
"220022","2022-01-22","Saturday","3","1","22","2022"
"220023","2022-01-23","Sunday","3","1","23","2022"
"220024","2022-01-24","Monday","4","1","24","2022"
"220025","2022-01-25","Tuesday","4","1","25","2022"
"220026","2022-01-26","Wednesday","4","1","26","2022"
"220027","2022-01-27","Thursday","4","1","27","2022"
"220028","2022-01-28","Friday","4","1","28","2022"
"220029","2022-01-29","Saturday","4","1","29","2022"
"220030","2022-01-30","Sunday","4","1","30","2022"
"220031","2022-01-31","Monday","5","1","31","2022"
"220101","2022-02-01","Tuesday","5","2","1","2022"
"220102","2022-02-02","Wednesday","5","2","2","2022"
"220103","2022-02-03","Thursday","5","2","3","2022"
"220104","2022-02-04","Friday","5","2","4","2022"
"220105","2022-02-05","Saturday","5","2","5","2022"
"220106","2022-02-06","Sunday","5","2","6","2022"
"220107","2022-02-07","Monday","6","2","7","2022"
"220108","2022-02-08","Tuesday","6","2","8","2022"
"220109","2022-02-09","Wednesday","6","2","9","2022"
"220110","2022-02-10","Thursday","6","2","10","2022"
"220111","2022-02-11","Friday","6","2","11","2022"
"220112","2022-02-12","Saturday","6","2","12","2022"
"220113","2022-02-13","Sunday","6","2","13","2022"
"220114","2022-02-14","Monday","7","2","14","2022"
"220115","2022-02-15","Tuesday","7","2","15","2022"
"220116","2022-02-16","Wednesday","7","2","16","2022"
"220117","2022-02-17","Thursday","7","2","17","2022"
"220118","2022-02-18","Friday","7","2","18","2022"
"220119","2022-02-19","Saturday","7","2","19","2022"
"220120","2022-02-20","Sunday","7","2","20","2022"
"220121","2022-02-21","Monday","8","2","21","2022"
"220122","2022-02-22","Tuesday","8","2","22","2022"
"220123","2022-02-23","Wednesday","8","2","23","2022"
"220124","2022-02-24","Thursday","8","2","24","2022"
"220125","2022-02-25","Friday","8","2","25","2022"
"220126","2022-02-26","Saturday","8","2","26","2022"
"220127","2022-02-27","Sunday","8","2","27","2022"
"220128","2022-02-28","Monday","9","2","28","2022"
"220201","2022-03-01","Tuesday","9","3","1","2022"
"220202","2022-03-02","Wednesday","9","3","2","2022"
"220203","2022-03-03","Thursday","9","3","3","2022"
"220204","2022-03-04","Friday","9","3","4","2022"
"220205","2022-03-05","Saturday","9","3","5","2022"
"220206","2022-03-06","Sunday","9","3","6","2022"
"220207","2022-03-07","Monday","10","3","7","2022"
"220208","2022-03-08","Tuesday","10","3","8","2022"
"220209","2022-03-09","Wednesday","10","3","9","2022"
"220210","2022-03-10","Thursday","10","3","10","2022"
"220211","2022-03-11","Friday","10","3","11","2022"
"220212","2022-03-12","Saturday","10","3","12","2022"
"220213","2022-03-13","Sunday","10","3","13","2022"
"220214","2022-03-14","Monday","11","3","14","2022"
"220215","2022-03-15","Tuesday","11","3","15","2022"
"220216","2022-03-16","Wednesday","11","3","16","2022"
"220217","2022-03-17","Thursday","11","3","17","2022"
"220218","2022-03-18","Friday","11","3","18","2022"
"220219","2022-03-19","Saturday","11","3","19","2022"
"220220","2022-03-20","Sunday","11","3","20","2022"
"220221","2022-03-21","Monday","12","3","21","2022"
"220222","2022-03-22","Tuesday","12","3","22","2022"
"220223","2022-03-23","Wednesday","12","3","23","2022"
"220224","2022-03-24","Thursday","12","3","24","2022"
"220225","2022-03-25","Friday","12","3","25","2022"
"220226","2022-03-26","Saturday","12","3","26","2022"
"220227","2022-03-27","Sunday","12","3","27","2022"
"220228","2022-03-28","Monday","13","3","28","2022"
"220229","2022-03-29","Tuesday","13","3","29","2022"
"220230","2022-03-30","Wednesday","13","3","30","2022"
"220231","2022-03-31","Thursday","13","3","31","2022"
"220301","2022-04-01","Friday","13","4","1","2022"
"220302","2022-04-02","Saturday","13","4","2","2022"
"220303","2022-04-03","Sunday","13","4","3","2022"
"220304","2022-04-04","Monday","14","4","4","2022"
"220305","2022-04-05","Tuesday","14","4","5","2022"
"220306","2022-04-06","Wednesday","14","4","6","2022"
"220307","2022-04-07","Thursday","14","4","7","2022"
"220308","2022-04-08","Friday","14","4","8","2022"
"220309","2022-04-09","Saturday","14","4","9","2022"
"220310","2022-04-10","Sunday","14","4","10","2022"
"220311","2022-04-11","Monday","15","4","11","2022"
"220312","2022-04-12","Tuesday","15","4","12","2022"
"220313","2022-04-13","Wednesday","15","4","13","2022"
"220314","2022-04-14","Thursday","15","4","14","2022"
"220315","2022-04-15","Friday","15","4","15","2022"
"220316","2022-04-16","Saturday","15","4","16","2022"
"220317","2022-04-17","Sunday","15","4","17","2022"
"220318","2022-04-18","Monday","16","4","18","2022"
"220319","2022-04-19","Tuesday","16","4","19","2022"
"220320","2022-04-20","Wednesday","16","4","20","2022"
"220321","2022-04-21","Thursday","16","4","21","2022"
"220322","2022-04-22","Friday","16","4","22","2022"
"220323","2022-04-23","Saturday","16","4","23","2022"
"220324","2022-04-24","Sunday","16","4","24","2022"
"220325","2022-04-25","Monday","17","4","25","2022"
"220326","2022-04-26","Tuesday","17","4","26","2022"
"220327","2022-04-27","Wednesday","17","4","27","2022"
"220328","2022-04-28","Thursday","17","4","28","2022"
"220329","2022-04-29","Friday","17","4","29","2022"
"220330","2022-04-30","Saturday","17","4","30","2022"
"220401","2022-05-01","Sunday","17","5","1","2022"
"220402","2022-05-02","Monday","18","5","2","2022"
"220403","2022-05-03","Tuesday","18","5","3","2022"
"220404","2022-05-04","Wednesday","18","5","4","2022"
"220405","2022-05-05","Thursday","18","5","5","2022"
"220406","2022-05-06","Friday","18","5","6","2022"
"220407","2022-05-07","Saturday","18","5","7","2022"
"220408","2022-05-08","Sunday","18","5","8","2022"
"220409","2022-05-09","Monday","19","5","9","2022"
"220410","2022-05-10","Tuesday","19","5","10","2022"
"220411","2022-05-11","Wednesday","19","5","11","2022"
"220412","2022-05-12","Thursday","19","5","12","2022"
"220413","2022-05-13","Friday","19","5","13","2022"
"220414","2022-05-14","Saturday","19","5","14","2022"
"220415","2022-05-15","Sunday","19","5","15","2022"
"220416","2022-05-16","Monday","20","5","16","2022"
"220417","2022-05-17","Tuesday","20","5","17","2022"
"220418","2022-05-18","Wednesday","20","5","18","2022"
"220419","2022-05-19","Thursday","20","5","19","2022"
"220420","2022-05-20","Friday","20","5","20","2022"
"220421","2022-05-21","Saturday","20","5","21","2022"
"220422","2022-05-22","Sunday","20","5","22","2022"
"220423","2022-05-23","Monday","21","5","23","2022"
"220424","2022-05-24","Tuesday","21","5","24","2022"
"220425","2022-05-25","Wednesday","21","5","25","2022"
"220426","2022-05-26","Thursday","21","5","26","2022"
"220427","2022-05-27","Friday","21","5","27","2022"
"220428","2022-05-28","Saturday","21","5","28","2022"
"220429","2022-05-29","Sunday","21","5","29","2022"
"220430","2022-05-30","Monday","22","5","30","2022"
"220431","2022-05-31","Tuesday","22","5","31","2022"
"220501","2022-06-01","Wednesday","22","6","1","2022"
"220502","2022-06-02","Thursday","22","6","2","2022"
"220503","2022-06-03","Friday","22","6","3","2022"
"220504","2022-06-04","Saturday","22","6","4","2022"
"220505","2022-06-05","Sunday","22","6","5","2022"
"220506","2022-06-06","Monday","23","6","6","2022"
"220507","2022-06-07","Tuesday","23","6","7","2022"
"220508","2022-06-08","Wednesday","23","6","8","2022"
"220509","2022-06-09","Thursday","23","6","9","2022"
"220510","2022-06-10","Friday","23","6","10","2022"
"220511","2022-06-11","Saturday","23","6","11","2022"
"220512","2022-06-12","Sunday","23","6","12","2022"
"220513","2022-06-13","Monday","24","6","13","2022"
"220514","2022-06-14","Tuesday","24","6","14","2022"
"220515","2022-06-15","Wednesday","24","6","15","2022"
"220516","2022-06-16","Thursday","24","6","16","2022"
"220517","2022-06-17","Friday","24","6","17","2022"
"220518","2022-06-18","Saturday","24","6","18","2022"
"220519","2022-06-19","Sunday","24","6","19","2022"
"220520","2022-06-20","Monday","25","6","20","2022"
"220521","2022-06-21","Tuesday","25","6","21","2022"
"220522","2022-06-22","Wednesday","25","6","22","2022"
"220523","2022-06-23","Thursday","25","6","23","2022"
"220524","2022-06-24","Friday","25","6","24","2022"
"220525","2022-06-25","Saturday","25","6","25","2022"
"220526","2022-06-26","Sunday","25","6","26","2022"
"220527","2022-06-27","Monday","26","6","27","2022"
"220528","2022-06-28","Tuesday","26","6","28","2022"
"220529","2022-06-29","Wednesday","26","6","29","2022"
"220530","2022-06-30","Thursday","26","6","30","2022"
"220601","2022-07-01","Friday","26","7","1","2022"
"220602","2022-07-02","Saturday","26","7","2","2022"
"220603","2022-07-03","Sunday","26","7","3","2022"
"220604","2022-07-04","Monday","27","7","4","2022"
"220605","2022-07-05","Tuesday","27","7","5","2022"
"220606","2022-07-06","Wednesday","27","7","6","2022"
"220607","2022-07-07","Thursday","27","7","7","2022"
"220608","2022-07-08","Friday","27","7","8","2022"
"220609","2022-07-09","Saturday","27","7","9","2022"
"220610","2022-07-10","Sunday","27","7","10","2022"
"220611","2022-07-11","Monday","28","7","11","2022"
"220612","2022-07-12","Tuesday","28","7","12","2022"
"220613","2022-07-13","Wednesday","28","7","13","2022"
"220614","2022-07-14","Thursday","28","7","14","2022"
"220615","2022-07-15","Friday","28","7","15","2022"
"220616","2022-07-16","Saturday","28","7","16","2022"
"220617","2022-07-17","Sunday","28","7","17","2022"
"220618","2022-07-18","Monday","29","7","18","2022"
"220619","2022-07-19","Tuesday","29","7","19","2022"
"220620","2022-07-20","Wednesday","29","7","20","2022"
"220621","2022-07-21","Thursday","29","7","21","2022"
"220622","2022-07-22","Friday","29","7","22","2022"
"220623","2022-07-23","Saturday","29","7","23","2022"
"220624","2022-07-24","Sunday","29","7","24","2022"
"220625","2022-07-25","Monday","30","7","25","2022"
"220626","2022-07-26","Tuesday","30","7","26","2022"
"220627","2022-07-27","Wednesday","30","7","27","2022"
"220628","2022-07-28","Thursday","30","7","28","2022"
"220629","2022-07-29","Friday","30","7","29","2022"
"220630","2022-07-30","Saturday","30","7","30","2022"
"220631","2022-07-31","Sunday","30","7","31","2022"
"220701","2022-08-01","Monday","31","8","1","2022"
"220702","2022-08-02","Tuesday","31","8","2","2022"
"220703","2022-08-03","Wednesday","31","8","3","2022"
"220704","2022-08-04","Thursday","31","8","4","2022"
"220705","2022-08-05","Friday","31","8","5","2022"
"220706","2022-08-06","Saturday","31","8","6","2022"
"220707","2022-08-07","Sunday","31","8","7","2022"
"220708","2022-08-08","Monday","32","8","8","2022"
"220709","2022-08-09","Tuesday","32","8","9","2022"
"220710","2022-08-10","Wednesday","32","8","10","2022"
"220711","2022-08-11","Thursday","32","8","11","2022"
"220712","2022-08-12","Friday","32","8","12","2022"
"220713","2022-08-13","Saturday","32","8","13","2022"
"220714","2022-08-14","Sunday","32","8","14","2022"
"220715","2022-08-15","Monday","33","8","15","2022"
"220716","2022-08-16","Tuesday","33","8","16","2022"
"220717","2022-08-17","Wednesday","33","8","17","2022"
"220718","2022-08-18","Thursday","33","8","18","2022"
"220719","2022-08-19","Friday","33","8","19","2022"
"220720","2022-08-20","Saturday","33","8","20","2022"
"220721","2022-08-21","Sunday","33","8","21","2022"
"220722","2022-08-22","Monday","34","8","22","2022"
"220723","2022-08-23","Tuesday","34","8","23","2022"
"220724","2022-08-24","Wednesday","34","8","24","2022"
"220725","2022-08-25","Thursday","34","8","25","2022"
"220726","2022-08-26","Friday","34","8","26","2022"
"220727","2022-08-27","Saturday","34","8","27","2022"
"220728","2022-08-28","Sunday","34","8","28","2022"
"220729","2022-08-29","Monday","35","8","29","2022"
"220730","2022-08-30","Tuesday","35","8","30","2022"
"220731","2022-08-31","Wednesday","35","8","31","2022"
"220801","2022-09-01","Thursday","35","9","1","2022"
"220802","2022-09-02","Friday","35","9","2","2022"
"220803","2022-09-03","Saturday","35","9","3","2022"
"220804","2022-09-04","Sunday","35","9","4","2022"
"220805","2022-09-05","Monday","36","9","5","2022"
"220806","2022-09-06","Tuesday","36","9","6","2022"
"220807","2022-09-07","Wednesday","36","9","7","2022"
"220808","2022-09-08","Thursday","36","9","8","2022"
"220809","2022-09-09","Friday","36","9","9","2022"
"220810","2022-09-10","Saturday","36","9","10","2022"
"220811","2022-09-11","Sunday","36","9","11","2022"
"220812","2022-09-12","Monday","37","9","12","2022"
"220813","2022-09-13","Tuesday","37","9","13","2022"
"220814","2022-09-14","Wednesday","37","9","14","2022"
"220815","2022-09-15","Thursday","37","9","15","2022"
"220816","2022-09-16","Friday","37","9","16","2022"
"220817","2022-09-17","Saturday","37","9","17","2022"
"220818","2022-09-18","Sunday","37","9","18","2022"
"220819","2022-09-19","Monday","38","9","19","2022"
"220820","2022-09-20","Tuesday","38","9","20","2022"
"220821","2022-09-21","Wednesday","38","9","21","2022"
"220822","2022-09-22","Thursday","38","9","22","2022"
"220823","2022-09-23","Friday","38","9","23","2022"
"220824","2022-09-24","Saturday","38","9","24","2022"
"220825","2022-09-25","Sunday","38","9","25","2022"
"220826","2022-09-26","Monday","39","9","26","2022"
"220827","2022-09-27","Tuesday","39","9","27","2022"
"220828","2022-09-28","Wednesday","39","9","28","2022"
"220829","2022-09-29","Thursday","39","9","29","2022"
"220830","2022-09-30","Friday","39","9","30","2022"
"220901","2022-10-01","Saturday","39","10","1","2022"
"220902","2022-10-02","Sunday","39","10","2","2022"
"220903","2022-10-03","Monday","40","10","3","2022"
"220904","2022-10-04","Tuesday","40","10","4","2022"
"220905","2022-10-05","Wednesday","40","10","5","2022"
"220906","2022-10-06","Thursday","40","10","6","2022"
"220907","2022-10-07","Friday","40","10","7","2022"
"220908","2022-10-08","Saturday","40","10","8","2022"
"220909","2022-10-09","Sunday","40","10","9","2022"
"220910","2022-10-10","Monday","41","10","10","2022"
"220911","2022-10-11","Tuesday","41","10","11","2022"
"220912","2022-10-12","Wednesday","41","10","12","2022"
"220913","2022-10-13","Thursday","41","10","13","2022"
"220914","2022-10-14","Friday","41","10","14","2022"
"220915","2022-10-15","Saturday","41","10","15","2022"
"220916","2022-10-16","Sunday","41","10","16","2022"
"220917","2022-10-17","Monday","42","10","17","2022"
"220918","2022-10-18","Tuesday","42","10","18","2022"
"220919","2022-10-19","Wednesday","42","10","19","2022"
"220920","2022-10-20","Thursday","42","10","20","2022"
"220921","2022-10-21","Friday","42","10","21","2022"
"220922","2022-10-22","Saturday","42","10","22","2022"
"220923","2022-10-23","Sunday","42","10","23","2022"
"220924","2022-10-24","Monday","43","10","24","2022"
"220925","2022-10-25","Tuesday","43","10","25","2022"
"220926","2022-10-26","Wednesday","43","10","26","2022"
"220927","2022-10-27","Thursday","43","10","27","2022"
"220928","2022-10-28","Friday","43","10","28","2022"
"220929","2022-10-29","Saturday","43","10","29","2022"
"220930","2022-10-30","Sunday","43","10","30","2022"
"220931","2022-10-31","Monday","44","10","31","2022"
"221001","2022-11-01","Tuesday","44","11","1","2022"
"221002","2022-11-02","Wednesday","44","11","2","2022"
"221003","2022-11-03","Thursday","44","11","3","2022"
"221004","2022-11-04","Friday","44","11","4","2022"
"221005","2022-11-05","Saturday","44","11","5","2022"
"221006","2022-11-06","Sunday","44","11","6","2022"
"221007","2022-11-07","Monday","45","11","7","2022"
"221008","2022-11-08","Tuesday","45","11","8","2022"
"221009","2022-11-09","Wednesday","45","11","9","2022"
"221010","2022-11-10","Thursday","45","11","10","2022"
"221011","2022-11-11","Friday","45","11","11","2022"
"221012","2022-11-12","Saturday","45","11","12","2022"
"221013","2022-11-13","Sunday","45","11","13","2022"
"221014","2022-11-14","Monday","46","11","14","2022"
"221015","2022-11-15","Tuesday","46","11","15","2022"
"221016","2022-11-16","Wednesday","46","11","16","2022"
"221017","2022-11-17","Thursday","46","11","17","2022"
"221018","2022-11-18","Friday","46","11","18","2022"
"221019","2022-11-19","Saturday","46","11","19","2022"
"221020","2022-11-20","Sunday","46","11","20","2022"
"221021","2022-11-21","Monday","47","11","21","2022"
"221022","2022-11-22","Tuesday","47","11","22","2022"
"221023","2022-11-23","Wednesday","47","11","23","2022"
"221024","2022-11-24","Thursday","47","11","24","2022"
"221025","2022-11-25","Friday","47","11","25","2022"
"221026","2022-11-26","Saturday","47","11","26","2022"
"221027","2022-11-27","Sunday","47","11","27","2022"
"221028","2022-11-28","Monday","48","11","28","2022"
"221029","2022-11-29","Tuesday","48","11","29","2022"
"221030","2022-11-30","Wednesday","48","11","30","2022"
"221101","2022-12-01","Thursday","48","12","1","2022"
"221102","2022-12-02","Friday","48","12","2","2022"
"221103","2022-12-03","Saturday","48","12","3","2022"
"221104","2022-12-04","Sunday","48","12","4","2022"
"221105","2022-12-05","Monday","49","12","5","2022"
"221106","2022-12-06","Tuesday","49","12","6","2022"
"221107","2022-12-07","Wednesday","49","12","7","2022"
"221108","2022-12-08","Thursday","49","12","8","2022"
"221109","2022-12-09","Friday","49","12","9","2022"
"221110","2022-12-10","Saturday","49","12","10","2022"
"221111","2022-12-11","Sunday","49","12","11","2022"
"221112","2022-12-12","Monday","50","12","12","2022"
"221113","2022-12-13","Tuesday","50","12","13","2022"
"221114","2022-12-14","Wednesday","50","12","14","2022"
"221115","2022-12-15","Thursday","50","12","15","2022"
"221116","2022-12-16","Friday","50","12","16","2022"
"221117","2022-12-17","Saturday","50","12","17","2022"
"221118","2022-12-18","Sunday","50","12","18","2022"
"221119","2022-12-19","Monday","51","12","19","2022"
"221120","2022-12-20","Tuesday","51","12","20","2022"
"221121","2022-12-21","Wednesday","51","12","21","2022"
"221122","2022-12-22","Thursday","51","12","22","2022"
"221123","2022-12-23","Friday","51","12","23","2022"
"221124","2022-12-24","Saturday","51","12","24","2022"
"221125","2022-12-25","Sunday","51","12","25","2022"
"221126","2022-12-26","Monday","52","12","26","2022"
"221127","2022-12-27","Tuesday","52","12","27","2022"
"221128","2022-12-28","Wednesday","52","12","28","2022"
"221129","2022-12-29","Thursday","52","12","29","2022"
"221130","2022-12-30","Friday","52","12","30","2022"
"221131","2022-12-31","Saturday","52","12","31","2022"
"230001","2023-01-01","Sunday","52","1","1","2023"
"230002","2023-01-02","Monday","1","1","2","2023"
"230003","2023-01-03","Tuesday","1","1","3","2023"
"230004","2023-01-04","Wednesday","1","1","4","2023"
"230005","2023-01-05","Thursday","1","1","5","2023"
"230006","2023-01-06","Friday","1","1","6","2023"
"230007","2023-01-07","Saturday","1","1","7","2023"
"230008","2023-01-08","Sunday","1","1","8","2023"
"230009","2023-01-09","Monday","2","1","9","2023"
"230010","2023-01-10","Tuesday","2","1","10","2023"
"230011","2023-01-11","Wednesday","2","1","11","2023"
"230012","2023-01-12","Thursday","2","1","12","2023"
"230013","2023-01-13","Friday","2","1","13","2023"
"230014","2023-01-14","Saturday","2","1","14","2023"
"230015","2023-01-15","Sunday","2","1","15","2023"
"230016","2023-01-16","Monday","3","1","16","2023"
"230017","2023-01-17","Tuesday","3","1","17","2023"
"230018","2023-01-18","Wednesday","3","1","18","2023"
"230019","2023-01-19","Thursday","3","1","19","2023"
"230020","2023-01-20","Friday","3","1","20","2023"
"230021","2023-01-21","Saturday","3","1","21","2023"
"230022","2023-01-22","Sunday","3","1","22","2023"
"230023","2023-01-23","Monday","4","1","23","2023"
"230024","2023-01-24","Tuesday","4","1","24","2023"
"230025","2023-01-25","Wednesday","4","1","25","2023"
"230026","2023-01-26","Thursday","4","1","26","2023"
"230027","2023-01-27","Friday","4","1","27","2023"
"230028","2023-01-28","Saturday","4","1","28","2023"
"230029","2023-01-29","Sunday","4","1","29","2023"
"230030","2023-01-30","Monday","5","1","30","2023"
"230031","2023-01-31","Tuesday","5","1","31","2023"
"230101","2023-02-01","Wednesday","5","2","1","2023"
"230102","2023-02-02","Thursday","5","2","2","2023"
"230103","2023-02-03","Friday","5","2","3","2023"
"230104","2023-02-04","Saturday","5","2","4","2023"
"230105","2023-02-05","Sunday","5","2","5","2023"
"230106","2023-02-06","Monday","6","2","6","2023"
"230107","2023-02-07","Tuesday","6","2","7","2023"
"230108","2023-02-08","Wednesday","6","2","8","2023"
"230109","2023-02-09","Thursday","6","2","9","2023"
"230110","2023-02-10","Friday","6","2","10","2023"
"230111","2023-02-11","Saturday","6","2","11","2023"
"230112","2023-02-12","Sunday","6","2","12","2023"
"230113","2023-02-13","Monday","7","2","13","2023"
"230114","2023-02-14","Tuesday","7","2","14","2023"
"230115","2023-02-15","Wednesday","7","2","15","2023"
"230116","2023-02-16","Thursday","7","2","16","2023"
"230117","2023-02-17","Friday","7","2","17","2023"
"230118","2023-02-18","Saturday","7","2","18","2023"
"230119","2023-02-19","Sunday","7","2","19","2023"
"230120","2023-02-20","Monday","8","2","20","2023"
"230121","2023-02-21","Tuesday","8","2","21","2023"
"230122","2023-02-22","Wednesday","8","2","22","2023"
"230123","2023-02-23","Thursday","8","2","23","2023"
"230124","2023-02-24","Friday","8","2","24","2023"
"230125","2023-02-25","Saturday","8","2","25","2023"
"230126","2023-02-26","Sunday","8","2","26","2023"
"230127","2023-02-27","Monday","9","2","27","2023"
"230128","2023-02-28","Tuesday","9","2","28","2023"
"230201","2023-03-01","Wednesday","9","3","1","2023"
"230202","2023-03-02","Thursday","9","3","2","2023"
"230203","2023-03-03","Friday","9","3","3","2023"
"230204","2023-03-04","Saturday","9","3","4","2023"
"230205","2023-03-05","Sunday","9","3","5","2023"
"230206","2023-03-06","Monday","10","3","6","2023"
"230207","2023-03-07","Tuesday","10","3","7","2023"
"230208","2023-03-08","Wednesday","10","3","8","2023"
"230209","2023-03-09","Thursday","10","3","9","2023"
"230210","2023-03-10","Friday","10","3","10","2023"
"230211","2023-03-11","Saturday","10","3","11","2023"
"230212","2023-03-12","Sunday","10","3","12","2023"
"230213","2023-03-13","Monday","11","3","13","2023"
"230214","2023-03-14","Tuesday","11","3","14","2023"
"230215","2023-03-15","Wednesday","11","3","15","2023"
"230216","2023-03-16","Thursday","11","3","16","2023"
"230217","2023-03-17","Friday","11","3","17","2023"
"230218","2023-03-18","Saturday","11","3","18","2023"
"230219","2023-03-19","Sunday","11","3","19","2023"
"230220","2023-03-20","Monday","12","3","20","2023"
"230221","2023-03-21","Tuesday","12","3","21","2023"
"230222","2023-03-22","Wednesday","12","3","22","2023"
"230223","2023-03-23","Thursday","12","3","23","2023"
"230224","2023-03-24","Friday","12","3","24","2023"
"230225","2023-03-25","Saturday","12","3","25","2023"
"230226","2023-03-26","Sunday","12","3","26","2023"
"230227","2023-03-27","Monday","13","3","27","2023"
"230228","2023-03-28","Tuesday","13","3","28","2023"
"230229","2023-03-29","Wednesday","13","3","29","2023"
"230230","2023-03-30","Thursday","13","3","30","2023"
"230231","2023-03-31","Friday","13","3","31","2023"
"230301","2023-04-01","Saturday","13","4","1","2023"
"230302","2023-04-02","Sunday","13","4","2","2023"
"230303","2023-04-03","Monday","14","4","3","2023"
"230304","2023-04-04","Tuesday","14","4","4","2023"
"230305","2023-04-05","Wednesday","14","4","5","2023"
"230306","2023-04-06","Thursday","14","4","6","2023"
"230307","2023-04-07","Friday","14","4","7","2023"
"230308","2023-04-08","Saturday","14","4","8","2023"
"230309","2023-04-09","Sunday","14","4","9","2023"
"230310","2023-04-10","Monday","15","4","10","2023"
"230311","2023-04-11","Tuesday","15","4","11","2023"
"230312","2023-04-12","Wednesday","15","4","12","2023"
"230313","2023-04-13","Thursday","15","4","13","2023"
"230314","2023-04-14","Friday","15","4","14","2023"
"230315","2023-04-15","Saturday","15","4","15","2023"
"230316","2023-04-16","Sunday","15","4","16","2023"
"230317","2023-04-17","Monday","16","4","17","2023"
"230318","2023-04-18","Tuesday","16","4","18","2023"
"230319","2023-04-19","Wednesday","16","4","19","2023"
"230320","2023-04-20","Thursday","16","4","20","2023"
"230321","2023-04-21","Friday","16","4","21","2023"
"230322","2023-04-22","Saturday","16","4","22","2023"
"230323","2023-04-23","Sunday","16","4","23","2023"
"230324","2023-04-24","Monday","17","4","24","2023"
"230325","2023-04-25","Tuesday","17","4","25","2023"
"230326","2023-04-26","Wednesday","17","4","26","2023"
"230327","2023-04-27","Thursday","17","4","27","2023"
"230328","2023-04-28","Friday","17","4","28","2023"
"230329","2023-04-29","Saturday","17","4","29","2023"
"230330","2023-04-30","Sunday","17","4","30","2023"
"230401","2023-05-01","Monday","18","5","1","2023"
"230402","2023-05-02","Tuesday","18","5","2","2023"
"230403","2023-05-03","Wednesday","18","5","3","2023"
"230404","2023-05-04","Thursday","18","5","4","2023"
"230405","2023-05-05","Friday","18","5","5","2023"
"230406","2023-05-06","Saturday","18","5","6","2023"
"230407","2023-05-07","Sunday","18","5","7","2023"
"230408","2023-05-08","Monday","19","5","8","2023"
"230409","2023-05-09","Tuesday","19","5","9","2023"
"230410","2023-05-10","Wednesday","19","5","10","2023"
"230411","2023-05-11","Thursday","19","5","11","2023"
"230412","2023-05-12","Friday","19","5","12","2023"
"230413","2023-05-13","Saturday","19","5","13","2023"
"230414","2023-05-14","Sunday","19","5","14","2023"
"230415","2023-05-15","Monday","20","5","15","2023"
"230416","2023-05-16","Tuesday","20","5","16","2023"
"230417","2023-05-17","Wednesday","20","5","17","2023"
"230418","2023-05-18","Thursday","20","5","18","2023"
"230419","2023-05-19","Friday","20","5","19","2023"
"230420","2023-05-20","Saturday","20","5","20","2023"
"230421","2023-05-21","Sunday","20","5","21","2023"
"230422","2023-05-22","Monday","21","5","22","2023"
"230423","2023-05-23","Tuesday","21","5","23","2023"
"230424","2023-05-24","Wednesday","21","5","24","2023"
"230425","2023-05-25","Thursday","21","5","25","2023"
"230426","2023-05-26","Friday","21","5","26","2023"
"230427","2023-05-27","Saturday","21","5","27","2023"
"230428","2023-05-28","Sunday","21","5","28","2023"
"230429","2023-05-29","Monday","22","5","29","2023"
"230430","2023-05-30","Tuesday","22","5","30","2023"
"230431","2023-05-31","Wednesday","22","5","31","2023"
"230501","2023-06-01","Thursday","22","6","1","2023"
"230502","2023-06-02","Friday","22","6","2","2023"
"230503","2023-06-03","Saturday","22","6","3","2023"
"230504","2023-06-04","Sunday","22","6","4","2023"
"230505","2023-06-05","Monday","23","6","5","2023"
"230506","2023-06-06","Tuesday","23","6","6","2023"
"230507","2023-06-07","Wednesday","23","6","7","2023"
"230508","2023-06-08","Thursday","23","6","8","2023"
"230509","2023-06-09","Friday","23","6","9","2023"
"230510","2023-06-10","Saturday","23","6","10","2023"
"230511","2023-06-11","Sunday","23","6","11","2023"
"230512","2023-06-12","Monday","24","6","12","2023"
"230513","2023-06-13","Tuesday","24","6","13","2023"
"230514","2023-06-14","Wednesday","24","6","14","2023"
"230515","2023-06-15","Thursday","24","6","15","2023"
"230516","2023-06-16","Friday","24","6","16","2023"
"230517","2023-06-17","Saturday","24","6","17","2023"
"230518","2023-06-18","Sunday","24","6","18","2023"
"230519","2023-06-19","Monday","25","6","19","2023"
"230520","2023-06-20","Tuesday","25","6","20","2023"
"230521","2023-06-21","Wednesday","25","6","21","2023"
"230522","2023-06-22","Thursday","25","6","22","2023"
"230523","2023-06-23","Friday","25","6","23","2023"
"230524","2023-06-24","Saturday","25","6","24","2023"
"230525","2023-06-25","Sunday","25","6","25","2023"
"230526","2023-06-26","Monday","26","6","26","2023"
"230527","2023-06-27","Tuesday","26","6","27","2023"
"230528","2023-06-28","Wednesday","26","6","28","2023"
"230529","2023-06-29","Thursday","26","6","29","2023"
"230530","2023-06-30","Friday","26","6","30","2023"
"230601","2023-07-01","Saturday","26","7","1","2023"
"230602","2023-07-02","Sunday","26","7","2","2023"
"230603","2023-07-03","Monday","27","7","3","2023"
"230604","2023-07-04","Tuesday","27","7","4","2023"
"230605","2023-07-05","Wednesday","27","7","5","2023"
"230606","2023-07-06","Thursday","27","7","6","2023"
"230607","2023-07-07","Friday","27","7","7","2023"
"230608","2023-07-08","Saturday","27","7","8","2023"
"230609","2023-07-09","Sunday","27","7","9","2023"
"230610","2023-07-10","Monday","28","7","10","2023"
"230611","2023-07-11","Tuesday","28","7","11","2023"
"230612","2023-07-12","Wednesday","28","7","12","2023"
"230613","2023-07-13","Thursday","28","7","13","2023"
"230614","2023-07-14","Friday","28","7","14","2023"
"230615","2023-07-15","Saturday","28","7","15","2023"
"230616","2023-07-16","Sunday","28","7","16","2023"
"230617","2023-07-17","Monday","29","7","17","2023"
"230618","2023-07-18","Tuesday","29","7","18","2023"
"230619","2023-07-19","Wednesday","29","7","19","2023"
"230620","2023-07-20","Thursday","29","7","20","2023"
"230621","2023-07-21","Friday","29","7","21","2023"
"230622","2023-07-22","Saturday","29","7","22","2023"
"230623","2023-07-23","Sunday","29","7","23","2023"
"230624","2023-07-24","Monday","30","7","24","2023"
"230625","2023-07-25","Tuesday","30","7","25","2023"
"230626","2023-07-26","Wednesday","30","7","26","2023"
"230627","2023-07-27","Thursday","30","7","27","2023"
"230628","2023-07-28","Friday","30","7","28","2023"
"230629","2023-07-29","Saturday","30","7","29","2023"
"230630","2023-07-30","Sunday","30","7","30","2023"
"230631","2023-07-31","Monday","31","7","31","2023"
"230701","2023-08-01","Tuesday","31","8","1","2023"
"230702","2023-08-02","Wednesday","31","8","2","2023"
"230703","2023-08-03","Thursday","31","8","3","2023"
"230704","2023-08-04","Friday","31","8","4","2023"
"230705","2023-08-05","Saturday","31","8","5","2023"
"230706","2023-08-06","Sunday","31","8","6","2023"
"230707","2023-08-07","Monday","32","8","7","2023"
"230708","2023-08-08","Tuesday","32","8","8","2023"
"230709","2023-08-09","Wednesday","32","8","9","2023"
"230710","2023-08-10","Thursday","32","8","10","2023"
"230711","2023-08-11","Friday","32","8","11","2023"
"230712","2023-08-12","Saturday","32","8","12","2023"
"230713","2023-08-13","Sunday","32","8","13","2023"
"230714","2023-08-14","Monday","33","8","14","2023"
"230715","2023-08-15","Tuesday","33","8","15","2023"
"230716","2023-08-16","Wednesday","33","8","16","2023"
"230717","2023-08-17","Thursday","33","8","17","2023"
"230718","2023-08-18","Friday","33","8","18","2023"
"230719","2023-08-19","Saturday","33","8","19","2023"
"230720","2023-08-20","Sunday","33","8","20","2023"
"230721","2023-08-21","Monday","34","8","21","2023"
"230722","2023-08-22","Tuesday","34","8","22","2023"
"230723","2023-08-23","Wednesday","34","8","23","2023"
"230724","2023-08-24","Thursday","34","8","24","2023"
"230725","2023-08-25","Friday","34","8","25","2023"
"230726","2023-08-26","Saturday","34","8","26","2023"
"230727","2023-08-27","Sunday","34","8","27","2023"
"230728","2023-08-28","Monday","35","8","28","2023"
"230729","2023-08-29","Tuesday","35","8","29","2023"
"230730","2023-08-30","Wednesday","35","8","30","2023"
"230731","2023-08-31","Thursday","35","8","31","2023"
"230801","2023-09-01","Friday","35","9","1","2023"
"230802","2023-09-02","Saturday","35","9","2","2023"
"230803","2023-09-03","Sunday","35","9","3","2023"
"230804","2023-09-04","Monday","36","9","4","2023"
"230805","2023-09-05","Tuesday","36","9","5","2023"
"230806","2023-09-06","Wednesday","36","9","6","2023"
"230807","2023-09-07","Thursday","36","9","7","2023"
"230808","2023-09-08","Friday","36","9","8","2023"
"230809","2023-09-09","Saturday","36","9","9","2023"
"230810","2023-09-10","Sunday","36","9","10","2023"
"230811","2023-09-11","Monday","37","9","11","2023"
"230812","2023-09-12","Tuesday","37","9","12","2023"
"230813","2023-09-13","Wednesday","37","9","13","2023"
"230814","2023-09-14","Thursday","37","9","14","2023"
"230815","2023-09-15","Friday","37","9","15","2023"
"230816","2023-09-16","Saturday","37","9","16","2023"
"230817","2023-09-17","Sunday","37","9","17","2023"
"230818","2023-09-18","Monday","38","9","18","2023"
"230819","2023-09-19","Tuesday","38","9","19","2023"
"230820","2023-09-20","Wednesday","38","9","20","2023"
"230821","2023-09-21","Thursday","38","9","21","2023"
"230822","2023-09-22","Friday","38","9","22","2023"
"230823","2023-09-23","Saturday","38","9","23","2023"
"230824","2023-09-24","Sunday","38","9","24","2023"
"230825","2023-09-25","Monday","39","9","25","2023"
"230826","2023-09-26","Tuesday","39","9","26","2023"
"230827","2023-09-27","Wednesday","39","9","27","2023"
"230828","2023-09-28","Thursday","39","9","28","2023"
"230829","2023-09-29","Friday","39","9","29","2023"
"230830","2023-09-30","Saturday","39","9","30","2023"
"230901","2023-10-01","Sunday","39","10","1","2023"
"230902","2023-10-02","Monday","40","10","2","2023"
"230903","2023-10-03","Tuesday","40","10","3","2023"
"230904","2023-10-04","Wednesday","40","10","4","2023"
"230905","2023-10-05","Thursday","40","10","5","2023"
"230906","2023-10-06","Friday","40","10","6","2023"
"230907","2023-10-07","Saturday","40","10","7","2023"
"230908","2023-10-08","Sunday","40","10","8","2023"
"230909","2023-10-09","Monday","41","10","9","2023"
"230910","2023-10-10","Tuesday","41","10","10","2023"
"230911","2023-10-11","Wednesday","41","10","11","2023"
"230912","2023-10-12","Thursday","41","10","12","2023"
"230913","2023-10-13","Friday","41","10","13","2023"
"230914","2023-10-14","Saturday","41","10","14","2023"
"230915","2023-10-15","Sunday","41","10","15","2023"
"230916","2023-10-16","Monday","42","10","16","2023"
"230917","2023-10-17","Tuesday","42","10","17","2023"
"230918","2023-10-18","Wednesday","42","10","18","2023"
"230919","2023-10-19","Thursday","42","10","19","2023"
"230920","2023-10-20","Friday","42","10","20","2023"
"230921","2023-10-21","Saturday","42","10","21","2023"
"230922","2023-10-22","Sunday","42","10","22","2023"
"230923","2023-10-23","Monday","43","10","23","2023"
"230924","2023-10-24","Tuesday","43","10","24","2023"
"230925","2023-10-25","Wednesday","43","10","25","2023"
"230926","2023-10-26","Thursday","43","10","26","2023"
"230927","2023-10-27","Friday","43","10","27","2023"
"230928","2023-10-28","Saturday","43","10","28","2023"
"230929","2023-10-29","Sunday","43","10","29","2023"
"230930","2023-10-30","Monday","44","10","30","2023"
"230931","2023-10-31","Tuesday","44","10","31","2023"
"231001","2023-11-01","Wednesday","44","11","1","2023"
"231002","2023-11-02","Thursday","44","11","2","2023"
"231003","2023-11-03","Friday","44","11","3","2023"
"231004","2023-11-04","Saturday","44","11","4","2023"
"231005","2023-11-05","Sunday","44","11","5","2023"
"231006","2023-11-06","Monday","45","11","6","2023"
"231007","2023-11-07","Tuesday","45","11","7","2023"
"231008","2023-11-08","Wednesday","45","11","8","2023"
"231009","2023-11-09","Thursday","45","11","9","2023"
"231010","2023-11-10","Friday","45","11","10","2023"
"231011","2023-11-11","Saturday","45","11","11","2023"
"231012","2023-11-12","Sunday","45","11","12","2023"
"231013","2023-11-13","Monday","46","11","13","2023"
"231014","2023-11-14","Tuesday","46","11","14","2023"
"231015","2023-11-15","Wednesday","46","11","15","2023"
"231016","2023-11-16","Thursday","46","11","16","2023"
"231017","2023-11-17","Friday","46","11","17","2023"
"231018","2023-11-18","Saturday","46","11","18","2023"
"231019","2023-11-19","Sunday","46","11","19","2023"
"231020","2023-11-20","Monday","47","11","20","2023"
"231021","2023-11-21","Tuesday","47","11","21","2023"
"231022","2023-11-22","Wednesday","47","11","22","2023"
"231023","2023-11-23","Thursday","47","11","23","2023"
"231024","2023-11-24","Friday","47","11","24","2023"
"231025","2023-11-25","Saturday","47","11","25","2023"
"231026","2023-11-26","Sunday","47","11","26","2023"
"231027","2023-11-27","Monday","48","11","27","2023"
"231028","2023-11-28","Tuesday","48","11","28","2023"
"231029","2023-11-29","Wednesday","48","11","29","2023"
"231030","2023-11-30","Thursday","48","11","30","2023"
"231101","2023-12-01","Friday","48","12","1","2023"
"231102","2023-12-02","Saturday","48","12","2","2023"
"231103","2023-12-03","Sunday","48","12","3","2023"
"231104","2023-12-04","Monday","49","12","4","2023"
"231105","2023-12-05","Tuesday","49","12","5","2023"
"231106","2023-12-06","Wednesday","49","12","6","2023"
"231107","2023-12-07","Thursday","49","12","7","2023"
"231108","2023-12-08","Friday","49","12","8","2023"
"231109","2023-12-09","Saturday","49","12","9","2023"
"231110","2023-12-10","Sunday","49","12","10","2023"
"231111","2023-12-11","Monday","50","12","11","2023"
"231112","2023-12-12","Tuesday","50","12","12","2023"
"231113","2023-12-13","Wednesday","50","12","13","2023"
"231114","2023-12-14","Thursday","50","12","14","2023"
"231115","2023-12-15","Friday","50","12","15","2023"
"231116","2023-12-16","Saturday","50","12","16","2023"
"231117","2023-12-17","Sunday","50","12","17","2023"
"231118","2023-12-18","Monday","51","12","18","2023"
"231119","2023-12-19","Tuesday","51","12","19","2023"
"231120","2023-12-20","Wednesday","51","12","20","2023"
"231121","2023-12-21","Thursday","51","12","21","2023"
"231122","2023-12-22","Friday","51","12","22","2023"
"231123","2023-12-23","Saturday","51","12","23","2023"
"231124","2023-12-24","Sunday","51","12","24","2023"
"231125","2023-12-25","Monday","52","12","25","2023"
"231126","2023-12-26","Tuesday","52","12","26","2023"
"231127","2023-12-27","Wednesday","52","12","27","2023"
"231128","2023-12-28","Thursday","52","12","28","2023"
"231129","2023-12-29","Friday","52","12","29","2023"
"231130","2023-12-30","Saturday","52","12","30","2023"
"231131","2023-12-31","Sunday","52","12","31","2023"
"240001","2024-01-01","Monday","1","1","1","2024"
"240002","2024-01-02","Tuesday","1","1","2","2024"
"240003","2024-01-03","Wednesday","1","1","3","2024"
"240004","2024-01-04","Thursday","1","1","4","2024"
"240005","2024-01-05","Friday","1","1","5","2024"
"240006","2024-01-06","Saturday","1","1","6","2024"
"240007","2024-01-07","Sunday","1","1","7","2024"
"240008","2024-01-08","Monday","2","1","8","2024"
"240009","2024-01-09","Tuesday","2","1","9","2024"
"240010","2024-01-10","Wednesday","2","1","10","2024"
"240011","2024-01-11","Thursday","2","1","11","2024"
"240012","2024-01-12","Friday","2","1","12","2024"
"240013","2024-01-13","Saturday","2","1","13","2024"
"240014","2024-01-14","Sunday","2","1","14","2024"
"240015","2024-01-15","Monday","3","1","15","2024"
"240016","2024-01-16","Tuesday","3","1","16","2024"
"240017","2024-01-17","Wednesday","3","1","17","2024"
"240018","2024-01-18","Thursday","3","1","18","2024"
"240019","2024-01-19","Friday","3","1","19","2024"
"240020","2024-01-20","Saturday","3","1","20","2024"
"240021","2024-01-21","Sunday","3","1","21","2024"
"240022","2024-01-22","Monday","4","1","22","2024"
"240023","2024-01-23","Tuesday","4","1","23","2024"
"240024","2024-01-24","Wednesday","4","1","24","2024"
"240025","2024-01-25","Thursday","4","1","25","2024"
"240026","2024-01-26","Friday","4","1","26","2024"
"240027","2024-01-27","Saturday","4","1","27","2024"
"240028","2024-01-28","Sunday","4","1","28","2024"
"240029","2024-01-29","Monday","5","1","29","2024"
"240030","2024-01-30","Tuesday","5","1","30","2024"
"240031","2024-01-31","Wednesday","5","1","31","2024"
"240101","2024-02-01","Thursday","5","2","1","2024"
"240102","2024-02-02","Friday","5","2","2","2024"
"240103","2024-02-03","Saturday","5","2","3","2024"
"240104","2024-02-04","Sunday","5","2","4","2024"
"240105","2024-02-05","Monday","6","2","5","2024"
"240106","2024-02-06","Tuesday","6","2","6","2024"
"240107","2024-02-07","Wednesday","6","2","7","2024"
"240108","2024-02-08","Thursday","6","2","8","2024"
"240109","2024-02-09","Friday","6","2","9","2024"
"240110","2024-02-10","Saturday","6","2","10","2024"
"240111","2024-02-11","Sunday","6","2","11","2024"
"240112","2024-02-12","Monday","7","2","12","2024"
"240113","2024-02-13","Tuesday","7","2","13","2024"
"240114","2024-02-14","Wednesday","7","2","14","2024"
"240115","2024-02-15","Thursday","7","2","15","2024"
"240116","2024-02-16","Friday","7","2","16","2024"
"240117","2024-02-17","Saturday","7","2","17","2024"
"240118","2024-02-18","Sunday","7","2","18","2024"
"240119","2024-02-19","Monday","8","2","19","2024"
"240120","2024-02-20","Tuesday","8","2","20","2024"
"240121","2024-02-21","Wednesday","8","2","21","2024"
"240122","2024-02-22","Thursday","8","2","22","2024"
"240123","2024-02-23","Friday","8","2","23","2024"
"240124","2024-02-24","Saturday","8","2","24","2024"
"240125","2024-02-25","Sunday","8","2","25","2024"
"240126","2024-02-26","Monday","9","2","26","2024"
"240127","2024-02-27","Tuesday","9","2","27","2024"
"240128","2024-02-28","Wednesday","9","2","28","2024"
"240129","2024-02-29","Thursday","9","2","29","2024"
"240201","2024-03-01","Friday","9","3","1","2024"
"240202","2024-03-02","Saturday","9","3","2","2024"
"240203","2024-03-03","Sunday","9","3","3","2024"
"240204","2024-03-04","Monday","10","3","4","2024"
"240205","2024-03-05","Tuesday","10","3","5","2024"
"240206","2024-03-06","Wednesday","10","3","6","2024"
"240207","2024-03-07","Thursday","10","3","7","2024"
"240208","2024-03-08","Friday","10","3","8","2024"
"240209","2024-03-09","Saturday","10","3","9","2024"
"240210","2024-03-10","Sunday","10","3","10","2024"
"240211","2024-03-11","Monday","11","3","11","2024"
"240212","2024-03-12","Tuesday","11","3","12","2024"
"240213","2024-03-13","Wednesday","11","3","13","2024"
"240214","2024-03-14","Thursday","11","3","14","2024"
"240215","2024-03-15","Friday","11","3","15","2024"
"240216","2024-03-16","Saturday","11","3","16","2024"
"240217","2024-03-17","Sunday","11","3","17","2024"
"240218","2024-03-18","Monday","12","3","18","2024"
"240219","2024-03-19","Tuesday","12","3","19","2024"
"240220","2024-03-20","Wednesday","12","3","20","2024"
"240221","2024-03-21","Thursday","12","3","21","2024"
"240222","2024-03-22","Friday","12","3","22","2024"
"240223","2024-03-23","Saturday","12","3","23","2024"
"240224","2024-03-24","Sunday","12","3","24","2024"
"240225","2024-03-25","Monday","13","3","25","2024"
"240226","2024-03-26","Tuesday","13","3","26","2024"
"240227","2024-03-27","Wednesday","13","3","27","2024"
"240228","2024-03-28","Thursday","13","3","28","2024"
"240229","2024-03-29","Friday","13","3","29","2024"
"240230","2024-03-30","Saturday","13","3","30","2024"
"240231","2024-03-31","Sunday","13","3","31","2024"
"240301","2024-04-01","Monday","14","4","1","2024"
"240302","2024-04-02","Tuesday","14","4","2","2024"
"240303","2024-04-03","Wednesday","14","4","3","2024"
"240304","2024-04-04","Thursday","14","4","4","2024"
"240305","2024-04-05","Friday","14","4","5","2024"
"240306","2024-04-06","Saturday","14","4","6","2024"
"240307","2024-04-07","Sunday","14","4","7","2024"
"240308","2024-04-08","Monday","15","4","8","2024"
"240309","2024-04-09","Tuesday","15","4","9","2024"
"240310","2024-04-10","Wednesday","15","4","10","2024"
"240311","2024-04-11","Thursday","15","4","11","2024"
"240312","2024-04-12","Friday","15","4","12","2024"
"240313","2024-04-13","Saturday","15","4","13","2024"
"240314","2024-04-14","Sunday","15","4","14","2024"
"240315","2024-04-15","Monday","16","4","15","2024"
"240316","2024-04-16","Tuesday","16","4","16","2024"
"240317","2024-04-17","Wednesday","16","4","17","2024"
"240318","2024-04-18","Thursday","16","4","18","2024"
"240319","2024-04-19","Friday","16","4","19","2024"
"240320","2024-04-20","Saturday","16","4","20","2024"
"240321","2024-04-21","Sunday","16","4","21","2024"
"240322","2024-04-22","Monday","17","4","22","2024"
"240323","2024-04-23","Tuesday","17","4","23","2024"
"240324","2024-04-24","Wednesday","17","4","24","2024"
"240325","2024-04-25","Thursday","17","4","25","2024"
"240326","2024-04-26","Friday","17","4","26","2024"
"240327","2024-04-27","Saturday","17","4","27","2024"
"240328","2024-04-28","Sunday","17","4","28","2024"
"240329","2024-04-29","Monday","18","4","29","2024"
"240330","2024-04-30","Tuesday","18","4","30","2024"
"240401","2024-05-01","Wednesday","18","5","1","2024"
"240402","2024-05-02","Thursday","18","5","2","2024"
"240403","2024-05-03","Friday","18","5","3","2024"
"240404","2024-05-04","Saturday","18","5","4","2024"
"240405","2024-05-05","Sunday","18","5","5","2024"
"240406","2024-05-06","Monday","19","5","6","2024"
"240407","2024-05-07","Tuesday","19","5","7","2024"
"240408","2024-05-08","Wednesday","19","5","8","2024"
"240409","2024-05-09","Thursday","19","5","9","2024"
"240410","2024-05-10","Friday","19","5","10","2024"
"240411","2024-05-11","Saturday","19","5","11","2024"
"240412","2024-05-12","Sunday","19","5","12","2024"
"240413","2024-05-13","Monday","20","5","13","2024"
"240414","2024-05-14","Tuesday","20","5","14","2024"
"240415","2024-05-15","Wednesday","20","5","15","2024"
"240416","2024-05-16","Thursday","20","5","16","2024"
"240417","2024-05-17","Friday","20","5","17","2024"
"240418","2024-05-18","Saturday","20","5","18","2024"
"240419","2024-05-19","Sunday","20","5","19","2024"
"240420","2024-05-20","Monday","21","5","20","2024"
"240421","2024-05-21","Tuesday","21","5","21","2024"
"240422","2024-05-22","Wednesday","21","5","22","2024"
"240423","2024-05-23","Thursday","21","5","23","2024"
"240424","2024-05-24","Friday","21","5","24","2024"
"240425","2024-05-25","Saturday","21","5","25","2024"
"240426","2024-05-26","Sunday","21","5","26","2024"
"240427","2024-05-27","Monday","22","5","27","2024"
"240428","2024-05-28","Tuesday","22","5","28","2024"
"240429","2024-05-29","Wednesday","22","5","29","2024"
"240430","2024-05-30","Thursday","22","5","30","2024"
"240431","2024-05-31","Friday","22","5","31","2024"
"240501","2024-06-01","Saturday","22","6","1","2024"
"240502","2024-06-02","Sunday","22","6","2","2024"
"240503","2024-06-03","Monday","23","6","3","2024"
"240504","2024-06-04","Tuesday","23","6","4","2024"
"240505","2024-06-05","Wednesday","23","6","5","2024"
"240506","2024-06-06","Thursday","23","6","6","2024"
"240507","2024-06-07","Friday","23","6","7","2024"
"240508","2024-06-08","Saturday","23","6","8","2024"
"240509","2024-06-09","Sunday","23","6","9","2024"
"240510","2024-06-10","Monday","24","6","10","2024"
"240511","2024-06-11","Tuesday","24","6","11","2024"
"240512","2024-06-12","Wednesday","24","6","12","2024"
"240513","2024-06-13","Thursday","24","6","13","2024"
"240514","2024-06-14","Friday","24","6","14","2024"
"240515","2024-06-15","Saturday","24","6","15","2024"
"240516","2024-06-16","Sunday","24","6","16","2024"
"240517","2024-06-17","Monday","25","6","17","2024"
"240518","2024-06-18","Tuesday","25","6","18","2024"
"240519","2024-06-19","Wednesday","25","6","19","2024"
"240520","2024-06-20","Thursday","25","6","20","2024"
"240521","2024-06-21","Friday","25","6","21","2024"
"240522","2024-06-22","Saturday","25","6","22","2024"
"240523","2024-06-23","Sunday","25","6","23","2024"
"240524","2024-06-24","Monday","26","6","24","2024"
"240525","2024-06-25","Tuesday","26","6","25","2024"
"240526","2024-06-26","Wednesday","26","6","26","2024"
"240527","2024-06-27","Thursday","26","6","27","2024"
"240528","2024-06-28","Friday","26","6","28","2024"
"240529","2024-06-29","Saturday","26","6","29","2024"
"240530","2024-06-30","Sunday","26","6","30","2024"
"240601","2024-07-01","Monday","27","7","1","2024"
"240602","2024-07-02","Tuesday","27","7","2","2024"
"240603","2024-07-03","Wednesday","27","7","3","2024"
"240604","2024-07-04","Thursday","27","7","4","2024"
"240605","2024-07-05","Friday","27","7","5","2024"
"240606","2024-07-06","Saturday","27","7","6","2024"
"240607","2024-07-07","Sunday","27","7","7","2024"
"240608","2024-07-08","Monday","28","7","8","2024"
"240609","2024-07-09","Tuesday","28","7","9","2024"
"240610","2024-07-10","Wednesday","28","7","10","2024"
"240611","2024-07-11","Thursday","28","7","11","2024"
"240612","2024-07-12","Friday","28","7","12","2024"
"240613","2024-07-13","Saturday","28","7","13","2024"
"240614","2024-07-14","Sunday","28","7","14","2024"
"240615","2024-07-15","Monday","29","7","15","2024"
"240616","2024-07-16","Tuesday","29","7","16","2024"
"240617","2024-07-17","Wednesday","29","7","17","2024"
"240618","2024-07-18","Thursday","29","7","18","2024"
"240619","2024-07-19","Friday","29","7","19","2024"
"240620","2024-07-20","Saturday","29","7","20","2024"
"240621","2024-07-21","Sunday","29","7","21","2024"
"240622","2024-07-22","Monday","30","7","22","2024"
"240623","2024-07-23","Tuesday","30","7","23","2024"
"240624","2024-07-24","Wednesday","30","7","24","2024"
"240625","2024-07-25","Thursday","30","7","25","2024"
"240626","2024-07-26","Friday","30","7","26","2024"
"240627","2024-07-27","Saturday","30","7","27","2024"
"240628","2024-07-28","Sunday","30","7","28","2024"
"240629","2024-07-29","Monday","31","7","29","2024"
"240630","2024-07-30","Tuesday","31","7","30","2024"
"240631","2024-07-31","Wednesday","31","7","31","2024"
"240701","2024-08-01","Thursday","31","8","1","2024"
"240702","2024-08-02","Friday","31","8","2","2024"
"240703","2024-08-03","Saturday","31","8","3","2024"
"240704","2024-08-04","Sunday","31","8","4","2024"
"240705","2024-08-05","Monday","32","8","5","2024"
"240706","2024-08-06","Tuesday","32","8","6","2024"
"240707","2024-08-07","Wednesday","32","8","7","2024"
"240708","2024-08-08","Thursday","32","8","8","2024"
"240709","2024-08-09","Friday","32","8","9","2024"
"240710","2024-08-10","Saturday","32","8","10","2024"
"240711","2024-08-11","Sunday","32","8","11","2024"
"240712","2024-08-12","Monday","33","8","12","2024"
"240713","2024-08-13","Tuesday","33","8","13","2024"
"240714","2024-08-14","Wednesday","33","8","14","2024"
"240715","2024-08-15","Thursday","33","8","15","2024"
"240716","2024-08-16","Friday","33","8","16","2024"
"240717","2024-08-17","Saturday","33","8","17","2024"
"240718","2024-08-18","Sunday","33","8","18","2024"
"240719","2024-08-19","Monday","34","8","19","2024"
"240720","2024-08-20","Tuesday","34","8","20","2024"
"240721","2024-08-21","Wednesday","34","8","21","2024"
"240722","2024-08-22","Thursday","34","8","22","2024"
"240723","2024-08-23","Friday","34","8","23","2024"
"240724","2024-08-24","Saturday","34","8","24","2024"
"240725","2024-08-25","Sunday","34","8","25","2024"
"240726","2024-08-26","Monday","35","8","26","2024"
"240727","2024-08-27","Tuesday","35","8","27","2024"
"240728","2024-08-28","Wednesday","35","8","28","2024"
"240729","2024-08-29","Thursday","35","8","29","2024"
"240730","2024-08-30","Friday","35","8","30","2024"
"240731","2024-08-31","Saturday","35","8","31","2024"
"240801","2024-09-01","Sunday","35","9","1","2024"
"240802","2024-09-02","Monday","36","9","2","2024"
"240803","2024-09-03","Tuesday","36","9","3","2024"
"240804","2024-09-04","Wednesday","36","9","4","2024"
"240805","2024-09-05","Thursday","36","9","5","2024"
"240806","2024-09-06","Friday","36","9","6","2024"
"240807","2024-09-07","Saturday","36","9","7","2024"
"240808","2024-09-08","Sunday","36","9","8","2024"
"240809","2024-09-09","Monday","37","9","9","2024"
"240810","2024-09-10","Tuesday","37","9","10","2024"
"240811","2024-09-11","Wednesday","37","9","11","2024"
"240812","2024-09-12","Thursday","37","9","12","2024"
"240813","2024-09-13","Friday","37","9","13","2024"
"240814","2024-09-14","Saturday","37","9","14","2024"
"240815","2024-09-15","Sunday","37","9","15","2024"
"240816","2024-09-16","Monday","38","9","16","2024"
"240817","2024-09-17","Tuesday","38","9","17","2024"
"240818","2024-09-18","Wednesday","38","9","18","2024"
"240819","2024-09-19","Thursday","38","9","19","2024"
"240820","2024-09-20","Friday","38","9","20","2024"
"240821","2024-09-21","Saturday","38","9","21","2024"
"240822","2024-09-22","Sunday","38","9","22","2024"
"240823","2024-09-23","Monday","39","9","23","2024"
"240824","2024-09-24","Tuesday","39","9","24","2024"
"240825","2024-09-25","Wednesday","39","9","25","2024"
"240826","2024-09-26","Thursday","39","9","26","2024"
"240827","2024-09-27","Friday","39","9","27","2024"
"240828","2024-09-28","Saturday","39","9","28","2024"
"240829","2024-09-29","Sunday","39","9","29","2024"
"240830","2024-09-30","Monday","40","9","30","2024"
"240901","2024-10-01","Tuesday","40","10","1","2024"
"240902","2024-10-02","Wednesday","40","10","2","2024"
"240903","2024-10-03","Thursday","40","10","3","2024"
"240904","2024-10-04","Friday","40","10","4","2024"
"240905","2024-10-05","Saturday","40","10","5","2024"
"240906","2024-10-06","Sunday","40","10","6","2024"
"240907","2024-10-07","Monday","41","10","7","2024"
"240908","2024-10-08","Tuesday","41","10","8","2024"
"240909","2024-10-09","Wednesday","41","10","9","2024"
"240910","2024-10-10","Thursday","41","10","10","2024"
"240911","2024-10-11","Friday","41","10","11","2024"
"240912","2024-10-12","Saturday","41","10","12","2024"
"240913","2024-10-13","Sunday","41","10","13","2024"
"240914","2024-10-14","Monday","42","10","14","2024"
"240915","2024-10-15","Tuesday","42","10","15","2024"
"240916","2024-10-16","Wednesday","42","10","16","2024"
"240917","2024-10-17","Thursday","42","10","17","2024"
"240918","2024-10-18","Friday","42","10","18","2024"
"240919","2024-10-19","Saturday","42","10","19","2024"
"240920","2024-10-20","Sunday","42","10","20","2024"
"240921","2024-10-21","Monday","43","10","21","2024"
"240922","2024-10-22","Tuesday","43","10","22","2024"
"240923","2024-10-23","Wednesday","43","10","23","2024"
"240924","2024-10-24","Thursday","43","10","24","2024"
"240925","2024-10-25","Friday","43","10","25","2024"
"240926","2024-10-26","Saturday","43","10","26","2024"
"240927","2024-10-27","Sunday","43","10","27","2024"
"240928","2024-10-28","Monday","44","10","28","2024"
"240929","2024-10-29","Tuesday","44","10","29","2024"
"240930","2024-10-30","Wednesday","44","10","30","2024"
"240931","2024-10-31","Thursday","44","10","31","2024"
"241001","2024-11-01","Friday","44","11","1","2024"
"241002","2024-11-02","Saturday","44","11","2","2024"
"241003","2024-11-03","Sunday","44","11","3","2024"
"241004","2024-11-04","Monday","45","11","4","2024"
"241005","2024-11-05","Tuesday","45","11","5","2024"
"241006","2024-11-06","Wednesday","45","11","6","2024"
"241007","2024-11-07","Thursday","45","11","7","2024"
"241008","2024-11-08","Friday","45","11","8","2024"
"241009","2024-11-09","Saturday","45","11","9","2024"
"241010","2024-11-10","Sunday","45","11","10","2024"
"241011","2024-11-11","Monday","46","11","11","2024"
"241012","2024-11-12","Tuesday","46","11","12","2024"
"241013","2024-11-13","Wednesday","46","11","13","2024"
"241014","2024-11-14","Thursday","46","11","14","2024"
"241015","2024-11-15","Friday","46","11","15","2024"
"241016","2024-11-16","Saturday","46","11","16","2024"
"241017","2024-11-17","Sunday","46","11","17","2024"
"241018","2024-11-18","Monday","47","11","18","2024"
"241019","2024-11-19","Tuesday","47","11","19","2024"
"241020","2024-11-20","Wednesday","47","11","20","2024"
"241021","2024-11-21","Thursday","47","11","21","2024"
"241022","2024-11-22","Friday","47","11","22","2024"
"241023","2024-11-23","Saturday","47","11","23","2024"
"241024","2024-11-24","Sunday","47","11","24","2024"
"241025","2024-11-25","Monday","48","11","25","2024"
"241026","2024-11-26","Tuesday","48","11","26","2024"
"241027","2024-11-27","Wednesday","48","11","27","2024"
"241028","2024-11-28","Thursday","48","11","28","2024"
"241029","2024-11-29","Friday","48","11","29","2024"
"241030","2024-11-30","Saturday","48","11","30","2024"
"241101","2024-12-01","Sunday","48","12","1","2024"
"241102","2024-12-02","Monday","49","12","2","2024"
"241103","2024-12-03","Tuesday","49","12","3","2024"
"241104","2024-12-04","Wednesday","49","12","4","2024"
"241105","2024-12-05","Thursday","49","12","5","2024"
"241106","2024-12-06","Friday","49","12","6","2024"
"241107","2024-12-07","Saturday","49","12","7","2024"
"241108","2024-12-08","Sunday","49","12","8","2024"
"241109","2024-12-09","Monday","50","12","9","2024"
"241110","2024-12-10","Tuesday","50","12","10","2024"
"241111","2024-12-11","Wednesday","50","12","11","2024"
"241112","2024-12-12","Thursday","50","12","12","2024"
"241113","2024-12-13","Friday","50","12","13","2024"
"241114","2024-12-14","Saturday","50","12","14","2024"
"241115","2024-12-15","Sunday","50","12","15","2024"
"241116","2024-12-16","Monday","51","12","16","2024"
"241117","2024-12-17","Tuesday","51","12","17","2024"
"241118","2024-12-18","Wednesday","51","12","18","2024"
"241119","2024-12-19","Thursday","51","12","19","2024"
"241120","2024-12-20","Friday","51","12","20","2024"
"241121","2024-12-21","Saturday","51","12","21","2024"
"241122","2024-12-22","Sunday","51","12","22","2024"
"241123","2024-12-23","Monday","52","12","23","2024"
"241124","2024-12-24","Tuesday","52","12","24","2024"
"241125","2024-12-25","Wednesday","52","12","25","2024"
"241126","2024-12-26","Thursday","52","12","26","2024"
"241127","2024-12-27","Friday","52","12","27","2024"
"241128","2024-12-28","Saturday","52","12","28","2024"
"241129","2024-12-29","Sunday","52","12","29","2024"
"241130","2024-12-30","Monday","1","12","30","2024"
"241131","2024-12-31","Tuesday","1","12","31","2024"
"250001","2025-01-01","Wednesday","1","1","1","2025"
"250002","2025-01-02","Thursday","1","1","2","2025"
"250003","2025-01-03","Friday","1","1","3","2025"
"250004","2025-01-04","Saturday","1","1","4","2025"
"250005","2025-01-05","Sunday","1","1","5","2025"
"250006","2025-01-06","Monday","2","1","6","2025"
"250007","2025-01-07","Tuesday","2","1","7","2025"
"250008","2025-01-08","Wednesday","2","1","8","2025"
"250009","2025-01-09","Thursday","2","1","9","2025"
"250010","2025-01-10","Friday","2","1","10","2025"
"250011","2025-01-11","Saturday","2","1","11","2025"
"250012","2025-01-12","Sunday","2","1","12","2025"
"250013","2025-01-13","Monday","3","1","13","2025"
"250014","2025-01-14","Tuesday","3","1","14","2025"
"250015","2025-01-15","Wednesday","3","1","15","2025"
"250016","2025-01-16","Thursday","3","1","16","2025"
"250017","2025-01-17","Friday","3","1","17","2025"
"250018","2025-01-18","Saturday","3","1","18","2025"
"250019","2025-01-19","Sunday","3","1","19","2025"
"250020","2025-01-20","Monday","4","1","20","2025"
"250021","2025-01-21","Tuesday","4","1","21","2025"
"250022","2025-01-22","Wednesday","4","1","22","2025"
"250023","2025-01-23","Thursday","4","1","23","2025"
"250024","2025-01-24","Friday","4","1","24","2025"
"250025","2025-01-25","Saturday","4","1","25","2025"
"250026","2025-01-26","Sunday","4","1","26","2025"
"250027","2025-01-27","Monday","5","1","27","2025"
"250028","2025-01-28","Tuesday","5","1","28","2025"
"250029","2025-01-29","Wednesday","5","1","29","2025"
"250030","2025-01-30","Thursday","5","1","30","2025"
"250031","2025-01-31","Friday","5","1","31","2025"
"250101","2025-02-01","Saturday","5","2","1","2025"
"250102","2025-02-02","Sunday","5","2","2","2025"
"250103","2025-02-03","Monday","6","2","3","2025"
"250104","2025-02-04","Tuesday","6","2","4","2025"
"250105","2025-02-05","Wednesday","6","2","5","2025"
"250106","2025-02-06","Thursday","6","2","6","2025"
"250107","2025-02-07","Friday","6","2","7","2025"
"250108","2025-02-08","Saturday","6","2","8","2025"
"250109","2025-02-09","Sunday","6","2","9","2025"
"250110","2025-02-10","Monday","7","2","10","2025"
"250111","2025-02-11","Tuesday","7","2","11","2025"
"250112","2025-02-12","Wednesday","7","2","12","2025"
"250113","2025-02-13","Thursday","7","2","13","2025"
"250114","2025-02-14","Friday","7","2","14","2025"
"250115","2025-02-15","Saturday","7","2","15","2025"
"250116","2025-02-16","Sunday","7","2","16","2025"
"250117","2025-02-17","Monday","8","2","17","2025"
"250118","2025-02-18","Tuesday","8","2","18","2025"
"250119","2025-02-19","Wednesday","8","2","19","2025"
"250120","2025-02-20","Thursday","8","2","20","2025"
"250121","2025-02-21","Friday","8","2","21","2025"
"250122","2025-02-22","Saturday","8","2","22","2025"
"250123","2025-02-23","Sunday","8","2","23","2025"
"250124","2025-02-24","Monday","9","2","24","2025"
"250125","2025-02-25","Tuesday","9","2","25","2025"
"250126","2025-02-26","Wednesday","9","2","26","2025"
"250127","2025-02-27","Thursday","9","2","27","2025"
"250128","2025-02-28","Friday","9","2","28","2025"
"250201","2025-03-01","Saturday","9","3","1","2025"
"250202","2025-03-02","Sunday","9","3","2","2025"
"250203","2025-03-03","Monday","10","3","3","2025"
"250204","2025-03-04","Tuesday","10","3","4","2025"
"250205","2025-03-05","Wednesday","10","3","5","2025"
"250206","2025-03-06","Thursday","10","3","6","2025"
"250207","2025-03-07","Friday","10","3","7","2025"
"250208","2025-03-08","Saturday","10","3","8","2025"
"250209","2025-03-09","Sunday","10","3","9","2025"
"250210","2025-03-10","Monday","11","3","10","2025"
"250211","2025-03-11","Tuesday","11","3","11","2025"
"250212","2025-03-12","Wednesday","11","3","12","2025"
"250213","2025-03-13","Thursday","11","3","13","2025"
"250214","2025-03-14","Friday","11","3","14","2025"
"250215","2025-03-15","Saturday","11","3","15","2025"
"250216","2025-03-16","Sunday","11","3","16","2025"
"250217","2025-03-17","Monday","12","3","17","2025"
"250218","2025-03-18","Tuesday","12","3","18","2025"
"250219","2025-03-19","Wednesday","12","3","19","2025"
"250220","2025-03-20","Thursday","12","3","20","2025"
"250221","2025-03-21","Friday","12","3","21","2025"
"250222","2025-03-22","Saturday","12","3","22","2025"
"250223","2025-03-23","Sunday","12","3","23","2025"
"250224","2025-03-24","Monday","13","3","24","2025"
"250225","2025-03-25","Tuesday","13","3","25","2025"
"250226","2025-03-26","Wednesday","13","3","26","2025"
"250227","2025-03-27","Thursday","13","3","27","2025"
"250228","2025-03-28","Friday","13","3","28","2025"
"250229","2025-03-29","Saturday","13","3","29","2025"
"250230","2025-03-30","Sunday","13","3","30","2025"
"250231","2025-03-31","Monday","14","3","31","2025"
"250301","2025-04-01","Tuesday","14","4","1","2025"
"250302","2025-04-02","Wednesday","14","4","2","2025"
"250303","2025-04-03","Thursday","14","4","3","2025"
"250304","2025-04-04","Friday","14","4","4","2025"
"250305","2025-04-05","Saturday","14","4","5","2025"
"250306","2025-04-06","Sunday","14","4","6","2025"
"250307","2025-04-07","Monday","15","4","7","2025"
"250308","2025-04-08","Tuesday","15","4","8","2025"
"250309","2025-04-09","Wednesday","15","4","9","2025"
"250310","2025-04-10","Thursday","15","4","10","2025"
"250311","2025-04-11","Friday","15","4","11","2025"
"250312","2025-04-12","Saturday","15","4","12","2025"
"250313","2025-04-13","Sunday","15","4","13","2025"
"250314","2025-04-14","Monday","16","4","14","2025"
"250315","2025-04-15","Tuesday","16","4","15","2025"
"250316","2025-04-16","Wednesday","16","4","16","2025"
"250317","2025-04-17","Thursday","16","4","17","2025"
"250318","2025-04-18","Friday","16","4","18","2025"
"250319","2025-04-19","Saturday","16","4","19","2025"
"250320","2025-04-20","Sunday","16","4","20","2025"
"250321","2025-04-21","Monday","17","4","21","2025"
"250322","2025-04-22","Tuesday","17","4","22","2025"
"250323","2025-04-23","Wednesday","17","4","23","2025"
"250324","2025-04-24","Thursday","17","4","24","2025"
"250325","2025-04-25","Friday","17","4","25","2025"
"250326","2025-04-26","Saturday","17","4","26","2025"
"250327","2025-04-27","Sunday","17","4","27","2025"
"250328","2025-04-28","Monday","18","4","28","2025"
"250329","2025-04-29","Tuesday","18","4","29","2025"
"250330","2025-04-30","Wednesday","18","4","30","2025"
"250401","2025-05-01","Thursday","18","5","1","2025"
"250402","2025-05-02","Friday","18","5","2","2025"
"250403","2025-05-03","Saturday","18","5","3","2025"
"250404","2025-05-04","Sunday","18","5","4","2025"
"250405","2025-05-05","Monday","19","5","5","2025"
"250406","2025-05-06","Tuesday","19","5","6","2025"
"250407","2025-05-07","Wednesday","19","5","7","2025"
"250408","2025-05-08","Thursday","19","5","8","2025"
"250409","2025-05-09","Friday","19","5","9","2025"
"250410","2025-05-10","Saturday","19","5","10","2025"
"250411","2025-05-11","Sunday","19","5","11","2025"
"250412","2025-05-12","Monday","20","5","12","2025"
"250413","2025-05-13","Tuesday","20","5","13","2025"
"250414","2025-05-14","Wednesday","20","5","14","2025"
"250415","2025-05-15","Thursday","20","5","15","2025"
"250416","2025-05-16","Friday","20","5","16","2025"
"250417","2025-05-17","Saturday","20","5","17","2025"
"250418","2025-05-18","Sunday","20","5","18","2025"
"250419","2025-05-19","Monday","21","5","19","2025"
"250420","2025-05-20","Tuesday","21","5","20","2025"
"250421","2025-05-21","Wednesday","21","5","21","2025"
"250422","2025-05-22","Thursday","21","5","22","2025"
"250423","2025-05-23","Friday","21","5","23","2025"
"250424","2025-05-24","Saturday","21","5","24","2025"
"250425","2025-05-25","Sunday","21","5","25","2025"
"250426","2025-05-26","Monday","22","5","26","2025"
"250427","2025-05-27","Tuesday","22","5","27","2025"
"250428","2025-05-28","Wednesday","22","5","28","2025"
"250429","2025-05-29","Thursday","22","5","29","2025"
"250430","2025-05-30","Friday","22","5","30","2025"
"250431","2025-05-31","Saturday","22","5","31","2025"
"250501","2025-06-01","Sunday","22","6","1","2025"
"250502","2025-06-02","Monday","23","6","2","2025"
"250503","2025-06-03","Tuesday","23","6","3","2025"
"250504","2025-06-04","Wednesday","23","6","4","2025"
"250505","2025-06-05","Thursday","23","6","5","2025"
"250506","2025-06-06","Friday","23","6","6","2025"
"250507","2025-06-07","Saturday","23","6","7","2025"
"250508","2025-06-08","Sunday","23","6","8","2025"
"250509","2025-06-09","Monday","24","6","9","2025"
"250510","2025-06-10","Tuesday","24","6","10","2025"
"250511","2025-06-11","Wednesday","24","6","11","2025"
"250512","2025-06-12","Thursday","24","6","12","2025"
"250513","2025-06-13","Friday","24","6","13","2025"
"250514","2025-06-14","Saturday","24","6","14","2025"
"250515","2025-06-15","Sunday","24","6","15","2025"
"250516","2025-06-16","Monday","25","6","16","2025"
"250517","2025-06-17","Tuesday","25","6","17","2025"
"250518","2025-06-18","Wednesday","25","6","18","2025"
"250519","2025-06-19","Thursday","25","6","19","2025"
"250520","2025-06-20","Friday","25","6","20","2025"
"250521","2025-06-21","Saturday","25","6","21","2025"
"250522","2025-06-22","Sunday","25","6","22","2025"
"250523","2025-06-23","Monday","26","6","23","2025"
"250524","2025-06-24","Tuesday","26","6","24","2025"
"250525","2025-06-25","Wednesday","26","6","25","2025"
"250526","2025-06-26","Thursday","26","6","26","2025"
"250527","2025-06-27","Friday","26","6","27","2025"
"250528","2025-06-28","Saturday","26","6","28","2025"
"250529","2025-06-29","Sunday","26","6","29","2025"
"250530","2025-06-30","Monday","27","6","30","2025"
"250601","2025-07-01","Tuesday","27","7","1","2025"
"250602","2025-07-02","Wednesday","27","7","2","2025"
"250603","2025-07-03","Thursday","27","7","3","2025"
"250604","2025-07-04","Friday","27","7","4","2025"
"250605","2025-07-05","Saturday","27","7","5","2025"
"250606","2025-07-06","Sunday","27","7","6","2025"
"250607","2025-07-07","Monday","28","7","7","2025"
"250608","2025-07-08","Tuesday","28","7","8","2025"
"250609","2025-07-09","Wednesday","28","7","9","2025"
"250610","2025-07-10","Thursday","28","7","10","2025"
"250611","2025-07-11","Friday","28","7","11","2025"
"250612","2025-07-12","Saturday","28","7","12","2025"
"250613","2025-07-13","Sunday","28","7","13","2025"
"250614","2025-07-14","Monday","29","7","14","2025"
"250615","2025-07-15","Tuesday","29","7","15","2025"
"250616","2025-07-16","Wednesday","29","7","16","2025"
"250617","2025-07-17","Thursday","29","7","17","2025"
"250618","2025-07-18","Friday","29","7","18","2025"
"250619","2025-07-19","Saturday","29","7","19","2025"
"250620","2025-07-20","Sunday","29","7","20","2025"
"250621","2025-07-21","Monday","30","7","21","2025"
"250622","2025-07-22","Tuesday","30","7","22","2025"
"250623","2025-07-23","Wednesday","30","7","23","2025"
"250624","2025-07-24","Thursday","30","7","24","2025"
"250625","2025-07-25","Friday","30","7","25","2025"
"250626","2025-07-26","Saturday","30","7","26","2025"
"250627","2025-07-27","Sunday","30","7","27","2025"
"250628","2025-07-28","Monday","31","7","28","2025"
"250629","2025-07-29","Tuesday","31","7","29","2025"
"250630","2025-07-30","Wednesday","31","7","30","2025"
"250631","2025-07-31","Thursday","31","7","31","2025"
"250701","2025-08-01","Friday","31","8","1","2025"
"250702","2025-08-02","Saturday","31","8","2","2025"
"250703","2025-08-03","Sunday","31","8","3","2025"
"250704","2025-08-04","Monday","32","8","4","2025"
"250705","2025-08-05","Tuesday","32","8","5","2025"
"250706","2025-08-06","Wednesday","32","8","6","2025"
"250707","2025-08-07","Thursday","32","8","7","2025"
"250708","2025-08-08","Friday","32","8","8","2025"
"250709","2025-08-09","Saturday","32","8","9","2025"
"250710","2025-08-10","Sunday","32","8","10","2025"
"250711","2025-08-11","Monday","33","8","11","2025"
"250712","2025-08-12","Tuesday","33","8","12","2025"
"250713","2025-08-13","Wednesday","33","8","13","2025"
"250714","2025-08-14","Thursday","33","8","14","2025"
"250715","2025-08-15","Friday","33","8","15","2025"
"250716","2025-08-16","Saturday","33","8","16","2025"
"250717","2025-08-17","Sunday","33","8","17","2025"
"250718","2025-08-18","Monday","34","8","18","2025"
"250719","2025-08-19","Tuesday","34","8","19","2025"
"250720","2025-08-20","Wednesday","34","8","20","2025"
"250721","2025-08-21","Thursday","34","8","21","2025"
"250722","2025-08-22","Friday","34","8","22","2025"
"250723","2025-08-23","Saturday","34","8","23","2025"
"250724","2025-08-24","Sunday","34","8","24","2025"
"250725","2025-08-25","Monday","35","8","25","2025"
"250726","2025-08-26","Tuesday","35","8","26","2025"
"250727","2025-08-27","Wednesday","35","8","27","2025"
"250728","2025-08-28","Thursday","35","8","28","2025"
"250729","2025-08-29","Friday","35","8","29","2025"
"250730","2025-08-30","Saturday","35","8","30","2025"
"250731","2025-08-31","Sunday","35","8","31","2025"
"250801","2025-09-01","Monday","36","9","1","2025"
"250802","2025-09-02","Tuesday","36","9","2","2025"
"250803","2025-09-03","Wednesday","36","9","3","2025"
"250804","2025-09-04","Thursday","36","9","4","2025"
"250805","2025-09-05","Friday","36","9","5","2025"
"250806","2025-09-06","Saturday","36","9","6","2025"
"250807","2025-09-07","Sunday","36","9","7","2025"
"250808","2025-09-08","Monday","37","9","8","2025"
"250809","2025-09-09","Tuesday","37","9","9","2025"
"250810","2025-09-10","Wednesday","37","9","10","2025"
"250811","2025-09-11","Thursday","37","9","11","2025"
"250812","2025-09-12","Friday","37","9","12","2025"
"250813","2025-09-13","Saturday","37","9","13","2025"
"250814","2025-09-14","Sunday","37","9","14","2025"
"250815","2025-09-15","Monday","38","9","15","2025"
"250816","2025-09-16","Tuesday","38","9","16","2025"
"250817","2025-09-17","Wednesday","38","9","17","2025"
"250818","2025-09-18","Thursday","38","9","18","2025"
"250819","2025-09-19","Friday","38","9","19","2025"
"250820","2025-09-20","Saturday","38","9","20","2025"
"250821","2025-09-21","Sunday","38","9","21","2025"
"250822","2025-09-22","Monday","39","9","22","2025"
"250823","2025-09-23","Tuesday","39","9","23","2025"
"250824","2025-09-24","Wednesday","39","9","24","2025"
"250825","2025-09-25","Thursday","39","9","25","2025"
"250826","2025-09-26","Friday","39","9","26","2025"
"250827","2025-09-27","Saturday","39","9","27","2025"
"250828","2025-09-28","Sunday","39","9","28","2025"
"250829","2025-09-29","Monday","40","9","29","2025"
"250830","2025-09-30","Tuesday","40","9","30","2025"
"250901","2025-10-01","Wednesday","40","10","1","2025"
"250902","2025-10-02","Thursday","40","10","2","2025"
"250903","2025-10-03","Friday","40","10","3","2025"
"250904","2025-10-04","Saturday","40","10","4","2025"
"250905","2025-10-05","Sunday","40","10","5","2025"
"250906","2025-10-06","Monday","41","10","6","2025"
"250907","2025-10-07","Tuesday","41","10","7","2025"
"250908","2025-10-08","Wednesday","41","10","8","2025"
"250909","2025-10-09","Thursday","41","10","9","2025"
"250910","2025-10-10","Friday","41","10","10","2025"
"250911","2025-10-11","Saturday","41","10","11","2025"
"250912","2025-10-12","Sunday","41","10","12","2025"
"250913","2025-10-13","Monday","42","10","13","2025"
"250914","2025-10-14","Tuesday","42","10","14","2025"
"250915","2025-10-15","Wednesday","42","10","15","2025"
"250916","2025-10-16","Thursday","42","10","16","2025"
"250917","2025-10-17","Friday","42","10","17","2025"
"250918","2025-10-18","Saturday","42","10","18","2025"
"250919","2025-10-19","Sunday","42","10","19","2025"
"250920","2025-10-20","Monday","43","10","20","2025"
"250921","2025-10-21","Tuesday","43","10","21","2025"
"250922","2025-10-22","Wednesday","43","10","22","2025"
"250923","2025-10-23","Thursday","43","10","23","2025"
"250924","2025-10-24","Friday","43","10","24","2025"
"250925","2025-10-25","Saturday","43","10","25","2025"
"250926","2025-10-26","Sunday","43","10","26","2025"
"250927","2025-10-27","Monday","44","10","27","2025"
"250928","2025-10-28","Tuesday","44","10","28","2025"
"250929","2025-10-29","Wednesday","44","10","29","2025"
"250930","2025-10-30","Thursday","44","10","30","2025"
"250931","2025-10-31","Friday","44","10","31","2025"
"251001","2025-11-01","Saturday","44","11","1","2025"
"251002","2025-11-02","Sunday","44","11","2","2025"
"251003","2025-11-03","Monday","45","11","3","2025"
"251004","2025-11-04","Tuesday","45","11","4","2025"
"251005","2025-11-05","Wednesday","45","11","5","2025"
"251006","2025-11-06","Thursday","45","11","6","2025"
"251007","2025-11-07","Friday","45","11","7","2025"
"251008","2025-11-08","Saturday","45","11","8","2025"
"251009","2025-11-09","Sunday","45","11","9","2025"
"251010","2025-11-10","Monday","46","11","10","2025"
"251011","2025-11-11","Tuesday","46","11","11","2025"
"251012","2025-11-12","Wednesday","46","11","12","2025"
"251013","2025-11-13","Thursday","46","11","13","2025"
"251014","2025-11-14","Friday","46","11","14","2025"
"251015","2025-11-15","Saturday","46","11","15","2025"
"251016","2025-11-16","Sunday","46","11","16","2025"
"251017","2025-11-17","Monday","47","11","17","2025"
"251018","2025-11-18","Tuesday","47","11","18","2025"
"251019","2025-11-19","Wednesday","47","11","19","2025"
"251020","2025-11-20","Thursday","47","11","20","2025"
"251021","2025-11-21","Friday","47","11","21","2025"
"251022","2025-11-22","Saturday","47","11","22","2025"
"251023","2025-11-23","Sunday","47","11","23","2025"
"251024","2025-11-24","Monday","48","11","24","2025"
"251025","2025-11-25","Tuesday","48","11","25","2025"
"251026","2025-11-26","Wednesday","48","11","26","2025"
"251027","2025-11-27","Thursday","48","11","27","2025"
"251028","2025-11-28","Friday","48","11","28","2025"
"251029","2025-11-29","Saturday","48","11","29","2025"
"251030","2025-11-30","Sunday","48","11","30","2025"
"251101","2025-12-01","Monday","49","12","1","2025"
"251102","2025-12-02","Tuesday","49","12","2","2025"
"251103","2025-12-03","Wednesday","49","12","3","2025"
"251104","2025-12-04","Thursday","49","12","4","2025"
"251105","2025-12-05","Friday","49","12","5","2025"
"251106","2025-12-06","Saturday","49","12","6","2025"
"251107","2025-12-07","Sunday","49","12","7","2025"
"251108","2025-12-08","Monday","50","12","8","2025"
"251109","2025-12-09","Tuesday","50","12","9","2025"
"251110","2025-12-10","Wednesday","50","12","10","2025"
"251111","2025-12-11","Thursday","50","12","11","2025"
"251112","2025-12-12","Friday","50","12","12","2025"
"251113","2025-12-13","Saturday","50","12","13","2025"
"251114","2025-12-14","Sunday","50","12","14","2025"
"251115","2025-12-15","Monday","51","12","15","2025"
"251116","2025-12-16","Tuesday","51","12","16","2025"
"251117","2025-12-17","Wednesday","51","12","17","2025"
"251118","2025-12-18","Thursday","51","12","18","2025"
"251119","2025-12-19","Friday","51","12","19","2025"
"251120","2025-12-20","Saturday","51","12","20","2025"
"251121","2025-12-21","Sunday","51","12","21","2025"
"251122","2025-12-22","Monday","52","12","22","2025"
"251123","2025-12-23","Tuesday","52","12","23","2025"
"251124","2025-12-24","Wednesday","52","12","24","2025"
"251125","2025-12-25","Thursday","52","12","25","2025"
"251126","2025-12-26","Friday","52","12","26","2025"
"251127","2025-12-27","Saturday","52","12","27","2025"
"251128","2025-12-28","Sunday","52","12","28","2025"
"251129","2025-12-29","Monday","1","12","29","2025"
"251130","2025-12-30","Tuesday","1","12","30","2025"
"251131","2025-12-31","Wednesday","1","12","31","2025"
"260001","2026-01-01","Thursday","1","1","1","2026"
"260002","2026-01-02","Friday","1","1","2","2026"
"260003","2026-01-03","Saturday","1","1","3","2026"
"260004","2026-01-04","Sunday","1","1","4","2026"
"260005","2026-01-05","Monday","2","1","5","2026"
"260006","2026-01-06","Tuesday","2","1","6","2026"
"260007","2026-01-07","Wednesday","2","1","7","2026"
"260008","2026-01-08","Thursday","2","1","8","2026"
"260009","2026-01-09","Friday","2","1","9","2026"
"260010","2026-01-10","Saturday","2","1","10","2026"
"260011","2026-01-11","Sunday","2","1","11","2026"
"260012","2026-01-12","Monday","3","1","12","2026"
"260013","2026-01-13","Tuesday","3","1","13","2026"
"260014","2026-01-14","Wednesday","3","1","14","2026"
"260015","2026-01-15","Thursday","3","1","15","2026"
"260016","2026-01-16","Friday","3","1","16","2026"
"260017","2026-01-17","Saturday","3","1","17","2026"
"260018","2026-01-18","Sunday","3","1","18","2026"
"260019","2026-01-19","Monday","4","1","19","2026"
"260020","2026-01-20","Tuesday","4","1","20","2026"
"260021","2026-01-21","Wednesday","4","1","21","2026"
"260022","2026-01-22","Thursday","4","1","22","2026"
"260023","2026-01-23","Friday","4","1","23","2026"
"260024","2026-01-24","Saturday","4","1","24","2026"
"260025","2026-01-25","Sunday","4","1","25","2026"
"260026","2026-01-26","Monday","5","1","26","2026"
"260027","2026-01-27","Tuesday","5","1","27","2026"
"260028","2026-01-28","Wednesday","5","1","28","2026"
"260029","2026-01-29","Thursday","5","1","29","2026"
"260030","2026-01-30","Friday","5","1","30","2026"
"260031","2026-01-31","Saturday","5","1","31","2026"
"260101","2026-02-01","Sunday","5","2","1","2026"
"260102","2026-02-02","Monday","6","2","2","2026"
"260103","2026-02-03","Tuesday","6","2","3","2026"
"260104","2026-02-04","Wednesday","6","2","4","2026"
"260105","2026-02-05","Thursday","6","2","5","2026"
"260106","2026-02-06","Friday","6","2","6","2026"
"260107","2026-02-07","Saturday","6","2","7","2026"
"260108","2026-02-08","Sunday","6","2","8","2026"
"260109","2026-02-09","Monday","7","2","9","2026"
"260110","2026-02-10","Tuesday","7","2","10","2026"
"260111","2026-02-11","Wednesday","7","2","11","2026"
"260112","2026-02-12","Thursday","7","2","12","2026"
"260113","2026-02-13","Friday","7","2","13","2026"
"260114","2026-02-14","Saturday","7","2","14","2026"
"260115","2026-02-15","Sunday","7","2","15","2026"
"260116","2026-02-16","Monday","8","2","16","2026"
"260117","2026-02-17","Tuesday","8","2","17","2026"
"260118","2026-02-18","Wednesday","8","2","18","2026"
"260119","2026-02-19","Thursday","8","2","19","2026"
"260120","2026-02-20","Friday","8","2","20","2026"
"260121","2026-02-21","Saturday","8","2","21","2026"
"260122","2026-02-22","Sunday","8","2","22","2026"
"260123","2026-02-23","Monday","9","2","23","2026"
"260124","2026-02-24","Tuesday","9","2","24","2026"
"260125","2026-02-25","Wednesday","9","2","25","2026"
"260126","2026-02-26","Thursday","9","2","26","2026"
"260127","2026-02-27","Friday","9","2","27","2026"
"260128","2026-02-28","Saturday","9","2","28","2026"
"260201","2026-03-01","Sunday","9","3","1","2026"
"260202","2026-03-02","Monday","10","3","2","2026"
"260203","2026-03-03","Tuesday","10","3","3","2026"
"260204","2026-03-04","Wednesday","10","3","4","2026"
"260205","2026-03-05","Thursday","10","3","5","2026"
"260206","2026-03-06","Friday","10","3","6","2026"
"260207","2026-03-07","Saturday","10","3","7","2026"
"260208","2026-03-08","Sunday","10","3","8","2026"
"260209","2026-03-09","Monday","11","3","9","2026"
"260210","2026-03-10","Tuesday","11","3","10","2026"
"260211","2026-03-11","Wednesday","11","3","11","2026"
"260212","2026-03-12","Thursday","11","3","12","2026"
"260213","2026-03-13","Friday","11","3","13","2026"
"260214","2026-03-14","Saturday","11","3","14","2026"
"260215","2026-03-15","Sunday","11","3","15","2026"
"260216","2026-03-16","Monday","12","3","16","2026"
"260217","2026-03-17","Tuesday","12","3","17","2026"
"260218","2026-03-18","Wednesday","12","3","18","2026"
"260219","2026-03-19","Thursday","12","3","19","2026"
"260220","2026-03-20","Friday","12","3","20","2026"
"260221","2026-03-21","Saturday","12","3","21","2026"
"260222","2026-03-22","Sunday","12","3","22","2026"
"260223","2026-03-23","Monday","13","3","23","2026"
"260224","2026-03-24","Tuesday","13","3","24","2026"
"260225","2026-03-25","Wednesday","13","3","25","2026"
"260226","2026-03-26","Thursday","13","3","26","2026"
"260227","2026-03-27","Friday","13","3","27","2026"
"260228","2026-03-28","Saturday","13","3","28","2026"
"260229","2026-03-29","Sunday","13","3","29","2026"
"260230","2026-03-30","Monday","14","3","30","2026"
"260231","2026-03-31","Tuesday","14","3","31","2026"
"260301","2026-04-01","Wednesday","14","4","1","2026"
"260302","2026-04-02","Thursday","14","4","2","2026"
"260303","2026-04-03","Friday","14","4","3","2026"
"260304","2026-04-04","Saturday","14","4","4","2026"
"260305","2026-04-05","Sunday","14","4","5","2026"
"260306","2026-04-06","Monday","15","4","6","2026"
"260307","2026-04-07","Tuesday","15","4","7","2026"
"260308","2026-04-08","Wednesday","15","4","8","2026"
"260309","2026-04-09","Thursday","15","4","9","2026"
"260310","2026-04-10","Friday","15","4","10","2026"
"260311","2026-04-11","Saturday","15","4","11","2026"
"260312","2026-04-12","Sunday","15","4","12","2026"
"260313","2026-04-13","Monday","16","4","13","2026"
"260314","2026-04-14","Tuesday","16","4","14","2026"
"260315","2026-04-15","Wednesday","16","4","15","2026"
"260316","2026-04-16","Thursday","16","4","16","2026"
"260317","2026-04-17","Friday","16","4","17","2026"
"260318","2026-04-18","Saturday","16","4","18","2026"
"260319","2026-04-19","Sunday","16","4","19","2026"
"260320","2026-04-20","Monday","17","4","20","2026"
"260321","2026-04-21","Tuesday","17","4","21","2026"
"260322","2026-04-22","Wednesday","17","4","22","2026"
"260323","2026-04-23","Thursday","17","4","23","2026"
"260324","2026-04-24","Friday","17","4","24","2026"
"260325","2026-04-25","Saturday","17","4","25","2026"
"260326","2026-04-26","Sunday","17","4","26","2026"
"260327","2026-04-27","Monday","18","4","27","2026"
"260328","2026-04-28","Tuesday","18","4","28","2026"
"260329","2026-04-29","Wednesday","18","4","29","2026"
"260330","2026-04-30","Thursday","18","4","30","2026"
"260401","2026-05-01","Friday","18","5","1","2026"
"260402","2026-05-02","Saturday","18","5","2","2026"
"260403","2026-05-03","Sunday","18","5","3","2026"
"260404","2026-05-04","Monday","19","5","4","2026"
"260405","2026-05-05","Tuesday","19","5","5","2026"
"260406","2026-05-06","Wednesday","19","5","6","2026"
"260407","2026-05-07","Thursday","19","5","7","2026"
"260408","2026-05-08","Friday","19","5","8","2026"
"260409","2026-05-09","Saturday","19","5","9","2026"
"260410","2026-05-10","Sunday","19","5","10","2026"
"260411","2026-05-11","Monday","20","5","11","2026"
"260412","2026-05-12","Tuesday","20","5","12","2026"
"260413","2026-05-13","Wednesday","20","5","13","2026"
"260414","2026-05-14","Thursday","20","5","14","2026"
"260415","2026-05-15","Friday","20","5","15","2026"
"260416","2026-05-16","Saturday","20","5","16","2026"
"260417","2026-05-17","Sunday","20","5","17","2026"
"260418","2026-05-18","Monday","21","5","18","2026"
"260419","2026-05-19","Tuesday","21","5","19","2026"
"260420","2026-05-20","Wednesday","21","5","20","2026"
"260421","2026-05-21","Thursday","21","5","21","2026"
"260422","2026-05-22","Friday","21","5","22","2026"
"260423","2026-05-23","Saturday","21","5","23","2026"
"260424","2026-05-24","Sunday","21","5","24","2026"
"260425","2026-05-25","Monday","22","5","25","2026"
"260426","2026-05-26","Tuesday","22","5","26","2026"
"260427","2026-05-27","Wednesday","22","5","27","2026"
"260428","2026-05-28","Thursday","22","5","28","2026"
"260429","2026-05-29","Friday","22","5","29","2026"
"260430","2026-05-30","Saturday","22","5","30","2026"
"260431","2026-05-31","Sunday","22","5","31","2026"
"260501","2026-06-01","Monday","23","6","1","2026"
"260502","2026-06-02","Tuesday","23","6","2","2026"
"260503","2026-06-03","Wednesday","23","6","3","2026"
"260504","2026-06-04","Thursday","23","6","4","2026"
"260505","2026-06-05","Friday","23","6","5","2026"
"260506","2026-06-06","Saturday","23","6","6","2026"
"260507","2026-06-07","Sunday","23","6","7","2026"
"260508","2026-06-08","Monday","24","6","8","2026"
"260509","2026-06-09","Tuesday","24","6","9","2026"
"260510","2026-06-10","Wednesday","24","6","10","2026"
"260511","2026-06-11","Thursday","24","6","11","2026"
"260512","2026-06-12","Friday","24","6","12","2026"
"260513","2026-06-13","Saturday","24","6","13","2026"
"260514","2026-06-14","Sunday","24","6","14","2026"
"260515","2026-06-15","Monday","25","6","15","2026"
"260516","2026-06-16","Tuesday","25","6","16","2026"
"260517","2026-06-17","Wednesday","25","6","17","2026"
"260518","2026-06-18","Thursday","25","6","18","2026"
"260519","2026-06-19","Friday","25","6","19","2026"
"260520","2026-06-20","Saturday","25","6","20","2026"
"260521","2026-06-21","Sunday","25","6","21","2026"
"260522","2026-06-22","Monday","26","6","22","2026"
"260523","2026-06-23","Tuesday","26","6","23","2026"
"260524","2026-06-24","Wednesday","26","6","24","2026"
"260525","2026-06-25","Thursday","26","6","25","2026"
"260526","2026-06-26","Friday","26","6","26","2026"
"260527","2026-06-27","Saturday","26","6","27","2026"
"260528","2026-06-28","Sunday","26","6","28","2026"
"260529","2026-06-29","Monday","27","6","29","2026"
"260530","2026-06-30","Tuesday","27","6","30","2026"
"260601","2026-07-01","Wednesday","27","7","1","2026"
"260602","2026-07-02","Thursday","27","7","2","2026"
"260603","2026-07-03","Friday","27","7","3","2026"
"260604","2026-07-04","Saturday","27","7","4","2026"
"260605","2026-07-05","Sunday","27","7","5","2026"
"260606","2026-07-06","Monday","28","7","6","2026"
"260607","2026-07-07","Tuesday","28","7","7","2026"
"260608","2026-07-08","Wednesday","28","7","8","2026"
"260609","2026-07-09","Thursday","28","7","9","2026"
"260610","2026-07-10","Friday","28","7","10","2026"
"260611","2026-07-11","Saturday","28","7","11","2026"
"260612","2026-07-12","Sunday","28","7","12","2026"
"260613","2026-07-13","Monday","29","7","13","2026"
"260614","2026-07-14","Tuesday","29","7","14","2026"
"260615","2026-07-15","Wednesday","29","7","15","2026"
"260616","2026-07-16","Thursday","29","7","16","2026"
"260617","2026-07-17","Friday","29","7","17","2026"
"260618","2026-07-18","Saturday","29","7","18","2026"
"260619","2026-07-19","Sunday","29","7","19","2026"
"260620","2026-07-20","Monday","30","7","20","2026"
"260621","2026-07-21","Tuesday","30","7","21","2026"
"260622","2026-07-22","Wednesday","30","7","22","2026"
"260623","2026-07-23","Thursday","30","7","23","2026"
"260624","2026-07-24","Friday","30","7","24","2026"
"260625","2026-07-25","Saturday","30","7","25","2026"
"260626","2026-07-26","Sunday","30","7","26","2026"
"260627","2026-07-27","Monday","31","7","27","2026"
"260628","2026-07-28","Tuesday","31","7","28","2026"
"260629","2026-07-29","Wednesday","31","7","29","2026"
"260630","2026-07-30","Thursday","31","7","30","2026"
"260631","2026-07-31","Friday","31","7","31","2026"
"260701","2026-08-01","Saturday","31","8","1","2026"
"260702","2026-08-02","Sunday","31","8","2","2026"
"260703","2026-08-03","Monday","32","8","3","2026"
"260704","2026-08-04","Tuesday","32","8","4","2026"
"260705","2026-08-05","Wednesday","32","8","5","2026"
"260706","2026-08-06","Thursday","32","8","6","2026"
"260707","2026-08-07","Friday","32","8","7","2026"
"260708","2026-08-08","Saturday","32","8","8","2026"
"260709","2026-08-09","Sunday","32","8","9","2026"
"260710","2026-08-10","Monday","33","8","10","2026"
"260711","2026-08-11","Tuesday","33","8","11","2026"
"260712","2026-08-12","Wednesday","33","8","12","2026"
"260713","2026-08-13","Thursday","33","8","13","2026"
"260714","2026-08-14","Friday","33","8","14","2026"
"260715","2026-08-15","Saturday","33","8","15","2026"
"260716","2026-08-16","Sunday","33","8","16","2026"
"260717","2026-08-17","Monday","34","8","17","2026"
"260718","2026-08-18","Tuesday","34","8","18","2026"
"260719","2026-08-19","Wednesday","34","8","19","2026"
"260720","2026-08-20","Thursday","34","8","20","2026"
"260721","2026-08-21","Friday","34","8","21","2026"
"260722","2026-08-22","Saturday","34","8","22","2026"
"260723","2026-08-23","Sunday","34","8","23","2026"
"260724","2026-08-24","Monday","35","8","24","2026"
"260725","2026-08-25","Tuesday","35","8","25","2026"
"260726","2026-08-26","Wednesday","35","8","26","2026"
"260727","2026-08-27","Thursday","35","8","27","2026"
"260728","2026-08-28","Friday","35","8","28","2026"
"260729","2026-08-29","Saturday","35","8","29","2026"
"260730","2026-08-30","Sunday","35","8","30","2026"
"260731","2026-08-31","Monday","36","8","31","2026"
"260801","2026-09-01","Tuesday","36","9","1","2026"
"260802","2026-09-02","Wednesday","36","9","2","2026"
"260803","2026-09-03","Thursday","36","9","3","2026"
"260804","2026-09-04","Friday","36","9","4","2026"
"260805","2026-09-05","Saturday","36","9","5","2026"
"260806","2026-09-06","Sunday","36","9","6","2026"
"260807","2026-09-07","Monday","37","9","7","2026"
"260808","2026-09-08","Tuesday","37","9","8","2026"
"260809","2026-09-09","Wednesday","37","9","9","2026"
"260810","2026-09-10","Thursday","37","9","10","2026"
"260811","2026-09-11","Friday","37","9","11","2026"
"260812","2026-09-12","Saturday","37","9","12","2026"
"260813","2026-09-13","Sunday","37","9","13","2026"
"260814","2026-09-14","Monday","38","9","14","2026"
"260815","2026-09-15","Tuesday","38","9","15","2026"
"260816","2026-09-16","Wednesday","38","9","16","2026"
"260817","2026-09-17","Thursday","38","9","17","2026"
"260818","2026-09-18","Friday","38","9","18","2026"
"260819","2026-09-19","Saturday","38","9","19","2026"
"260820","2026-09-20","Sunday","38","9","20","2026"
"260821","2026-09-21","Monday","39","9","21","2026"
"260822","2026-09-22","Tuesday","39","9","22","2026"
"260823","2026-09-23","Wednesday","39","9","23","2026"
"260824","2026-09-24","Thursday","39","9","24","2026"
"260825","2026-09-25","Friday","39","9","25","2026"
"260826","2026-09-26","Saturday","39","9","26","2026"
"260827","2026-09-27","Sunday","39","9","27","2026"
"260828","2026-09-28","Monday","40","9","28","2026"
"260829","2026-09-29","Tuesday","40","9","29","2026"
"260830","2026-09-30","Wednesday","40","9","30","2026"
"260901","2026-10-01","Thursday","40","10","1","2026"
"260902","2026-10-02","Friday","40","10","2","2026"
"260903","2026-10-03","Saturday","40","10","3","2026"
"260904","2026-10-04","Sunday","40","10","4","2026"
"260905","2026-10-05","Monday","41","10","5","2026"
"260906","2026-10-06","Tuesday","41","10","6","2026"
"260907","2026-10-07","Wednesday","41","10","7","2026"
"260908","2026-10-08","Thursday","41","10","8","2026"
"260909","2026-10-09","Friday","41","10","9","2026"
"260910","2026-10-10","Saturday","41","10","10","2026"
"260911","2026-10-11","Sunday","41","10","11","2026"
"260912","2026-10-12","Monday","42","10","12","2026"
"260913","2026-10-13","Tuesday","42","10","13","2026"
"260914","2026-10-14","Wednesday","42","10","14","2026"
"260915","2026-10-15","Thursday","42","10","15","2026"
"260916","2026-10-16","Friday","42","10","16","2026"
"260917","2026-10-17","Saturday","42","10","17","2026"
"260918","2026-10-18","Sunday","42","10","18","2026"
"260919","2026-10-19","Monday","43","10","19","2026"
"260920","2026-10-20","Tuesday","43","10","20","2026"
"260921","2026-10-21","Wednesday","43","10","21","2026"
"260922","2026-10-22","Thursday","43","10","22","2026"
"260923","2026-10-23","Friday","43","10","23","2026"
"260924","2026-10-24","Saturday","43","10","24","2026"
"260925","2026-10-25","Sunday","43","10","25","2026"
"260926","2026-10-26","Monday","44","10","26","2026"
"260927","2026-10-27","Tuesday","44","10","27","2026"
"260928","2026-10-28","Wednesday","44","10","28","2026"
"260929","2026-10-29","Thursday","44","10","29","2026"
"260930","2026-10-30","Friday","44","10","30","2026"
"260931","2026-10-31","Saturday","44","10","31","2026"
"261001","2026-11-01","Sunday","44","11","1","2026"
"261002","2026-11-02","Monday","45","11","2","2026"
"261003","2026-11-03","Tuesday","45","11","3","2026"
"261004","2026-11-04","Wednesday","45","11","4","2026"
"261005","2026-11-05","Thursday","45","11","5","2026"
"261006","2026-11-06","Friday","45","11","6","2026"
"261007","2026-11-07","Saturday","45","11","7","2026"
"261008","2026-11-08","Sunday","45","11","8","2026"
"261009","2026-11-09","Monday","46","11","9","2026"
"261010","2026-11-10","Tuesday","46","11","10","2026"
"261011","2026-11-11","Wednesday","46","11","11","2026"
"261012","2026-11-12","Thursday","46","11","12","2026"
"261013","2026-11-13","Friday","46","11","13","2026"
"261014","2026-11-14","Saturday","46","11","14","2026"
"261015","2026-11-15","Sunday","46","11","15","2026"
"261016","2026-11-16","Monday","47","11","16","2026"
"261017","2026-11-17","Tuesday","47","11","17","2026"
"261018","2026-11-18","Wednesday","47","11","18","2026"
"261019","2026-11-19","Thursday","47","11","19","2026"
"261020","2026-11-20","Friday","47","11","20","2026"
"261021","2026-11-21","Saturday","47","11","21","2026"
"261022","2026-11-22","Sunday","47","11","22","2026"
"261023","2026-11-23","Monday","48","11","23","2026"
"261024","2026-11-24","Tuesday","48","11","24","2026"
"261025","2026-11-25","Wednesday","48","11","25","2026"
"261026","2026-11-26","Thursday","48","11","26","2026"
"261027","2026-11-27","Friday","48","11","27","2026"
"261028","2026-11-28","Saturday","48","11","28","2026"
"261029","2026-11-29","Sunday","48","11","29","2026"
"261030","2026-11-30","Monday","49","11","30","2026"
"261101","2026-12-01","Tuesday","49","12","1","2026"
"261102","2026-12-02","Wednesday","49","12","2","2026"
"261103","2026-12-03","Thursday","49","12","3","2026"
"261104","2026-12-04","Friday","49","12","4","2026"
"261105","2026-12-05","Saturday","49","12","5","2026"
"261106","2026-12-06","Sunday","49","12","6","2026"
"261107","2026-12-07","Monday","50","12","7","2026"
"261108","2026-12-08","Tuesday","50","12","8","2026"
"261109","2026-12-09","Wednesday","50","12","9","2026"
"261110","2026-12-10","Thursday","50","12","10","2026"
"261111","2026-12-11","Friday","50","12","11","2026"
"261112","2026-12-12","Saturday","50","12","12","2026"
"261113","2026-12-13","Sunday","50","12","13","2026"
"261114","2026-12-14","Monday","51","12","14","2026"
"261115","2026-12-15","Tuesday","51","12","15","2026"
"261116","2026-12-16","Wednesday","51","12","16","2026"
"261117","2026-12-17","Thursday","51","12","17","2026"
"261118","2026-12-18","Friday","51","12","18","2026"
"261119","2026-12-19","Saturday","51","12","19","2026"
"261120","2026-12-20","Sunday","51","12","20","2026"
"261121","2026-12-21","Monday","52","12","21","2026"
"261122","2026-12-22","Tuesday","52","12","22","2026"
"261123","2026-12-23","Wednesday","52","12","23","2026"
"261124","2026-12-24","Thursday","52","12","24","2026"
"261125","2026-12-25","Friday","52","12","25","2026"
"261126","2026-12-26","Saturday","52","12","26","2026"
"261127","2026-12-27","Sunday","52","12","27","2026"
"261128","2026-12-28","Monday","53","12","28","2026"
"261129","2026-12-29","Tuesday","53","12","29","2026"
"261130","2026-12-30","Wednesday","53","12","30","2026"
"261131","2026-12-31","Thursday","53","12","31","2026"
"270001","2027-01-01","Friday","53","1","1","2027"
"270002","2027-01-02","Saturday","53","1","2","2027"
"270003","2027-01-03","Sunday","53","1","3","2027"
"270004","2027-01-04","Monday","1","1","4","2027"
"270005","2027-01-05","Tuesday","1","1","5","2027"
"270006","2027-01-06","Wednesday","1","1","6","2027"
"270007","2027-01-07","Thursday","1","1","7","2027"
"270008","2027-01-08","Friday","1","1","8","2027"
"270009","2027-01-09","Saturday","1","1","9","2027"
"270010","2027-01-10","Sunday","1","1","10","2027"
"270011","2027-01-11","Monday","2","1","11","2027"
"270012","2027-01-12","Tuesday","2","1","12","2027"
"270013","2027-01-13","Wednesday","2","1","13","2027"
"270014","2027-01-14","Thursday","2","1","14","2027"
"270015","2027-01-15","Friday","2","1","15","2027"
"270016","2027-01-16","Saturday","2","1","16","2027"
"270017","2027-01-17","Sunday","2","1","17","2027"
"270018","2027-01-18","Monday","3","1","18","2027"
"270019","2027-01-19","Tuesday","3","1","19","2027"
"270020","2027-01-20","Wednesday","3","1","20","2027"
"270021","2027-01-21","Thursday","3","1","21","2027"
"270022","2027-01-22","Friday","3","1","22","2027"
"270023","2027-01-23","Saturday","3","1","23","2027"
"270024","2027-01-24","Sunday","3","1","24","2027"
"270025","2027-01-25","Monday","4","1","25","2027"
"270026","2027-01-26","Tuesday","4","1","26","2027"
"270027","2027-01-27","Wednesday","4","1","27","2027"
"270028","2027-01-28","Thursday","4","1","28","2027"
"270029","2027-01-29","Friday","4","1","29","2027"
"270030","2027-01-30","Saturday","4","1","30","2027"
"270031","2027-01-31","Sunday","4","1","31","2027"
"270101","2027-02-01","Monday","5","2","1","2027"
"270102","2027-02-02","Tuesday","5","2","2","2027"
"270103","2027-02-03","Wednesday","5","2","3","2027"
"270104","2027-02-04","Thursday","5","2","4","2027"
"270105","2027-02-05","Friday","5","2","5","2027"
"270106","2027-02-06","Saturday","5","2","6","2027"
"270107","2027-02-07","Sunday","5","2","7","2027"
"270108","2027-02-08","Monday","6","2","8","2027"
"270109","2027-02-09","Tuesday","6","2","9","2027"
"270110","2027-02-10","Wednesday","6","2","10","2027"
"270111","2027-02-11","Thursday","6","2","11","2027"
"270112","2027-02-12","Friday","6","2","12","2027"
"270113","2027-02-13","Saturday","6","2","13","2027"
"270114","2027-02-14","Sunday","6","2","14","2027"
"270115","2027-02-15","Monday","7","2","15","2027"
"270116","2027-02-16","Tuesday","7","2","16","2027"
"270117","2027-02-17","Wednesday","7","2","17","2027"
"270118","2027-02-18","Thursday","7","2","18","2027"
"270119","2027-02-19","Friday","7","2","19","2027"
"270120","2027-02-20","Saturday","7","2","20","2027"
"270121","2027-02-21","Sunday","7","2","21","2027"
"270122","2027-02-22","Monday","8","2","22","2027"
"270123","2027-02-23","Tuesday","8","2","23","2027"
"270124","2027-02-24","Wednesday","8","2","24","2027"
"270125","2027-02-25","Thursday","8","2","25","2027"
"270126","2027-02-26","Friday","8","2","26","2027"
"270127","2027-02-27","Saturday","8","2","27","2027"
"270128","2027-02-28","Sunday","8","2","28","2027"
"270201","2027-03-01","Monday","9","3","1","2027"
"270202","2027-03-02","Tuesday","9","3","2","2027"
"270203","2027-03-03","Wednesday","9","3","3","2027"
"270204","2027-03-04","Thursday","9","3","4","2027"
"270205","2027-03-05","Friday","9","3","5","2027"
"270206","2027-03-06","Saturday","9","3","6","2027"
"270207","2027-03-07","Sunday","9","3","7","2027"
"270208","2027-03-08","Monday","10","3","8","2027"
"270209","2027-03-09","Tuesday","10","3","9","2027"
"270210","2027-03-10","Wednesday","10","3","10","2027"
"270211","2027-03-11","Thursday","10","3","11","2027"
"270212","2027-03-12","Friday","10","3","12","2027"
"270213","2027-03-13","Saturday","10","3","13","2027"
"270214","2027-03-14","Sunday","10","3","14","2027"
"270215","2027-03-15","Monday","11","3","15","2027"
"270216","2027-03-16","Tuesday","11","3","16","2027"
"270217","2027-03-17","Wednesday","11","3","17","2027"
"270218","2027-03-18","Thursday","11","3","18","2027"
"270219","2027-03-19","Friday","11","3","19","2027"
"270220","2027-03-20","Saturday","11","3","20","2027"
"270221","2027-03-21","Sunday","11","3","21","2027"
"270222","2027-03-22","Monday","12","3","22","2027"
"270223","2027-03-23","Tuesday","12","3","23","2027"
"270224","2027-03-24","Wednesday","12","3","24","2027"
"270225","2027-03-25","Thursday","12","3","25","2027"
"270226","2027-03-26","Friday","12","3","26","2027"
"270227","2027-03-27","Saturday","12","3","27","2027"
"270228","2027-03-28","Sunday","12","3","28","2027"
"270229","2027-03-29","Monday","13","3","29","2027"
"270230","2027-03-30","Tuesday","13","3","30","2027"
"270231","2027-03-31","Wednesday","13","3","31","2027"
"270301","2027-04-01","Thursday","13","4","1","2027"
"270302","2027-04-02","Friday","13","4","2","2027"
"270303","2027-04-03","Saturday","13","4","3","2027"
"270304","2027-04-04","Sunday","13","4","4","2027"
"270305","2027-04-05","Monday","14","4","5","2027"
"270306","2027-04-06","Tuesday","14","4","6","2027"
"270307","2027-04-07","Wednesday","14","4","7","2027"
"270308","2027-04-08","Thursday","14","4","8","2027"
"270309","2027-04-09","Friday","14","4","9","2027"
"270310","2027-04-10","Saturday","14","4","10","2027"
"270311","2027-04-11","Sunday","14","4","11","2027"
"270312","2027-04-12","Monday","15","4","12","2027"
"270313","2027-04-13","Tuesday","15","4","13","2027"
"270314","2027-04-14","Wednesday","15","4","14","2027"
"270315","2027-04-15","Thursday","15","4","15","2027"
"270316","2027-04-16","Friday","15","4","16","2027"
"270317","2027-04-17","Saturday","15","4","17","2027"
"270318","2027-04-18","Sunday","15","4","18","2027"
"270319","2027-04-19","Monday","16","4","19","2027"
"270320","2027-04-20","Tuesday","16","4","20","2027"
"270321","2027-04-21","Wednesday","16","4","21","2027"
"270322","2027-04-22","Thursday","16","4","22","2027"
"270323","2027-04-23","Friday","16","4","23","2027"
"270324","2027-04-24","Saturday","16","4","24","2027"
"270325","2027-04-25","Sunday","16","4","25","2027"
"270326","2027-04-26","Monday","17","4","26","2027"
"270327","2027-04-27","Tuesday","17","4","27","2027"
"270328","2027-04-28","Wednesday","17","4","28","2027"
"270329","2027-04-29","Thursday","17","4","29","2027"
"270330","2027-04-30","Friday","17","4","30","2027"
"270401","2027-05-01","Saturday","17","5","1","2027"
"270402","2027-05-02","Sunday","17","5","2","2027"
"270403","2027-05-03","Monday","18","5","3","2027"
"270404","2027-05-04","Tuesday","18","5","4","2027"
"270405","2027-05-05","Wednesday","18","5","5","2027"
"270406","2027-05-06","Thursday","18","5","6","2027"
"270407","2027-05-07","Friday","18","5","7","2027"
"270408","2027-05-08","Saturday","18","5","8","2027"
"270409","2027-05-09","Sunday","18","5","9","2027"
"270410","2027-05-10","Monday","19","5","10","2027"
"270411","2027-05-11","Tuesday","19","5","11","2027"
"270412","2027-05-12","Wednesday","19","5","12","2027"
"270413","2027-05-13","Thursday","19","5","13","2027"
"270414","2027-05-14","Friday","19","5","14","2027"
"270415","2027-05-15","Saturday","19","5","15","2027"
"270416","2027-05-16","Sunday","19","5","16","2027"
"270417","2027-05-17","Monday","20","5","17","2027"
"270418","2027-05-18","Tuesday","20","5","18","2027"
"270419","2027-05-19","Wednesday","20","5","19","2027"
"270420","2027-05-20","Thursday","20","5","20","2027"
"270421","2027-05-21","Friday","20","5","21","2027"
"270422","2027-05-22","Saturday","20","5","22","2027"
"270423","2027-05-23","Sunday","20","5","23","2027"
"270424","2027-05-24","Monday","21","5","24","2027"
"270425","2027-05-25","Tuesday","21","5","25","2027"
"270426","2027-05-26","Wednesday","21","5","26","2027"
"270427","2027-05-27","Thursday","21","5","27","2027"
"270428","2027-05-28","Friday","21","5","28","2027"
"270429","2027-05-29","Saturday","21","5","29","2027"
"270430","2027-05-30","Sunday","21","5","30","2027"
"270431","2027-05-31","Monday","22","5","31","2027"
"270501","2027-06-01","Tuesday","22","6","1","2027"
"270502","2027-06-02","Wednesday","22","6","2","2027"
"270503","2027-06-03","Thursday","22","6","3","2027"
"270504","2027-06-04","Friday","22","6","4","2027"
"270505","2027-06-05","Saturday","22","6","5","2027"
"270506","2027-06-06","Sunday","22","6","6","2027"
"270507","2027-06-07","Monday","23","6","7","2027"
"270508","2027-06-08","Tuesday","23","6","8","2027"
"270509","2027-06-09","Wednesday","23","6","9","2027"
"270510","2027-06-10","Thursday","23","6","10","2027"
"270511","2027-06-11","Friday","23","6","11","2027"
"270512","2027-06-12","Saturday","23","6","12","2027"
"270513","2027-06-13","Sunday","23","6","13","2027"
"270514","2027-06-14","Monday","24","6","14","2027"
"270515","2027-06-15","Tuesday","24","6","15","2027"
"270516","2027-06-16","Wednesday","24","6","16","2027"
"270517","2027-06-17","Thursday","24","6","17","2027"
"270518","2027-06-18","Friday","24","6","18","2027"
"270519","2027-06-19","Saturday","24","6","19","2027"
"270520","2027-06-20","Sunday","24","6","20","2027"
"270521","2027-06-21","Monday","25","6","21","2027"
"270522","2027-06-22","Tuesday","25","6","22","2027"
"270523","2027-06-23","Wednesday","25","6","23","2027"
"270524","2027-06-24","Thursday","25","6","24","2027"
"270525","2027-06-25","Friday","25","6","25","2027"
"270526","2027-06-26","Saturday","25","6","26","2027"
"270527","2027-06-27","Sunday","25","6","27","2027"
"270528","2027-06-28","Monday","26","6","28","2027"
"270529","2027-06-29","Tuesday","26","6","29","2027"
"270530","2027-06-30","Wednesday","26","6","30","2027"
"270601","2027-07-01","Thursday","26","7","1","2027"
"270602","2027-07-02","Friday","26","7","2","2027"
"270603","2027-07-03","Saturday","26","7","3","2027"
"270604","2027-07-04","Sunday","26","7","4","2027"
"270605","2027-07-05","Monday","27","7","5","2027"
"270606","2027-07-06","Tuesday","27","7","6","2027"
"270607","2027-07-07","Wednesday","27","7","7","2027"
"270608","2027-07-08","Thursday","27","7","8","2027"
"270609","2027-07-09","Friday","27","7","9","2027"
"270610","2027-07-10","Saturday","27","7","10","2027"
"270611","2027-07-11","Sunday","27","7","11","2027"
"270612","2027-07-12","Monday","28","7","12","2027"
"270613","2027-07-13","Tuesday","28","7","13","2027"
"270614","2027-07-14","Wednesday","28","7","14","2027"
"270615","2027-07-15","Thursday","28","7","15","2027"
"270616","2027-07-16","Friday","28","7","16","2027"
"270617","2027-07-17","Saturday","28","7","17","2027"
"270618","2027-07-18","Sunday","28","7","18","2027"
"270619","2027-07-19","Monday","29","7","19","2027"
"270620","2027-07-20","Tuesday","29","7","20","2027"
"270621","2027-07-21","Wednesday","29","7","21","2027"
"270622","2027-07-22","Thursday","29","7","22","2027"
"270623","2027-07-23","Friday","29","7","23","2027"
"270624","2027-07-24","Saturday","29","7","24","2027"
"270625","2027-07-25","Sunday","29","7","25","2027"
"270626","2027-07-26","Monday","30","7","26","2027"
"270627","2027-07-27","Tuesday","30","7","27","2027"
"270628","2027-07-28","Wednesday","30","7","28","2027"
"270629","2027-07-29","Thursday","30","7","29","2027"
"270630","2027-07-30","Friday","30","7","30","2027"
"270631","2027-07-31","Saturday","30","7","31","2027"
"270701","2027-08-01","Sunday","30","8","1","2027"
"270702","2027-08-02","Monday","31","8","2","2027"
"270703","2027-08-03","Tuesday","31","8","3","2027"
"270704","2027-08-04","Wednesday","31","8","4","2027"
"270705","2027-08-05","Thursday","31","8","5","2027"
"270706","2027-08-06","Friday","31","8","6","2027"
"270707","2027-08-07","Saturday","31","8","7","2027"
"270708","2027-08-08","Sunday","31","8","8","2027"
"270709","2027-08-09","Monday","32","8","9","2027"
"270710","2027-08-10","Tuesday","32","8","10","2027"
"270711","2027-08-11","Wednesday","32","8","11","2027"
"270712","2027-08-12","Thursday","32","8","12","2027"
"270713","2027-08-13","Friday","32","8","13","2027"
"270714","2027-08-14","Saturday","32","8","14","2027"
"270715","2027-08-15","Sunday","32","8","15","2027"
"270716","2027-08-16","Monday","33","8","16","2027"
"270717","2027-08-17","Tuesday","33","8","17","2027"
"270718","2027-08-18","Wednesday","33","8","18","2027"
"270719","2027-08-19","Thursday","33","8","19","2027"
"270720","2027-08-20","Friday","33","8","20","2027"
"270721","2027-08-21","Saturday","33","8","21","2027"
"270722","2027-08-22","Sunday","33","8","22","2027"
"270723","2027-08-23","Monday","34","8","23","2027"
"270724","2027-08-24","Tuesday","34","8","24","2027"
"270725","2027-08-25","Wednesday","34","8","25","2027"
"270726","2027-08-26","Thursday","34","8","26","2027"
"270727","2027-08-27","Friday","34","8","27","2027"
"270728","2027-08-28","Saturday","34","8","28","2027"
"270729","2027-08-29","Sunday","34","8","29","2027"
"270730","2027-08-30","Monday","35","8","30","2027"
"270731","2027-08-31","Tuesday","35","8","31","2027"
"270801","2027-09-01","Wednesday","35","9","1","2027"
"270802","2027-09-02","Thursday","35","9","2","2027"
"270803","2027-09-03","Friday","35","9","3","2027"
"270804","2027-09-04","Saturday","35","9","4","2027"
"270805","2027-09-05","Sunday","35","9","5","2027"
"270806","2027-09-06","Monday","36","9","6","2027"
"270807","2027-09-07","Tuesday","36","9","7","2027"
"270808","2027-09-08","Wednesday","36","9","8","2027"
"270809","2027-09-09","Thursday","36","9","9","2027"
"270810","2027-09-10","Friday","36","9","10","2027"
"270811","2027-09-11","Saturday","36","9","11","2027"
"270812","2027-09-12","Sunday","36","9","12","2027"
"270813","2027-09-13","Monday","37","9","13","2027"
"270814","2027-09-14","Tuesday","37","9","14","2027"
"270815","2027-09-15","Wednesday","37","9","15","2027"
"270816","2027-09-16","Thursday","37","9","16","2027"
"270817","2027-09-17","Friday","37","9","17","2027"
"270818","2027-09-18","Saturday","37","9","18","2027"
"270819","2027-09-19","Sunday","37","9","19","2027"
"270820","2027-09-20","Monday","38","9","20","2027"
"270821","2027-09-21","Tuesday","38","9","21","2027"
"270822","2027-09-22","Wednesday","38","9","22","2027"
"270823","2027-09-23","Thursday","38","9","23","2027"
"270824","2027-09-24","Friday","38","9","24","2027"
"270825","2027-09-25","Saturday","38","9","25","2027"
"270826","2027-09-26","Sunday","38","9","26","2027"
"270827","2027-09-27","Monday","39","9","27","2027"
"270828","2027-09-28","Tuesday","39","9","28","2027"
"270829","2027-09-29","Wednesday","39","9","29","2027"
"270830","2027-09-30","Thursday","39","9","30","2027"
"270901","2027-10-01","Friday","39","10","1","2027"
"270902","2027-10-02","Saturday","39","10","2","2027"
"270903","2027-10-03","Sunday","39","10","3","2027"
"270904","2027-10-04","Monday","40","10","4","2027"
"270905","2027-10-05","Tuesday","40","10","5","2027"
"270906","2027-10-06","Wednesday","40","10","6","2027"
"270907","2027-10-07","Thursday","40","10","7","2027"
"270908","2027-10-08","Friday","40","10","8","2027"
"270909","2027-10-09","Saturday","40","10","9","2027"
"270910","2027-10-10","Sunday","40","10","10","2027"
"270911","2027-10-11","Monday","41","10","11","2027"
"270912","2027-10-12","Tuesday","41","10","12","2027"
"270913","2027-10-13","Wednesday","41","10","13","2027"
"270914","2027-10-14","Thursday","41","10","14","2027"
"270915","2027-10-15","Friday","41","10","15","2027"
"270916","2027-10-16","Saturday","41","10","16","2027"
"270917","2027-10-17","Sunday","41","10","17","2027"
"270918","2027-10-18","Monday","42","10","18","2027"
"270919","2027-10-19","Tuesday","42","10","19","2027"
"270920","2027-10-20","Wednesday","42","10","20","2027"
"270921","2027-10-21","Thursday","42","10","21","2027"
"270922","2027-10-22","Friday","42","10","22","2027"
"270923","2027-10-23","Saturday","42","10","23","2027"
"270924","2027-10-24","Sunday","42","10","24","2027"
"270925","2027-10-25","Monday","43","10","25","2027"
"270926","2027-10-26","Tuesday","43","10","26","2027"
"270927","2027-10-27","Wednesday","43","10","27","2027"
"270928","2027-10-28","Thursday","43","10","28","2027"
"270929","2027-10-29","Friday","43","10","29","2027"
"270930","2027-10-30","Saturday","43","10","30","2027"
"270931","2027-10-31","Sunday","43","10","31","2027"
"271001","2027-11-01","Monday","44","11","1","2027"
"271002","2027-11-02","Tuesday","44","11","2","2027"
"271003","2027-11-03","Wednesday","44","11","3","2027"
"271004","2027-11-04","Thursday","44","11","4","2027"
"271005","2027-11-05","Friday","44","11","5","2027"
"271006","2027-11-06","Saturday","44","11","6","2027"
"271007","2027-11-07","Sunday","44","11","7","2027"
"271008","2027-11-08","Monday","45","11","8","2027"
"271009","2027-11-09","Tuesday","45","11","9","2027"
"271010","2027-11-10","Wednesday","45","11","10","2027"
"271011","2027-11-11","Thursday","45","11","11","2027"
"271012","2027-11-12","Friday","45","11","12","2027"
"271013","2027-11-13","Saturday","45","11","13","2027"
"271014","2027-11-14","Sunday","45","11","14","2027"
"271015","2027-11-15","Monday","46","11","15","2027"
"271016","2027-11-16","Tuesday","46","11","16","2027"
"271017","2027-11-17","Wednesday","46","11","17","2027"
"271018","2027-11-18","Thursday","46","11","18","2027"
"271019","2027-11-19","Friday","46","11","19","2027"
"271020","2027-11-20","Saturday","46","11","20","2027"
"271021","2027-11-21","Sunday","46","11","21","2027"
"271022","2027-11-22","Monday","47","11","22","2027"
"271023","2027-11-23","Tuesday","47","11","23","2027"
"271024","2027-11-24","Wednesday","47","11","24","2027"
"271025","2027-11-25","Thursday","47","11","25","2027"
"271026","2027-11-26","Friday","47","11","26","2027"
"271027","2027-11-27","Saturday","47","11","27","2027"
"271028","2027-11-28","Sunday","47","11","28","2027"
"271029","2027-11-29","Monday","48","11","29","2027"
"271030","2027-11-30","Tuesday","48","11","30","2027"
"271101","2027-12-01","Wednesday","48","12","1","2027"
"271102","2027-12-02","Thursday","48","12","2","2027"
"271103","2027-12-03","Friday","48","12","3","2027"
"271104","2027-12-04","Saturday","48","12","4","2027"
"271105","2027-12-05","Sunday","48","12","5","2027"
"271106","2027-12-06","Monday","49","12","6","2027"
"271107","2027-12-07","Tuesday","49","12","7","2027"
"271108","2027-12-08","Wednesday","49","12","8","2027"
"271109","2027-12-09","Thursday","49","12","9","2027"
"271110","2027-12-10","Friday","49","12","10","2027"
"271111","2027-12-11","Saturday","49","12","11","2027"
"271112","2027-12-12","Sunday","49","12","12","2027"
"271113","2027-12-13","Monday","50","12","13","2027"
"271114","2027-12-14","Tuesday","50","12","14","2027"
"271115","2027-12-15","Wednesday","50","12","15","2027"
"271116","2027-12-16","Thursday","50","12","16","2027"
"271117","2027-12-17","Friday","50","12","17","2027"
"271118","2027-12-18","Saturday","50","12","18","2027"
"271119","2027-12-19","Sunday","50","12","19","2027"
"271120","2027-12-20","Monday","51","12","20","2027"
"271121","2027-12-21","Tuesday","51","12","21","2027"
"271122","2027-12-22","Wednesday","51","12","22","2027"
"271123","2027-12-23","Thursday","51","12","23","2027"
"271124","2027-12-24","Friday","51","12","24","2027"
"271125","2027-12-25","Saturday","51","12","25","2027"
"271126","2027-12-26","Sunday","51","12","26","2027"
"271127","2027-12-27","Monday","52","12","27","2027"
"271128","2027-12-28","Tuesday","52","12","28","2027"
"271129","2027-12-29","Wednesday","52","12","29","2027"
"271130","2027-12-30","Thursday","52","12","30","2027"
"271131","2027-12-31","Friday","52","12","31","2027"
"280001","2028-01-01","Saturday","52","1","1","2028"
"280002","2028-01-02","Sunday","52","1","2","2028"
"280003","2028-01-03","Monday","1","1","3","2028"
"280004","2028-01-04","Tuesday","1","1","4","2028"
"280005","2028-01-05","Wednesday","1","1","5","2028"
"280006","2028-01-06","Thursday","1","1","6","2028"
"280007","2028-01-07","Friday","1","1","7","2028"
"280008","2028-01-08","Saturday","1","1","8","2028"
"280009","2028-01-09","Sunday","1","1","9","2028"
"280010","2028-01-10","Monday","2","1","10","2028"
"280011","2028-01-11","Tuesday","2","1","11","2028"
"280012","2028-01-12","Wednesday","2","1","12","2028"
"280013","2028-01-13","Thursday","2","1","13","2028"
"280014","2028-01-14","Friday","2","1","14","2028"
"280015","2028-01-15","Saturday","2","1","15","2028"
"280016","2028-01-16","Sunday","2","1","16","2028"
"280017","2028-01-17","Monday","3","1","17","2028"
"280018","2028-01-18","Tuesday","3","1","18","2028"
"280019","2028-01-19","Wednesday","3","1","19","2028"
"280020","2028-01-20","Thursday","3","1","20","2028"
"280021","2028-01-21","Friday","3","1","21","2028"
"280022","2028-01-22","Saturday","3","1","22","2028"
"280023","2028-01-23","Sunday","3","1","23","2028"
"280024","2028-01-24","Monday","4","1","24","2028"
"280025","2028-01-25","Tuesday","4","1","25","2028"
"280026","2028-01-26","Wednesday","4","1","26","2028"
"280027","2028-01-27","Thursday","4","1","27","2028"
"280028","2028-01-28","Friday","4","1","28","2028"
"280029","2028-01-29","Saturday","4","1","29","2028"
"280030","2028-01-30","Sunday","4","1","30","2028"
"280031","2028-01-31","Monday","5","1","31","2028"
"280101","2028-02-01","Tuesday","5","2","1","2028"
"280102","2028-02-02","Wednesday","5","2","2","2028"
"280103","2028-02-03","Thursday","5","2","3","2028"
"280104","2028-02-04","Friday","5","2","4","2028"
"280105","2028-02-05","Saturday","5","2","5","2028"
"280106","2028-02-06","Sunday","5","2","6","2028"
"280107","2028-02-07","Monday","6","2","7","2028"
"280108","2028-02-08","Tuesday","6","2","8","2028"
"280109","2028-02-09","Wednesday","6","2","9","2028"
"280110","2028-02-10","Thursday","6","2","10","2028"
"280111","2028-02-11","Friday","6","2","11","2028"
"280112","2028-02-12","Saturday","6","2","12","2028"
"280113","2028-02-13","Sunday","6","2","13","2028"
"280114","2028-02-14","Monday","7","2","14","2028"
"280115","2028-02-15","Tuesday","7","2","15","2028"
"280116","2028-02-16","Wednesday","7","2","16","2028"
"280117","2028-02-17","Thursday","7","2","17","2028"
"280118","2028-02-18","Friday","7","2","18","2028"
"280119","2028-02-19","Saturday","7","2","19","2028"
"280120","2028-02-20","Sunday","7","2","20","2028"
"280121","2028-02-21","Monday","8","2","21","2028"
"280122","2028-02-22","Tuesday","8","2","22","2028"
"280123","2028-02-23","Wednesday","8","2","23","2028"
"280124","2028-02-24","Thursday","8","2","24","2028"
"280125","2028-02-25","Friday","8","2","25","2028"
"280126","2028-02-26","Saturday","8","2","26","2028"
"280127","2028-02-27","Sunday","8","2","27","2028"
"280128","2028-02-28","Monday","9","2","28","2028"
"280129","2028-02-29","Tuesday","9","2","29","2028"
"280201","2028-03-01","Wednesday","9","3","1","2028"
"280202","2028-03-02","Thursday","9","3","2","2028"
"280203","2028-03-03","Friday","9","3","3","2028"
"280204","2028-03-04","Saturday","9","3","4","2028"
"280205","2028-03-05","Sunday","9","3","5","2028"
"280206","2028-03-06","Monday","10","3","6","2028"
"280207","2028-03-07","Tuesday","10","3","7","2028"
"280208","2028-03-08","Wednesday","10","3","8","2028"
"280209","2028-03-09","Thursday","10","3","9","2028"
"280210","2028-03-10","Friday","10","3","10","2028"
"280211","2028-03-11","Saturday","10","3","11","2028"
"280212","2028-03-12","Sunday","10","3","12","2028"
"280213","2028-03-13","Monday","11","3","13","2028"
"280214","2028-03-14","Tuesday","11","3","14","2028"
"280215","2028-03-15","Wednesday","11","3","15","2028"
"280216","2028-03-16","Thursday","11","3","16","2028"
"280217","2028-03-17","Friday","11","3","17","2028"
"280218","2028-03-18","Saturday","11","3","18","2028"
"280219","2028-03-19","Sunday","11","3","19","2028"
"280220","2028-03-20","Monday","12","3","20","2028"
"280221","2028-03-21","Tuesday","12","3","21","2028"
"280222","2028-03-22","Wednesday","12","3","22","2028"
"280223","2028-03-23","Thursday","12","3","23","2028"
"280224","2028-03-24","Friday","12","3","24","2028"
"280225","2028-03-25","Saturday","12","3","25","2028"
"280226","2028-03-26","Sunday","12","3","26","2028"
"280227","2028-03-27","Monday","13","3","27","2028"
"280228","2028-03-28","Tuesday","13","3","28","2028"
"280229","2028-03-29","Wednesday","13","3","29","2028"
"280230","2028-03-30","Thursday","13","3","30","2028"
"280231","2028-03-31","Friday","13","3","31","2028"
"280301","2028-04-01","Saturday","13","4","1","2028"
"280302","2028-04-02","Sunday","13","4","2","2028"
"280303","2028-04-03","Monday","14","4","3","2028"
"280304","2028-04-04","Tuesday","14","4","4","2028"
"280305","2028-04-05","Wednesday","14","4","5","2028"
"280306","2028-04-06","Thursday","14","4","6","2028"
"280307","2028-04-07","Friday","14","4","7","2028"
"280308","2028-04-08","Saturday","14","4","8","2028"
"280309","2028-04-09","Sunday","14","4","9","2028"
"280310","2028-04-10","Monday","15","4","10","2028"
"280311","2028-04-11","Tuesday","15","4","11","2028"
"280312","2028-04-12","Wednesday","15","4","12","2028"
"280313","2028-04-13","Thursday","15","4","13","2028"
"280314","2028-04-14","Friday","15","4","14","2028"
"280315","2028-04-15","Saturday","15","4","15","2028"
"280316","2028-04-16","Sunday","15","4","16","2028"
"280317","2028-04-17","Monday","16","4","17","2028"
"280318","2028-04-18","Tuesday","16","4","18","2028"
"280319","2028-04-19","Wednesday","16","4","19","2028"
"280320","2028-04-20","Thursday","16","4","20","2028"
"280321","2028-04-21","Friday","16","4","21","2028"
"280322","2028-04-22","Saturday","16","4","22","2028"
"280323","2028-04-23","Sunday","16","4","23","2028"
"280324","2028-04-24","Monday","17","4","24","2028"
"280325","2028-04-25","Tuesday","17","4","25","2028"
"280326","2028-04-26","Wednesday","17","4","26","2028"
"280327","2028-04-27","Thursday","17","4","27","2028"
"280328","2028-04-28","Friday","17","4","28","2028"
"280329","2028-04-29","Saturday","17","4","29","2028"
"280330","2028-04-30","Sunday","17","4","30","2028"
"280401","2028-05-01","Monday","18","5","1","2028"
"280402","2028-05-02","Tuesday","18","5","2","2028"
"280403","2028-05-03","Wednesday","18","5","3","2028"
"280404","2028-05-04","Thursday","18","5","4","2028"
"280405","2028-05-05","Friday","18","5","5","2028"
"280406","2028-05-06","Saturday","18","5","6","2028"
"280407","2028-05-07","Sunday","18","5","7","2028"
"280408","2028-05-08","Monday","19","5","8","2028"
"280409","2028-05-09","Tuesday","19","5","9","2028"
"280410","2028-05-10","Wednesday","19","5","10","2028"
"280411","2028-05-11","Thursday","19","5","11","2028"
"280412","2028-05-12","Friday","19","5","12","2028"
"280413","2028-05-13","Saturday","19","5","13","2028"
"280414","2028-05-14","Sunday","19","5","14","2028"
"280415","2028-05-15","Monday","20","5","15","2028"
"280416","2028-05-16","Tuesday","20","5","16","2028"
"280417","2028-05-17","Wednesday","20","5","17","2028"
"280418","2028-05-18","Thursday","20","5","18","2028"
"280419","2028-05-19","Friday","20","5","19","2028"
"280420","2028-05-20","Saturday","20","5","20","2028"
"280421","2028-05-21","Sunday","20","5","21","2028"
"280422","2028-05-22","Monday","21","5","22","2028"
"280423","2028-05-23","Tuesday","21","5","23","2028"
"280424","2028-05-24","Wednesday","21","5","24","2028"
"280425","2028-05-25","Thursday","21","5","25","2028"
"280426","2028-05-26","Friday","21","5","26","2028"
"280427","2028-05-27","Saturday","21","5","27","2028"
"280428","2028-05-28","Sunday","21","5","28","2028"
"280429","2028-05-29","Monday","22","5","29","2028"
"280430","2028-05-30","Tuesday","22","5","30","2028"
"280431","2028-05-31","Wednesday","22","5","31","2028"
"280501","2028-06-01","Thursday","22","6","1","2028"
"280502","2028-06-02","Friday","22","6","2","2028"
"280503","2028-06-03","Saturday","22","6","3","2028"
"280504","2028-06-04","Sunday","22","6","4","2028"
"280505","2028-06-05","Monday","23","6","5","2028"
"280506","2028-06-06","Tuesday","23","6","6","2028"
"280507","2028-06-07","Wednesday","23","6","7","2028"
"280508","2028-06-08","Thursday","23","6","8","2028"
"280509","2028-06-09","Friday","23","6","9","2028"
"280510","2028-06-10","Saturday","23","6","10","2028"
"280511","2028-06-11","Sunday","23","6","11","2028"
"280512","2028-06-12","Monday","24","6","12","2028"
"280513","2028-06-13","Tuesday","24","6","13","2028"
"280514","2028-06-14","Wednesday","24","6","14","2028"
"280515","2028-06-15","Thursday","24","6","15","2028"
"280516","2028-06-16","Friday","24","6","16","2028"
"280517","2028-06-17","Saturday","24","6","17","2028"
"280518","2028-06-18","Sunday","24","6","18","2028"
"280519","2028-06-19","Monday","25","6","19","2028"
"280520","2028-06-20","Tuesday","25","6","20","2028"
"280521","2028-06-21","Wednesday","25","6","21","2028"
"280522","2028-06-22","Thursday","25","6","22","2028"
"280523","2028-06-23","Friday","25","6","23","2028"
"280524","2028-06-24","Saturday","25","6","24","2028"
"280525","2028-06-25","Sunday","25","6","25","2028"
"280526","2028-06-26","Monday","26","6","26","2028"
"280527","2028-06-27","Tuesday","26","6","27","2028"
"280528","2028-06-28","Wednesday","26","6","28","2028"
"280529","2028-06-29","Thursday","26","6","29","2028"
"280530","2028-06-30","Friday","26","6","30","2028"
"280601","2028-07-01","Saturday","26","7","1","2028"
"280602","2028-07-02","Sunday","26","7","2","2028"
"280603","2028-07-03","Monday","27","7","3","2028"
"280604","2028-07-04","Tuesday","27","7","4","2028"
"280605","2028-07-05","Wednesday","27","7","5","2028"
"280606","2028-07-06","Thursday","27","7","6","2028"
"280607","2028-07-07","Friday","27","7","7","2028"
"280608","2028-07-08","Saturday","27","7","8","2028"
"280609","2028-07-09","Sunday","27","7","9","2028"
"280610","2028-07-10","Monday","28","7","10","2028"
"280611","2028-07-11","Tuesday","28","7","11","2028"
"280612","2028-07-12","Wednesday","28","7","12","2028"
"280613","2028-07-13","Thursday","28","7","13","2028"
"280614","2028-07-14","Friday","28","7","14","2028"
"280615","2028-07-15","Saturday","28","7","15","2028"
"280616","2028-07-16","Sunday","28","7","16","2028"
"280617","2028-07-17","Monday","29","7","17","2028"
"280618","2028-07-18","Tuesday","29","7","18","2028"
"280619","2028-07-19","Wednesday","29","7","19","2028"
"280620","2028-07-20","Thursday","29","7","20","2028"
"280621","2028-07-21","Friday","29","7","21","2028"
"280622","2028-07-22","Saturday","29","7","22","2028"
"280623","2028-07-23","Sunday","29","7","23","2028"
"280624","2028-07-24","Monday","30","7","24","2028"
"280625","2028-07-25","Tuesday","30","7","25","2028"
"280626","2028-07-26","Wednesday","30","7","26","2028"
"280627","2028-07-27","Thursday","30","7","27","2028"
"280628","2028-07-28","Friday","30","7","28","2028"
"280629","2028-07-29","Saturday","30","7","29","2028"
"280630","2028-07-30","Sunday","30","7","30","2028"
"280631","2028-07-31","Monday","31","7","31","2028"
"280701","2028-08-01","Tuesday","31","8","1","2028"
"280702","2028-08-02","Wednesday","31","8","2","2028"
"280703","2028-08-03","Thursday","31","8","3","2028"
"280704","2028-08-04","Friday","31","8","4","2028"
"280705","2028-08-05","Saturday","31","8","5","2028"
"280706","2028-08-06","Sunday","31","8","6","2028"
"280707","2028-08-07","Monday","32","8","7","2028"
"280708","2028-08-08","Tuesday","32","8","8","2028"
"280709","2028-08-09","Wednesday","32","8","9","2028"
"280710","2028-08-10","Thursday","32","8","10","2028"
"280711","2028-08-11","Friday","32","8","11","2028"
"280712","2028-08-12","Saturday","32","8","12","2028"
"280713","2028-08-13","Sunday","32","8","13","2028"
"280714","2028-08-14","Monday","33","8","14","2028"
"280715","2028-08-15","Tuesday","33","8","15","2028"
"280716","2028-08-16","Wednesday","33","8","16","2028"
"280717","2028-08-17","Thursday","33","8","17","2028"
"280718","2028-08-18","Friday","33","8","18","2028"
"280719","2028-08-19","Saturday","33","8","19","2028"
"280720","2028-08-20","Sunday","33","8","20","2028"
"280721","2028-08-21","Monday","34","8","21","2028"
"280722","2028-08-22","Tuesday","34","8","22","2028"
"280723","2028-08-23","Wednesday","34","8","23","2028"
"280724","2028-08-24","Thursday","34","8","24","2028"
"280725","2028-08-25","Friday","34","8","25","2028"
"280726","2028-08-26","Saturday","34","8","26","2028"
"280727","2028-08-27","Sunday","34","8","27","2028"
"280728","2028-08-28","Monday","35","8","28","2028"
"280729","2028-08-29","Tuesday","35","8","29","2028"
"280730","2028-08-30","Wednesday","35","8","30","2028"
"280731","2028-08-31","Thursday","35","8","31","2028"
"280801","2028-09-01","Friday","35","9","1","2028"
"280802","2028-09-02","Saturday","35","9","2","2028"
"280803","2028-09-03","Sunday","35","9","3","2028"
"280804","2028-09-04","Monday","36","9","4","2028"
"280805","2028-09-05","Tuesday","36","9","5","2028"
"280806","2028-09-06","Wednesday","36","9","6","2028"
"280807","2028-09-07","Thursday","36","9","7","2028"
"280808","2028-09-08","Friday","36","9","8","2028"
"280809","2028-09-09","Saturday","36","9","9","2028"
"280810","2028-09-10","Sunday","36","9","10","2028"
"280811","2028-09-11","Monday","37","9","11","2028"
"280812","2028-09-12","Tuesday","37","9","12","2028"
"280813","2028-09-13","Wednesday","37","9","13","2028"
"280814","2028-09-14","Thursday","37","9","14","2028"
"280815","2028-09-15","Friday","37","9","15","2028"
"280816","2028-09-16","Saturday","37","9","16","2028"
"280817","2028-09-17","Sunday","37","9","17","2028"
"280818","2028-09-18","Monday","38","9","18","2028"
"280819","2028-09-19","Tuesday","38","9","19","2028"
"280820","2028-09-20","Wednesday","38","9","20","2028"
"280821","2028-09-21","Thursday","38","9","21","2028"
"280822","2028-09-22","Friday","38","9","22","2028"
"280823","2028-09-23","Saturday","38","9","23","2028"
"280824","2028-09-24","Sunday","38","9","24","2028"
"280825","2028-09-25","Monday","39","9","25","2028"
"280826","2028-09-26","Tuesday","39","9","26","2028"
"280827","2028-09-27","Wednesday","39","9","27","2028"
"280828","2028-09-28","Thursday","39","9","28","2028"
"280829","2028-09-29","Friday","39","9","29","2028"
"280830","2028-09-30","Saturday","39","9","30","2028"
"280901","2028-10-01","Sunday","39","10","1","2028"
"280902","2028-10-02","Monday","40","10","2","2028"
"280903","2028-10-03","Tuesday","40","10","3","2028"
"280904","2028-10-04","Wednesday","40","10","4","2028"
"280905","2028-10-05","Thursday","40","10","5","2028"
"280906","2028-10-06","Friday","40","10","6","2028"
"280907","2028-10-07","Saturday","40","10","7","2028"
"280908","2028-10-08","Sunday","40","10","8","2028"
"280909","2028-10-09","Monday","41","10","9","2028"
"280910","2028-10-10","Tuesday","41","10","10","2028"
"280911","2028-10-11","Wednesday","41","10","11","2028"
"280912","2028-10-12","Thursday","41","10","12","2028"
"280913","2028-10-13","Friday","41","10","13","2028"
"280914","2028-10-14","Saturday","41","10","14","2028"
"280915","2028-10-15","Sunday","41","10","15","2028"
"280916","2028-10-16","Monday","42","10","16","2028"
"280917","2028-10-17","Tuesday","42","10","17","2028"
"280918","2028-10-18","Wednesday","42","10","18","2028"
"280919","2028-10-19","Thursday","42","10","19","2028"
"280920","2028-10-20","Friday","42","10","20","2028"
"280921","2028-10-21","Saturday","42","10","21","2028"
"280922","2028-10-22","Sunday","42","10","22","2028"
"280923","2028-10-23","Monday","43","10","23","2028"
"280924","2028-10-24","Tuesday","43","10","24","2028"
"280925","2028-10-25","Wednesday","43","10","25","2028"
"280926","2028-10-26","Thursday","43","10","26","2028"
"280927","2028-10-27","Friday","43","10","27","2028"
"280928","2028-10-28","Saturday","43","10","28","2028"
"280929","2028-10-29","Sunday","43","10","29","2028"
"280930","2028-10-30","Monday","44","10","30","2028"
"280931","2028-10-31","Tuesday","44","10","31","2028"
"281001","2028-11-01","Wednesday","44","11","1","2028"
"281002","2028-11-02","Thursday","44","11","2","2028"
"281003","2028-11-03","Friday","44","11","3","2028"
"281004","2028-11-04","Saturday","44","11","4","2028"
"281005","2028-11-05","Sunday","44","11","5","2028"
"281006","2028-11-06","Monday","45","11","6","2028"
"281007","2028-11-07","Tuesday","45","11","7","2028"
"281008","2028-11-08","Wednesday","45","11","8","2028"
"281009","2028-11-09","Thursday","45","11","9","2028"
"281010","2028-11-10","Friday","45","11","10","2028"
"281011","2028-11-11","Saturday","45","11","11","2028"
"281012","2028-11-12","Sunday","45","11","12","2028"
"281013","2028-11-13","Monday","46","11","13","2028"
"281014","2028-11-14","Tuesday","46","11","14","2028"
"281015","2028-11-15","Wednesday","46","11","15","2028"
"281016","2028-11-16","Thursday","46","11","16","2028"
"281017","2028-11-17","Friday","46","11","17","2028"
"281018","2028-11-18","Saturday","46","11","18","2028"
"281019","2028-11-19","Sunday","46","11","19","2028"
"281020","2028-11-20","Monday","47","11","20","2028"
"281021","2028-11-21","Tuesday","47","11","21","2028"
"281022","2028-11-22","Wednesday","47","11","22","2028"
"281023","2028-11-23","Thursday","47","11","23","2028"
"281024","2028-11-24","Friday","47","11","24","2028"
"281025","2028-11-25","Saturday","47","11","25","2028"
"281026","2028-11-26","Sunday","47","11","26","2028"
"281027","2028-11-27","Monday","48","11","27","2028"
"281028","2028-11-28","Tuesday","48","11","28","2028"
"281029","2028-11-29","Wednesday","48","11","29","2028"
"281030","2028-11-30","Thursday","48","11","30","2028"
"281101","2028-12-01","Friday","48","12","1","2028"
"281102","2028-12-02","Saturday","48","12","2","2028"
"281103","2028-12-03","Sunday","48","12","3","2028"
"281104","2028-12-04","Monday","49","12","4","2028"
"281105","2028-12-05","Tuesday","49","12","5","2028"
"281106","2028-12-06","Wednesday","49","12","6","2028"
"281107","2028-12-07","Thursday","49","12","7","2028"
"281108","2028-12-08","Friday","49","12","8","2028"
"281109","2028-12-09","Saturday","49","12","9","2028"
"281110","2028-12-10","Sunday","49","12","10","2028"
"281111","2028-12-11","Monday","50","12","11","2028"
"281112","2028-12-12","Tuesday","50","12","12","2028"
"281113","2028-12-13","Wednesday","50","12","13","2028"
"281114","2028-12-14","Thursday","50","12","14","2028"
"281115","2028-12-15","Friday","50","12","15","2028"
"281116","2028-12-16","Saturday","50","12","16","2028"
"281117","2028-12-17","Sunday","50","12","17","2028"
"281118","2028-12-18","Monday","51","12","18","2028"
"281119","2028-12-19","Tuesday","51","12","19","2028"
"281120","2028-12-20","Wednesday","51","12","20","2028"
"281121","2028-12-21","Thursday","51","12","21","2028"
"281122","2028-12-22","Friday","51","12","22","2028"
"281123","2028-12-23","Saturday","51","12","23","2028"
"281124","2028-12-24","Sunday","51","12","24","2028"
"281125","2028-12-25","Monday","52","12","25","2028"
"281126","2028-12-26","Tuesday","52","12","26","2028"
"281127","2028-12-27","Wednesday","52","12","27","2028"
"281128","2028-12-28","Thursday","52","12","28","2028"
"281129","2028-12-29","Friday","52","12","29","2028"
"281130","2028-12-30","Saturday","52","12","30","2028"
"281131","2028-12-31","Sunday","52","12","31","2028"
"290001","2029-01-01","Monday","1","1","1","2029"
"290002","2029-01-02","Tuesday","1","1","2","2029"
"290003","2029-01-03","Wednesday","1","1","3","2029"
"290004","2029-01-04","Thursday","1","1","4","2029"
"290005","2029-01-05","Friday","1","1","5","2029"
"290006","2029-01-06","Saturday","1","1","6","2029"
"290007","2029-01-07","Sunday","1","1","7","2029"
"290008","2029-01-08","Monday","2","1","8","2029"
"290009","2029-01-09","Tuesday","2","1","9","2029"
"290010","2029-01-10","Wednesday","2","1","10","2029"
"290011","2029-01-11","Thursday","2","1","11","2029"
"290012","2029-01-12","Friday","2","1","12","2029"
"290013","2029-01-13","Saturday","2","1","13","2029"
"290014","2029-01-14","Sunday","2","1","14","2029"
"290015","2029-01-15","Monday","3","1","15","2029"
"290016","2029-01-16","Tuesday","3","1","16","2029"
"290017","2029-01-17","Wednesday","3","1","17","2029"
"290018","2029-01-18","Thursday","3","1","18","2029"
"290019","2029-01-19","Friday","3","1","19","2029"
"290020","2029-01-20","Saturday","3","1","20","2029"
"290021","2029-01-21","Sunday","3","1","21","2029"
"290022","2029-01-22","Monday","4","1","22","2029"
"290023","2029-01-23","Tuesday","4","1","23","2029"
"290024","2029-01-24","Wednesday","4","1","24","2029"
"290025","2029-01-25","Thursday","4","1","25","2029"
"290026","2029-01-26","Friday","4","1","26","2029"
"290027","2029-01-27","Saturday","4","1","27","2029"
"290028","2029-01-28","Sunday","4","1","28","2029"
"290029","2029-01-29","Monday","5","1","29","2029"
"290030","2029-01-30","Tuesday","5","1","30","2029"
"290031","2029-01-31","Wednesday","5","1","31","2029"
"290101","2029-02-01","Thursday","5","2","1","2029"
"290102","2029-02-02","Friday","5","2","2","2029"
"290103","2029-02-03","Saturday","5","2","3","2029"
"290104","2029-02-04","Sunday","5","2","4","2029"
"290105","2029-02-05","Monday","6","2","5","2029"
"290106","2029-02-06","Tuesday","6","2","6","2029"
"290107","2029-02-07","Wednesday","6","2","7","2029"
"290108","2029-02-08","Thursday","6","2","8","2029"
"290109","2029-02-09","Friday","6","2","9","2029"
"290110","2029-02-10","Saturday","6","2","10","2029"
"290111","2029-02-11","Sunday","6","2","11","2029"
"290112","2029-02-12","Monday","7","2","12","2029"
"290113","2029-02-13","Tuesday","7","2","13","2029"
"290114","2029-02-14","Wednesday","7","2","14","2029"
"290115","2029-02-15","Thursday","7","2","15","2029"
"290116","2029-02-16","Friday","7","2","16","2029"
"290117","2029-02-17","Saturday","7","2","17","2029"
"290118","2029-02-18","Sunday","7","2","18","2029"
"290119","2029-02-19","Monday","8","2","19","2029"
"290120","2029-02-20","Tuesday","8","2","20","2029"
"290121","2029-02-21","Wednesday","8","2","21","2029"
"290122","2029-02-22","Thursday","8","2","22","2029"
"290123","2029-02-23","Friday","8","2","23","2029"
"290124","2029-02-24","Saturday","8","2","24","2029"
"290125","2029-02-25","Sunday","8","2","25","2029"
"290126","2029-02-26","Monday","9","2","26","2029"
"290127","2029-02-27","Tuesday","9","2","27","2029"
"290128","2029-02-28","Wednesday","9","2","28","2029"
"290201","2029-03-01","Thursday","9","3","1","2029"
"290202","2029-03-02","Friday","9","3","2","2029"
"290203","2029-03-03","Saturday","9","3","3","2029"
"290204","2029-03-04","Sunday","9","3","4","2029"
"290205","2029-03-05","Monday","10","3","5","2029"
"290206","2029-03-06","Tuesday","10","3","6","2029"
"290207","2029-03-07","Wednesday","10","3","7","2029"
"290208","2029-03-08","Thursday","10","3","8","2029"
"290209","2029-03-09","Friday","10","3","9","2029"
"290210","2029-03-10","Saturday","10","3","10","2029"
"290211","2029-03-11","Sunday","10","3","11","2029"
"290212","2029-03-12","Monday","11","3","12","2029"
"290213","2029-03-13","Tuesday","11","3","13","2029"
"290214","2029-03-14","Wednesday","11","3","14","2029"
"290215","2029-03-15","Thursday","11","3","15","2029"
"290216","2029-03-16","Friday","11","3","16","2029"
"290217","2029-03-17","Saturday","11","3","17","2029"
"290218","2029-03-18","Sunday","11","3","18","2029"
"290219","2029-03-19","Monday","12","3","19","2029"
"290220","2029-03-20","Tuesday","12","3","20","2029"
"290221","2029-03-21","Wednesday","12","3","21","2029"
"290222","2029-03-22","Thursday","12","3","22","2029"
"290223","2029-03-23","Friday","12","3","23","2029"
"290224","2029-03-24","Saturday","12","3","24","2029"
"290225","2029-03-25","Sunday","12","3","25","2029"
"290226","2029-03-26","Monday","13","3","26","2029"
"290227","2029-03-27","Tuesday","13","3","27","2029"
"290228","2029-03-28","Wednesday","13","3","28","2029"
"290229","2029-03-29","Thursday","13","3","29","2029"
"290230","2029-03-30","Friday","13","3","30","2029"
"290231","2029-03-31","Saturday","13","3","31","2029"
"290301","2029-04-01","Sunday","13","4","1","2029"
"290302","2029-04-02","Monday","14","4","2","2029"
"290303","2029-04-03","Tuesday","14","4","3","2029"
"290304","2029-04-04","Wednesday","14","4","4","2029"
"290305","2029-04-05","Thursday","14","4","5","2029"
"290306","2029-04-06","Friday","14","4","6","2029"
"290307","2029-04-07","Saturday","14","4","7","2029"
"290308","2029-04-08","Sunday","14","4","8","2029"
"290309","2029-04-09","Monday","15","4","9","2029"
"290310","2029-04-10","Tuesday","15","4","10","2029"
"290311","2029-04-11","Wednesday","15","4","11","2029"
"290312","2029-04-12","Thursday","15","4","12","2029"
"290313","2029-04-13","Friday","15","4","13","2029"
"290314","2029-04-14","Saturday","15","4","14","2029"
"290315","2029-04-15","Sunday","15","4","15","2029"
"290316","2029-04-16","Monday","16","4","16","2029"
"290317","2029-04-17","Tuesday","16","4","17","2029"
"290318","2029-04-18","Wednesday","16","4","18","2029"
"290319","2029-04-19","Thursday","16","4","19","2029"
"290320","2029-04-20","Friday","16","4","20","2029"
"290321","2029-04-21","Saturday","16","4","21","2029"
"290322","2029-04-22","Sunday","16","4","22","2029"
"290323","2029-04-23","Monday","17","4","23","2029"
"290324","2029-04-24","Tuesday","17","4","24","2029"
"290325","2029-04-25","Wednesday","17","4","25","2029"
"290326","2029-04-26","Thursday","17","4","26","2029"
"290327","2029-04-27","Friday","17","4","27","2029"
"290328","2029-04-28","Saturday","17","4","28","2029"
"290329","2029-04-29","Sunday","17","4","29","2029"
"290330","2029-04-30","Monday","18","4","30","2029"
"290401","2029-05-01","Tuesday","18","5","1","2029"
"290402","2029-05-02","Wednesday","18","5","2","2029"
"290403","2029-05-03","Thursday","18","5","3","2029"
"290404","2029-05-04","Friday","18","5","4","2029"
"290405","2029-05-05","Saturday","18","5","5","2029"
"290406","2029-05-06","Sunday","18","5","6","2029"
"290407","2029-05-07","Monday","19","5","7","2029"
"290408","2029-05-08","Tuesday","19","5","8","2029"
"290409","2029-05-09","Wednesday","19","5","9","2029"
"290410","2029-05-10","Thursday","19","5","10","2029"
"290411","2029-05-11","Friday","19","5","11","2029"
"290412","2029-05-12","Saturday","19","5","12","2029"
"290413","2029-05-13","Sunday","19","5","13","2029"
"290414","2029-05-14","Monday","20","5","14","2029"
"290415","2029-05-15","Tuesday","20","5","15","2029"
"290416","2029-05-16","Wednesday","20","5","16","2029"
"290417","2029-05-17","Thursday","20","5","17","2029"
"290418","2029-05-18","Friday","20","5","18","2029"
"290419","2029-05-19","Saturday","20","5","19","2029"
"290420","2029-05-20","Sunday","20","5","20","2029"
"290421","2029-05-21","Monday","21","5","21","2029"
"290422","2029-05-22","Tuesday","21","5","22","2029"
"290423","2029-05-23","Wednesday","21","5","23","2029"
"290424","2029-05-24","Thursday","21","5","24","2029"
"290425","2029-05-25","Friday","21","5","25","2029"
"290426","2029-05-26","Saturday","21","5","26","2029"
"290427","2029-05-27","Sunday","21","5","27","2029"
"290428","2029-05-28","Monday","22","5","28","2029"
"290429","2029-05-29","Tuesday","22","5","29","2029"
"290430","2029-05-30","Wednesday","22","5","30","2029"
"290431","2029-05-31","Thursday","22","5","31","2029"
"290501","2029-06-01","Friday","22","6","1","2029"
"290502","2029-06-02","Saturday","22","6","2","2029"
"290503","2029-06-03","Sunday","22","6","3","2029"
"290504","2029-06-04","Monday","23","6","4","2029"
"290505","2029-06-05","Tuesday","23","6","5","2029"
"290506","2029-06-06","Wednesday","23","6","6","2029"
"290507","2029-06-07","Thursday","23","6","7","2029"
"290508","2029-06-08","Friday","23","6","8","2029"
"290509","2029-06-09","Saturday","23","6","9","2029"
"290510","2029-06-10","Sunday","23","6","10","2029"
"290511","2029-06-11","Monday","24","6","11","2029"
"290512","2029-06-12","Tuesday","24","6","12","2029"
"290513","2029-06-13","Wednesday","24","6","13","2029"
"290514","2029-06-14","Thursday","24","6","14","2029"
"290515","2029-06-15","Friday","24","6","15","2029"
"290516","2029-06-16","Saturday","24","6","16","2029"
"290517","2029-06-17","Sunday","24","6","17","2029"
"290518","2029-06-18","Monday","25","6","18","2029"
"290519","2029-06-19","Tuesday","25","6","19","2029"
"290520","2029-06-20","Wednesday","25","6","20","2029"
"290521","2029-06-21","Thursday","25","6","21","2029"
"290522","2029-06-22","Friday","25","6","22","2029"
"290523","2029-06-23","Saturday","25","6","23","2029"
"290524","2029-06-24","Sunday","25","6","24","2029"
"290525","2029-06-25","Monday","26","6","25","2029"
"290526","2029-06-26","Tuesday","26","6","26","2029"
"290527","2029-06-27","Wednesday","26","6","27","2029"
"290528","2029-06-28","Thursday","26","6","28","2029"
"290529","2029-06-29","Friday","26","6","29","2029"
"290530","2029-06-30","Saturday","26","6","30","2029"
"290601","2029-07-01","Sunday","26","7","1","2029"
"290602","2029-07-02","Monday","27","7","2","2029"
"290603","2029-07-03","Tuesday","27","7","3","2029"
"290604","2029-07-04","Wednesday","27","7","4","2029"
"290605","2029-07-05","Thursday","27","7","5","2029"
"290606","2029-07-06","Friday","27","7","6","2029"
"290607","2029-07-07","Saturday","27","7","7","2029"
"290608","2029-07-08","Sunday","27","7","8","2029"
"290609","2029-07-09","Monday","28","7","9","2029"
"290610","2029-07-10","Tuesday","28","7","10","2029"
"290611","2029-07-11","Wednesday","28","7","11","2029"
"290612","2029-07-12","Thursday","28","7","12","2029"
"290613","2029-07-13","Friday","28","7","13","2029"
"290614","2029-07-14","Saturday","28","7","14","2029"
"290615","2029-07-15","Sunday","28","7","15","2029"
"290616","2029-07-16","Monday","29","7","16","2029"
"290617","2029-07-17","Tuesday","29","7","17","2029"
"290618","2029-07-18","Wednesday","29","7","18","2029"
"290619","2029-07-19","Thursday","29","7","19","2029"
"290620","2029-07-20","Friday","29","7","20","2029"
"290621","2029-07-21","Saturday","29","7","21","2029"
"290622","2029-07-22","Sunday","29","7","22","2029"
"290623","2029-07-23","Monday","30","7","23","2029"
"290624","2029-07-24","Tuesday","30","7","24","2029"
"290625","2029-07-25","Wednesday","30","7","25","2029"
"290626","2029-07-26","Thursday","30","7","26","2029"
"290627","2029-07-27","Friday","30","7","27","2029"
"290628","2029-07-28","Saturday","30","7","28","2029"
"290629","2029-07-29","Sunday","30","7","29","2029"
"290630","2029-07-30","Monday","31","7","30","2029"
"290631","2029-07-31","Tuesday","31","7","31","2029"
"290701","2029-08-01","Wednesday","31","8","1","2029"
"290702","2029-08-02","Thursday","31","8","2","2029"
"290703","2029-08-03","Friday","31","8","3","2029"
"290704","2029-08-04","Saturday","31","8","4","2029"
"290705","2029-08-05","Sunday","31","8","5","2029"
"290706","2029-08-06","Monday","32","8","6","2029"
"290707","2029-08-07","Tuesday","32","8","7","2029"
"290708","2029-08-08","Wednesday","32","8","8","2029"
"290709","2029-08-09","Thursday","32","8","9","2029"
"290710","2029-08-10","Friday","32","8","10","2029"
"290711","2029-08-11","Saturday","32","8","11","2029"
"290712","2029-08-12","Sunday","32","8","12","2029"
"290713","2029-08-13","Monday","33","8","13","2029"
"290714","2029-08-14","Tuesday","33","8","14","2029"
"290715","2029-08-15","Wednesday","33","8","15","2029"
"290716","2029-08-16","Thursday","33","8","16","2029"
"290717","2029-08-17","Friday","33","8","17","2029"
"290718","2029-08-18","Saturday","33","8","18","2029"
"290719","2029-08-19","Sunday","33","8","19","2029"
"290720","2029-08-20","Monday","34","8","20","2029"
"290721","2029-08-21","Tuesday","34","8","21","2029"
"290722","2029-08-22","Wednesday","34","8","22","2029"
"290723","2029-08-23","Thursday","34","8","23","2029"
"290724","2029-08-24","Friday","34","8","24","2029"
"290725","2029-08-25","Saturday","34","8","25","2029"
"290726","2029-08-26","Sunday","34","8","26","2029"
"290727","2029-08-27","Monday","35","8","27","2029"
"290728","2029-08-28","Tuesday","35","8","28","2029"
"290729","2029-08-29","Wednesday","35","8","29","2029"
"290730","2029-08-30","Thursday","35","8","30","2029"
"290731","2029-08-31","Friday","35","8","31","2029"
"290801","2029-09-01","Saturday","35","9","1","2029"
"290802","2029-09-02","Sunday","35","9","2","2029"
"290803","2029-09-03","Monday","36","9","3","2029"
"290804","2029-09-04","Tuesday","36","9","4","2029"
"290805","2029-09-05","Wednesday","36","9","5","2029"
"290806","2029-09-06","Thursday","36","9","6","2029"
"290807","2029-09-07","Friday","36","9","7","2029"
"290808","2029-09-08","Saturday","36","9","8","2029"
"290809","2029-09-09","Sunday","36","9","9","2029"
"290810","2029-09-10","Monday","37","9","10","2029"
"290811","2029-09-11","Tuesday","37","9","11","2029"
"290812","2029-09-12","Wednesday","37","9","12","2029"
"290813","2029-09-13","Thursday","37","9","13","2029"
"290814","2029-09-14","Friday","37","9","14","2029"
"290815","2029-09-15","Saturday","37","9","15","2029"
"290816","2029-09-16","Sunday","37","9","16","2029"
"290817","2029-09-17","Monday","38","9","17","2029"
"290818","2029-09-18","Tuesday","38","9","18","2029"
"290819","2029-09-19","Wednesday","38","9","19","2029"
"290820","2029-09-20","Thursday","38","9","20","2029"
"290821","2029-09-21","Friday","38","9","21","2029"
"290822","2029-09-22","Saturday","38","9","22","2029"
"290823","2029-09-23","Sunday","38","9","23","2029"
"290824","2029-09-24","Monday","39","9","24","2029"
"290825","2029-09-25","Tuesday","39","9","25","2029"
"290826","2029-09-26","Wednesday","39","9","26","2029"
"290827","2029-09-27","Thursday","39","9","27","2029"
"290828","2029-09-28","Friday","39","9","28","2029"
"290829","2029-09-29","Saturday","39","9","29","2029"
"290830","2029-09-30","Sunday","39","9","30","2029"
"290901","2029-10-01","Monday","40","10","1","2029"
"290902","2029-10-02","Tuesday","40","10","2","2029"
"290903","2029-10-03","Wednesday","40","10","3","2029"
"290904","2029-10-04","Thursday","40","10","4","2029"
"290905","2029-10-05","Friday","40","10","5","2029"
"290906","2029-10-06","Saturday","40","10","6","2029"
"290907","2029-10-07","Sunday","40","10","7","2029"
"290908","2029-10-08","Monday","41","10","8","2029"
"290909","2029-10-09","Tuesday","41","10","9","2029"
"290910","2029-10-10","Wednesday","41","10","10","2029"
"290911","2029-10-11","Thursday","41","10","11","2029"
"290912","2029-10-12","Friday","41","10","12","2029"
"290913","2029-10-13","Saturday","41","10","13","2029"
"290914","2029-10-14","Sunday","41","10","14","2029"
"290915","2029-10-15","Monday","42","10","15","2029"
"290916","2029-10-16","Tuesday","42","10","16","2029"
"290917","2029-10-17","Wednesday","42","10","17","2029"
"290918","2029-10-18","Thursday","42","10","18","2029"
"290919","2029-10-19","Friday","42","10","19","2029"
"290920","2029-10-20","Saturday","42","10","20","2029"
"290921","2029-10-21","Sunday","42","10","21","2029"
"290922","2029-10-22","Monday","43","10","22","2029"
"290923","2029-10-23","Tuesday","43","10","23","2029"
"290924","2029-10-24","Wednesday","43","10","24","2029"
"290925","2029-10-25","Thursday","43","10","25","2029"
"290926","2029-10-26","Friday","43","10","26","2029"
"290927","2029-10-27","Saturday","43","10","27","2029"
"290928","2029-10-28","Sunday","43","10","28","2029"
"290929","2029-10-29","Monday","44","10","29","2029"
"290930","2029-10-30","Tuesday","44","10","30","2029"
"290931","2029-10-31","Wednesday","44","10","31","2029"
"291001","2029-11-01","Thursday","44","11","1","2029"
"291002","2029-11-02","Friday","44","11","2","2029"
"291003","2029-11-03","Saturday","44","11","3","2029"
"291004","2029-11-04","Sunday","44","11","4","2029"
"291005","2029-11-05","Monday","45","11","5","2029"
"291006","2029-11-06","Tuesday","45","11","6","2029"
"291007","2029-11-07","Wednesday","45","11","7","2029"
"291008","2029-11-08","Thursday","45","11","8","2029"
"291009","2029-11-09","Friday","45","11","9","2029"
"291010","2029-11-10","Saturday","45","11","10","2029"
"291011","2029-11-11","Sunday","45","11","11","2029"
"291012","2029-11-12","Monday","46","11","12","2029"
"291013","2029-11-13","Tuesday","46","11","13","2029"
"291014","2029-11-14","Wednesday","46","11","14","2029"
"291015","2029-11-15","Thursday","46","11","15","2029"
"291016","2029-11-16","Friday","46","11","16","2029"
"291017","2029-11-17","Saturday","46","11","17","2029"
"291018","2029-11-18","Sunday","46","11","18","2029"
"291019","2029-11-19","Monday","47","11","19","2029"
"291020","2029-11-20","Tuesday","47","11","20","2029"
"291021","2029-11-21","Wednesday","47","11","21","2029"
"291022","2029-11-22","Thursday","47","11","22","2029"
"291023","2029-11-23","Friday","47","11","23","2029"
"291024","2029-11-24","Saturday","47","11","24","2029"
"291025","2029-11-25","Sunday","47","11","25","2029"
"291026","2029-11-26","Monday","48","11","26","2029"
"291027","2029-11-27","Tuesday","48","11","27","2029"
"291028","2029-11-28","Wednesday","48","11","28","2029"
"291029","2029-11-29","Thursday","48","11","29","2029"
"291030","2029-11-30","Friday","48","11","30","2029"
"291101","2029-12-01","Saturday","48","12","1","2029"
"291102","2029-12-02","Sunday","48","12","2","2029"
"291103","2029-12-03","Monday","49","12","3","2029"
"291104","2029-12-04","Tuesday","49","12","4","2029"
"291105","2029-12-05","Wednesday","49","12","5","2029"
"291106","2029-12-06","Thursday","49","12","6","2029"
"291107","2029-12-07","Friday","49","12","7","2029"
"291108","2029-12-08","Saturday","49","12","8","2029"
"291109","2029-12-09","Sunday","49","12","9","2029"
"291110","2029-12-10","Monday","50","12","10","2029"
"291111","2029-12-11","Tuesday","50","12","11","2029"
"291112","2029-12-12","Wednesday","50","12","12","2029"
"291113","2029-12-13","Thursday","50","12","13","2029"
"291114","2029-12-14","Friday","50","12","14","2029"
"291115","2029-12-15","Saturday","50","12","15","2029"
"291116","2029-12-16","Sunday","50","12","16","2029"
"291117","2029-12-17","Monday","51","12","17","2029"
"291118","2029-12-18","Tuesday","51","12","18","2029"
"291119","2029-12-19","Wednesday","51","12","19","2029"
"291120","2029-12-20","Thursday","51","12","20","2029"
"291121","2029-12-21","Friday","51","12","21","2029"
"291122","2029-12-22","Saturday","51","12","22","2029"
"291123","2029-12-23","Sunday","51","12","23","2029"
"291124","2029-12-24","Monday","52","12","24","2029"
"291125","2029-12-25","Tuesday","52","12","25","2029"
"291126","2029-12-26","Wednesday","52","12","26","2029"
"291127","2029-12-27","Thursday","52","12","27","2029"
"291128","2029-12-28","Friday","52","12","28","2029"
"291129","2029-12-29","Saturday","52","12","29","2029"
"291130","2029-12-30","Sunday","52","12","30","2029"
"291131","2029-12-31","Monday","1","12","31","2029"
"300001","2030-01-01","Tuesday","1","1","1","2030"
"300002","2030-01-02","Wednesday","1","1","2","2030"
"300003","2030-01-03","Thursday","1","1","3","2030"
"300004","2030-01-04","Friday","1","1","4","2030"
"300005","2030-01-05","Saturday","1","1","5","2030"
"300006","2030-01-06","Sunday","1","1","6","2030"
"300007","2030-01-07","Monday","2","1","7","2030"
"300008","2030-01-08","Tuesday","2","1","8","2030"
"300009","2030-01-09","Wednesday","2","1","9","2030"
"300010","2030-01-10","Thursday","2","1","10","2030"
"300011","2030-01-11","Friday","2","1","11","2030"
"300012","2030-01-12","Saturday","2","1","12","2030"
"300013","2030-01-13","Sunday","2","1","13","2030"
"300014","2030-01-14","Monday","3","1","14","2030"
"300015","2030-01-15","Tuesday","3","1","15","2030"
"300016","2030-01-16","Wednesday","3","1","16","2030"
"300017","2030-01-17","Thursday","3","1","17","2030"
"300018","2030-01-18","Friday","3","1","18","2030"
"300019","2030-01-19","Saturday","3","1","19","2030"
"300020","2030-01-20","Sunday","3","1","20","2030"
"300021","2030-01-21","Monday","4","1","21","2030"
"300022","2030-01-22","Tuesday","4","1","22","2030"
"300023","2030-01-23","Wednesday","4","1","23","2030"
"300024","2030-01-24","Thursday","4","1","24","2030"
"300025","2030-01-25","Friday","4","1","25","2030"
"300026","2030-01-26","Saturday","4","1","26","2030"
"300027","2030-01-27","Sunday","4","1","27","2030"
"300028","2030-01-28","Monday","5","1","28","2030"
"300029","2030-01-29","Tuesday","5","1","29","2030"
"300030","2030-01-30","Wednesday","5","1","30","2030"
"300031","2030-01-31","Thursday","5","1","31","2030"
"300101","2030-02-01","Friday","5","2","1","2030"
"300102","2030-02-02","Saturday","5","2","2","2030"
"300103","2030-02-03","Sunday","5","2","3","2030"
"300104","2030-02-04","Monday","6","2","4","2030"
"300105","2030-02-05","Tuesday","6","2","5","2030"
"300106","2030-02-06","Wednesday","6","2","6","2030"
"300107","2030-02-07","Thursday","6","2","7","2030"
"300108","2030-02-08","Friday","6","2","8","2030"
"300109","2030-02-09","Saturday","6","2","9","2030"
"300110","2030-02-10","Sunday","6","2","10","2030"
"300111","2030-02-11","Monday","7","2","11","2030"
"300112","2030-02-12","Tuesday","7","2","12","2030"
"300113","2030-02-13","Wednesday","7","2","13","2030"
"300114","2030-02-14","Thursday","7","2","14","2030"
"300115","2030-02-15","Friday","7","2","15","2030"
"300116","2030-02-16","Saturday","7","2","16","2030"
"300117","2030-02-17","Sunday","7","2","17","2030"
"300118","2030-02-18","Monday","8","2","18","2030"
"300119","2030-02-19","Tuesday","8","2","19","2030"
"300120","2030-02-20","Wednesday","8","2","20","2030"
"300121","2030-02-21","Thursday","8","2","21","2030"
"300122","2030-02-22","Friday","8","2","22","2030"
"300123","2030-02-23","Saturday","8","2","23","2030"
"300124","2030-02-24","Sunday","8","2","24","2030"
"300125","2030-02-25","Monday","9","2","25","2030"
"300126","2030-02-26","Tuesday","9","2","26","2030"
"300127","2030-02-27","Wednesday","9","2","27","2030"
"300128","2030-02-28","Thursday","9","2","28","2030"
"300201","2030-03-01","Friday","9","3","1","2030"
"300202","2030-03-02","Saturday","9","3","2","2030"
"300203","2030-03-03","Sunday","9","3","3","2030"
"300204","2030-03-04","Monday","10","3","4","2030"
"300205","2030-03-05","Tuesday","10","3","5","2030"
"300206","2030-03-06","Wednesday","10","3","6","2030"
"300207","2030-03-07","Thursday","10","3","7","2030"
"300208","2030-03-08","Friday","10","3","8","2030"
"300209","2030-03-09","Saturday","10","3","9","2030"
"300210","2030-03-10","Sunday","10","3","10","2030"
"300211","2030-03-11","Monday","11","3","11","2030"
"300212","2030-03-12","Tuesday","11","3","12","2030"
"300213","2030-03-13","Wednesday","11","3","13","2030"
"300214","2030-03-14","Thursday","11","3","14","2030"
"300215","2030-03-15","Friday","11","3","15","2030"
"300216","2030-03-16","Saturday","11","3","16","2030"
"300217","2030-03-17","Sunday","11","3","17","2030"
"300218","2030-03-18","Monday","12","3","18","2030"
"300219","2030-03-19","Tuesday","12","3","19","2030"
"300220","2030-03-20","Wednesday","12","3","20","2030"
"300221","2030-03-21","Thursday","12","3","21","2030"
"300222","2030-03-22","Friday","12","3","22","2030"
"300223","2030-03-23","Saturday","12","3","23","2030"
"300224","2030-03-24","Sunday","12","3","24","2030"
"300225","2030-03-25","Monday","13","3","25","2030"
"300226","2030-03-26","Tuesday","13","3","26","2030"
"300227","2030-03-27","Wednesday","13","3","27","2030"
"300228","2030-03-28","Thursday","13","3","28","2030"
"300229","2030-03-29","Friday","13","3","29","2030"
"300230","2030-03-30","Saturday","13","3","30","2030"
"300231","2030-03-31","Sunday","13","3","31","2030"
"300301","2030-04-01","Monday","14","4","1","2030"
"300302","2030-04-02","Tuesday","14","4","2","2030"
"300303","2030-04-03","Wednesday","14","4","3","2030"
"300304","2030-04-04","Thursday","14","4","4","2030"
"300305","2030-04-05","Friday","14","4","5","2030"
"300306","2030-04-06","Saturday","14","4","6","2030"
"300307","2030-04-07","Sunday","14","4","7","2030"
"300308","2030-04-08","Monday","15","4","8","2030"
"300309","2030-04-09","Tuesday","15","4","9","2030"
"300310","2030-04-10","Wednesday","15","4","10","2030"
"300311","2030-04-11","Thursday","15","4","11","2030"
"300312","2030-04-12","Friday","15","4","12","2030"
"300313","2030-04-13","Saturday","15","4","13","2030"
"300314","2030-04-14","Sunday","15","4","14","2030"
"300315","2030-04-15","Monday","16","4","15","2030"
"300316","2030-04-16","Tuesday","16","4","16","2030"
"300317","2030-04-17","Wednesday","16","4","17","2030"
"300318","2030-04-18","Thursday","16","4","18","2030"
"300319","2030-04-19","Friday","16","4","19","2030"
"300320","2030-04-20","Saturday","16","4","20","2030"
"300321","2030-04-21","Sunday","16","4","21","2030"
"300322","2030-04-22","Monday","17","4","22","2030"
"300323","2030-04-23","Tuesday","17","4","23","2030"
"300324","2030-04-24","Wednesday","17","4","24","2030"
"300325","2030-04-25","Thursday","17","4","25","2030"
"300326","2030-04-26","Friday","17","4","26","2030"
"300327","2030-04-27","Saturday","17","4","27","2030"
"300328","2030-04-28","Sunday","17","4","28","2030"
"300329","2030-04-29","Monday","18","4","29","2030"
"300330","2030-04-30","Tuesday","18","4","30","2030"
"300401","2030-05-01","Wednesday","18","5","1","2030"
"300402","2030-05-02","Thursday","18","5","2","2030"
"300403","2030-05-03","Friday","18","5","3","2030"
"300404","2030-05-04","Saturday","18","5","4","2030"
"300405","2030-05-05","Sunday","18","5","5","2030"
"300406","2030-05-06","Monday","19","5","6","2030"
"300407","2030-05-07","Tuesday","19","5","7","2030"
"300408","2030-05-08","Wednesday","19","5","8","2030"
"300409","2030-05-09","Thursday","19","5","9","2030"
"300410","2030-05-10","Friday","19","5","10","2030"
"300411","2030-05-11","Saturday","19","5","11","2030"
"300412","2030-05-12","Sunday","19","5","12","2030"
"300413","2030-05-13","Monday","20","5","13","2030"
"300414","2030-05-14","Tuesday","20","5","14","2030"
"300415","2030-05-15","Wednesday","20","5","15","2030"
"300416","2030-05-16","Thursday","20","5","16","2030"
"300417","2030-05-17","Friday","20","5","17","2030"
"300418","2030-05-18","Saturday","20","5","18","2030"
"300419","2030-05-19","Sunday","20","5","19","2030"
"300420","2030-05-20","Monday","21","5","20","2030"
"300421","2030-05-21","Tuesday","21","5","21","2030"
"300422","2030-05-22","Wednesday","21","5","22","2030"
"300423","2030-05-23","Thursday","21","5","23","2030"
"300424","2030-05-24","Friday","21","5","24","2030"
"300425","2030-05-25","Saturday","21","5","25","2030"
"300426","2030-05-26","Sunday","21","5","26","2030"
"300427","2030-05-27","Monday","22","5","27","2030"
"300428","2030-05-28","Tuesday","22","5","28","2030"
"300429","2030-05-29","Wednesday","22","5","29","2030"
"300430","2030-05-30","Thursday","22","5","30","2030"
"300431","2030-05-31","Friday","22","5","31","2030"
"300501","2030-06-01","Saturday","22","6","1","2030"
"300502","2030-06-02","Sunday","22","6","2","2030"
"300503","2030-06-03","Monday","23","6","3","2030"
"300504","2030-06-04","Tuesday","23","6","4","2030"
"300505","2030-06-05","Wednesday","23","6","5","2030"
"300506","2030-06-06","Thursday","23","6","6","2030"
"300507","2030-06-07","Friday","23","6","7","2030"
"300508","2030-06-08","Saturday","23","6","8","2030"
"300509","2030-06-09","Sunday","23","6","9","2030"
"300510","2030-06-10","Monday","24","6","10","2030"
"300511","2030-06-11","Tuesday","24","6","11","2030"
"300512","2030-06-12","Wednesday","24","6","12","2030"
"300513","2030-06-13","Thursday","24","6","13","2030"
"300514","2030-06-14","Friday","24","6","14","2030"
"300515","2030-06-15","Saturday","24","6","15","2030"
"300516","2030-06-16","Sunday","24","6","16","2030"
"300517","2030-06-17","Monday","25","6","17","2030"
"300518","2030-06-18","Tuesday","25","6","18","2030"
"300519","2030-06-19","Wednesday","25","6","19","2030"
"300520","2030-06-20","Thursday","25","6","20","2030"
"300521","2030-06-21","Friday","25","6","21","2030"
"300522","2030-06-22","Saturday","25","6","22","2030"
"300523","2030-06-23","Sunday","25","6","23","2030"
"300524","2030-06-24","Monday","26","6","24","2030"
"300525","2030-06-25","Tuesday","26","6","25","2030"
"300526","2030-06-26","Wednesday","26","6","26","2030"
"300527","2030-06-27","Thursday","26","6","27","2030"
"300528","2030-06-28","Friday","26","6","28","2030"
"300529","2030-06-29","Saturday","26","6","29","2030"
"300530","2030-06-30","Sunday","26","6","30","2030"
"300601","2030-07-01","Monday","27","7","1","2030"
"300602","2030-07-02","Tuesday","27","7","2","2030"
"300603","2030-07-03","Wednesday","27","7","3","2030"
"300604","2030-07-04","Thursday","27","7","4","2030"
"300605","2030-07-05","Friday","27","7","5","2030"
"300606","2030-07-06","Saturday","27","7","6","2030"
"300607","2030-07-07","Sunday","27","7","7","2030"
"300608","2030-07-08","Monday","28","7","8","2030"
"300609","2030-07-09","Tuesday","28","7","9","2030"
"300610","2030-07-10","Wednesday","28","7","10","2030"
"300611","2030-07-11","Thursday","28","7","11","2030"
"300612","2030-07-12","Friday","28","7","12","2030"
"300613","2030-07-13","Saturday","28","7","13","2030"
"300614","2030-07-14","Sunday","28","7","14","2030"
"300615","2030-07-15","Monday","29","7","15","2030"
"300616","2030-07-16","Tuesday","29","7","16","2030"
"300617","2030-07-17","Wednesday","29","7","17","2030"
"300618","2030-07-18","Thursday","29","7","18","2030"
"300619","2030-07-19","Friday","29","7","19","2030"
"300620","2030-07-20","Saturday","29","7","20","2030"
"300621","2030-07-21","Sunday","29","7","21","2030"
"300622","2030-07-22","Monday","30","7","22","2030"
"300623","2030-07-23","Tuesday","30","7","23","2030"
"300624","2030-07-24","Wednesday","30","7","24","2030"
"300625","2030-07-25","Thursday","30","7","25","2030"
"300626","2030-07-26","Friday","30","7","26","2030"
"300627","2030-07-27","Saturday","30","7","27","2030"
"300628","2030-07-28","Sunday","30","7","28","2030"
"300629","2030-07-29","Monday","31","7","29","2030"
"300630","2030-07-30","Tuesday","31","7","30","2030"
"300631","2030-07-31","Wednesday","31","7","31","2030"
"300701","2030-08-01","Thursday","31","8","1","2030"
"300702","2030-08-02","Friday","31","8","2","2030"
"300703","2030-08-03","Saturday","31","8","3","2030"
"300704","2030-08-04","Sunday","31","8","4","2030"
"300705","2030-08-05","Monday","32","8","5","2030"
"300706","2030-08-06","Tuesday","32","8","6","2030"
"300707","2030-08-07","Wednesday","32","8","7","2030"
"300708","2030-08-08","Thursday","32","8","8","2030"
"300709","2030-08-09","Friday","32","8","9","2030"
"300710","2030-08-10","Saturday","32","8","10","2030"
"300711","2030-08-11","Sunday","32","8","11","2030"
"300712","2030-08-12","Monday","33","8","12","2030"
"300713","2030-08-13","Tuesday","33","8","13","2030"
"300714","2030-08-14","Wednesday","33","8","14","2030"
"300715","2030-08-15","Thursday","33","8","15","2030"
"300716","2030-08-16","Friday","33","8","16","2030"
"300717","2030-08-17","Saturday","33","8","17","2030"
"300718","2030-08-18","Sunday","33","8","18","2030"
"300719","2030-08-19","Monday","34","8","19","2030"
"300720","2030-08-20","Tuesday","34","8","20","2030"
"300721","2030-08-21","Wednesday","34","8","21","2030"
"300722","2030-08-22","Thursday","34","8","22","2030"
"300723","2030-08-23","Friday","34","8","23","2030"
"300724","2030-08-24","Saturday","34","8","24","2030"
"300725","2030-08-25","Sunday","34","8","25","2030"
"300726","2030-08-26","Monday","35","8","26","2030"
"300727","2030-08-27","Tuesday","35","8","27","2030"
"300728","2030-08-28","Wednesday","35","8","28","2030"
"300729","2030-08-29","Thursday","35","8","29","2030"
"300730","2030-08-30","Friday","35","8","30","2030"
"300731","2030-08-31","Saturday","35","8","31","2030"
"300801","2030-09-01","Sunday","35","9","1","2030"
"300802","2030-09-02","Monday","36","9","2","2030"
"300803","2030-09-03","Tuesday","36","9","3","2030"
"300804","2030-09-04","Wednesday","36","9","4","2030"
"300805","2030-09-05","Thursday","36","9","5","2030"
"300806","2030-09-06","Friday","36","9","6","2030"
"300807","2030-09-07","Saturday","36","9","7","2030"
"300808","2030-09-08","Sunday","36","9","8","2030"
"300809","2030-09-09","Monday","37","9","9","2030"
"300810","2030-09-10","Tuesday","37","9","10","2030"
"300811","2030-09-11","Wednesday","37","9","11","2030"
"300812","2030-09-12","Thursday","37","9","12","2030"
"300813","2030-09-13","Friday","37","9","13","2030"
"300814","2030-09-14","Saturday","37","9","14","2030"
"300815","2030-09-15","Sunday","37","9","15","2030"
"300816","2030-09-16","Monday","38","9","16","2030"
"300817","2030-09-17","Tuesday","38","9","17","2030"
"300818","2030-09-18","Wednesday","38","9","18","2030"
"300819","2030-09-19","Thursday","38","9","19","2030"
"300820","2030-09-20","Friday","38","9","20","2030"
"300821","2030-09-21","Saturday","38","9","21","2030"
"300822","2030-09-22","Sunday","38","9","22","2030"
"300823","2030-09-23","Monday","39","9","23","2030"
"300824","2030-09-24","Tuesday","39","9","24","2030"
"300825","2030-09-25","Wednesday","39","9","25","2030"
"300826","2030-09-26","Thursday","39","9","26","2030"
"300827","2030-09-27","Friday","39","9","27","2030"
"300828","2030-09-28","Saturday","39","9","28","2030"
"300829","2030-09-29","Sunday","39","9","29","2030"
"300830","2030-09-30","Monday","40","9","30","2030"
"300901","2030-10-01","Tuesday","40","10","1","2030"
"300902","2030-10-02","Wednesday","40","10","2","2030"
"300903","2030-10-03","Thursday","40","10","3","2030"
"300904","2030-10-04","Friday","40","10","4","2030"
"300905","2030-10-05","Saturday","40","10","5","2030"
"300906","2030-10-06","Sunday","40","10","6","2030"
"300907","2030-10-07","Monday","41","10","7","2030"
"300908","2030-10-08","Tuesday","41","10","8","2030"
"300909","2030-10-09","Wednesday","41","10","9","2030"
"300910","2030-10-10","Thursday","41","10","10","2030"
"300911","2030-10-11","Friday","41","10","11","2030"
"300912","2030-10-12","Saturday","41","10","12","2030"
"300913","2030-10-13","Sunday","41","10","13","2030"
"300914","2030-10-14","Monday","42","10","14","2030"
"300915","2030-10-15","Tuesday","42","10","15","2030"
"300916","2030-10-16","Wednesday","42","10","16","2030"
"300917","2030-10-17","Thursday","42","10","17","2030"
"300918","2030-10-18","Friday","42","10","18","2030"
"300919","2030-10-19","Saturday","42","10","19","2030"
"300920","2030-10-20","Sunday","42","10","20","2030"
"300921","2030-10-21","Monday","43","10","21","2030"
"300922","2030-10-22","Tuesday","43","10","22","2030"
"300923","2030-10-23","Wednesday","43","10","23","2030"
"300924","2030-10-24","Thursday","43","10","24","2030"
"300925","2030-10-25","Friday","43","10","25","2030"
"300926","2030-10-26","Saturday","43","10","26","2030"
"300927","2030-10-27","Sunday","43","10","27","2030"
"300928","2030-10-28","Monday","44","10","28","2030"
"300929","2030-10-29","Tuesday","44","10","29","2030"
"300930","2030-10-30","Wednesday","44","10","30","2030"
"300931","2030-10-31","Thursday","44","10","31","2030"
"301001","2030-11-01","Friday","44","11","1","2030"
"301002","2030-11-02","Saturday","44","11","2","2030"
"301003","2030-11-03","Sunday","44","11","3","2030"
"301004","2030-11-04","Monday","45","11","4","2030"
"301005","2030-11-05","Tuesday","45","11","5","2030"
"301006","2030-11-06","Wednesday","45","11","6","2030"
"301007","2030-11-07","Thursday","45","11","7","2030"
"301008","2030-11-08","Friday","45","11","8","2030"
"301009","2030-11-09","Saturday","45","11","9","2030"
"301010","2030-11-10","Sunday","45","11","10","2030"
"301011","2030-11-11","Monday","46","11","11","2030"
"301012","2030-11-12","Tuesday","46","11","12","2030"
"301013","2030-11-13","Wednesday","46","11","13","2030"
"301014","2030-11-14","Thursday","46","11","14","2030"
"301015","2030-11-15","Friday","46","11","15","2030"
"301016","2030-11-16","Saturday","46","11","16","2030"
"301017","2030-11-17","Sunday","46","11","17","2030"
"301018","2030-11-18","Monday","47","11","18","2030"
"301019","2030-11-19","Tuesday","47","11","19","2030"
"301020","2030-11-20","Wednesday","47","11","20","2030"
"301021","2030-11-21","Thursday","47","11","21","2030"
"301022","2030-11-22","Friday","47","11","22","2030"
"301023","2030-11-23","Saturday","47","11","23","2030"
"301024","2030-11-24","Sunday","47","11","24","2030"
"301025","2030-11-25","Monday","48","11","25","2030"
"301026","2030-11-26","Tuesday","48","11","26","2030"
"301027","2030-11-27","Wednesday","48","11","27","2030"
"301028","2030-11-28","Thursday","48","11","28","2030"
"301029","2030-11-29","Friday","48","11","29","2030"
"301030","2030-11-30","Saturday","48","11","30","2030"
"301101","2030-12-01","Sunday","48","12","1","2030"
"301102","2030-12-02","Monday","49","12","2","2030"
"301103","2030-12-03","Tuesday","49","12","3","2030"
"301104","2030-12-04","Wednesday","49","12","4","2030"
"301105","2030-12-05","Thursday","49","12","5","2030"
"301106","2030-12-06","Friday","49","12","6","2030"
"301107","2030-12-07","Saturday","49","12","7","2030"
"301108","2030-12-08","Sunday","49","12","8","2030"
"301109","2030-12-09","Monday","50","12","9","2030"
"301110","2030-12-10","Tuesday","50","12","10","2030"
"301111","2030-12-11","Wednesday","50","12","11","2030"
"301112","2030-12-12","Thursday","50","12","12","2030"
"301113","2030-12-13","Friday","50","12","13","2030"
"301114","2030-12-14","Saturday","50","12","14","2030"
"301115","2030-12-15","Sunday","50","12","15","2030"
"301116","2030-12-16","Monday","51","12","16","2030"
"301117","2030-12-17","Tuesday","51","12","17","2030"
"301118","2030-12-18","Wednesday","51","12","18","2030"
"301119","2030-12-19","Thursday","51","12","19","2030"
"301120","2030-12-20","Friday","51","12","20","2030"
"301121","2030-12-21","Saturday","51","12","21","2030"
"301122","2030-12-22","Sunday","51","12","22","2030"
"301123","2030-12-23","Monday","52","12","23","2030"
"301124","2030-12-24","Tuesday","52","12","24","2030"
"301125","2030-12-25","Wednesday","52","12","25","2030"
"301126","2030-12-26","Thursday","52","12","26","2030"
"301127","2030-12-27","Friday","52","12","27","2030"
"301128","2030-12-28","Saturday","52","12","28","2030"
"301129","2030-12-29","Sunday","52","12","29","2030"
"301130","2030-12-30","Monday","1","12","30","2030"
"301131","2030-12-31","Tuesday","1","12","31","2030"
"310001","2031-01-01","Wednesday","1","1","1","2031"
"310002","2031-01-02","Thursday","1","1","2","2031"
"310003","2031-01-03","Friday","1","1","3","2031"
"310004","2031-01-04","Saturday","1","1","4","2031"
"310005","2031-01-05","Sunday","1","1","5","2031"
"310006","2031-01-06","Monday","2","1","6","2031"
"310007","2031-01-07","Tuesday","2","1","7","2031"
"310008","2031-01-08","Wednesday","2","1","8","2031"
"310009","2031-01-09","Thursday","2","1","9","2031"
"310010","2031-01-10","Friday","2","1","10","2031"
"310011","2031-01-11","Saturday","2","1","11","2031"
"310012","2031-01-12","Sunday","2","1","12","2031"
"310013","2031-01-13","Monday","3","1","13","2031"
"310014","2031-01-14","Tuesday","3","1","14","2031"
"310015","2031-01-15","Wednesday","3","1","15","2031"
"310016","2031-01-16","Thursday","3","1","16","2031"
"310017","2031-01-17","Friday","3","1","17","2031"
"310018","2031-01-18","Saturday","3","1","18","2031"
"310019","2031-01-19","Sunday","3","1","19","2031"
"310020","2031-01-20","Monday","4","1","20","2031"
"310021","2031-01-21","Tuesday","4","1","21","2031"
"310022","2031-01-22","Wednesday","4","1","22","2031"
"310023","2031-01-23","Thursday","4","1","23","2031"
"310024","2031-01-24","Friday","4","1","24","2031"
"310025","2031-01-25","Saturday","4","1","25","2031"
"310026","2031-01-26","Sunday","4","1","26","2031"
"310027","2031-01-27","Monday","5","1","27","2031"
"310028","2031-01-28","Tuesday","5","1","28","2031"
"310029","2031-01-29","Wednesday","5","1","29","2031"
"310030","2031-01-30","Thursday","5","1","30","2031"
"310031","2031-01-31","Friday","5","1","31","2031"
"310101","2031-02-01","Saturday","5","2","1","2031"
"310102","2031-02-02","Sunday","5","2","2","2031"
"310103","2031-02-03","Monday","6","2","3","2031"
"310104","2031-02-04","Tuesday","6","2","4","2031"
"310105","2031-02-05","Wednesday","6","2","5","2031"
"310106","2031-02-06","Thursday","6","2","6","2031"
"310107","2031-02-07","Friday","6","2","7","2031"
"310108","2031-02-08","Saturday","6","2","8","2031"
"310109","2031-02-09","Sunday","6","2","9","2031"
"310110","2031-02-10","Monday","7","2","10","2031"
"310111","2031-02-11","Tuesday","7","2","11","2031"
"310112","2031-02-12","Wednesday","7","2","12","2031"
"310113","2031-02-13","Thursday","7","2","13","2031"
"310114","2031-02-14","Friday","7","2","14","2031"
"310115","2031-02-15","Saturday","7","2","15","2031"
"310116","2031-02-16","Sunday","7","2","16","2031"
"310117","2031-02-17","Monday","8","2","17","2031"
"310118","2031-02-18","Tuesday","8","2","18","2031"
"310119","2031-02-19","Wednesday","8","2","19","2031"
"310120","2031-02-20","Thursday","8","2","20","2031"
"310121","2031-02-21","Friday","8","2","21","2031"
"310122","2031-02-22","Saturday","8","2","22","2031"
"310123","2031-02-23","Sunday","8","2","23","2031"
"310124","2031-02-24","Monday","9","2","24","2031"
"310125","2031-02-25","Tuesday","9","2","25","2031"
"310126","2031-02-26","Wednesday","9","2","26","2031"
"310127","2031-02-27","Thursday","9","2","27","2031"
"310128","2031-02-28","Friday","9","2","28","2031"
"310201","2031-03-01","Saturday","9","3","1","2031"
"310202","2031-03-02","Sunday","9","3","2","2031"
"310203","2031-03-03","Monday","10","3","3","2031"
"310204","2031-03-04","Tuesday","10","3","4","2031"
"310205","2031-03-05","Wednesday","10","3","5","2031"
"310206","2031-03-06","Thursday","10","3","6","2031"
"310207","2031-03-07","Friday","10","3","7","2031"
"310208","2031-03-08","Saturday","10","3","8","2031"
"310209","2031-03-09","Sunday","10","3","9","2031"
"310210","2031-03-10","Monday","11","3","10","2031"
"310211","2031-03-11","Tuesday","11","3","11","2031"
"310212","2031-03-12","Wednesday","11","3","12","2031"
"310213","2031-03-13","Thursday","11","3","13","2031"
"310214","2031-03-14","Friday","11","3","14","2031"
"310215","2031-03-15","Saturday","11","3","15","2031"
"310216","2031-03-16","Sunday","11","3","16","2031"
"310217","2031-03-17","Monday","12","3","17","2031"
"310218","2031-03-18","Tuesday","12","3","18","2031"
"310219","2031-03-19","Wednesday","12","3","19","2031"
"310220","2031-03-20","Thursday","12","3","20","2031"
"310221","2031-03-21","Friday","12","3","21","2031"
"310222","2031-03-22","Saturday","12","3","22","2031"
"310223","2031-03-23","Sunday","12","3","23","2031"
"310224","2031-03-24","Monday","13","3","24","2031"
"310225","2031-03-25","Tuesday","13","3","25","2031"
"310226","2031-03-26","Wednesday","13","3","26","2031"
"310227","2031-03-27","Thursday","13","3","27","2031"
"310228","2031-03-28","Friday","13","3","28","2031"
"310229","2031-03-29","Saturday","13","3","29","2031"
"310230","2031-03-30","Sunday","13","3","30","2031"
"310231","2031-03-31","Monday","14","3","31","2031"
"310301","2031-04-01","Tuesday","14","4","1","2031"
"310302","2031-04-02","Wednesday","14","4","2","2031"
"310303","2031-04-03","Thursday","14","4","3","2031"
"310304","2031-04-04","Friday","14","4","4","2031"
"310305","2031-04-05","Saturday","14","4","5","2031"
"310306","2031-04-06","Sunday","14","4","6","2031"
"310307","2031-04-07","Monday","15","4","7","2031"
"310308","2031-04-08","Tuesday","15","4","8","2031"
"310309","2031-04-09","Wednesday","15","4","9","2031"
"310310","2031-04-10","Thursday","15","4","10","2031"
"310311","2031-04-11","Friday","15","4","11","2031"
"310312","2031-04-12","Saturday","15","4","12","2031"
"310313","2031-04-13","Sunday","15","4","13","2031"
"310314","2031-04-14","Monday","16","4","14","2031"
"310315","2031-04-15","Tuesday","16","4","15","2031"
"310316","2031-04-16","Wednesday","16","4","16","2031"
"310317","2031-04-17","Thursday","16","4","17","2031"
"310318","2031-04-18","Friday","16","4","18","2031"
"310319","2031-04-19","Saturday","16","4","19","2031"
"310320","2031-04-20","Sunday","16","4","20","2031"
"310321","2031-04-21","Monday","17","4","21","2031"
"310322","2031-04-22","Tuesday","17","4","22","2031"
"310323","2031-04-23","Wednesday","17","4","23","2031"
"310324","2031-04-24","Thursday","17","4","24","2031"
"310325","2031-04-25","Friday","17","4","25","2031"
"310326","2031-04-26","Saturday","17","4","26","2031"
"310327","2031-04-27","Sunday","17","4","27","2031"
"310328","2031-04-28","Monday","18","4","28","2031"
"310329","2031-04-29","Tuesday","18","4","29","2031"
"310330","2031-04-30","Wednesday","18","4","30","2031"
"310401","2031-05-01","Thursday","18","5","1","2031"
"310402","2031-05-02","Friday","18","5","2","2031"
"310403","2031-05-03","Saturday","18","5","3","2031"
"310404","2031-05-04","Sunday","18","5","4","2031"
"310405","2031-05-05","Monday","19","5","5","2031"
"310406","2031-05-06","Tuesday","19","5","6","2031"
"310407","2031-05-07","Wednesday","19","5","7","2031"
"310408","2031-05-08","Thursday","19","5","8","2031"
"310409","2031-05-09","Friday","19","5","9","2031"
"310410","2031-05-10","Saturday","19","5","10","2031"
"310411","2031-05-11","Sunday","19","5","11","2031"
"310412","2031-05-12","Monday","20","5","12","2031"
"310413","2031-05-13","Tuesday","20","5","13","2031"
"310414","2031-05-14","Wednesday","20","5","14","2031"
"310415","2031-05-15","Thursday","20","5","15","2031"
"310416","2031-05-16","Friday","20","5","16","2031"
"310417","2031-05-17","Saturday","20","5","17","2031"
"310418","2031-05-18","Sunday","20","5","18","2031"
"310419","2031-05-19","Monday","21","5","19","2031"
"310420","2031-05-20","Tuesday","21","5","20","2031"
"310421","2031-05-21","Wednesday","21","5","21","2031"
"310422","2031-05-22","Thursday","21","5","22","2031"
"310423","2031-05-23","Friday","21","5","23","2031"
"310424","2031-05-24","Saturday","21","5","24","2031"
"310425","2031-05-25","Sunday","21","5","25","2031"
"310426","2031-05-26","Monday","22","5","26","2031"
"310427","2031-05-27","Tuesday","22","5","27","2031"
"310428","2031-05-28","Wednesday","22","5","28","2031"
"310429","2031-05-29","Thursday","22","5","29","2031"
"310430","2031-05-30","Friday","22","5","30","2031"
"310431","2031-05-31","Saturday","22","5","31","2031"
"310501","2031-06-01","Sunday","22","6","1","2031"
"310502","2031-06-02","Monday","23","6","2","2031"
"310503","2031-06-03","Tuesday","23","6","3","2031"
"310504","2031-06-04","Wednesday","23","6","4","2031"
"310505","2031-06-05","Thursday","23","6","5","2031"
"310506","2031-06-06","Friday","23","6","6","2031"
"310507","2031-06-07","Saturday","23","6","7","2031"
"310508","2031-06-08","Sunday","23","6","8","2031"
"310509","2031-06-09","Monday","24","6","9","2031"
"310510","2031-06-10","Tuesday","24","6","10","2031"
"310511","2031-06-11","Wednesday","24","6","11","2031"
"310512","2031-06-12","Thursday","24","6","12","2031"
"310513","2031-06-13","Friday","24","6","13","2031"
"310514","2031-06-14","Saturday","24","6","14","2031"
"310515","2031-06-15","Sunday","24","6","15","2031"
"310516","2031-06-16","Monday","25","6","16","2031"
"310517","2031-06-17","Tuesday","25","6","17","2031"
"310518","2031-06-18","Wednesday","25","6","18","2031"
"310519","2031-06-19","Thursday","25","6","19","2031"
"310520","2031-06-20","Friday","25","6","20","2031"
"310521","2031-06-21","Saturday","25","6","21","2031"
"310522","2031-06-22","Sunday","25","6","22","2031"
"310523","2031-06-23","Monday","26","6","23","2031"
"310524","2031-06-24","Tuesday","26","6","24","2031"
"310525","2031-06-25","Wednesday","26","6","25","2031"
"310526","2031-06-26","Thursday","26","6","26","2031"
"310527","2031-06-27","Friday","26","6","27","2031"
"310528","2031-06-28","Saturday","26","6","28","2031"
"310529","2031-06-29","Sunday","26","6","29","2031"
"310530","2031-06-30","Monday","27","6","30","2031"
"310601","2031-07-01","Tuesday","27","7","1","2031"
"310602","2031-07-02","Wednesday","27","7","2","2031"
"310603","2031-07-03","Thursday","27","7","3","2031"
"310604","2031-07-04","Friday","27","7","4","2031"
"310605","2031-07-05","Saturday","27","7","5","2031"
"310606","2031-07-06","Sunday","27","7","6","2031"
"310607","2031-07-07","Monday","28","7","7","2031"
"310608","2031-07-08","Tuesday","28","7","8","2031"
"310609","2031-07-09","Wednesday","28","7","9","2031"
"310610","2031-07-10","Thursday","28","7","10","2031"
"310611","2031-07-11","Friday","28","7","11","2031"
"310612","2031-07-12","Saturday","28","7","12","2031"
"310613","2031-07-13","Sunday","28","7","13","2031"
"310614","2031-07-14","Monday","29","7","14","2031"
"310615","2031-07-15","Tuesday","29","7","15","2031"
"310616","2031-07-16","Wednesday","29","7","16","2031"
"310617","2031-07-17","Thursday","29","7","17","2031"
"310618","2031-07-18","Friday","29","7","18","2031"
"310619","2031-07-19","Saturday","29","7","19","2031"
"310620","2031-07-20","Sunday","29","7","20","2031"
"310621","2031-07-21","Monday","30","7","21","2031"
"310622","2031-07-22","Tuesday","30","7","22","2031"
"310623","2031-07-23","Wednesday","30","7","23","2031"
"310624","2031-07-24","Thursday","30","7","24","2031"
"310625","2031-07-25","Friday","30","7","25","2031"
"310626","2031-07-26","Saturday","30","7","26","2031"
"310627","2031-07-27","Sunday","30","7","27","2031"
"310628","2031-07-28","Monday","31","7","28","2031"
"310629","2031-07-29","Tuesday","31","7","29","2031"
"310630","2031-07-30","Wednesday","31","7","30","2031"
"310631","2031-07-31","Thursday","31","7","31","2031"
"310701","2031-08-01","Friday","31","8","1","2031"
"310702","2031-08-02","Saturday","31","8","2","2031"
"310703","2031-08-03","Sunday","31","8","3","2031"
"310704","2031-08-04","Monday","32","8","4","2031"
"310705","2031-08-05","Tuesday","32","8","5","2031"
"310706","2031-08-06","Wednesday","32","8","6","2031"
"310707","2031-08-07","Thursday","32","8","7","2031"
"310708","2031-08-08","Friday","32","8","8","2031"
"310709","2031-08-09","Saturday","32","8","9","2031"
"310710","2031-08-10","Sunday","32","8","10","2031"
"310711","2031-08-11","Monday","33","8","11","2031"
"310712","2031-08-12","Tuesday","33","8","12","2031"
"310713","2031-08-13","Wednesday","33","8","13","2031"
"310714","2031-08-14","Thursday","33","8","14","2031"
"310715","2031-08-15","Friday","33","8","15","2031"
"310716","2031-08-16","Saturday","33","8","16","2031"
"310717","2031-08-17","Sunday","33","8","17","2031"
"310718","2031-08-18","Monday","34","8","18","2031"
"310719","2031-08-19","Tuesday","34","8","19","2031"
"310720","2031-08-20","Wednesday","34","8","20","2031"
"310721","2031-08-21","Thursday","34","8","21","2031"
"310722","2031-08-22","Friday","34","8","22","2031"
"310723","2031-08-23","Saturday","34","8","23","2031"
"310724","2031-08-24","Sunday","34","8","24","2031"
"310725","2031-08-25","Monday","35","8","25","2031"
"310726","2031-08-26","Tuesday","35","8","26","2031"
"310727","2031-08-27","Wednesday","35","8","27","2031"
"310728","2031-08-28","Thursday","35","8","28","2031"
"310729","2031-08-29","Friday","35","8","29","2031"
"310730","2031-08-30","Saturday","35","8","30","2031"
"310731","2031-08-31","Sunday","35","8","31","2031"
"310801","2031-09-01","Monday","36","9","1","2031"
"310802","2031-09-02","Tuesday","36","9","2","2031"
"310803","2031-09-03","Wednesday","36","9","3","2031"
"310804","2031-09-04","Thursday","36","9","4","2031"
"310805","2031-09-05","Friday","36","9","5","2031"
"310806","2031-09-06","Saturday","36","9","6","2031"
"310807","2031-09-07","Sunday","36","9","7","2031"
"310808","2031-09-08","Monday","37","9","8","2031"
"310809","2031-09-09","Tuesday","37","9","9","2031"
"310810","2031-09-10","Wednesday","37","9","10","2031"
"310811","2031-09-11","Thursday","37","9","11","2031"
"310812","2031-09-12","Friday","37","9","12","2031"
"310813","2031-09-13","Saturday","37","9","13","2031"
"310814","2031-09-14","Sunday","37","9","14","2031"
"310815","2031-09-15","Monday","38","9","15","2031"
"310816","2031-09-16","Tuesday","38","9","16","2031"
"310817","2031-09-17","Wednesday","38","9","17","2031"
"310818","2031-09-18","Thursday","38","9","18","2031"
"310819","2031-09-19","Friday","38","9","19","2031"
"310820","2031-09-20","Saturday","38","9","20","2031"
"310821","2031-09-21","Sunday","38","9","21","2031"
"310822","2031-09-22","Monday","39","9","22","2031"
"310823","2031-09-23","Tuesday","39","9","23","2031"
"310824","2031-09-24","Wednesday","39","9","24","2031"
"310825","2031-09-25","Thursday","39","9","25","2031"
"310826","2031-09-26","Friday","39","9","26","2031"
"310827","2031-09-27","Saturday","39","9","27","2031"
"310828","2031-09-28","Sunday","39","9","28","2031"
"310829","2031-09-29","Monday","40","9","29","2031"
"310830","2031-09-30","Tuesday","40","9","30","2031"
"310901","2031-10-01","Wednesday","40","10","1","2031"
"310902","2031-10-02","Thursday","40","10","2","2031"
"310903","2031-10-03","Friday","40","10","3","2031"
"310904","2031-10-04","Saturday","40","10","4","2031"
"310905","2031-10-05","Sunday","40","10","5","2031"
"310906","2031-10-06","Monday","41","10","6","2031"
"310907","2031-10-07","Tuesday","41","10","7","2031"
"310908","2031-10-08","Wednesday","41","10","8","2031"
"310909","2031-10-09","Thursday","41","10","9","2031"
"310910","2031-10-10","Friday","41","10","10","2031"
"310911","2031-10-11","Saturday","41","10","11","2031"
"310912","2031-10-12","Sunday","41","10","12","2031"
"310913","2031-10-13","Monday","42","10","13","2031"
"310914","2031-10-14","Tuesday","42","10","14","2031"
"310915","2031-10-15","Wednesday","42","10","15","2031"
"310916","2031-10-16","Thursday","42","10","16","2031"
"310917","2031-10-17","Friday","42","10","17","2031"
"310918","2031-10-18","Saturday","42","10","18","2031"
"310919","2031-10-19","Sunday","42","10","19","2031"
"310920","2031-10-20","Monday","43","10","20","2031"
"310921","2031-10-21","Tuesday","43","10","21","2031"
"310922","2031-10-22","Wednesday","43","10","22","2031"
"310923","2031-10-23","Thursday","43","10","23","2031"
"310924","2031-10-24","Friday","43","10","24","2031"
"310925","2031-10-25","Saturday","43","10","25","2031"
"310926","2031-10-26","Sunday","43","10","26","2031"
"310927","2031-10-27","Monday","44","10","27","2031"
"310928","2031-10-28","Tuesday","44","10","28","2031"
"310929","2031-10-29","Wednesday","44","10","29","2031"
"310930","2031-10-30","Thursday","44","10","30","2031"
"310931","2031-10-31","Friday","44","10","31","2031"
"311001","2031-11-01","Saturday","44","11","1","2031"
"311002","2031-11-02","Sunday","44","11","2","2031"
"311003","2031-11-03","Monday","45","11","3","2031"
"311004","2031-11-04","Tuesday","45","11","4","2031"
"311005","2031-11-05","Wednesday","45","11","5","2031"
"311006","2031-11-06","Thursday","45","11","6","2031"
"311007","2031-11-07","Friday","45","11","7","2031"
"311008","2031-11-08","Saturday","45","11","8","2031"
"311009","2031-11-09","Sunday","45","11","9","2031"
"311010","2031-11-10","Monday","46","11","10","2031"
"311011","2031-11-11","Tuesday","46","11","11","2031"
"311012","2031-11-12","Wednesday","46","11","12","2031"
"311013","2031-11-13","Thursday","46","11","13","2031"
"311014","2031-11-14","Friday","46","11","14","2031"
"311015","2031-11-15","Saturday","46","11","15","2031"
"311016","2031-11-16","Sunday","46","11","16","2031"
"311017","2031-11-17","Monday","47","11","17","2031"
"311018","2031-11-18","Tuesday","47","11","18","2031"
"311019","2031-11-19","Wednesday","47","11","19","2031"
"311020","2031-11-20","Thursday","47","11","20","2031"
"311021","2031-11-21","Friday","47","11","21","2031"
"311022","2031-11-22","Saturday","47","11","22","2031"
"311023","2031-11-23","Sunday","47","11","23","2031"
"311024","2031-11-24","Monday","48","11","24","2031"
"311025","2031-11-25","Tuesday","48","11","25","2031"
"311026","2031-11-26","Wednesday","48","11","26","2031"
"311027","2031-11-27","Thursday","48","11","27","2031"
"311028","2031-11-28","Friday","48","11","28","2031"
"311029","2031-11-29","Saturday","48","11","29","2031"
"311030","2031-11-30","Sunday","48","11","30","2031"
"311101","2031-12-01","Monday","49","12","1","2031"
"311102","2031-12-02","Tuesday","49","12","2","2031"
"311103","2031-12-03","Wednesday","49","12","3","2031"
"311104","2031-12-04","Thursday","49","12","4","2031"
"311105","2031-12-05","Friday","49","12","5","2031"
"311106","2031-12-06","Saturday","49","12","6","2031"
"311107","2031-12-07","Sunday","49","12","7","2031"
"311108","2031-12-08","Monday","50","12","8","2031"
"311109","2031-12-09","Tuesday","50","12","9","2031"
"311110","2031-12-10","Wednesday","50","12","10","2031"
"311111","2031-12-11","Thursday","50","12","11","2031"
"311112","2031-12-12","Friday","50","12","12","2031"
"311113","2031-12-13","Saturday","50","12","13","2031"
"311114","2031-12-14","Sunday","50","12","14","2031"
"311115","2031-12-15","Monday","51","12","15","2031"
"311116","2031-12-16","Tuesday","51","12","16","2031"
"311117","2031-12-17","Wednesday","51","12","17","2031"
"311118","2031-12-18","Thursday","51","12","18","2031"
"311119","2031-12-19","Friday","51","12","19","2031"
"311120","2031-12-20","Saturday","51","12","20","2031"
"311121","2031-12-21","Sunday","51","12","21","2031"
"311122","2031-12-22","Monday","52","12","22","2031"
"311123","2031-12-23","Tuesday","52","12","23","2031"
"311124","2031-12-24","Wednesday","52","12","24","2031"
"311125","2031-12-25","Thursday","52","12","25","2031"
"311126","2031-12-26","Friday","52","12","26","2031"
"311127","2031-12-27","Saturday","52","12","27","2031"
"311128","2031-12-28","Sunday","52","12","28","2031"
"311129","2031-12-29","Monday","1","12","29","2031"
"311130","2031-12-30","Tuesday","1","12","30","2031"
"311131","2031-12-31","Wednesday","1","12","31","2031"
"320001","2032-01-01","Thursday","1","1","1","2032"
"320002","2032-01-02","Friday","1","1","2","2032"
"320003","2032-01-03","Saturday","1","1","3","2032"
"320004","2032-01-04","Sunday","1","1","4","2032"
"320005","2032-01-05","Monday","2","1","5","2032"
"320006","2032-01-06","Tuesday","2","1","6","2032"
"320007","2032-01-07","Wednesday","2","1","7","2032"
"320008","2032-01-08","Thursday","2","1","8","2032"
"320009","2032-01-09","Friday","2","1","9","2032"
"320010","2032-01-10","Saturday","2","1","10","2032"
"320011","2032-01-11","Sunday","2","1","11","2032"
"320012","2032-01-12","Monday","3","1","12","2032"
"320013","2032-01-13","Tuesday","3","1","13","2032"
"320014","2032-01-14","Wednesday","3","1","14","2032"
"320015","2032-01-15","Thursday","3","1","15","2032"
"320016","2032-01-16","Friday","3","1","16","2032"
"320017","2032-01-17","Saturday","3","1","17","2032"
"320018","2032-01-18","Sunday","3","1","18","2032"
"320019","2032-01-19","Monday","4","1","19","2032"
"320020","2032-01-20","Tuesday","4","1","20","2032"
"320021","2032-01-21","Wednesday","4","1","21","2032"
"320022","2032-01-22","Thursday","4","1","22","2032"
"320023","2032-01-23","Friday","4","1","23","2032"
"320024","2032-01-24","Saturday","4","1","24","2032"
"320025","2032-01-25","Sunday","4","1","25","2032"
"320026","2032-01-26","Monday","5","1","26","2032"
"320027","2032-01-27","Tuesday","5","1","27","2032"
"320028","2032-01-28","Wednesday","5","1","28","2032"
"320029","2032-01-29","Thursday","5","1","29","2032"
"320030","2032-01-30","Friday","5","1","30","2032"
"320031","2032-01-31","Saturday","5","1","31","2032"
"320101","2032-02-01","Sunday","5","2","1","2032"
"320102","2032-02-02","Monday","6","2","2","2032"
"320103","2032-02-03","Tuesday","6","2","3","2032"
"320104","2032-02-04","Wednesday","6","2","4","2032"
"320105","2032-02-05","Thursday","6","2","5","2032"
"320106","2032-02-06","Friday","6","2","6","2032"
"320107","2032-02-07","Saturday","6","2","7","2032"
"320108","2032-02-08","Sunday","6","2","8","2032"
"320109","2032-02-09","Monday","7","2","9","2032"
"320110","2032-02-10","Tuesday","7","2","10","2032"
"320111","2032-02-11","Wednesday","7","2","11","2032"
"320112","2032-02-12","Thursday","7","2","12","2032"
"320113","2032-02-13","Friday","7","2","13","2032"
"320114","2032-02-14","Saturday","7","2","14","2032"
"320115","2032-02-15","Sunday","7","2","15","2032"
"320116","2032-02-16","Monday","8","2","16","2032"
"320117","2032-02-17","Tuesday","8","2","17","2032"
"320118","2032-02-18","Wednesday","8","2","18","2032"
"320119","2032-02-19","Thursday","8","2","19","2032"
"320120","2032-02-20","Friday","8","2","20","2032"
"320121","2032-02-21","Saturday","8","2","21","2032"
"320122","2032-02-22","Sunday","8","2","22","2032"
"320123","2032-02-23","Monday","9","2","23","2032"
"320124","2032-02-24","Tuesday","9","2","24","2032"
"320125","2032-02-25","Wednesday","9","2","25","2032"
"320126","2032-02-26","Thursday","9","2","26","2032"
"320127","2032-02-27","Friday","9","2","27","2032"
"320128","2032-02-28","Saturday","9","2","28","2032"
"320129","2032-02-29","Sunday","9","2","29","2032"
"320201","2032-03-01","Monday","10","3","1","2032"
"320202","2032-03-02","Tuesday","10","3","2","2032"
"320203","2032-03-03","Wednesday","10","3","3","2032"
"320204","2032-03-04","Thursday","10","3","4","2032"
"320205","2032-03-05","Friday","10","3","5","2032"
"320206","2032-03-06","Saturday","10","3","6","2032"
"320207","2032-03-07","Sunday","10","3","7","2032"
"320208","2032-03-08","Monday","11","3","8","2032"
"320209","2032-03-09","Tuesday","11","3","9","2032"
"320210","2032-03-10","Wednesday","11","3","10","2032"
"320211","2032-03-11","Thursday","11","3","11","2032"
"320212","2032-03-12","Friday","11","3","12","2032"
"320213","2032-03-13","Saturday","11","3","13","2032"
"320214","2032-03-14","Sunday","11","3","14","2032"
"320215","2032-03-15","Monday","12","3","15","2032"
"320216","2032-03-16","Tuesday","12","3","16","2032"
"320217","2032-03-17","Wednesday","12","3","17","2032"
"320218","2032-03-18","Thursday","12","3","18","2032"
"320219","2032-03-19","Friday","12","3","19","2032"
"320220","2032-03-20","Saturday","12","3","20","2032"
"320221","2032-03-21","Sunday","12","3","21","2032"
"320222","2032-03-22","Monday","13","3","22","2032"
"320223","2032-03-23","Tuesday","13","3","23","2032"
"320224","2032-03-24","Wednesday","13","3","24","2032"
"320225","2032-03-25","Thursday","13","3","25","2032"
"320226","2032-03-26","Friday","13","3","26","2032"
"320227","2032-03-27","Saturday","13","3","27","2032"
"320228","2032-03-28","Sunday","13","3","28","2032"
"320229","2032-03-29","Monday","14","3","29","2032"
"320230","2032-03-30","Tuesday","14","3","30","2032"
"320231","2032-03-31","Wednesday","14","3","31","2032"
"320301","2032-04-01","Thursday","14","4","1","2032"
"320302","2032-04-02","Friday","14","4","2","2032"
"320303","2032-04-03","Saturday","14","4","3","2032"
"320304","2032-04-04","Sunday","14","4","4","2032"
"320305","2032-04-05","Monday","15","4","5","2032"
"320306","2032-04-06","Tuesday","15","4","6","2032"
"320307","2032-04-07","Wednesday","15","4","7","2032"
"320308","2032-04-08","Thursday","15","4","8","2032"
"320309","2032-04-09","Friday","15","4","9","2032"
"320310","2032-04-10","Saturday","15","4","10","2032"
"320311","2032-04-11","Sunday","15","4","11","2032"
"320312","2032-04-12","Monday","16","4","12","2032"
"320313","2032-04-13","Tuesday","16","4","13","2032"
"320314","2032-04-14","Wednesday","16","4","14","2032"
"320315","2032-04-15","Thursday","16","4","15","2032"
"320316","2032-04-16","Friday","16","4","16","2032"
"320317","2032-04-17","Saturday","16","4","17","2032"
"320318","2032-04-18","Sunday","16","4","18","2032"
"320319","2032-04-19","Monday","17","4","19","2032"
"320320","2032-04-20","Tuesday","17","4","20","2032"
"320321","2032-04-21","Wednesday","17","4","21","2032"
"320322","2032-04-22","Thursday","17","4","22","2032"
"320323","2032-04-23","Friday","17","4","23","2032"
"320324","2032-04-24","Saturday","17","4","24","2032"
"320325","2032-04-25","Sunday","17","4","25","2032"
"320326","2032-04-26","Monday","18","4","26","2032"
"320327","2032-04-27","Tuesday","18","4","27","2032"
"320328","2032-04-28","Wednesday","18","4","28","2032"
"320329","2032-04-29","Thursday","18","4","29","2032"
"320330","2032-04-30","Friday","18","4","30","2032"
"320401","2032-05-01","Saturday","18","5","1","2032"
"320402","2032-05-02","Sunday","18","5","2","2032"
"320403","2032-05-03","Monday","19","5","3","2032"
"320404","2032-05-04","Tuesday","19","5","4","2032"
"320405","2032-05-05","Wednesday","19","5","5","2032"
"320406","2032-05-06","Thursday","19","5","6","2032"
"320407","2032-05-07","Friday","19","5","7","2032"
"320408","2032-05-08","Saturday","19","5","8","2032"
"320409","2032-05-09","Sunday","19","5","9","2032"
"320410","2032-05-10","Monday","20","5","10","2032"
"320411","2032-05-11","Tuesday","20","5","11","2032"
"320412","2032-05-12","Wednesday","20","5","12","2032"
"320413","2032-05-13","Thursday","20","5","13","2032"
"320414","2032-05-14","Friday","20","5","14","2032"
"320415","2032-05-15","Saturday","20","5","15","2032"
"320416","2032-05-16","Sunday","20","5","16","2032"
"320417","2032-05-17","Monday","21","5","17","2032"
"320418","2032-05-18","Tuesday","21","5","18","2032"
"320419","2032-05-19","Wednesday","21","5","19","2032"
"320420","2032-05-20","Thursday","21","5","20","2032"
"320421","2032-05-21","Friday","21","5","21","2032"
"320422","2032-05-22","Saturday","21","5","22","2032"
"320423","2032-05-23","Sunday","21","5","23","2032"
"320424","2032-05-24","Monday","22","5","24","2032"
"320425","2032-05-25","Tuesday","22","5","25","2032"
"320426","2032-05-26","Wednesday","22","5","26","2032"
"320427","2032-05-27","Thursday","22","5","27","2032"
"320428","2032-05-28","Friday","22","5","28","2032"
"320429","2032-05-29","Saturday","22","5","29","2032"
"320430","2032-05-30","Sunday","22","5","30","2032"
"320431","2032-05-31","Monday","23","5","31","2032"
"320501","2032-06-01","Tuesday","23","6","1","2032"
"320502","2032-06-02","Wednesday","23","6","2","2032"
"320503","2032-06-03","Thursday","23","6","3","2032"
"320504","2032-06-04","Friday","23","6","4","2032"
"320505","2032-06-05","Saturday","23","6","5","2032"
"320506","2032-06-06","Sunday","23","6","6","2032"
"320507","2032-06-07","Monday","24","6","7","2032"
"320508","2032-06-08","Tuesday","24","6","8","2032"
"320509","2032-06-09","Wednesday","24","6","9","2032"
"320510","2032-06-10","Thursday","24","6","10","2032"
"320511","2032-06-11","Friday","24","6","11","2032"
"320512","2032-06-12","Saturday","24","6","12","2032"
"320513","2032-06-13","Sunday","24","6","13","2032"
"320514","2032-06-14","Monday","25","6","14","2032"
"320515","2032-06-15","Tuesday","25","6","15","2032"
"320516","2032-06-16","Wednesday","25","6","16","2032"
"320517","2032-06-17","Thursday","25","6","17","2032"
"320518","2032-06-18","Friday","25","6","18","2032"
"320519","2032-06-19","Saturday","25","6","19","2032"
"320520","2032-06-20","Sunday","25","6","20","2032"
"320521","2032-06-21","Monday","26","6","21","2032"
"320522","2032-06-22","Tuesday","26","6","22","2032"
"320523","2032-06-23","Wednesday","26","6","23","2032"
"320524","2032-06-24","Thursday","26","6","24","2032"
"320525","2032-06-25","Friday","26","6","25","2032"
"320526","2032-06-26","Saturday","26","6","26","2032"
"320527","2032-06-27","Sunday","26","6","27","2032"
"320528","2032-06-28","Monday","27","6","28","2032"
"320529","2032-06-29","Tuesday","27","6","29","2032"
"320530","2032-06-30","Wednesday","27","6","30","2032"
"320601","2032-07-01","Thursday","27","7","1","2032"
"320602","2032-07-02","Friday","27","7","2","2032"
"320603","2032-07-03","Saturday","27","7","3","2032"
"320604","2032-07-04","Sunday","27","7","4","2032"
"320605","2032-07-05","Monday","28","7","5","2032"
"320606","2032-07-06","Tuesday","28","7","6","2032"
"320607","2032-07-07","Wednesday","28","7","7","2032"
"320608","2032-07-08","Thursday","28","7","8","2032"
"320609","2032-07-09","Friday","28","7","9","2032"
"320610","2032-07-10","Saturday","28","7","10","2032"
"320611","2032-07-11","Sunday","28","7","11","2032"
"320612","2032-07-12","Monday","29","7","12","2032"
"320613","2032-07-13","Tuesday","29","7","13","2032"
"320614","2032-07-14","Wednesday","29","7","14","2032"
"320615","2032-07-15","Thursday","29","7","15","2032"
"320616","2032-07-16","Friday","29","7","16","2032"
"320617","2032-07-17","Saturday","29","7","17","2032"
"320618","2032-07-18","Sunday","29","7","18","2032"
"320619","2032-07-19","Monday","30","7","19","2032"
"320620","2032-07-20","Tuesday","30","7","20","2032"
"320621","2032-07-21","Wednesday","30","7","21","2032"
"320622","2032-07-22","Thursday","30","7","22","2032"
"320623","2032-07-23","Friday","30","7","23","2032"
"320624","2032-07-24","Saturday","30","7","24","2032"
"320625","2032-07-25","Sunday","30","7","25","2032"
"320626","2032-07-26","Monday","31","7","26","2032"
"320627","2032-07-27","Tuesday","31","7","27","2032"
"320628","2032-07-28","Wednesday","31","7","28","2032"
"320629","2032-07-29","Thursday","31","7","29","2032"
"320630","2032-07-30","Friday","31","7","30","2032"
"320631","2032-07-31","Saturday","31","7","31","2032"
"320701","2032-08-01","Sunday","31","8","1","2032"
"320702","2032-08-02","Monday","32","8","2","2032"
"320703","2032-08-03","Tuesday","32","8","3","2032"
"320704","2032-08-04","Wednesday","32","8","4","2032"
"320705","2032-08-05","Thursday","32","8","5","2032"
"320706","2032-08-06","Friday","32","8","6","2032"
"320707","2032-08-07","Saturday","32","8","7","2032"
"320708","2032-08-08","Sunday","32","8","8","2032"
"320709","2032-08-09","Monday","33","8","9","2032"
"320710","2032-08-10","Tuesday","33","8","10","2032"
"320711","2032-08-11","Wednesday","33","8","11","2032"
"320712","2032-08-12","Thursday","33","8","12","2032"
"320713","2032-08-13","Friday","33","8","13","2032"
"320714","2032-08-14","Saturday","33","8","14","2032"
"320715","2032-08-15","Sunday","33","8","15","2032"
"320716","2032-08-16","Monday","34","8","16","2032"
"320717","2032-08-17","Tuesday","34","8","17","2032"
"320718","2032-08-18","Wednesday","34","8","18","2032"
"320719","2032-08-19","Thursday","34","8","19","2032"
"320720","2032-08-20","Friday","34","8","20","2032"
"320721","2032-08-21","Saturday","34","8","21","2032"
"320722","2032-08-22","Sunday","34","8","22","2032"
"320723","2032-08-23","Monday","35","8","23","2032"
"320724","2032-08-24","Tuesday","35","8","24","2032"
"320725","2032-08-25","Wednesday","35","8","25","2032"
"320726","2032-08-26","Thursday","35","8","26","2032"
"320727","2032-08-27","Friday","35","8","27","2032"
"320728","2032-08-28","Saturday","35","8","28","2032"
"320729","2032-08-29","Sunday","35","8","29","2032"
"320730","2032-08-30","Monday","36","8","30","2032"
"320731","2032-08-31","Tuesday","36","8","31","2032"
"320801","2032-09-01","Wednesday","36","9","1","2032"
"320802","2032-09-02","Thursday","36","9","2","2032"
"320803","2032-09-03","Friday","36","9","3","2032"
"320804","2032-09-04","Saturday","36","9","4","2032"
"320805","2032-09-05","Sunday","36","9","5","2032"
"320806","2032-09-06","Monday","37","9","6","2032"
"320807","2032-09-07","Tuesday","37","9","7","2032"
"320808","2032-09-08","Wednesday","37","9","8","2032"
"320809","2032-09-09","Thursday","37","9","9","2032"
"320810","2032-09-10","Friday","37","9","10","2032"
"320811","2032-09-11","Saturday","37","9","11","2032"
"320812","2032-09-12","Sunday","37","9","12","2032"
"320813","2032-09-13","Monday","38","9","13","2032"
"320814","2032-09-14","Tuesday","38","9","14","2032"
"320815","2032-09-15","Wednesday","38","9","15","2032"
"320816","2032-09-16","Thursday","38","9","16","2032"
"320817","2032-09-17","Friday","38","9","17","2032"
"320818","2032-09-18","Saturday","38","9","18","2032"
"320819","2032-09-19","Sunday","38","9","19","2032"
"320820","2032-09-20","Monday","39","9","20","2032"
"320821","2032-09-21","Tuesday","39","9","21","2032"
"320822","2032-09-22","Wednesday","39","9","22","2032"
"320823","2032-09-23","Thursday","39","9","23","2032"
"320824","2032-09-24","Friday","39","9","24","2032"
"320825","2032-09-25","Saturday","39","9","25","2032"
"320826","2032-09-26","Sunday","39","9","26","2032"
"320827","2032-09-27","Monday","40","9","27","2032"
"320828","2032-09-28","Tuesday","40","9","28","2032"
"320829","2032-09-29","Wednesday","40","9","29","2032"
"320830","2032-09-30","Thursday","40","9","30","2032"
"320901","2032-10-01","Friday","40","10","1","2032"
"320902","2032-10-02","Saturday","40","10","2","2032"
"320903","2032-10-03","Sunday","40","10","3","2032"
"320904","2032-10-04","Monday","41","10","4","2032"
"320905","2032-10-05","Tuesday","41","10","5","2032"
"320906","2032-10-06","Wednesday","41","10","6","2032"
"320907","2032-10-07","Thursday","41","10","7","2032"
"320908","2032-10-08","Friday","41","10","8","2032"
"320909","2032-10-09","Saturday","41","10","9","2032"
"320910","2032-10-10","Sunday","41","10","10","2032"
"320911","2032-10-11","Monday","42","10","11","2032"
"320912","2032-10-12","Tuesday","42","10","12","2032"
"320913","2032-10-13","Wednesday","42","10","13","2032"
"320914","2032-10-14","Thursday","42","10","14","2032"
"320915","2032-10-15","Friday","42","10","15","2032"
"320916","2032-10-16","Saturday","42","10","16","2032"
"320917","2032-10-17","Sunday","42","10","17","2032"
"320918","2032-10-18","Monday","43","10","18","2032"
"320919","2032-10-19","Tuesday","43","10","19","2032"
"320920","2032-10-20","Wednesday","43","10","20","2032"
"320921","2032-10-21","Thursday","43","10","21","2032"
"320922","2032-10-22","Friday","43","10","22","2032"
"320923","2032-10-23","Saturday","43","10","23","2032"
"320924","2032-10-24","Sunday","43","10","24","2032"
"320925","2032-10-25","Monday","44","10","25","2032"
"320926","2032-10-26","Tuesday","44","10","26","2032"
"320927","2032-10-27","Wednesday","44","10","27","2032"
"320928","2032-10-28","Thursday","44","10","28","2032"
"320929","2032-10-29","Friday","44","10","29","2032"
"320930","2032-10-30","Saturday","44","10","30","2032"
"320931","2032-10-31","Sunday","44","10","31","2032"
"321001","2032-11-01","Monday","45","11","1","2032"
"321002","2032-11-02","Tuesday","45","11","2","2032"
"321003","2032-11-03","Wednesday","45","11","3","2032"
"321004","2032-11-04","Thursday","45","11","4","2032"
"321005","2032-11-05","Friday","45","11","5","2032"
"321006","2032-11-06","Saturday","45","11","6","2032"
"321007","2032-11-07","Sunday","45","11","7","2032"
"321008","2032-11-08","Monday","46","11","8","2032"
"321009","2032-11-09","Tuesday","46","11","9","2032"
"321010","2032-11-10","Wednesday","46","11","10","2032"
"321011","2032-11-11","Thursday","46","11","11","2032"
"321012","2032-11-12","Friday","46","11","12","2032"
"321013","2032-11-13","Saturday","46","11","13","2032"
"321014","2032-11-14","Sunday","46","11","14","2032"
"321015","2032-11-15","Monday","47","11","15","2032"
"321016","2032-11-16","Tuesday","47","11","16","2032"
"321017","2032-11-17","Wednesday","47","11","17","2032"
"321018","2032-11-18","Thursday","47","11","18","2032"
"321019","2032-11-19","Friday","47","11","19","2032"
"321020","2032-11-20","Saturday","47","11","20","2032"
"321021","2032-11-21","Sunday","47","11","21","2032"
"321022","2032-11-22","Monday","48","11","22","2032"
"321023","2032-11-23","Tuesday","48","11","23","2032"
"321024","2032-11-24","Wednesday","48","11","24","2032"
"321025","2032-11-25","Thursday","48","11","25","2032"
"321026","2032-11-26","Friday","48","11","26","2032"
"321027","2032-11-27","Saturday","48","11","27","2032"
"321028","2032-11-28","Sunday","48","11","28","2032"
"321029","2032-11-29","Monday","49","11","29","2032"
"321030","2032-11-30","Tuesday","49","11","30","2032"
"321101","2032-12-01","Wednesday","49","12","1","2032"
"321102","2032-12-02","Thursday","49","12","2","2032"
"321103","2032-12-03","Friday","49","12","3","2032"
"321104","2032-12-04","Saturday","49","12","4","2032"
"321105","2032-12-05","Sunday","49","12","5","2032"
"321106","2032-12-06","Monday","50","12","6","2032"
"321107","2032-12-07","Tuesday","50","12","7","2032"
"321108","2032-12-08","Wednesday","50","12","8","2032"
"321109","2032-12-09","Thursday","50","12","9","2032"
"321110","2032-12-10","Friday","50","12","10","2032"
"321111","2032-12-11","Saturday","50","12","11","2032"
"321112","2032-12-12","Sunday","50","12","12","2032"
"321113","2032-12-13","Monday","51","12","13","2032"
"321114","2032-12-14","Tuesday","51","12","14","2032"
"321115","2032-12-15","Wednesday","51","12","15","2032"
"321116","2032-12-16","Thursday","51","12","16","2032"
"321117","2032-12-17","Friday","51","12","17","2032"
"321118","2032-12-18","Saturday","51","12","18","2032"
"321119","2032-12-19","Sunday","51","12","19","2032"
"321120","2032-12-20","Monday","52","12","20","2032"
"321121","2032-12-21","Tuesday","52","12","21","2032"
"321122","2032-12-22","Wednesday","52","12","22","2032"
"321123","2032-12-23","Thursday","52","12","23","2032"
"321124","2032-12-24","Friday","52","12","24","2032"
"321125","2032-12-25","Saturday","52","12","25","2032"
"321126","2032-12-26","Sunday","52","12","26","2032"
"321127","2032-12-27","Monday","53","12","27","2032"
"321128","2032-12-28","Tuesday","53","12","28","2032"
"321129","2032-12-29","Wednesday","53","12","29","2032"
"321130","2032-12-30","Thursday","53","12","30","2032"
"321131","2032-12-31","Friday","53","12","31","2032"
"330001","2033-01-01","Saturday","53","1","1","2033"
"330002","2033-01-02","Sunday","53","1","2","2033"
"330003","2033-01-03","Monday","1","1","3","2033"
"330004","2033-01-04","Tuesday","1","1","4","2033"
"330005","2033-01-05","Wednesday","1","1","5","2033"
"330006","2033-01-06","Thursday","1","1","6","2033"
"330007","2033-01-07","Friday","1","1","7","2033"
"330008","2033-01-08","Saturday","1","1","8","2033"
"330009","2033-01-09","Sunday","1","1","9","2033"
"330010","2033-01-10","Monday","2","1","10","2033"
"330011","2033-01-11","Tuesday","2","1","11","2033"
"330012","2033-01-12","Wednesday","2","1","12","2033"
"330013","2033-01-13","Thursday","2","1","13","2033"
"330014","2033-01-14","Friday","2","1","14","2033"
"330015","2033-01-15","Saturday","2","1","15","2033"
"330016","2033-01-16","Sunday","2","1","16","2033"
"330017","2033-01-17","Monday","3","1","17","2033"
"330018","2033-01-18","Tuesday","3","1","18","2033"
"330019","2033-01-19","Wednesday","3","1","19","2033"
"330020","2033-01-20","Thursday","3","1","20","2033"
"330021","2033-01-21","Friday","3","1","21","2033"
"330022","2033-01-22","Saturday","3","1","22","2033"
"330023","2033-01-23","Sunday","3","1","23","2033"
"330024","2033-01-24","Monday","4","1","24","2033"
"330025","2033-01-25","Tuesday","4","1","25","2033"
"330026","2033-01-26","Wednesday","4","1","26","2033"
"330027","2033-01-27","Thursday","4","1","27","2033"
"330028","2033-01-28","Friday","4","1","28","2033"
"330029","2033-01-29","Saturday","4","1","29","2033"
"330030","2033-01-30","Sunday","4","1","30","2033"
"330031","2033-01-31","Monday","5","1","31","2033"
"330101","2033-02-01","Tuesday","5","2","1","2033"
"330102","2033-02-02","Wednesday","5","2","2","2033"
"330103","2033-02-03","Thursday","5","2","3","2033"
"330104","2033-02-04","Friday","5","2","4","2033"
"330105","2033-02-05","Saturday","5","2","5","2033"
"330106","2033-02-06","Sunday","5","2","6","2033"
"330107","2033-02-07","Monday","6","2","7","2033"
"330108","2033-02-08","Tuesday","6","2","8","2033"
"330109","2033-02-09","Wednesday","6","2","9","2033"
"330110","2033-02-10","Thursday","6","2","10","2033"
"330111","2033-02-11","Friday","6","2","11","2033"
"330112","2033-02-12","Saturday","6","2","12","2033"
"330113","2033-02-13","Sunday","6","2","13","2033"
"330114","2033-02-14","Monday","7","2","14","2033"
"330115","2033-02-15","Tuesday","7","2","15","2033"
"330116","2033-02-16","Wednesday","7","2","16","2033"
"330117","2033-02-17","Thursday","7","2","17","2033"
"330118","2033-02-18","Friday","7","2","18","2033"
"330119","2033-02-19","Saturday","7","2","19","2033"
"330120","2033-02-20","Sunday","7","2","20","2033"
"330121","2033-02-21","Monday","8","2","21","2033"
"330122","2033-02-22","Tuesday","8","2","22","2033"
"330123","2033-02-23","Wednesday","8","2","23","2033"
"330124","2033-02-24","Thursday","8","2","24","2033"
"330125","2033-02-25","Friday","8","2","25","2033"
"330126","2033-02-26","Saturday","8","2","26","2033"
"330127","2033-02-27","Sunday","8","2","27","2033"
"330128","2033-02-28","Monday","9","2","28","2033"
"330201","2033-03-01","Tuesday","9","3","1","2033"
"330202","2033-03-02","Wednesday","9","3","2","2033"
"330203","2033-03-03","Thursday","9","3","3","2033"
"330204","2033-03-04","Friday","9","3","4","2033"
"330205","2033-03-05","Saturday","9","3","5","2033"
"330206","2033-03-06","Sunday","9","3","6","2033"
"330207","2033-03-07","Monday","10","3","7","2033"
"330208","2033-03-08","Tuesday","10","3","8","2033"
"330209","2033-03-09","Wednesday","10","3","9","2033"
"330210","2033-03-10","Thursday","10","3","10","2033"
"330211","2033-03-11","Friday","10","3","11","2033"
"330212","2033-03-12","Saturday","10","3","12","2033"
"330213","2033-03-13","Sunday","10","3","13","2033"
"330214","2033-03-14","Monday","11","3","14","2033"
"330215","2033-03-15","Tuesday","11","3","15","2033"
"330216","2033-03-16","Wednesday","11","3","16","2033"
"330217","2033-03-17","Thursday","11","3","17","2033"
"330218","2033-03-18","Friday","11","3","18","2033"
"330219","2033-03-19","Saturday","11","3","19","2033"
"330220","2033-03-20","Sunday","11","3","20","2033"
"330221","2033-03-21","Monday","12","3","21","2033"
"330222","2033-03-22","Tuesday","12","3","22","2033"
"330223","2033-03-23","Wednesday","12","3","23","2033"
"330224","2033-03-24","Thursday","12","3","24","2033"
"330225","2033-03-25","Friday","12","3","25","2033"
"330226","2033-03-26","Saturday","12","3","26","2033"
"330227","2033-03-27","Sunday","12","3","27","2033"
"330228","2033-03-28","Monday","13","3","28","2033"
"330229","2033-03-29","Tuesday","13","3","29","2033"
"330230","2033-03-30","Wednesday","13","3","30","2033"
"330231","2033-03-31","Thursday","13","3","31","2033"
"330301","2033-04-01","Friday","13","4","1","2033"
"330302","2033-04-02","Saturday","13","4","2","2033"
"330303","2033-04-03","Sunday","13","4","3","2033"
"330304","2033-04-04","Monday","14","4","4","2033"
"330305","2033-04-05","Tuesday","14","4","5","2033"
"330306","2033-04-06","Wednesday","14","4","6","2033"
"330307","2033-04-07","Thursday","14","4","7","2033"
"330308","2033-04-08","Friday","14","4","8","2033"
"330309","2033-04-09","Saturday","14","4","9","2033"
"330310","2033-04-10","Sunday","14","4","10","2033"
"330311","2033-04-11","Monday","15","4","11","2033"
"330312","2033-04-12","Tuesday","15","4","12","2033"
"330313","2033-04-13","Wednesday","15","4","13","2033"
"330314","2033-04-14","Thursday","15","4","14","2033"
"330315","2033-04-15","Friday","15","4","15","2033"
"330316","2033-04-16","Saturday","15","4","16","2033"
"330317","2033-04-17","Sunday","15","4","17","2033"
"330318","2033-04-18","Monday","16","4","18","2033"
"330319","2033-04-19","Tuesday","16","4","19","2033"
"330320","2033-04-20","Wednesday","16","4","20","2033"
"330321","2033-04-21","Thursday","16","4","21","2033"
"330322","2033-04-22","Friday","16","4","22","2033"
"330323","2033-04-23","Saturday","16","4","23","2033"
"330324","2033-04-24","Sunday","16","4","24","2033"
"330325","2033-04-25","Monday","17","4","25","2033"
"330326","2033-04-26","Tuesday","17","4","26","2033"
"330327","2033-04-27","Wednesday","17","4","27","2033"
"330328","2033-04-28","Thursday","17","4","28","2033"
"330329","2033-04-29","Friday","17","4","29","2033"
"330330","2033-04-30","Saturday","17","4","30","2033"
"330401","2033-05-01","Sunday","17","5","1","2033"
"330402","2033-05-02","Monday","18","5","2","2033"
"330403","2033-05-03","Tuesday","18","5","3","2033"
"330404","2033-05-04","Wednesday","18","5","4","2033"
"330405","2033-05-05","Thursday","18","5","5","2033"
"330406","2033-05-06","Friday","18","5","6","2033"
"330407","2033-05-07","Saturday","18","5","7","2033"
"330408","2033-05-08","Sunday","18","5","8","2033"
"330409","2033-05-09","Monday","19","5","9","2033"
"330410","2033-05-10","Tuesday","19","5","10","2033"
"330411","2033-05-11","Wednesday","19","5","11","2033"
"330412","2033-05-12","Thursday","19","5","12","2033"
"330413","2033-05-13","Friday","19","5","13","2033"
"330414","2033-05-14","Saturday","19","5","14","2033"
"330415","2033-05-15","Sunday","19","5","15","2033"
"330416","2033-05-16","Monday","20","5","16","2033"
"330417","2033-05-17","Tuesday","20","5","17","2033"
"330418","2033-05-18","Wednesday","20","5","18","2033"
"330419","2033-05-19","Thursday","20","5","19","2033"
"330420","2033-05-20","Friday","20","5","20","2033"
"330421","2033-05-21","Saturday","20","5","21","2033"
"330422","2033-05-22","Sunday","20","5","22","2033"
"330423","2033-05-23","Monday","21","5","23","2033"
"330424","2033-05-24","Tuesday","21","5","24","2033"
"330425","2033-05-25","Wednesday","21","5","25","2033"
"330426","2033-05-26","Thursday","21","5","26","2033"
"330427","2033-05-27","Friday","21","5","27","2033"
"330428","2033-05-28","Saturday","21","5","28","2033"
"330429","2033-05-29","Sunday","21","5","29","2033"
"330430","2033-05-30","Monday","22","5","30","2033"
"330431","2033-05-31","Tuesday","22","5","31","2033"
"330501","2033-06-01","Wednesday","22","6","1","2033"
"330502","2033-06-02","Thursday","22","6","2","2033"
"330503","2033-06-03","Friday","22","6","3","2033"
"330504","2033-06-04","Saturday","22","6","4","2033"
"330505","2033-06-05","Sunday","22","6","5","2033"
"330506","2033-06-06","Monday","23","6","6","2033"
"330507","2033-06-07","Tuesday","23","6","7","2033"
"330508","2033-06-08","Wednesday","23","6","8","2033"
"330509","2033-06-09","Thursday","23","6","9","2033"
"330510","2033-06-10","Friday","23","6","10","2033"
"330511","2033-06-11","Saturday","23","6","11","2033"
"330512","2033-06-12","Sunday","23","6","12","2033"
"330513","2033-06-13","Monday","24","6","13","2033"
"330514","2033-06-14","Tuesday","24","6","14","2033"
"330515","2033-06-15","Wednesday","24","6","15","2033"
"330516","2033-06-16","Thursday","24","6","16","2033"
"330517","2033-06-17","Friday","24","6","17","2033"
"330518","2033-06-18","Saturday","24","6","18","2033"
"330519","2033-06-19","Sunday","24","6","19","2033"
"330520","2033-06-20","Monday","25","6","20","2033"
"330521","2033-06-21","Tuesday","25","6","21","2033"
"330522","2033-06-22","Wednesday","25","6","22","2033"
"330523","2033-06-23","Thursday","25","6","23","2033"
"330524","2033-06-24","Friday","25","6","24","2033"
"330525","2033-06-25","Saturday","25","6","25","2033"
"330526","2033-06-26","Sunday","25","6","26","2033"
"330527","2033-06-27","Monday","26","6","27","2033"
"330528","2033-06-28","Tuesday","26","6","28","2033"
"330529","2033-06-29","Wednesday","26","6","29","2033"
"330530","2033-06-30","Thursday","26","6","30","2033"
"330601","2033-07-01","Friday","26","7","1","2033"
"330602","2033-07-02","Saturday","26","7","2","2033"
"330603","2033-07-03","Sunday","26","7","3","2033"
"330604","2033-07-04","Monday","27","7","4","2033"
"330605","2033-07-05","Tuesday","27","7","5","2033"
"330606","2033-07-06","Wednesday","27","7","6","2033"
"330607","2033-07-07","Thursday","27","7","7","2033"
"330608","2033-07-08","Friday","27","7","8","2033"
"330609","2033-07-09","Saturday","27","7","9","2033"
"330610","2033-07-10","Sunday","27","7","10","2033"
"330611","2033-07-11","Monday","28","7","11","2033"
"330612","2033-07-12","Tuesday","28","7","12","2033"
"330613","2033-07-13","Wednesday","28","7","13","2033"
"330614","2033-07-14","Thursday","28","7","14","2033"
"330615","2033-07-15","Friday","28","7","15","2033"
"330616","2033-07-16","Saturday","28","7","16","2033"
"330617","2033-07-17","Sunday","28","7","17","2033"
"330618","2033-07-18","Monday","29","7","18","2033"
"330619","2033-07-19","Tuesday","29","7","19","2033"
"330620","2033-07-20","Wednesday","29","7","20","2033"
"330621","2033-07-21","Thursday","29","7","21","2033"
"330622","2033-07-22","Friday","29","7","22","2033"
"330623","2033-07-23","Saturday","29","7","23","2033"
"330624","2033-07-24","Sunday","29","7","24","2033"
"330625","2033-07-25","Monday","30","7","25","2033"
"330626","2033-07-26","Tuesday","30","7","26","2033"
"330627","2033-07-27","Wednesday","30","7","27","2033"
"330628","2033-07-28","Thursday","30","7","28","2033"
"330629","2033-07-29","Friday","30","7","29","2033"
"330630","2033-07-30","Saturday","30","7","30","2033"
"330631","2033-07-31","Sunday","30","7","31","2033"
"330701","2033-08-01","Monday","31","8","1","2033"
"330702","2033-08-02","Tuesday","31","8","2","2033"
"330703","2033-08-03","Wednesday","31","8","3","2033"
"330704","2033-08-04","Thursday","31","8","4","2033"
"330705","2033-08-05","Friday","31","8","5","2033"
"330706","2033-08-06","Saturday","31","8","6","2033"
"330707","2033-08-07","Sunday","31","8","7","2033"
"330708","2033-08-08","Monday","32","8","8","2033"
"330709","2033-08-09","Tuesday","32","8","9","2033"
"330710","2033-08-10","Wednesday","32","8","10","2033"
"330711","2033-08-11","Thursday","32","8","11","2033"
"330712","2033-08-12","Friday","32","8","12","2033"
"330713","2033-08-13","Saturday","32","8","13","2033"
"330714","2033-08-14","Sunday","32","8","14","2033"
"330715","2033-08-15","Monday","33","8","15","2033"
"330716","2033-08-16","Tuesday","33","8","16","2033"
"330717","2033-08-17","Wednesday","33","8","17","2033"
"330718","2033-08-18","Thursday","33","8","18","2033"
"330719","2033-08-19","Friday","33","8","19","2033"
"330720","2033-08-20","Saturday","33","8","20","2033"
"330721","2033-08-21","Sunday","33","8","21","2033"
"330722","2033-08-22","Monday","34","8","22","2033"
"330723","2033-08-23","Tuesday","34","8","23","2033"
"330724","2033-08-24","Wednesday","34","8","24","2033"
"330725","2033-08-25","Thursday","34","8","25","2033"
"330726","2033-08-26","Friday","34","8","26","2033"
"330727","2033-08-27","Saturday","34","8","27","2033"
"330728","2033-08-28","Sunday","34","8","28","2033"
"330729","2033-08-29","Monday","35","8","29","2033"
"330730","2033-08-30","Tuesday","35","8","30","2033"
"330731","2033-08-31","Wednesday","35","8","31","2033"
"330801","2033-09-01","Thursday","35","9","1","2033"
"330802","2033-09-02","Friday","35","9","2","2033"
"330803","2033-09-03","Saturday","35","9","3","2033"
"330804","2033-09-04","Sunday","35","9","4","2033"
"330805","2033-09-05","Monday","36","9","5","2033"
"330806","2033-09-06","Tuesday","36","9","6","2033"
"330807","2033-09-07","Wednesday","36","9","7","2033"
"330808","2033-09-08","Thursday","36","9","8","2033"
"330809","2033-09-09","Friday","36","9","9","2033"
"330810","2033-09-10","Saturday","36","9","10","2033"
"330811","2033-09-11","Sunday","36","9","11","2033"
"330812","2033-09-12","Monday","37","9","12","2033"
"330813","2033-09-13","Tuesday","37","9","13","2033"
"330814","2033-09-14","Wednesday","37","9","14","2033"
"330815","2033-09-15","Thursday","37","9","15","2033"
"330816","2033-09-16","Friday","37","9","16","2033"
"330817","2033-09-17","Saturday","37","9","17","2033"
"330818","2033-09-18","Sunday","37","9","18","2033"
"330819","2033-09-19","Monday","38","9","19","2033"
"330820","2033-09-20","Tuesday","38","9","20","2033"
"330821","2033-09-21","Wednesday","38","9","21","2033"
"330822","2033-09-22","Thursday","38","9","22","2033"
"330823","2033-09-23","Friday","38","9","23","2033"
"330824","2033-09-24","Saturday","38","9","24","2033"
"330825","2033-09-25","Sunday","38","9","25","2033"
"330826","2033-09-26","Monday","39","9","26","2033"
"330827","2033-09-27","Tuesday","39","9","27","2033"
"330828","2033-09-28","Wednesday","39","9","28","2033"
"330829","2033-09-29","Thursday","39","9","29","2033"
"330830","2033-09-30","Friday","39","9","30","2033"
"330901","2033-10-01","Saturday","39","10","1","2033"
"330902","2033-10-02","Sunday","39","10","2","2033"
"330903","2033-10-03","Monday","40","10","3","2033"
"330904","2033-10-04","Tuesday","40","10","4","2033"
"330905","2033-10-05","Wednesday","40","10","5","2033"
"330906","2033-10-06","Thursday","40","10","6","2033"
"330907","2033-10-07","Friday","40","10","7","2033"
"330908","2033-10-08","Saturday","40","10","8","2033"
"330909","2033-10-09","Sunday","40","10","9","2033"
"330910","2033-10-10","Monday","41","10","10","2033"
"330911","2033-10-11","Tuesday","41","10","11","2033"
"330912","2033-10-12","Wednesday","41","10","12","2033"
"330913","2033-10-13","Thursday","41","10","13","2033"
"330914","2033-10-14","Friday","41","10","14","2033"
"330915","2033-10-15","Saturday","41","10","15","2033"
"330916","2033-10-16","Sunday","41","10","16","2033"
"330917","2033-10-17","Monday","42","10","17","2033"
"330918","2033-10-18","Tuesday","42","10","18","2033"
"330919","2033-10-19","Wednesday","42","10","19","2033"
"330920","2033-10-20","Thursday","42","10","20","2033"
"330921","2033-10-21","Friday","42","10","21","2033"
"330922","2033-10-22","Saturday","42","10","22","2033"
"330923","2033-10-23","Sunday","42","10","23","2033"
"330924","2033-10-24","Monday","43","10","24","2033"
"330925","2033-10-25","Tuesday","43","10","25","2033"
"330926","2033-10-26","Wednesday","43","10","26","2033"
"330927","2033-10-27","Thursday","43","10","27","2033"
"330928","2033-10-28","Friday","43","10","28","2033"
"330929","2033-10-29","Saturday","43","10","29","2033"
"330930","2033-10-30","Sunday","43","10","30","2033"
"330931","2033-10-31","Monday","44","10","31","2033"
"331001","2033-11-01","Tuesday","44","11","1","2033"
"331002","2033-11-02","Wednesday","44","11","2","2033"
"331003","2033-11-03","Thursday","44","11","3","2033"
"331004","2033-11-04","Friday","44","11","4","2033"
"331005","2033-11-05","Saturday","44","11","5","2033"
"331006","2033-11-06","Sunday","44","11","6","2033"
"331007","2033-11-07","Monday","45","11","7","2033"
"331008","2033-11-08","Tuesday","45","11","8","2033"
"331009","2033-11-09","Wednesday","45","11","9","2033"
"331010","2033-11-10","Thursday","45","11","10","2033"
"331011","2033-11-11","Friday","45","11","11","2033"
"331012","2033-11-12","Saturday","45","11","12","2033"
"331013","2033-11-13","Sunday","45","11","13","2033"
"331014","2033-11-14","Monday","46","11","14","2033"
"331015","2033-11-15","Tuesday","46","11","15","2033"
"331016","2033-11-16","Wednesday","46","11","16","2033"
"331017","2033-11-17","Thursday","46","11","17","2033"
"331018","2033-11-18","Friday","46","11","18","2033"
"331019","2033-11-19","Saturday","46","11","19","2033"
"331020","2033-11-20","Sunday","46","11","20","2033"
"331021","2033-11-21","Monday","47","11","21","2033"
"331022","2033-11-22","Tuesday","47","11","22","2033"
"331023","2033-11-23","Wednesday","47","11","23","2033"
"331024","2033-11-24","Thursday","47","11","24","2033"
"331025","2033-11-25","Friday","47","11","25","2033"
"331026","2033-11-26","Saturday","47","11","26","2033"
"331027","2033-11-27","Sunday","47","11","27","2033"
"331028","2033-11-28","Monday","48","11","28","2033"
"331029","2033-11-29","Tuesday","48","11","29","2033"
"331030","2033-11-30","Wednesday","48","11","30","2033"
"331101","2033-12-01","Thursday","48","12","1","2033"
"331102","2033-12-02","Friday","48","12","2","2033"
"331103","2033-12-03","Saturday","48","12","3","2033"
"331104","2033-12-04","Sunday","48","12","4","2033"
"331105","2033-12-05","Monday","49","12","5","2033"
"331106","2033-12-06","Tuesday","49","12","6","2033"
"331107","2033-12-07","Wednesday","49","12","7","2033"
"331108","2033-12-08","Thursday","49","12","8","2033"
"331109","2033-12-09","Friday","49","12","9","2033"
"331110","2033-12-10","Saturday","49","12","10","2033"
"331111","2033-12-11","Sunday","49","12","11","2033"
"331112","2033-12-12","Monday","50","12","12","2033"
"331113","2033-12-13","Tuesday","50","12","13","2033"
"331114","2033-12-14","Wednesday","50","12","14","2033"
"331115","2033-12-15","Thursday","50","12","15","2033"
"331116","2033-12-16","Friday","50","12","16","2033"
"331117","2033-12-17","Saturday","50","12","17","2033"
"331118","2033-12-18","Sunday","50","12","18","2033"
"331119","2033-12-19","Monday","51","12","19","2033"
"331120","2033-12-20","Tuesday","51","12","20","2033"
"331121","2033-12-21","Wednesday","51","12","21","2033"
"331122","2033-12-22","Thursday","51","12","22","2033"
"331123","2033-12-23","Friday","51","12","23","2033"
"331124","2033-12-24","Saturday","51","12","24","2033"
"331125","2033-12-25","Sunday","51","12","25","2033"
"331126","2033-12-26","Monday","52","12","26","2033"
"331127","2033-12-27","Tuesday","52","12","27","2033"
"331128","2033-12-28","Wednesday","52","12","28","2033"
"331129","2033-12-29","Thursday","52","12","29","2033"
"331130","2033-12-30","Friday","52","12","30","2033"
"331131","2033-12-31","Saturday","52","12","31","2033"
"340001","2034-01-01","Sunday","52","1","1","2034"
"340002","2034-01-02","Monday","1","1","2","2034"
"340003","2034-01-03","Tuesday","1","1","3","2034"
"340004","2034-01-04","Wednesday","1","1","4","2034"
"340005","2034-01-05","Thursday","1","1","5","2034"
"340006","2034-01-06","Friday","1","1","6","2034"
"340007","2034-01-07","Saturday","1","1","7","2034"
"340008","2034-01-08","Sunday","1","1","8","2034"
"340009","2034-01-09","Monday","2","1","9","2034"
"340010","2034-01-10","Tuesday","2","1","10","2034"
"340011","2034-01-11","Wednesday","2","1","11","2034"
"340012","2034-01-12","Thursday","2","1","12","2034"
"340013","2034-01-13","Friday","2","1","13","2034"
"340014","2034-01-14","Saturday","2","1","14","2034"
"340015","2034-01-15","Sunday","2","1","15","2034"
"340016","2034-01-16","Monday","3","1","16","2034"
"340017","2034-01-17","Tuesday","3","1","17","2034"
"340018","2034-01-18","Wednesday","3","1","18","2034"
"340019","2034-01-19","Thursday","3","1","19","2034"
"340020","2034-01-20","Friday","3","1","20","2034"
"340021","2034-01-21","Saturday","3","1","21","2034"
"340022","2034-01-22","Sunday","3","1","22","2034"
"340023","2034-01-23","Monday","4","1","23","2034"
"340024","2034-01-24","Tuesday","4","1","24","2034"
"340025","2034-01-25","Wednesday","4","1","25","2034"
"340026","2034-01-26","Thursday","4","1","26","2034"
"340027","2034-01-27","Friday","4","1","27","2034"
"340028","2034-01-28","Saturday","4","1","28","2034"
"340029","2034-01-29","Sunday","4","1","29","2034"
"340030","2034-01-30","Monday","5","1","30","2034"
"340031","2034-01-31","Tuesday","5","1","31","2034"
"340101","2034-02-01","Wednesday","5","2","1","2034"
"340102","2034-02-02","Thursday","5","2","2","2034"
"340103","2034-02-03","Friday","5","2","3","2034"
"340104","2034-02-04","Saturday","5","2","4","2034"
"340105","2034-02-05","Sunday","5","2","5","2034"
"340106","2034-02-06","Monday","6","2","6","2034"
"340107","2034-02-07","Tuesday","6","2","7","2034"
"340108","2034-02-08","Wednesday","6","2","8","2034"
"340109","2034-02-09","Thursday","6","2","9","2034"
"340110","2034-02-10","Friday","6","2","10","2034"
"340111","2034-02-11","Saturday","6","2","11","2034"
"340112","2034-02-12","Sunday","6","2","12","2034"
"340113","2034-02-13","Monday","7","2","13","2034"
"340114","2034-02-14","Tuesday","7","2","14","2034"
"340115","2034-02-15","Wednesday","7","2","15","2034"
"340116","2034-02-16","Thursday","7","2","16","2034"
"340117","2034-02-17","Friday","7","2","17","2034"
"340118","2034-02-18","Saturday","7","2","18","2034"
"340119","2034-02-19","Sunday","7","2","19","2034"
"340120","2034-02-20","Monday","8","2","20","2034"
"340121","2034-02-21","Tuesday","8","2","21","2034"
"340122","2034-02-22","Wednesday","8","2","22","2034"
"340123","2034-02-23","Thursday","8","2","23","2034"
"340124","2034-02-24","Friday","8","2","24","2034"
"340125","2034-02-25","Saturday","8","2","25","2034"
"340126","2034-02-26","Sunday","8","2","26","2034"
"340127","2034-02-27","Monday","9","2","27","2034"
"340128","2034-02-28","Tuesday","9","2","28","2034"
"340201","2034-03-01","Wednesday","9","3","1","2034"
"340202","2034-03-02","Thursday","9","3","2","2034"
"340203","2034-03-03","Friday","9","3","3","2034"
"340204","2034-03-04","Saturday","9","3","4","2034"
"340205","2034-03-05","Sunday","9","3","5","2034"
"340206","2034-03-06","Monday","10","3","6","2034"
"340207","2034-03-07","Tuesday","10","3","7","2034"
"340208","2034-03-08","Wednesday","10","3","8","2034"
"340209","2034-03-09","Thursday","10","3","9","2034"
"340210","2034-03-10","Friday","10","3","10","2034"
"340211","2034-03-11","Saturday","10","3","11","2034"
"340212","2034-03-12","Sunday","10","3","12","2034"
"340213","2034-03-13","Monday","11","3","13","2034"
"340214","2034-03-14","Tuesday","11","3","14","2034"
"340215","2034-03-15","Wednesday","11","3","15","2034"
"340216","2034-03-16","Thursday","11","3","16","2034"
"340217","2034-03-17","Friday","11","3","17","2034"
"340218","2034-03-18","Saturday","11","3","18","2034"
"340219","2034-03-19","Sunday","11","3","19","2034"
"340220","2034-03-20","Monday","12","3","20","2034"
"340221","2034-03-21","Tuesday","12","3","21","2034"
"340222","2034-03-22","Wednesday","12","3","22","2034"
"340223","2034-03-23","Thursday","12","3","23","2034"
"340224","2034-03-24","Friday","12","3","24","2034"
"340225","2034-03-25","Saturday","12","3","25","2034"
"340226","2034-03-26","Sunday","12","3","26","2034"
"340227","2034-03-27","Monday","13","3","27","2034"
"340228","2034-03-28","Tuesday","13","3","28","2034"
"340229","2034-03-29","Wednesday","13","3","29","2034"
"340230","2034-03-30","Thursday","13","3","30","2034"
"340231","2034-03-31","Friday","13","3","31","2034"
"340301","2034-04-01","Saturday","13","4","1","2034"
"340302","2034-04-02","Sunday","13","4","2","2034"
"340303","2034-04-03","Monday","14","4","3","2034"
"340304","2034-04-04","Tuesday","14","4","4","2034"
"340305","2034-04-05","Wednesday","14","4","5","2034"
"340306","2034-04-06","Thursday","14","4","6","2034"
"340307","2034-04-07","Friday","14","4","7","2034"
"340308","2034-04-08","Saturday","14","4","8","2034"
"340309","2034-04-09","Sunday","14","4","9","2034"
"340310","2034-04-10","Monday","15","4","10","2034"
"340311","2034-04-11","Tuesday","15","4","11","2034"
"340312","2034-04-12","Wednesday","15","4","12","2034"
"340313","2034-04-13","Thursday","15","4","13","2034"
"340314","2034-04-14","Friday","15","4","14","2034"
"340315","2034-04-15","Saturday","15","4","15","2034"
"340316","2034-04-16","Sunday","15","4","16","2034"
"340317","2034-04-17","Monday","16","4","17","2034"
"340318","2034-04-18","Tuesday","16","4","18","2034"
"340319","2034-04-19","Wednesday","16","4","19","2034"
"340320","2034-04-20","Thursday","16","4","20","2034"
"340321","2034-04-21","Friday","16","4","21","2034"
"340322","2034-04-22","Saturday","16","4","22","2034"
"340323","2034-04-23","Sunday","16","4","23","2034"
"340324","2034-04-24","Monday","17","4","24","2034"
"340325","2034-04-25","Tuesday","17","4","25","2034"
"340326","2034-04-26","Wednesday","17","4","26","2034"
"340327","2034-04-27","Thursday","17","4","27","2034"
"340328","2034-04-28","Friday","17","4","28","2034"
"340329","2034-04-29","Saturday","17","4","29","2034"
"340330","2034-04-30","Sunday","17","4","30","2034"
"340401","2034-05-01","Monday","18","5","1","2034"
"340402","2034-05-02","Tuesday","18","5","2","2034"
"340403","2034-05-03","Wednesday","18","5","3","2034"
"340404","2034-05-04","Thursday","18","5","4","2034"
"340405","2034-05-05","Friday","18","5","5","2034"
"340406","2034-05-06","Saturday","18","5","6","2034"
"340407","2034-05-07","Sunday","18","5","7","2034"
"340408","2034-05-08","Monday","19","5","8","2034"
"340409","2034-05-09","Tuesday","19","5","9","2034"
"340410","2034-05-10","Wednesday","19","5","10","2034"
"340411","2034-05-11","Thursday","19","5","11","2034"
"340412","2034-05-12","Friday","19","5","12","2034"
"340413","2034-05-13","Saturday","19","5","13","2034"
"340414","2034-05-14","Sunday","19","5","14","2034"
"340415","2034-05-15","Monday","20","5","15","2034"
"340416","2034-05-16","Tuesday","20","5","16","2034"
"340417","2034-05-17","Wednesday","20","5","17","2034"
"340418","2034-05-18","Thursday","20","5","18","2034"
"340419","2034-05-19","Friday","20","5","19","2034"
"340420","2034-05-20","Saturday","20","5","20","2034"
"340421","2034-05-21","Sunday","20","5","21","2034"
"340422","2034-05-22","Monday","21","5","22","2034"
"340423","2034-05-23","Tuesday","21","5","23","2034"
"340424","2034-05-24","Wednesday","21","5","24","2034"
"340425","2034-05-25","Thursday","21","5","25","2034"
"340426","2034-05-26","Friday","21","5","26","2034"
"340427","2034-05-27","Saturday","21","5","27","2034"
"340428","2034-05-28","Sunday","21","5","28","2034"
"340429","2034-05-29","Monday","22","5","29","2034"
"340430","2034-05-30","Tuesday","22","5","30","2034"
"340431","2034-05-31","Wednesday","22","5","31","2034"
"340501","2034-06-01","Thursday","22","6","1","2034"
"340502","2034-06-02","Friday","22","6","2","2034"
"340503","2034-06-03","Saturday","22","6","3","2034"
"340504","2034-06-04","Sunday","22","6","4","2034"
"340505","2034-06-05","Monday","23","6","5","2034"
"340506","2034-06-06","Tuesday","23","6","6","2034"
"340507","2034-06-07","Wednesday","23","6","7","2034"
"340508","2034-06-08","Thursday","23","6","8","2034"
"340509","2034-06-09","Friday","23","6","9","2034"
"340510","2034-06-10","Saturday","23","6","10","2034"
"340511","2034-06-11","Sunday","23","6","11","2034"
"340512","2034-06-12","Monday","24","6","12","2034"
"340513","2034-06-13","Tuesday","24","6","13","2034"
"340514","2034-06-14","Wednesday","24","6","14","2034"
"340515","2034-06-15","Thursday","24","6","15","2034"
"340516","2034-06-16","Friday","24","6","16","2034"
"340517","2034-06-17","Saturday","24","6","17","2034"
"340518","2034-06-18","Sunday","24","6","18","2034"
"340519","2034-06-19","Monday","25","6","19","2034"
"340520","2034-06-20","Tuesday","25","6","20","2034"
"340521","2034-06-21","Wednesday","25","6","21","2034"
"340522","2034-06-22","Thursday","25","6","22","2034"
"340523","2034-06-23","Friday","25","6","23","2034"
"340524","2034-06-24","Saturday","25","6","24","2034"
"340525","2034-06-25","Sunday","25","6","25","2034"
"340526","2034-06-26","Monday","26","6","26","2034"
"340527","2034-06-27","Tuesday","26","6","27","2034"
"340528","2034-06-28","Wednesday","26","6","28","2034"
"340529","2034-06-29","Thursday","26","6","29","2034"
"340530","2034-06-30","Friday","26","6","30","2034"
"340601","2034-07-01","Saturday","26","7","1","2034"
"340602","2034-07-02","Sunday","26","7","2","2034"
"340603","2034-07-03","Monday","27","7","3","2034"
"340604","2034-07-04","Tuesday","27","7","4","2034"
"340605","2034-07-05","Wednesday","27","7","5","2034"
"340606","2034-07-06","Thursday","27","7","6","2034"
"340607","2034-07-07","Friday","27","7","7","2034"
"340608","2034-07-08","Saturday","27","7","8","2034"
"340609","2034-07-09","Sunday","27","7","9","2034"
"340610","2034-07-10","Monday","28","7","10","2034"
"340611","2034-07-11","Tuesday","28","7","11","2034"
"340612","2034-07-12","Wednesday","28","7","12","2034"
"340613","2034-07-13","Thursday","28","7","13","2034"
"340614","2034-07-14","Friday","28","7","14","2034"
"340615","2034-07-15","Saturday","28","7","15","2034"
"340616","2034-07-16","Sunday","28","7","16","2034"
"340617","2034-07-17","Monday","29","7","17","2034"
"340618","2034-07-18","Tuesday","29","7","18","2034"
"340619","2034-07-19","Wednesday","29","7","19","2034"
"340620","2034-07-20","Thursday","29","7","20","2034"
"340621","2034-07-21","Friday","29","7","21","2034"
"340622","2034-07-22","Saturday","29","7","22","2034"
"340623","2034-07-23","Sunday","29","7","23","2034"
"340624","2034-07-24","Monday","30","7","24","2034"
"340625","2034-07-25","Tuesday","30","7","25","2034"
"340626","2034-07-26","Wednesday","30","7","26","2034"
"340627","2034-07-27","Thursday","30","7","27","2034"
"340628","2034-07-28","Friday","30","7","28","2034"
"340629","2034-07-29","Saturday","30","7","29","2034"
"340630","2034-07-30","Sunday","30","7","30","2034"
"340631","2034-07-31","Monday","31","7","31","2034"
"340701","2034-08-01","Tuesday","31","8","1","2034"
"340702","2034-08-02","Wednesday","31","8","2","2034"
"340703","2034-08-03","Thursday","31","8","3","2034"
"340704","2034-08-04","Friday","31","8","4","2034"
"340705","2034-08-05","Saturday","31","8","5","2034"
"340706","2034-08-06","Sunday","31","8","6","2034"
"340707","2034-08-07","Monday","32","8","7","2034"
"340708","2034-08-08","Tuesday","32","8","8","2034"
"340709","2034-08-09","Wednesday","32","8","9","2034"
"340710","2034-08-10","Thursday","32","8","10","2034"
"340711","2034-08-11","Friday","32","8","11","2034"
"340712","2034-08-12","Saturday","32","8","12","2034"
"340713","2034-08-13","Sunday","32","8","13","2034"
"340714","2034-08-14","Monday","33","8","14","2034"
"340715","2034-08-15","Tuesday","33","8","15","2034"
"340716","2034-08-16","Wednesday","33","8","16","2034"
"340717","2034-08-17","Thursday","33","8","17","2034"
"340718","2034-08-18","Friday","33","8","18","2034"
"340719","2034-08-19","Saturday","33","8","19","2034"
"340720","2034-08-20","Sunday","33","8","20","2034"
"340721","2034-08-21","Monday","34","8","21","2034"
"340722","2034-08-22","Tuesday","34","8","22","2034"
"340723","2034-08-23","Wednesday","34","8","23","2034"
"340724","2034-08-24","Thursday","34","8","24","2034"
"340725","2034-08-25","Friday","34","8","25","2034"
"340726","2034-08-26","Saturday","34","8","26","2034"
"340727","2034-08-27","Sunday","34","8","27","2034"
"340728","2034-08-28","Monday","35","8","28","2034"
"340729","2034-08-29","Tuesday","35","8","29","2034"
"340730","2034-08-30","Wednesday","35","8","30","2034"
"340731","2034-08-31","Thursday","35","8","31","2034"
"340801","2034-09-01","Friday","35","9","1","2034"
"340802","2034-09-02","Saturday","35","9","2","2034"
"340803","2034-09-03","Sunday","35","9","3","2034"
"340804","2034-09-04","Monday","36","9","4","2034"
"340805","2034-09-05","Tuesday","36","9","5","2034"
"340806","2034-09-06","Wednesday","36","9","6","2034"
"340807","2034-09-07","Thursday","36","9","7","2034"
"340808","2034-09-08","Friday","36","9","8","2034"
"340809","2034-09-09","Saturday","36","9","9","2034"
"340810","2034-09-10","Sunday","36","9","10","2034"
"340811","2034-09-11","Monday","37","9","11","2034"
"340812","2034-09-12","Tuesday","37","9","12","2034"
"340813","2034-09-13","Wednesday","37","9","13","2034"
"340814","2034-09-14","Thursday","37","9","14","2034"
"340815","2034-09-15","Friday","37","9","15","2034"
"340816","2034-09-16","Saturday","37","9","16","2034"
"340817","2034-09-17","Sunday","37","9","17","2034"
"340818","2034-09-18","Monday","38","9","18","2034"
"340819","2034-09-19","Tuesday","38","9","19","2034"
"340820","2034-09-20","Wednesday","38","9","20","2034"
"340821","2034-09-21","Thursday","38","9","21","2034"
"340822","2034-09-22","Friday","38","9","22","2034"
"340823","2034-09-23","Saturday","38","9","23","2034"
"340824","2034-09-24","Sunday","38","9","24","2034"
"340825","2034-09-25","Monday","39","9","25","2034"
"340826","2034-09-26","Tuesday","39","9","26","2034"
"340827","2034-09-27","Wednesday","39","9","27","2034"
"340828","2034-09-28","Thursday","39","9","28","2034"
"340829","2034-09-29","Friday","39","9","29","2034"
"340830","2034-09-30","Saturday","39","9","30","2034"
"340901","2034-10-01","Sunday","39","10","1","2034"
"340902","2034-10-02","Monday","40","10","2","2034"
"340903","2034-10-03","Tuesday","40","10","3","2034"
"340904","2034-10-04","Wednesday","40","10","4","2034"
"340905","2034-10-05","Thursday","40","10","5","2034"
"340906","2034-10-06","Friday","40","10","6","2034"
"340907","2034-10-07","Saturday","40","10","7","2034"
"340908","2034-10-08","Sunday","40","10","8","2034"
"340909","2034-10-09","Monday","41","10","9","2034"
"340910","2034-10-10","Tuesday","41","10","10","2034"
"340911","2034-10-11","Wednesday","41","10","11","2034"
"340912","2034-10-12","Thursday","41","10","12","2034"
"340913","2034-10-13","Friday","41","10","13","2034"
"340914","2034-10-14","Saturday","41","10","14","2034"
"340915","2034-10-15","Sunday","41","10","15","2034"
"340916","2034-10-16","Monday","42","10","16","2034"
"340917","2034-10-17","Tuesday","42","10","17","2034"
"340918","2034-10-18","Wednesday","42","10","18","2034"
"340919","2034-10-19","Thursday","42","10","19","2034"
"340920","2034-10-20","Friday","42","10","20","2034"
"340921","2034-10-21","Saturday","42","10","21","2034"
"340922","2034-10-22","Sunday","42","10","22","2034"
"340923","2034-10-23","Monday","43","10","23","2034"
"340924","2034-10-24","Tuesday","43","10","24","2034"
"340925","2034-10-25","Wednesday","43","10","25","2034"
"340926","2034-10-26","Thursday","43","10","26","2034"
"340927","2034-10-27","Friday","43","10","27","2034"
"340928","2034-10-28","Saturday","43","10","28","2034"
"340929","2034-10-29","Sunday","43","10","29","2034"
"340930","2034-10-30","Monday","44","10","30","2034"
"340931","2034-10-31","Tuesday","44","10","31","2034"
"341001","2034-11-01","Wednesday","44","11","1","2034"
"341002","2034-11-02","Thursday","44","11","2","2034"
"341003","2034-11-03","Friday","44","11","3","2034"
"341004","2034-11-04","Saturday","44","11","4","2034"
"341005","2034-11-05","Sunday","44","11","5","2034"
"341006","2034-11-06","Monday","45","11","6","2034"
"341007","2034-11-07","Tuesday","45","11","7","2034"
"341008","2034-11-08","Wednesday","45","11","8","2034"
"341009","2034-11-09","Thursday","45","11","9","2034"
"341010","2034-11-10","Friday","45","11","10","2034"
"341011","2034-11-11","Saturday","45","11","11","2034"
"341012","2034-11-12","Sunday","45","11","12","2034"
"341013","2034-11-13","Monday","46","11","13","2034"
"341014","2034-11-14","Tuesday","46","11","14","2034"
"341015","2034-11-15","Wednesday","46","11","15","2034"
"341016","2034-11-16","Thursday","46","11","16","2034"
"341017","2034-11-17","Friday","46","11","17","2034"
"341018","2034-11-18","Saturday","46","11","18","2034"
"341019","2034-11-19","Sunday","46","11","19","2034"
"341020","2034-11-20","Monday","47","11","20","2034"
"341021","2034-11-21","Tuesday","47","11","21","2034"
"341022","2034-11-22","Wednesday","47","11","22","2034"
"341023","2034-11-23","Thursday","47","11","23","2034"
"341024","2034-11-24","Friday","47","11","24","2034"
"341025","2034-11-25","Saturday","47","11","25","2034"
"341026","2034-11-26","Sunday","47","11","26","2034"
"341027","2034-11-27","Monday","48","11","27","2034"
"341028","2034-11-28","Tuesday","48","11","28","2034"
"341029","2034-11-29","Wednesday","48","11","29","2034"
"341030","2034-11-30","Thursday","48","11","30","2034"
"341101","2034-12-01","Friday","48","12","1","2034"
"341102","2034-12-02","Saturday","48","12","2","2034"
"341103","2034-12-03","Sunday","48","12","3","2034"
"341104","2034-12-04","Monday","49","12","4","2034"
"341105","2034-12-05","Tuesday","49","12","5","2034"
"341106","2034-12-06","Wednesday","49","12","6","2034"
"341107","2034-12-07","Thursday","49","12","7","2034"
"341108","2034-12-08","Friday","49","12","8","2034"
"341109","2034-12-09","Saturday","49","12","9","2034"
"341110","2034-12-10","Sunday","49","12","10","2034"
"341111","2034-12-11","Monday","50","12","11","2034"
"341112","2034-12-12","Tuesday","50","12","12","2034"
"341113","2034-12-13","Wednesday","50","12","13","2034"
"341114","2034-12-14","Thursday","50","12","14","2034"
"341115","2034-12-15","Friday","50","12","15","2034"
"341116","2034-12-16","Saturday","50","12","16","2034"
"341117","2034-12-17","Sunday","50","12","17","2034"
"341118","2034-12-18","Monday","51","12","18","2034"
"341119","2034-12-19","Tuesday","51","12","19","2034"
"341120","2034-12-20","Wednesday","51","12","20","2034"
"341121","2034-12-21","Thursday","51","12","21","2034"
"341122","2034-12-22","Friday","51","12","22","2034"
"341123","2034-12-23","Saturday","51","12","23","2034"
"341124","2034-12-24","Sunday","51","12","24","2034"
"341125","2034-12-25","Monday","52","12","25","2034"
"341126","2034-12-26","Tuesday","52","12","26","2034"
"341127","2034-12-27","Wednesday","52","12","27","2034"
"341128","2034-12-28","Thursday","52","12","28","2034"
"341129","2034-12-29","Friday","52","12","29","2034"
"341130","2034-12-30","Saturday","52","12","30","2034"
"341131","2034-12-31","Sunday","52","12","31","2034"
"350001","2035-01-01","Monday","1","1","1","2035"
"350002","2035-01-02","Tuesday","1","1","2","2035"
"350003","2035-01-03","Wednesday","1","1","3","2035"
"350004","2035-01-04","Thursday","1","1","4","2035"
"350005","2035-01-05","Friday","1","1","5","2035"
"350006","2035-01-06","Saturday","1","1","6","2035"
"350007","2035-01-07","Sunday","1","1","7","2035"
"350008","2035-01-08","Monday","2","1","8","2035"
"350009","2035-01-09","Tuesday","2","1","9","2035"
"350010","2035-01-10","Wednesday","2","1","10","2035"
"350011","2035-01-11","Thursday","2","1","11","2035"
"350012","2035-01-12","Friday","2","1","12","2035"
"350013","2035-01-13","Saturday","2","1","13","2035"
"350014","2035-01-14","Sunday","2","1","14","2035"
"350015","2035-01-15","Monday","3","1","15","2035"
"350016","2035-01-16","Tuesday","3","1","16","2035"
"350017","2035-01-17","Wednesday","3","1","17","2035"
"350018","2035-01-18","Thursday","3","1","18","2035"
"350019","2035-01-19","Friday","3","1","19","2035"
"350020","2035-01-20","Saturday","3","1","20","2035"
"350021","2035-01-21","Sunday","3","1","21","2035"
"350022","2035-01-22","Monday","4","1","22","2035"
"350023","2035-01-23","Tuesday","4","1","23","2035"
"350024","2035-01-24","Wednesday","4","1","24","2035"
"350025","2035-01-25","Thursday","4","1","25","2035"
"350026","2035-01-26","Friday","4","1","26","2035"
"350027","2035-01-27","Saturday","4","1","27","2035"
"350028","2035-01-28","Sunday","4","1","28","2035"
"350029","2035-01-29","Monday","5","1","29","2035"
"350030","2035-01-30","Tuesday","5","1","30","2035"
"350031","2035-01-31","Wednesday","5","1","31","2035"
"350101","2035-02-01","Thursday","5","2","1","2035"
"350102","2035-02-02","Friday","5","2","2","2035"
"350103","2035-02-03","Saturday","5","2","3","2035"
"350104","2035-02-04","Sunday","5","2","4","2035"
"350105","2035-02-05","Monday","6","2","5","2035"
"350106","2035-02-06","Tuesday","6","2","6","2035"
"350107","2035-02-07","Wednesday","6","2","7","2035"
"350108","2035-02-08","Thursday","6","2","8","2035"
"350109","2035-02-09","Friday","6","2","9","2035"
"350110","2035-02-10","Saturday","6","2","10","2035"
"350111","2035-02-11","Sunday","6","2","11","2035"
"350112","2035-02-12","Monday","7","2","12","2035"
"350113","2035-02-13","Tuesday","7","2","13","2035"
"350114","2035-02-14","Wednesday","7","2","14","2035"
"350115","2035-02-15","Thursday","7","2","15","2035"
"350116","2035-02-16","Friday","7","2","16","2035"
"350117","2035-02-17","Saturday","7","2","17","2035"
"350118","2035-02-18","Sunday","7","2","18","2035"
"350119","2035-02-19","Monday","8","2","19","2035"
"350120","2035-02-20","Tuesday","8","2","20","2035"
"350121","2035-02-21","Wednesday","8","2","21","2035"
"350122","2035-02-22","Thursday","8","2","22","2035"
"350123","2035-02-23","Friday","8","2","23","2035"
"350124","2035-02-24","Saturday","8","2","24","2035"
"350125","2035-02-25","Sunday","8","2","25","2035"
"350126","2035-02-26","Monday","9","2","26","2035"
"350127","2035-02-27","Tuesday","9","2","27","2035"
"350128","2035-02-28","Wednesday","9","2","28","2035"
"350201","2035-03-01","Thursday","9","3","1","2035"
"350202","2035-03-02","Friday","9","3","2","2035"
"350203","2035-03-03","Saturday","9","3","3","2035"
"350204","2035-03-04","Sunday","9","3","4","2035"
"350205","2035-03-05","Monday","10","3","5","2035"
"350206","2035-03-06","Tuesday","10","3","6","2035"
"350207","2035-03-07","Wednesday","10","3","7","2035"
"350208","2035-03-08","Thursday","10","3","8","2035"
"350209","2035-03-09","Friday","10","3","9","2035"
"350210","2035-03-10","Saturday","10","3","10","2035"
"350211","2035-03-11","Sunday","10","3","11","2035"
"350212","2035-03-12","Monday","11","3","12","2035"
"350213","2035-03-13","Tuesday","11","3","13","2035"
"350214","2035-03-14","Wednesday","11","3","14","2035"
"350215","2035-03-15","Thursday","11","3","15","2035"
"350216","2035-03-16","Friday","11","3","16","2035"
"350217","2035-03-17","Saturday","11","3","17","2035"
"350218","2035-03-18","Sunday","11","3","18","2035"
"350219","2035-03-19","Monday","12","3","19","2035"
"350220","2035-03-20","Tuesday","12","3","20","2035"
"350221","2035-03-21","Wednesday","12","3","21","2035"
"350222","2035-03-22","Thursday","12","3","22","2035"
"350223","2035-03-23","Friday","12","3","23","2035"
"350224","2035-03-24","Saturday","12","3","24","2035"
"350225","2035-03-25","Sunday","12","3","25","2035"
"350226","2035-03-26","Monday","13","3","26","2035"
"350227","2035-03-27","Tuesday","13","3","27","2035"
"350228","2035-03-28","Wednesday","13","3","28","2035"
"350229","2035-03-29","Thursday","13","3","29","2035"
"350230","2035-03-30","Friday","13","3","30","2035"
"350231","2035-03-31","Saturday","13","3","31","2035"
"350301","2035-04-01","Sunday","13","4","1","2035"
"350302","2035-04-02","Monday","14","4","2","2035"
"350303","2035-04-03","Tuesday","14","4","3","2035"
"350304","2035-04-04","Wednesday","14","4","4","2035"
"350305","2035-04-05","Thursday","14","4","5","2035"
"350306","2035-04-06","Friday","14","4","6","2035"
"350307","2035-04-07","Saturday","14","4","7","2035"
"350308","2035-04-08","Sunday","14","4","8","2035"
"350309","2035-04-09","Monday","15","4","9","2035"
"350310","2035-04-10","Tuesday","15","4","10","2035"
"350311","2035-04-11","Wednesday","15","4","11","2035"
"350312","2035-04-12","Thursday","15","4","12","2035"
"350313","2035-04-13","Friday","15","4","13","2035"
"350314","2035-04-14","Saturday","15","4","14","2035"
"350315","2035-04-15","Sunday","15","4","15","2035"
"350316","2035-04-16","Monday","16","4","16","2035"
"350317","2035-04-17","Tuesday","16","4","17","2035"
"350318","2035-04-18","Wednesday","16","4","18","2035"
"350319","2035-04-19","Thursday","16","4","19","2035"
"350320","2035-04-20","Friday","16","4","20","2035"
"350321","2035-04-21","Saturday","16","4","21","2035"
"350322","2035-04-22","Sunday","16","4","22","2035"
"350323","2035-04-23","Monday","17","4","23","2035"
"350324","2035-04-24","Tuesday","17","4","24","2035"
"350325","2035-04-25","Wednesday","17","4","25","2035"
"350326","2035-04-26","Thursday","17","4","26","2035"
"350327","2035-04-27","Friday","17","4","27","2035"
"350328","2035-04-28","Saturday","17","4","28","2035"
"350329","2035-04-29","Sunday","17","4","29","2035"
"350330","2035-04-30","Monday","18","4","30","2035"
"350401","2035-05-01","Tuesday","18","5","1","2035"
"350402","2035-05-02","Wednesday","18","5","2","2035"
"350403","2035-05-03","Thursday","18","5","3","2035"
"350404","2035-05-04","Friday","18","5","4","2035"
"350405","2035-05-05","Saturday","18","5","5","2035"
"350406","2035-05-06","Sunday","18","5","6","2035"
"350407","2035-05-07","Monday","19","5","7","2035"
"350408","2035-05-08","Tuesday","19","5","8","2035"
"350409","2035-05-09","Wednesday","19","5","9","2035"
"350410","2035-05-10","Thursday","19","5","10","2035"
"350411","2035-05-11","Friday","19","5","11","2035"
"350412","2035-05-12","Saturday","19","5","12","2035"
"350413","2035-05-13","Sunday","19","5","13","2035"
"350414","2035-05-14","Monday","20","5","14","2035"
"350415","2035-05-15","Tuesday","20","5","15","2035"
"350416","2035-05-16","Wednesday","20","5","16","2035"
"350417","2035-05-17","Thursday","20","5","17","2035"
"350418","2035-05-18","Friday","20","5","18","2035"
"350419","2035-05-19","Saturday","20","5","19","2035"
"350420","2035-05-20","Sunday","20","5","20","2035"
"350421","2035-05-21","Monday","21","5","21","2035"
"350422","2035-05-22","Tuesday","21","5","22","2035"
"350423","2035-05-23","Wednesday","21","5","23","2035"
"350424","2035-05-24","Thursday","21","5","24","2035"
"350425","2035-05-25","Friday","21","5","25","2035"
"350426","2035-05-26","Saturday","21","5","26","2035"
"350427","2035-05-27","Sunday","21","5","27","2035"
"350428","2035-05-28","Monday","22","5","28","2035"
"350429","2035-05-29","Tuesday","22","5","29","2035"
"350430","2035-05-30","Wednesday","22","5","30","2035"
"350431","2035-05-31","Thursday","22","5","31","2035"
"350501","2035-06-01","Friday","22","6","1","2035"
"350502","2035-06-02","Saturday","22","6","2","2035"
"350503","2035-06-03","Sunday","22","6","3","2035"
"350504","2035-06-04","Monday","23","6","4","2035"
"350505","2035-06-05","Tuesday","23","6","5","2035"
"350506","2035-06-06","Wednesday","23","6","6","2035"
"350507","2035-06-07","Thursday","23","6","7","2035"
"350508","2035-06-08","Friday","23","6","8","2035"
"350509","2035-06-09","Saturday","23","6","9","2035"
"350510","2035-06-10","Sunday","23","6","10","2035"
"350511","2035-06-11","Monday","24","6","11","2035"
"350512","2035-06-12","Tuesday","24","6","12","2035"
"350513","2035-06-13","Wednesday","24","6","13","2035"
"350514","2035-06-14","Thursday","24","6","14","2035"
"350515","2035-06-15","Friday","24","6","15","2035"
"350516","2035-06-16","Saturday","24","6","16","2035"
"350517","2035-06-17","Sunday","24","6","17","2035"
"350518","2035-06-18","Monday","25","6","18","2035"
"350519","2035-06-19","Tuesday","25","6","19","2035"
"350520","2035-06-20","Wednesday","25","6","20","2035"
"350521","2035-06-21","Thursday","25","6","21","2035"
"350522","2035-06-22","Friday","25","6","22","2035"
"350523","2035-06-23","Saturday","25","6","23","2035"
"350524","2035-06-24","Sunday","25","6","24","2035"
"350525","2035-06-25","Monday","26","6","25","2035"
"350526","2035-06-26","Tuesday","26","6","26","2035"
"350527","2035-06-27","Wednesday","26","6","27","2035"
"350528","2035-06-28","Thursday","26","6","28","2035"
"350529","2035-06-29","Friday","26","6","29","2035"
"350530","2035-06-30","Saturday","26","6","30","2035"
"350601","2035-07-01","Sunday","26","7","1","2035"
"350602","2035-07-02","Monday","27","7","2","2035"
"350603","2035-07-03","Tuesday","27","7","3","2035"
"350604","2035-07-04","Wednesday","27","7","4","2035"
"350605","2035-07-05","Thursday","27","7","5","2035"
"350606","2035-07-06","Friday","27","7","6","2035"
"350607","2035-07-07","Saturday","27","7","7","2035"
"350608","2035-07-08","Sunday","27","7","8","2035"
"350609","2035-07-09","Monday","28","7","9","2035"
"350610","2035-07-10","Tuesday","28","7","10","2035"
"350611","2035-07-11","Wednesday","28","7","11","2035"
"350612","2035-07-12","Thursday","28","7","12","2035"
"350613","2035-07-13","Friday","28","7","13","2035"
"350614","2035-07-14","Saturday","28","7","14","2035"
"350615","2035-07-15","Sunday","28","7","15","2035"
"350616","2035-07-16","Monday","29","7","16","2035"
"350617","2035-07-17","Tuesday","29","7","17","2035"
"350618","2035-07-18","Wednesday","29","7","18","2035"
"350619","2035-07-19","Thursday","29","7","19","2035"
"350620","2035-07-20","Friday","29","7","20","2035"
"350621","2035-07-21","Saturday","29","7","21","2035"
"350622","2035-07-22","Sunday","29","7","22","2035"
"350623","2035-07-23","Monday","30","7","23","2035"
"350624","2035-07-24","Tuesday","30","7","24","2035"
"350625","2035-07-25","Wednesday","30","7","25","2035"
"350626","2035-07-26","Thursday","30","7","26","2035"
"350627","2035-07-27","Friday","30","7","27","2035"
"350628","2035-07-28","Saturday","30","7","28","2035"
"350629","2035-07-29","Sunday","30","7","29","2035"
"350630","2035-07-30","Monday","31","7","30","2035"
"350631","2035-07-31","Tuesday","31","7","31","2035"
"350701","2035-08-01","Wednesday","31","8","1","2035"
"350702","2035-08-02","Thursday","31","8","2","2035"
"350703","2035-08-03","Friday","31","8","3","2035"
"350704","2035-08-04","Saturday","31","8","4","2035"
"350705","2035-08-05","Sunday","31","8","5","2035"
"350706","2035-08-06","Monday","32","8","6","2035"
"350707","2035-08-07","Tuesday","32","8","7","2035"
"350708","2035-08-08","Wednesday","32","8","8","2035"
"350709","2035-08-09","Thursday","32","8","9","2035"
"350710","2035-08-10","Friday","32","8","10","2035"
"350711","2035-08-11","Saturday","32","8","11","2035"
"350712","2035-08-12","Sunday","32","8","12","2035"
"350713","2035-08-13","Monday","33","8","13","2035"
"350714","2035-08-14","Tuesday","33","8","14","2035"
"350715","2035-08-15","Wednesday","33","8","15","2035"
"350716","2035-08-16","Thursday","33","8","16","2035"
"350717","2035-08-17","Friday","33","8","17","2035"
"350718","2035-08-18","Saturday","33","8","18","2035"
"350719","2035-08-19","Sunday","33","8","19","2035"
"350720","2035-08-20","Monday","34","8","20","2035"
"350721","2035-08-21","Tuesday","34","8","21","2035"
"350722","2035-08-22","Wednesday","34","8","22","2035"
"350723","2035-08-23","Thursday","34","8","23","2035"
"350724","2035-08-24","Friday","34","8","24","2035"
"350725","2035-08-25","Saturday","34","8","25","2035"
"350726","2035-08-26","Sunday","34","8","26","2035"
"350727","2035-08-27","Monday","35","8","27","2035"
"350728","2035-08-28","Tuesday","35","8","28","2035"
"350729","2035-08-29","Wednesday","35","8","29","2035"
"350730","2035-08-30","Thursday","35","8","30","2035"
"350731","2035-08-31","Friday","35","8","31","2035"
"350801","2035-09-01","Saturday","35","9","1","2035"
"350802","2035-09-02","Sunday","35","9","2","2035"
"350803","2035-09-03","Monday","36","9","3","2035"
"350804","2035-09-04","Tuesday","36","9","4","2035"
"350805","2035-09-05","Wednesday","36","9","5","2035"
"350806","2035-09-06","Thursday","36","9","6","2035"
"350807","2035-09-07","Friday","36","9","7","2035"
"350808","2035-09-08","Saturday","36","9","8","2035"
"350809","2035-09-09","Sunday","36","9","9","2035"
"350810","2035-09-10","Monday","37","9","10","2035"
"350811","2035-09-11","Tuesday","37","9","11","2035"
"350812","2035-09-12","Wednesday","37","9","12","2035"
"350813","2035-09-13","Thursday","37","9","13","2035"
"350814","2035-09-14","Friday","37","9","14","2035"
"350815","2035-09-15","Saturday","37","9","15","2035"
"350816","2035-09-16","Sunday","37","9","16","2035"
"350817","2035-09-17","Monday","38","9","17","2035"
"350818","2035-09-18","Tuesday","38","9","18","2035"
"350819","2035-09-19","Wednesday","38","9","19","2035"
"350820","2035-09-20","Thursday","38","9","20","2035"
"350821","2035-09-21","Friday","38","9","21","2035"
"350822","2035-09-22","Saturday","38","9","22","2035"
"350823","2035-09-23","Sunday","38","9","23","2035"
"350824","2035-09-24","Monday","39","9","24","2035"
"350825","2035-09-25","Tuesday","39","9","25","2035"
"350826","2035-09-26","Wednesday","39","9","26","2035"
"350827","2035-09-27","Thursday","39","9","27","2035"
"350828","2035-09-28","Friday","39","9","28","2035"
"350829","2035-09-29","Saturday","39","9","29","2035"
"350830","2035-09-30","Sunday","39","9","30","2035"
"350901","2035-10-01","Monday","40","10","1","2035"
"350902","2035-10-02","Tuesday","40","10","2","2035"
"350903","2035-10-03","Wednesday","40","10","3","2035"
"350904","2035-10-04","Thursday","40","10","4","2035"
"350905","2035-10-05","Friday","40","10","5","2035"
"350906","2035-10-06","Saturday","40","10","6","2035"
"350907","2035-10-07","Sunday","40","10","7","2035"
"350908","2035-10-08","Monday","41","10","8","2035"
"350909","2035-10-09","Tuesday","41","10","9","2035"
"350910","2035-10-10","Wednesday","41","10","10","2035"
"350911","2035-10-11","Thursday","41","10","11","2035"
"350912","2035-10-12","Friday","41","10","12","2035"
"350913","2035-10-13","Saturday","41","10","13","2035"
"350914","2035-10-14","Sunday","41","10","14","2035"
"350915","2035-10-15","Monday","42","10","15","2035"
"350916","2035-10-16","Tuesday","42","10","16","2035"
"350917","2035-10-17","Wednesday","42","10","17","2035"
"350918","2035-10-18","Thursday","42","10","18","2035"
"350919","2035-10-19","Friday","42","10","19","2035"
"350920","2035-10-20","Saturday","42","10","20","2035"
"350921","2035-10-21","Sunday","42","10","21","2035"
"350922","2035-10-22","Monday","43","10","22","2035"
"350923","2035-10-23","Tuesday","43","10","23","2035"
"350924","2035-10-24","Wednesday","43","10","24","2035"
"350925","2035-10-25","Thursday","43","10","25","2035"
"350926","2035-10-26","Friday","43","10","26","2035"
"350927","2035-10-27","Saturday","43","10","27","2035"
"350928","2035-10-28","Sunday","43","10","28","2035"
"350929","2035-10-29","Monday","44","10","29","2035"
"350930","2035-10-30","Tuesday","44","10","30","2035"
"350931","2035-10-31","Wednesday","44","10","31","2035"
"351001","2035-11-01","Thursday","44","11","1","2035"
"351002","2035-11-02","Friday","44","11","2","2035"
"351003","2035-11-03","Saturday","44","11","3","2035"
"351004","2035-11-04","Sunday","44","11","4","2035"
"351005","2035-11-05","Monday","45","11","5","2035"
"351006","2035-11-06","Tuesday","45","11","6","2035"
"351007","2035-11-07","Wednesday","45","11","7","2035"
"351008","2035-11-08","Thursday","45","11","8","2035"
"351009","2035-11-09","Friday","45","11","9","2035"
"351010","2035-11-10","Saturday","45","11","10","2035"
"351011","2035-11-11","Sunday","45","11","11","2035"
"351012","2035-11-12","Monday","46","11","12","2035"
"351013","2035-11-13","Tuesday","46","11","13","2035"
"351014","2035-11-14","Wednesday","46","11","14","2035"
"351015","2035-11-15","Thursday","46","11","15","2035"
"351016","2035-11-16","Friday","46","11","16","2035"
"351017","2035-11-17","Saturday","46","11","17","2035"
"351018","2035-11-18","Sunday","46","11","18","2035"
"351019","2035-11-19","Monday","47","11","19","2035"
"351020","2035-11-20","Tuesday","47","11","20","2035"
"351021","2035-11-21","Wednesday","47","11","21","2035"
"351022","2035-11-22","Thursday","47","11","22","2035"
"351023","2035-11-23","Friday","47","11","23","2035"
"351024","2035-11-24","Saturday","47","11","24","2035"
"351025","2035-11-25","Sunday","47","11","25","2035"
"351026","2035-11-26","Monday","48","11","26","2035"
"351027","2035-11-27","Tuesday","48","11","27","2035"
"351028","2035-11-28","Wednesday","48","11","28","2035"
"351029","2035-11-29","Thursday","48","11","29","2035"
"351030","2035-11-30","Friday","48","11","30","2035"
"351101","2035-12-01","Saturday","48","12","1","2035"
"351102","2035-12-02","Sunday","48","12","2","2035"
"351103","2035-12-03","Monday","49","12","3","2035"
"351104","2035-12-04","Tuesday","49","12","4","2035"
"351105","2035-12-05","Wednesday","49","12","5","2035"
"351106","2035-12-06","Thursday","49","12","6","2035"
"351107","2035-12-07","Friday","49","12","7","2035"
"351108","2035-12-08","Saturday","49","12","8","2035"
"351109","2035-12-09","Sunday","49","12","9","2035"
"351110","2035-12-10","Monday","50","12","10","2035"
"351111","2035-12-11","Tuesday","50","12","11","2035"
"351112","2035-12-12","Wednesday","50","12","12","2035"
"351113","2035-12-13","Thursday","50","12","13","2035"
"351114","2035-12-14","Friday","50","12","14","2035"
"351115","2035-12-15","Saturday","50","12","15","2035"
"351116","2035-12-16","Sunday","50","12","16","2035"
"351117","2035-12-17","Monday","51","12","17","2035"
"351118","2035-12-18","Tuesday","51","12","18","2035"
"351119","2035-12-19","Wednesday","51","12","19","2035"
"351120","2035-12-20","Thursday","51","12","20","2035"
"351121","2035-12-21","Friday","51","12","21","2035"
"351122","2035-12-22","Saturday","51","12","22","2035"
"351123","2035-12-23","Sunday","51","12","23","2035"
"351124","2035-12-24","Monday","52","12","24","2035"
"351125","2035-12-25","Tuesday","52","12","25","2035"
"351126","2035-12-26","Wednesday","52","12","26","2035"
"351127","2035-12-27","Thursday","52","12","27","2035"
"351128","2035-12-28","Friday","52","12","28","2035"
"351129","2035-12-29","Saturday","52","12","29","2035"
"351130","2035-12-30","Sunday","52","12","30","2035"
"351131","2035-12-31","Monday","1","12","31","2035"
"360001","2036-01-01","Tuesday","1","1","1","2036"
"360002","2036-01-02","Wednesday","1","1","2","2036"
"360003","2036-01-03","Thursday","1","1","3","2036"
"360004","2036-01-04","Friday","1","1","4","2036"
"360005","2036-01-05","Saturday","1","1","5","2036"
"360006","2036-01-06","Sunday","1","1","6","2036"
"360007","2036-01-07","Monday","2","1","7","2036"
"360008","2036-01-08","Tuesday","2","1","8","2036"
"360009","2036-01-09","Wednesday","2","1","9","2036"
"360010","2036-01-10","Thursday","2","1","10","2036"
"360011","2036-01-11","Friday","2","1","11","2036"
"360012","2036-01-12","Saturday","2","1","12","2036"
"360013","2036-01-13","Sunday","2","1","13","2036"
"360014","2036-01-14","Monday","3","1","14","2036"
"360015","2036-01-15","Tuesday","3","1","15","2036"
"360016","2036-01-16","Wednesday","3","1","16","2036"
"360017","2036-01-17","Thursday","3","1","17","2036"
"360018","2036-01-18","Friday","3","1","18","2036"
"360019","2036-01-19","Saturday","3","1","19","2036"
"360020","2036-01-20","Sunday","3","1","20","2036"
"360021","2036-01-21","Monday","4","1","21","2036"
"360022","2036-01-22","Tuesday","4","1","22","2036"
"360023","2036-01-23","Wednesday","4","1","23","2036"
"360024","2036-01-24","Thursday","4","1","24","2036"
"360025","2036-01-25","Friday","4","1","25","2036"
"360026","2036-01-26","Saturday","4","1","26","2036"
"360027","2036-01-27","Sunday","4","1","27","2036"
"360028","2036-01-28","Monday","5","1","28","2036"
"360029","2036-01-29","Tuesday","5","1","29","2036"
"360030","2036-01-30","Wednesday","5","1","30","2036"
"360031","2036-01-31","Thursday","5","1","31","2036"
"360101","2036-02-01","Friday","5","2","1","2036"
"360102","2036-02-02","Saturday","5","2","2","2036"
"360103","2036-02-03","Sunday","5","2","3","2036"
"360104","2036-02-04","Monday","6","2","4","2036"
"360105","2036-02-05","Tuesday","6","2","5","2036"
"360106","2036-02-06","Wednesday","6","2","6","2036"
"360107","2036-02-07","Thursday","6","2","7","2036"
"360108","2036-02-08","Friday","6","2","8","2036"
"360109","2036-02-09","Saturday","6","2","9","2036"
"360110","2036-02-10","Sunday","6","2","10","2036"
"360111","2036-02-11","Monday","7","2","11","2036"
"360112","2036-02-12","Tuesday","7","2","12","2036"
"360113","2036-02-13","Wednesday","7","2","13","2036"
"360114","2036-02-14","Thursday","7","2","14","2036"
"360115","2036-02-15","Friday","7","2","15","2036"
"360116","2036-02-16","Saturday","7","2","16","2036"
"360117","2036-02-17","Sunday","7","2","17","2036"
"360118","2036-02-18","Monday","8","2","18","2036"
"360119","2036-02-19","Tuesday","8","2","19","2036"
"360120","2036-02-20","Wednesday","8","2","20","2036"
"360121","2036-02-21","Thursday","8","2","21","2036"
"360122","2036-02-22","Friday","8","2","22","2036"
"360123","2036-02-23","Saturday","8","2","23","2036"
"360124","2036-02-24","Sunday","8","2","24","2036"
"360125","2036-02-25","Monday","9","2","25","2036"
"360126","2036-02-26","Tuesday","9","2","26","2036"
"360127","2036-02-27","Wednesday","9","2","27","2036"
"360128","2036-02-28","Thursday","9","2","28","2036"
"360129","2036-02-29","Friday","9","2","29","2036"
"360201","2036-03-01","Saturday","9","3","1","2036"
"360202","2036-03-02","Sunday","9","3","2","2036"
"360203","2036-03-03","Monday","10","3","3","2036"
"360204","2036-03-04","Tuesday","10","3","4","2036"
"360205","2036-03-05","Wednesday","10","3","5","2036"
"360206","2036-03-06","Thursday","10","3","6","2036"
"360207","2036-03-07","Friday","10","3","7","2036"
"360208","2036-03-08","Saturday","10","3","8","2036"
"360209","2036-03-09","Sunday","10","3","9","2036"
"360210","2036-03-10","Monday","11","3","10","2036"
"360211","2036-03-11","Tuesday","11","3","11","2036"
"360212","2036-03-12","Wednesday","11","3","12","2036"
"360213","2036-03-13","Thursday","11","3","13","2036"
"360214","2036-03-14","Friday","11","3","14","2036"
"360215","2036-03-15","Saturday","11","3","15","2036"
"360216","2036-03-16","Sunday","11","3","16","2036"
"360217","2036-03-17","Monday","12","3","17","2036"
"360218","2036-03-18","Tuesday","12","3","18","2036"
"360219","2036-03-19","Wednesday","12","3","19","2036"
"360220","2036-03-20","Thursday","12","3","20","2036"
"360221","2036-03-21","Friday","12","3","21","2036"
"360222","2036-03-22","Saturday","12","3","22","2036"
"360223","2036-03-23","Sunday","12","3","23","2036"
"360224","2036-03-24","Monday","13","3","24","2036"
"360225","2036-03-25","Tuesday","13","3","25","2036"
"360226","2036-03-26","Wednesday","13","3","26","2036"
"360227","2036-03-27","Thursday","13","3","27","2036"
"360228","2036-03-28","Friday","13","3","28","2036"
"360229","2036-03-29","Saturday","13","3","29","2036"
"360230","2036-03-30","Sunday","13","3","30","2036"
"360231","2036-03-31","Monday","14","3","31","2036"
"360301","2036-04-01","Tuesday","14","4","1","2036"
"360302","2036-04-02","Wednesday","14","4","2","2036"
"360303","2036-04-03","Thursday","14","4","3","2036"
"360304","2036-04-04","Friday","14","4","4","2036"
"360305","2036-04-05","Saturday","14","4","5","2036"
"360306","2036-04-06","Sunday","14","4","6","2036"
"360307","2036-04-07","Monday","15","4","7","2036"
"360308","2036-04-08","Tuesday","15","4","8","2036"
"360309","2036-04-09","Wednesday","15","4","9","2036"
"360310","2036-04-10","Thursday","15","4","10","2036"
"360311","2036-04-11","Friday","15","4","11","2036"
"360312","2036-04-12","Saturday","15","4","12","2036"
"360313","2036-04-13","Sunday","15","4","13","2036"
"360314","2036-04-14","Monday","16","4","14","2036"
"360315","2036-04-15","Tuesday","16","4","15","2036"
"360316","2036-04-16","Wednesday","16","4","16","2036"
"360317","2036-04-17","Thursday","16","4","17","2036"
"360318","2036-04-18","Friday","16","4","18","2036"
"360319","2036-04-19","Saturday","16","4","19","2036"
"360320","2036-04-20","Sunday","16","4","20","2036"
"360321","2036-04-21","Monday","17","4","21","2036"
"360322","2036-04-22","Tuesday","17","4","22","2036"
"360323","2036-04-23","Wednesday","17","4","23","2036"
"360324","2036-04-24","Thursday","17","4","24","2036"
"360325","2036-04-25","Friday","17","4","25","2036"
"360326","2036-04-26","Saturday","17","4","26","2036"
"360327","2036-04-27","Sunday","17","4","27","2036"
"360328","2036-04-28","Monday","18","4","28","2036"
"360329","2036-04-29","Tuesday","18","4","29","2036"
"360330","2036-04-30","Wednesday","18","4","30","2036"
"360401","2036-05-01","Thursday","18","5","1","2036"
"360402","2036-05-02","Friday","18","5","2","2036"
"360403","2036-05-03","Saturday","18","5","3","2036"
"360404","2036-05-04","Sunday","18","5","4","2036"
"360405","2036-05-05","Monday","19","5","5","2036"
"360406","2036-05-06","Tuesday","19","5","6","2036"
"360407","2036-05-07","Wednesday","19","5","7","2036"
"360408","2036-05-08","Thursday","19","5","8","2036"
"360409","2036-05-09","Friday","19","5","9","2036"
"360410","2036-05-10","Saturday","19","5","10","2036"
"360411","2036-05-11","Sunday","19","5","11","2036"
"360412","2036-05-12","Monday","20","5","12","2036"
"360413","2036-05-13","Tuesday","20","5","13","2036"
"360414","2036-05-14","Wednesday","20","5","14","2036"
"360415","2036-05-15","Thursday","20","5","15","2036"
"360416","2036-05-16","Friday","20","5","16","2036"
"360417","2036-05-17","Saturday","20","5","17","2036"
"360418","2036-05-18","Sunday","20","5","18","2036"
"360419","2036-05-19","Monday","21","5","19","2036"
"360420","2036-05-20","Tuesday","21","5","20","2036"
"360421","2036-05-21","Wednesday","21","5","21","2036"
"360422","2036-05-22","Thursday","21","5","22","2036"
"360423","2036-05-23","Friday","21","5","23","2036"
"360424","2036-05-24","Saturday","21","5","24","2036"
"360425","2036-05-25","Sunday","21","5","25","2036"
"360426","2036-05-26","Monday","22","5","26","2036"
"360427","2036-05-27","Tuesday","22","5","27","2036"
"360428","2036-05-28","Wednesday","22","5","28","2036"
"360429","2036-05-29","Thursday","22","5","29","2036"
"360430","2036-05-30","Friday","22","5","30","2036"
"360431","2036-05-31","Saturday","22","5","31","2036"
"360501","2036-06-01","Sunday","22","6","1","2036"
"360502","2036-06-02","Monday","23","6","2","2036"
"360503","2036-06-03","Tuesday","23","6","3","2036"
"360504","2036-06-04","Wednesday","23","6","4","2036"
"360505","2036-06-05","Thursday","23","6","5","2036"
"360506","2036-06-06","Friday","23","6","6","2036"
"360507","2036-06-07","Saturday","23","6","7","2036"
"360508","2036-06-08","Sunday","23","6","8","2036"
"360509","2036-06-09","Monday","24","6","9","2036"
"360510","2036-06-10","Tuesday","24","6","10","2036"
"360511","2036-06-11","Wednesday","24","6","11","2036"
"360512","2036-06-12","Thursday","24","6","12","2036"
"360513","2036-06-13","Friday","24","6","13","2036"
"360514","2036-06-14","Saturday","24","6","14","2036"
"360515","2036-06-15","Sunday","24","6","15","2036"
"360516","2036-06-16","Monday","25","6","16","2036"
"360517","2036-06-17","Tuesday","25","6","17","2036"
"360518","2036-06-18","Wednesday","25","6","18","2036"
"360519","2036-06-19","Thursday","25","6","19","2036"
"360520","2036-06-20","Friday","25","6","20","2036"
"360521","2036-06-21","Saturday","25","6","21","2036"
"360522","2036-06-22","Sunday","25","6","22","2036"
"360523","2036-06-23","Monday","26","6","23","2036"
"360524","2036-06-24","Tuesday","26","6","24","2036"
"360525","2036-06-25","Wednesday","26","6","25","2036"
"360526","2036-06-26","Thursday","26","6","26","2036"
"360527","2036-06-27","Friday","26","6","27","2036"
"360528","2036-06-28","Saturday","26","6","28","2036"
"360529","2036-06-29","Sunday","26","6","29","2036"
"360530","2036-06-30","Monday","27","6","30","2036"
"360601","2036-07-01","Tuesday","27","7","1","2036"
"360602","2036-07-02","Wednesday","27","7","2","2036"
"360603","2036-07-03","Thursday","27","7","3","2036"
"360604","2036-07-04","Friday","27","7","4","2036"
"360605","2036-07-05","Saturday","27","7","5","2036"
"360606","2036-07-06","Sunday","27","7","6","2036"
"360607","2036-07-07","Monday","28","7","7","2036"
"360608","2036-07-08","Tuesday","28","7","8","2036"
"360609","2036-07-09","Wednesday","28","7","9","2036"
"360610","2036-07-10","Thursday","28","7","10","2036"
"360611","2036-07-11","Friday","28","7","11","2036"
"360612","2036-07-12","Saturday","28","7","12","2036"
"360613","2036-07-13","Sunday","28","7","13","2036"
"360614","2036-07-14","Monday","29","7","14","2036"
"360615","2036-07-15","Tuesday","29","7","15","2036"
"360616","2036-07-16","Wednesday","29","7","16","2036"
"360617","2036-07-17","Thursday","29","7","17","2036"
"360618","2036-07-18","Friday","29","7","18","2036"
"360619","2036-07-19","Saturday","29","7","19","2036"
"360620","2036-07-20","Sunday","29","7","20","2036"
"360621","2036-07-21","Monday","30","7","21","2036"
"360622","2036-07-22","Tuesday","30","7","22","2036"
"360623","2036-07-23","Wednesday","30","7","23","2036"
"360624","2036-07-24","Thursday","30","7","24","2036"
"360625","2036-07-25","Friday","30","7","25","2036"
"360626","2036-07-26","Saturday","30","7","26","2036"
"360627","2036-07-27","Sunday","30","7","27","2036"
"360628","2036-07-28","Monday","31","7","28","2036"
"360629","2036-07-29","Tuesday","31","7","29","2036"
"360630","2036-07-30","Wednesday","31","7","30","2036"
"360631","2036-07-31","Thursday","31","7","31","2036"
"360701","2036-08-01","Friday","31","8","1","2036"
"360702","2036-08-02","Saturday","31","8","2","2036"
"360703","2036-08-03","Sunday","31","8","3","2036"
"360704","2036-08-04","Monday","32","8","4","2036"
"360705","2036-08-05","Tuesday","32","8","5","2036"
"360706","2036-08-06","Wednesday","32","8","6","2036"
"360707","2036-08-07","Thursday","32","8","7","2036"
"360708","2036-08-08","Friday","32","8","8","2036"
"360709","2036-08-09","Saturday","32","8","9","2036"
"360710","2036-08-10","Sunday","32","8","10","2036"
"360711","2036-08-11","Monday","33","8","11","2036"
"360712","2036-08-12","Tuesday","33","8","12","2036"
"360713","2036-08-13","Wednesday","33","8","13","2036"
"360714","2036-08-14","Thursday","33","8","14","2036"
"360715","2036-08-15","Friday","33","8","15","2036"
"360716","2036-08-16","Saturday","33","8","16","2036"
"360717","2036-08-17","Sunday","33","8","17","2036"
"360718","2036-08-18","Monday","34","8","18","2036"
"360719","2036-08-19","Tuesday","34","8","19","2036"
"360720","2036-08-20","Wednesday","34","8","20","2036"
"360721","2036-08-21","Thursday","34","8","21","2036"
"360722","2036-08-22","Friday","34","8","22","2036"
"360723","2036-08-23","Saturday","34","8","23","2036"
"360724","2036-08-24","Sunday","34","8","24","2036"
"360725","2036-08-25","Monday","35","8","25","2036"
"360726","2036-08-26","Tuesday","35","8","26","2036"
"360727","2036-08-27","Wednesday","35","8","27","2036"
"360728","2036-08-28","Thursday","35","8","28","2036"
"360729","2036-08-29","Friday","35","8","29","2036"
"360730","2036-08-30","Saturday","35","8","30","2036"
"360731","2036-08-31","Sunday","35","8","31","2036"
"360801","2036-09-01","Monday","36","9","1","2036"
"360802","2036-09-02","Tuesday","36","9","2","2036"
"360803","2036-09-03","Wednesday","36","9","3","2036"
"360804","2036-09-04","Thursday","36","9","4","2036"
"360805","2036-09-05","Friday","36","9","5","2036"
"360806","2036-09-06","Saturday","36","9","6","2036"
"360807","2036-09-07","Sunday","36","9","7","2036"
"360808","2036-09-08","Monday","37","9","8","2036"
"360809","2036-09-09","Tuesday","37","9","9","2036"
"360810","2036-09-10","Wednesday","37","9","10","2036"
"360811","2036-09-11","Thursday","37","9","11","2036"
"360812","2036-09-12","Friday","37","9","12","2036"
"360813","2036-09-13","Saturday","37","9","13","2036"
"360814","2036-09-14","Sunday","37","9","14","2036"
"360815","2036-09-15","Monday","38","9","15","2036"
"360816","2036-09-16","Tuesday","38","9","16","2036"
"360817","2036-09-17","Wednesday","38","9","17","2036"
"360818","2036-09-18","Thursday","38","9","18","2036"
"360819","2036-09-19","Friday","38","9","19","2036"
"360820","2036-09-20","Saturday","38","9","20","2036"
"360821","2036-09-21","Sunday","38","9","21","2036"
"360822","2036-09-22","Monday","39","9","22","2036"
"360823","2036-09-23","Tuesday","39","9","23","2036"
"360824","2036-09-24","Wednesday","39","9","24","2036"
"360825","2036-09-25","Thursday","39","9","25","2036"
"360826","2036-09-26","Friday","39","9","26","2036"
"360827","2036-09-27","Saturday","39","9","27","2036"
"360828","2036-09-28","Sunday","39","9","28","2036"
"360829","2036-09-29","Monday","40","9","29","2036"
"360830","2036-09-30","Tuesday","40","9","30","2036"
"360901","2036-10-01","Wednesday","40","10","1","2036"
"360902","2036-10-02","Thursday","40","10","2","2036"
"360903","2036-10-03","Friday","40","10","3","2036"
"360904","2036-10-04","Saturday","40","10","4","2036"
"360905","2036-10-05","Sunday","40","10","5","2036"
"360906","2036-10-06","Monday","41","10","6","2036"
"360907","2036-10-07","Tuesday","41","10","7","2036"
"360908","2036-10-08","Wednesday","41","10","8","2036"
"360909","2036-10-09","Thursday","41","10","9","2036"
"360910","2036-10-10","Friday","41","10","10","2036"
"360911","2036-10-11","Saturday","41","10","11","2036"
"360912","2036-10-12","Sunday","41","10","12","2036"
"360913","2036-10-13","Monday","42","10","13","2036"
"360914","2036-10-14","Tuesday","42","10","14","2036"
"360915","2036-10-15","Wednesday","42","10","15","2036"
"360916","2036-10-16","Thursday","42","10","16","2036"
"360917","2036-10-17","Friday","42","10","17","2036"
"360918","2036-10-18","Saturday","42","10","18","2036"
"360919","2036-10-19","Sunday","42","10","19","2036"
"360920","2036-10-20","Monday","43","10","20","2036"
"360921","2036-10-21","Tuesday","43","10","21","2036"
"360922","2036-10-22","Wednesday","43","10","22","2036"
"360923","2036-10-23","Thursday","43","10","23","2036"
"360924","2036-10-24","Friday","43","10","24","2036"
"360925","2036-10-25","Saturday","43","10","25","2036"
"360926","2036-10-26","Sunday","43","10","26","2036"
"360927","2036-10-27","Monday","44","10","27","2036"
"360928","2036-10-28","Tuesday","44","10","28","2036"
"360929","2036-10-29","Wednesday","44","10","29","2036"
"360930","2036-10-30","Thursday","44","10","30","2036"
"360931","2036-10-31","Friday","44","10","31","2036"
"361001","2036-11-01","Saturday","44","11","1","2036"
"361002","2036-11-02","Sunday","44","11","2","2036"
"361003","2036-11-03","Monday","45","11","3","2036"
"361004","2036-11-04","Tuesday","45","11","4","2036"
"361005","2036-11-05","Wednesday","45","11","5","2036"
"361006","2036-11-06","Thursday","45","11","6","2036"
"361007","2036-11-07","Friday","45","11","7","2036"
"361008","2036-11-08","Saturday","45","11","8","2036"
"361009","2036-11-09","Sunday","45","11","9","2036"
"361010","2036-11-10","Monday","46","11","10","2036"
"361011","2036-11-11","Tuesday","46","11","11","2036"
"361012","2036-11-12","Wednesday","46","11","12","2036"
"361013","2036-11-13","Thursday","46","11","13","2036"
"361014","2036-11-14","Friday","46","11","14","2036"
"361015","2036-11-15","Saturday","46","11","15","2036"
"361016","2036-11-16","Sunday","46","11","16","2036"
"361017","2036-11-17","Monday","47","11","17","2036"
"361018","2036-11-18","Tuesday","47","11","18","2036"
"361019","2036-11-19","Wednesday","47","11","19","2036"
"361020","2036-11-20","Thursday","47","11","20","2036"
"361021","2036-11-21","Friday","47","11","21","2036"
"361022","2036-11-22","Saturday","47","11","22","2036"
"361023","2036-11-23","Sunday","47","11","23","2036"
"361024","2036-11-24","Monday","48","11","24","2036"
"361025","2036-11-25","Tuesday","48","11","25","2036"
"361026","2036-11-26","Wednesday","48","11","26","2036"
"361027","2036-11-27","Thursday","48","11","27","2036"
"361028","2036-11-28","Friday","48","11","28","2036"
"361029","2036-11-29","Saturday","48","11","29","2036"
"361030","2036-11-30","Sunday","48","11","30","2036"
"361101","2036-12-01","Monday","49","12","1","2036"
"361102","2036-12-02","Tuesday","49","12","2","2036"
"361103","2036-12-03","Wednesday","49","12","3","2036"
"361104","2036-12-04","Thursday","49","12","4","2036"
"361105","2036-12-05","Friday","49","12","5","2036"
"361106","2036-12-06","Saturday","49","12","6","2036"
"361107","2036-12-07","Sunday","49","12","7","2036"
"361108","2036-12-08","Monday","50","12","8","2036"
"361109","2036-12-09","Tuesday","50","12","9","2036"
"361110","2036-12-10","Wednesday","50","12","10","2036"
"361111","2036-12-11","Thursday","50","12","11","2036"
"361112","2036-12-12","Friday","50","12","12","2036"
"361113","2036-12-13","Saturday","50","12","13","2036"
"361114","2036-12-14","Sunday","50","12","14","2036"
"361115","2036-12-15","Monday","51","12","15","2036"
"361116","2036-12-16","Tuesday","51","12","16","2036"
"361117","2036-12-17","Wednesday","51","12","17","2036"
"361118","2036-12-18","Thursday","51","12","18","2036"
"361119","2036-12-19","Friday","51","12","19","2036"
"361120","2036-12-20","Saturday","51","12","20","2036"
"361121","2036-12-21","Sunday","51","12","21","2036"
"361122","2036-12-22","Monday","52","12","22","2036"
"361123","2036-12-23","Tuesday","52","12","23","2036"
"361124","2036-12-24","Wednesday","52","12","24","2036"
"361125","2036-12-25","Thursday","52","12","25","2036"
"361126","2036-12-26","Friday","52","12","26","2036"
"361127","2036-12-27","Saturday","52","12","27","2036"
"361128","2036-12-28","Sunday","52","12","28","2036"
"361129","2036-12-29","Monday","1","12","29","2036"
"361130","2036-12-30","Tuesday","1","12","30","2036"
"361131","2036-12-31","Wednesday","1","12","31","2036"
"370001","2037-01-01","Thursday","1","1","1","2037"
"370002","2037-01-02","Friday","1","1","2","2037"
"370003","2037-01-03","Saturday","1","1","3","2037"
"370004","2037-01-04","Sunday","1","1","4","2037"
"370005","2037-01-05","Monday","2","1","5","2037"
"370006","2037-01-06","Tuesday","2","1","6","2037"
"370007","2037-01-07","Wednesday","2","1","7","2037"
"370008","2037-01-08","Thursday","2","1","8","2037"
"370009","2037-01-09","Friday","2","1","9","2037"
"370010","2037-01-10","Saturday","2","1","10","2037"
"370011","2037-01-11","Sunday","2","1","11","2037"
"370012","2037-01-12","Monday","3","1","12","2037"
"370013","2037-01-13","Tuesday","3","1","13","2037"
"370014","2037-01-14","Wednesday","3","1","14","2037"
"370015","2037-01-15","Thursday","3","1","15","2037"
"370016","2037-01-16","Friday","3","1","16","2037"
"370017","2037-01-17","Saturday","3","1","17","2037"
"370018","2037-01-18","Sunday","3","1","18","2037"
"370019","2037-01-19","Monday","4","1","19","2037"
"370020","2037-01-20","Tuesday","4","1","20","2037"
"370021","2037-01-21","Wednesday","4","1","21","2037"
"370022","2037-01-22","Thursday","4","1","22","2037"
"370023","2037-01-23","Friday","4","1","23","2037"
"370024","2037-01-24","Saturday","4","1","24","2037"
"370025","2037-01-25","Sunday","4","1","25","2037"
"370026","2037-01-26","Monday","5","1","26","2037"
"370027","2037-01-27","Tuesday","5","1","27","2037"
"370028","2037-01-28","Wednesday","5","1","28","2037"
"370029","2037-01-29","Thursday","5","1","29","2037"
"370030","2037-01-30","Friday","5","1","30","2037"
"370031","2037-01-31","Saturday","5","1","31","2037"
"370101","2037-02-01","Sunday","5","2","1","2037"
"370102","2037-02-02","Monday","6","2","2","2037"
"370103","2037-02-03","Tuesday","6","2","3","2037"
"370104","2037-02-04","Wednesday","6","2","4","2037"
"370105","2037-02-05","Thursday","6","2","5","2037"
"370106","2037-02-06","Friday","6","2","6","2037"
"370107","2037-02-07","Saturday","6","2","7","2037"
"370108","2037-02-08","Sunday","6","2","8","2037"
"370109","2037-02-09","Monday","7","2","9","2037"
"370110","2037-02-10","Tuesday","7","2","10","2037"
"370111","2037-02-11","Wednesday","7","2","11","2037"
"370112","2037-02-12","Thursday","7","2","12","2037"
"370113","2037-02-13","Friday","7","2","13","2037"
"370114","2037-02-14","Saturday","7","2","14","2037"
"370115","2037-02-15","Sunday","7","2","15","2037"
"370116","2037-02-16","Monday","8","2","16","2037"
"370117","2037-02-17","Tuesday","8","2","17","2037"
"370118","2037-02-18","Wednesday","8","2","18","2037"
"370119","2037-02-19","Thursday","8","2","19","2037"
"370120","2037-02-20","Friday","8","2","20","2037"
"370121","2037-02-21","Saturday","8","2","21","2037"
"370122","2037-02-22","Sunday","8","2","22","2037"
"370123","2037-02-23","Monday","9","2","23","2037"
"370124","2037-02-24","Tuesday","9","2","24","2037"
"370125","2037-02-25","Wednesday","9","2","25","2037"
"370126","2037-02-26","Thursday","9","2","26","2037"
"370127","2037-02-27","Friday","9","2","27","2037"
"370128","2037-02-28","Saturday","9","2","28","2037"
"370201","2037-03-01","Sunday","9","3","1","2037"
"370202","2037-03-02","Monday","10","3","2","2037"
"370203","2037-03-03","Tuesday","10","3","3","2037"
"370204","2037-03-04","Wednesday","10","3","4","2037"
"370205","2037-03-05","Thursday","10","3","5","2037"
"370206","2037-03-06","Friday","10","3","6","2037"
"370207","2037-03-07","Saturday","10","3","7","2037"
"370208","2037-03-08","Sunday","10","3","8","2037"
"370209","2037-03-09","Monday","11","3","9","2037"
"370210","2037-03-10","Tuesday","11","3","10","2037"
"370211","2037-03-11","Wednesday","11","3","11","2037"
"370212","2037-03-12","Thursday","11","3","12","2037"
"370213","2037-03-13","Friday","11","3","13","2037"
"370214","2037-03-14","Saturday","11","3","14","2037"
"370215","2037-03-15","Sunday","11","3","15","2037"
"370216","2037-03-16","Monday","12","3","16","2037"
"370217","2037-03-17","Tuesday","12","3","17","2037"
"370218","2037-03-18","Wednesday","12","3","18","2037"
"370219","2037-03-19","Thursday","12","3","19","2037"
"370220","2037-03-20","Friday","12","3","20","2037"
"370221","2037-03-21","Saturday","12","3","21","2037"
"370222","2037-03-22","Sunday","12","3","22","2037"
"370223","2037-03-23","Monday","13","3","23","2037"
"370224","2037-03-24","Tuesday","13","3","24","2037"
"370225","2037-03-25","Wednesday","13","3","25","2037"
"370226","2037-03-26","Thursday","13","3","26","2037"
"370227","2037-03-27","Friday","13","3","27","2037"
"370228","2037-03-28","Saturday","13","3","28","2037"
"370229","2037-03-29","Sunday","13","3","29","2037"
"370230","2037-03-30","Monday","14","3","30","2037"
"370231","2037-03-31","Tuesday","14","3","31","2037"
"370301","2037-04-01","Wednesday","14","4","1","2037"
"370302","2037-04-02","Thursday","14","4","2","2037"
"370303","2037-04-03","Friday","14","4","3","2037"
"370304","2037-04-04","Saturday","14","4","4","2037"
"370305","2037-04-05","Sunday","14","4","5","2037"
"370306","2037-04-06","Monday","15","4","6","2037"
"370307","2037-04-07","Tuesday","15","4","7","2037"
"370308","2037-04-08","Wednesday","15","4","8","2037"
"370309","2037-04-09","Thursday","15","4","9","2037"
"370310","2037-04-10","Friday","15","4","10","2037"
"370311","2037-04-11","Saturday","15","4","11","2037"
"370312","2037-04-12","Sunday","15","4","12","2037"
"370313","2037-04-13","Monday","16","4","13","2037"
"370314","2037-04-14","Tuesday","16","4","14","2037"
"370315","2037-04-15","Wednesday","16","4","15","2037"
"370316","2037-04-16","Thursday","16","4","16","2037"
"370317","2037-04-17","Friday","16","4","17","2037"
"370318","2037-04-18","Saturday","16","4","18","2037"
"370319","2037-04-19","Sunday","16","4","19","2037"
"370320","2037-04-20","Monday","17","4","20","2037"
"370321","2037-04-21","Tuesday","17","4","21","2037"
"370322","2037-04-22","Wednesday","17","4","22","2037"
"370323","2037-04-23","Thursday","17","4","23","2037"
"370324","2037-04-24","Friday","17","4","24","2037"
"370325","2037-04-25","Saturday","17","4","25","2037"
"370326","2037-04-26","Sunday","17","4","26","2037"
"370327","2037-04-27","Monday","18","4","27","2037"
"370328","2037-04-28","Tuesday","18","4","28","2037"
"370329","2037-04-29","Wednesday","18","4","29","2037"
"370330","2037-04-30","Thursday","18","4","30","2037"
"370401","2037-05-01","Friday","18","5","1","2037"
"370402","2037-05-02","Saturday","18","5","2","2037"
"370403","2037-05-03","Sunday","18","5","3","2037"
"370404","2037-05-04","Monday","19","5","4","2037"
"370405","2037-05-05","Tuesday","19","5","5","2037"
"370406","2037-05-06","Wednesday","19","5","6","2037"
"370407","2037-05-07","Thursday","19","5","7","2037"
"370408","2037-05-08","Friday","19","5","8","2037"
"370409","2037-05-09","Saturday","19","5","9","2037"
"370410","2037-05-10","Sunday","19","5","10","2037"
"370411","2037-05-11","Monday","20","5","11","2037"
"370412","2037-05-12","Tuesday","20","5","12","2037"
"370413","2037-05-13","Wednesday","20","5","13","2037"
"370414","2037-05-14","Thursday","20","5","14","2037"
"370415","2037-05-15","Friday","20","5","15","2037"
"370416","2037-05-16","Saturday","20","5","16","2037"
"370417","2037-05-17","Sunday","20","5","17","2037"
"370418","2037-05-18","Monday","21","5","18","2037"
"370419","2037-05-19","Tuesday","21","5","19","2037"
"370420","2037-05-20","Wednesday","21","5","20","2037"
"370421","2037-05-21","Thursday","21","5","21","2037"
"370422","2037-05-22","Friday","21","5","22","2037"
"370423","2037-05-23","Saturday","21","5","23","2037"
"370424","2037-05-24","Sunday","21","5","24","2037"
"370425","2037-05-25","Monday","22","5","25","2037"
"370426","2037-05-26","Tuesday","22","5","26","2037"
"370427","2037-05-27","Wednesday","22","5","27","2037"
"370428","2037-05-28","Thursday","22","5","28","2037"
"370429","2037-05-29","Friday","22","5","29","2037"
"370430","2037-05-30","Saturday","22","5","30","2037"
"370431","2037-05-31","Sunday","22","5","31","2037"
"370501","2037-06-01","Monday","23","6","1","2037"
"370502","2037-06-02","Tuesday","23","6","2","2037"
"370503","2037-06-03","Wednesday","23","6","3","2037"
"370504","2037-06-04","Thursday","23","6","4","2037"
"370505","2037-06-05","Friday","23","6","5","2037"
"370506","2037-06-06","Saturday","23","6","6","2037"
"370507","2037-06-07","Sunday","23","6","7","2037"
"370508","2037-06-08","Monday","24","6","8","2037"
"370509","2037-06-09","Tuesday","24","6","9","2037"
"370510","2037-06-10","Wednesday","24","6","10","2037"
"370511","2037-06-11","Thursday","24","6","11","2037"
"370512","2037-06-12","Friday","24","6","12","2037"
"370513","2037-06-13","Saturday","24","6","13","2037"
"370514","2037-06-14","Sunday","24","6","14","2037"
"370515","2037-06-15","Monday","25","6","15","2037"
"370516","2037-06-16","Tuesday","25","6","16","2037"
"370517","2037-06-17","Wednesday","25","6","17","2037"
"370518","2037-06-18","Thursday","25","6","18","2037"
"370519","2037-06-19","Friday","25","6","19","2037"
"370520","2037-06-20","Saturday","25","6","20","2037"
"370521","2037-06-21","Sunday","25","6","21","2037"
"370522","2037-06-22","Monday","26","6","22","2037"
"370523","2037-06-23","Tuesday","26","6","23","2037"
"370524","2037-06-24","Wednesday","26","6","24","2037"
"370525","2037-06-25","Thursday","26","6","25","2037"
"370526","2037-06-26","Friday","26","6","26","2037"
"370527","2037-06-27","Saturday","26","6","27","2037"
"370528","2037-06-28","Sunday","26","6","28","2037"
"370529","2037-06-29","Monday","27","6","29","2037"
"370530","2037-06-30","Tuesday","27","6","30","2037"
"370601","2037-07-01","Wednesday","27","7","1","2037"
"370602","2037-07-02","Thursday","27","7","2","2037"
"370603","2037-07-03","Friday","27","7","3","2037"
"370604","2037-07-04","Saturday","27","7","4","2037"
"370605","2037-07-05","Sunday","27","7","5","2037"
"370606","2037-07-06","Monday","28","7","6","2037"
"370607","2037-07-07","Tuesday","28","7","7","2037"
"370608","2037-07-08","Wednesday","28","7","8","2037"
"370609","2037-07-09","Thursday","28","7","9","2037"
"370610","2037-07-10","Friday","28","7","10","2037"
"370611","2037-07-11","Saturday","28","7","11","2037"
"370612","2037-07-12","Sunday","28","7","12","2037"
"370613","2037-07-13","Monday","29","7","13","2037"
"370614","2037-07-14","Tuesday","29","7","14","2037"
"370615","2037-07-15","Wednesday","29","7","15","2037"
"370616","2037-07-16","Thursday","29","7","16","2037"
"370617","2037-07-17","Friday","29","7","17","2037"
"370618","2037-07-18","Saturday","29","7","18","2037"
"370619","2037-07-19","Sunday","29","7","19","2037"
"370620","2037-07-20","Monday","30","7","20","2037"
"370621","2037-07-21","Tuesday","30","7","21","2037"
"370622","2037-07-22","Wednesday","30","7","22","2037"
"370623","2037-07-23","Thursday","30","7","23","2037"
"370624","2037-07-24","Friday","30","7","24","2037"
"370625","2037-07-25","Saturday","30","7","25","2037"
"370626","2037-07-26","Sunday","30","7","26","2037"
"370627","2037-07-27","Monday","31","7","27","2037"
"370628","2037-07-28","Tuesday","31","7","28","2037"
"370629","2037-07-29","Wednesday","31","7","29","2037"
"370630","2037-07-30","Thursday","31","7","30","2037"
"370631","2037-07-31","Friday","31","7","31","2037"
"370701","2037-08-01","Saturday","31","8","1","2037"
"370702","2037-08-02","Sunday","31","8","2","2037"
"370703","2037-08-03","Monday","32","8","3","2037"
"370704","2037-08-04","Tuesday","32","8","4","2037"
"370705","2037-08-05","Wednesday","32","8","5","2037"
"370706","2037-08-06","Thursday","32","8","6","2037"
"370707","2037-08-07","Friday","32","8","7","2037"
"370708","2037-08-08","Saturday","32","8","8","2037"
"370709","2037-08-09","Sunday","32","8","9","2037"
"370710","2037-08-10","Monday","33","8","10","2037"
"370711","2037-08-11","Tuesday","33","8","11","2037"
"370712","2037-08-12","Wednesday","33","8","12","2037"
"370713","2037-08-13","Thursday","33","8","13","2037"
"370714","2037-08-14","Friday","33","8","14","2037"
"370715","2037-08-15","Saturday","33","8","15","2037"
"370716","2037-08-16","Sunday","33","8","16","2037"
"370717","2037-08-17","Monday","34","8","17","2037"
"370718","2037-08-18","Tuesday","34","8","18","2037"
"370719","2037-08-19","Wednesday","34","8","19","2037"
"370720","2037-08-20","Thursday","34","8","20","2037"
"370721","2037-08-21","Friday","34","8","21","2037"
"370722","2037-08-22","Saturday","34","8","22","2037"
"370723","2037-08-23","Sunday","34","8","23","2037"
"370724","2037-08-24","Monday","35","8","24","2037"
"370725","2037-08-25","Tuesday","35","8","25","2037"
"370726","2037-08-26","Wednesday","35","8","26","2037"
"370727","2037-08-27","Thursday","35","8","27","2037"
"370728","2037-08-28","Friday","35","8","28","2037"
"370729","2037-08-29","Saturday","35","8","29","2037"
"370730","2037-08-30","Sunday","35","8","30","2037"
"370731","2037-08-31","Monday","36","8","31","2037"
"370801","2037-09-01","Tuesday","36","9","1","2037"
"370802","2037-09-02","Wednesday","36","9","2","2037"
"370803","2037-09-03","Thursday","36","9","3","2037"
"370804","2037-09-04","Friday","36","9","4","2037"
"370805","2037-09-05","Saturday","36","9","5","2037"
"370806","2037-09-06","Sunday","36","9","6","2037"
"370807","2037-09-07","Monday","37","9","7","2037"
"370808","2037-09-08","Tuesday","37","9","8","2037"
"370809","2037-09-09","Wednesday","37","9","9","2037"
"370810","2037-09-10","Thursday","37","9","10","2037"
"370811","2037-09-11","Friday","37","9","11","2037"
"370812","2037-09-12","Saturday","37","9","12","2037"
"370813","2037-09-13","Sunday","37","9","13","2037"
"370814","2037-09-14","Monday","38","9","14","2037"
"370815","2037-09-15","Tuesday","38","9","15","2037"
"370816","2037-09-16","Wednesday","38","9","16","2037"
"370817","2037-09-17","Thursday","38","9","17","2037"
"370818","2037-09-18","Friday","38","9","18","2037"
"370819","2037-09-19","Saturday","38","9","19","2037"
"370820","2037-09-20","Sunday","38","9","20","2037"
"370821","2037-09-21","Monday","39","9","21","2037"
"370822","2037-09-22","Tuesday","39","9","22","2037"
"370823","2037-09-23","Wednesday","39","9","23","2037"
"370824","2037-09-24","Thursday","39","9","24","2037"
"370825","2037-09-25","Friday","39","9","25","2037"
"370826","2037-09-26","Saturday","39","9","26","2037"
"370827","2037-09-27","Sunday","39","9","27","2037"
"370828","2037-09-28","Monday","40","9","28","2037"
"370829","2037-09-29","Tuesday","40","9","29","2037"
"370830","2037-09-30","Wednesday","40","9","30","2037"
"370901","2037-10-01","Thursday","40","10","1","2037"
"370902","2037-10-02","Friday","40","10","2","2037"
"370903","2037-10-03","Saturday","40","10","3","2037"
"370904","2037-10-04","Sunday","40","10","4","2037"
"370905","2037-10-05","Monday","41","10","5","2037"
"370906","2037-10-06","Tuesday","41","10","6","2037"
"370907","2037-10-07","Wednesday","41","10","7","2037"
"370908","2037-10-08","Thursday","41","10","8","2037"
"370909","2037-10-09","Friday","41","10","9","2037"
"370910","2037-10-10","Saturday","41","10","10","2037"
"370911","2037-10-11","Sunday","41","10","11","2037"
"370912","2037-10-12","Monday","42","10","12","2037"
"370913","2037-10-13","Tuesday","42","10","13","2037"
"370914","2037-10-14","Wednesday","42","10","14","2037"
"370915","2037-10-15","Thursday","42","10","15","2037"
"370916","2037-10-16","Friday","42","10","16","2037"
"370917","2037-10-17","Saturday","42","10","17","2037"
"370918","2037-10-18","Sunday","42","10","18","2037"
"370919","2037-10-19","Monday","43","10","19","2037"
"370920","2037-10-20","Tuesday","43","10","20","2037"
"370921","2037-10-21","Wednesday","43","10","21","2037"
"370922","2037-10-22","Thursday","43","10","22","2037"
"370923","2037-10-23","Friday","43","10","23","2037"
"370924","2037-10-24","Saturday","43","10","24","2037"
"370925","2037-10-25","Sunday","43","10","25","2037"
"370926","2037-10-26","Monday","44","10","26","2037"
"370927","2037-10-27","Tuesday","44","10","27","2037"
"370928","2037-10-28","Wednesday","44","10","28","2037"
"370929","2037-10-29","Thursday","44","10","29","2037"
"370930","2037-10-30","Friday","44","10","30","2037"
"370931","2037-10-31","Saturday","44","10","31","2037"
"371001","2037-11-01","Sunday","44","11","1","2037"
"371002","2037-11-02","Monday","45","11","2","2037"
"371003","2037-11-03","Tuesday","45","11","3","2037"
"371004","2037-11-04","Wednesday","45","11","4","2037"
"371005","2037-11-05","Thursday","45","11","5","2037"
"371006","2037-11-06","Friday","45","11","6","2037"
"371007","2037-11-07","Saturday","45","11","7","2037"
"371008","2037-11-08","Sunday","45","11","8","2037"
"371009","2037-11-09","Monday","46","11","9","2037"
"371010","2037-11-10","Tuesday","46","11","10","2037"
"371011","2037-11-11","Wednesday","46","11","11","2037"
"371012","2037-11-12","Thursday","46","11","12","2037"
"371013","2037-11-13","Friday","46","11","13","2037"
"371014","2037-11-14","Saturday","46","11","14","2037"
"371015","2037-11-15","Sunday","46","11","15","2037"
"371016","2037-11-16","Monday","47","11","16","2037"
"371017","2037-11-17","Tuesday","47","11","17","2037"
"371018","2037-11-18","Wednesday","47","11","18","2037"
"371019","2037-11-19","Thursday","47","11","19","2037"
"371020","2037-11-20","Friday","47","11","20","2037"
"371021","2037-11-21","Saturday","47","11","21","2037"
"371022","2037-11-22","Sunday","47","11","22","2037"
"371023","2037-11-23","Monday","48","11","23","2037"
"371024","2037-11-24","Tuesday","48","11","24","2037"
"371025","2037-11-25","Wednesday","48","11","25","2037"
"371026","2037-11-26","Thursday","48","11","26","2037"
"371027","2037-11-27","Friday","48","11","27","2037"
"371028","2037-11-28","Saturday","48","11","28","2037"
"371029","2037-11-29","Sunday","48","11","29","2037"
"371030","2037-11-30","Monday","49","11","30","2037"
"371101","2037-12-01","Tuesday","49","12","1","2037"
"371102","2037-12-02","Wednesday","49","12","2","2037"
"371103","2037-12-03","Thursday","49","12","3","2037"
"371104","2037-12-04","Friday","49","12","4","2037"
"371105","2037-12-05","Saturday","49","12","5","2037"
"371106","2037-12-06","Sunday","49","12","6","2037"
"371107","2037-12-07","Monday","50","12","7","2037"
"371108","2037-12-08","Tuesday","50","12","8","2037"
"371109","2037-12-09","Wednesday","50","12","9","2037"
"371110","2037-12-10","Thursday","50","12","10","2037"
"371111","2037-12-11","Friday","50","12","11","2037"
"371112","2037-12-12","Saturday","50","12","12","2037"
"371113","2037-12-13","Sunday","50","12","13","2037"
"371114","2037-12-14","Monday","51","12","14","2037"
"371115","2037-12-15","Tuesday","51","12","15","2037"
"371116","2037-12-16","Wednesday","51","12","16","2037"
"371117","2037-12-17","Thursday","51","12","17","2037"
"371118","2037-12-18","Friday","51","12","18","2037"
"371119","2037-12-19","Saturday","51","12","19","2037"
"371120","2037-12-20","Sunday","51","12","20","2037"
"371121","2037-12-21","Monday","52","12","21","2037"
"371122","2037-12-22","Tuesday","52","12","22","2037"
"371123","2037-12-23","Wednesday","52","12","23","2037"
"371124","2037-12-24","Thursday","52","12","24","2037"
"371125","2037-12-25","Friday","52","12","25","2037"
"371126","2037-12-26","Saturday","52","12","26","2037"
"371127","2037-12-27","Sunday","52","12","27","2037"
"371128","2037-12-28","Monday","53","12","28","2037"
"371129","2037-12-29","Tuesday","53","12","29","2037"
"371130","2037-12-30","Wednesday","53","12","30","2037"
"371131","2037-12-31","Thursday","53","12","31","2037"
"380001","2038-01-01","Friday","53","1","1","2038"
"380002","2038-01-02","Saturday","53","1","2","2038"
"380003","2038-01-03","Sunday","53","1","3","2038"
"380004","2038-01-04","Monday","1","1","4","2038"
"380005","2038-01-05","Tuesday","1","1","5","2038"
"380006","2038-01-06","Wednesday","1","1","6","2038"
"380007","2038-01-07","Thursday","1","1","7","2038"
"380008","2038-01-08","Friday","1","1","8","2038"
"380009","2038-01-09","Saturday","1","1","9","2038"
"380010","2038-01-10","Sunday","1","1","10","2038"
"380011","2038-01-11","Monday","2","1","11","2038"
"380012","2038-01-12","Tuesday","2","1","12","2038"
"380013","2038-01-13","Wednesday","2","1","13","2038"
"380014","2038-01-14","Thursday","2","1","14","2038"
"380015","2038-01-15","Friday","2","1","15","2038"
"380016","2038-01-16","Saturday","2","1","16","2038"
"380017","2038-01-17","Sunday","2","1","17","2038"
"380018","2038-01-18","Monday","3","1","18","2038"
"380019","2038-01-19","Tuesday","3","1","19","2038"
"380020","2038-01-20","Wednesday","3","1","20","2038"
"380021","2038-01-21","Thursday","3","1","21","2038"
"380022","2038-01-22","Friday","3","1","22","2038"
"380023","2038-01-23","Saturday","3","1","23","2038"
"380024","2038-01-24","Sunday","3","1","24","2038"
"380025","2038-01-25","Monday","4","1","25","2038"
"380026","2038-01-26","Tuesday","4","1","26","2038"
"380027","2038-01-27","Wednesday","4","1","27","2038"
"380028","2038-01-28","Thursday","4","1","28","2038"
"380029","2038-01-29","Friday","4","1","29","2038"
"380030","2038-01-30","Saturday","4","1","30","2038"
"380031","2038-01-31","Sunday","4","1","31","2038"
"380101","2038-02-01","Monday","5","2","1","2038"
"380102","2038-02-02","Tuesday","5","2","2","2038"
"380103","2038-02-03","Wednesday","5","2","3","2038"
"380104","2038-02-04","Thursday","5","2","4","2038"
"380105","2038-02-05","Friday","5","2","5","2038"
"380106","2038-02-06","Saturday","5","2","6","2038"
"380107","2038-02-07","Sunday","5","2","7","2038"
"380108","2038-02-08","Monday","6","2","8","2038"
"380109","2038-02-09","Tuesday","6","2","9","2038"
"380110","2038-02-10","Wednesday","6","2","10","2038"
"380111","2038-02-11","Thursday","6","2","11","2038"
"380112","2038-02-12","Friday","6","2","12","2038"
"380113","2038-02-13","Saturday","6","2","13","2038"
"380114","2038-02-14","Sunday","6","2","14","2038"
"380115","2038-02-15","Monday","7","2","15","2038"
"380116","2038-02-16","Tuesday","7","2","16","2038"
"380117","2038-02-17","Wednesday","7","2","17","2038"
"380118","2038-02-18","Thursday","7","2","18","2038"
"380119","2038-02-19","Friday","7","2","19","2038"
"380120","2038-02-20","Saturday","7","2","20","2038"
"380121","2038-02-21","Sunday","7","2","21","2038"
"380122","2038-02-22","Monday","8","2","22","2038"
"380123","2038-02-23","Tuesday","8","2","23","2038"
"380124","2038-02-24","Wednesday","8","2","24","2038"
"380125","2038-02-25","Thursday","8","2","25","2038"
"380126","2038-02-26","Friday","8","2","26","2038"
"380127","2038-02-27","Saturday","8","2","27","2038"
"380128","2038-02-28","Sunday","8","2","28","2038"
"380201","2038-03-01","Monday","9","3","1","2038"
"380202","2038-03-02","Tuesday","9","3","2","2038"
"380203","2038-03-03","Wednesday","9","3","3","2038"
"380204","2038-03-04","Thursday","9","3","4","2038"
"380205","2038-03-05","Friday","9","3","5","2038"
"380206","2038-03-06","Saturday","9","3","6","2038"
"380207","2038-03-07","Sunday","9","3","7","2038"
"380208","2038-03-08","Monday","10","3","8","2038"
"380209","2038-03-09","Tuesday","10","3","9","2038"
"380210","2038-03-10","Wednesday","10","3","10","2038"
"380211","2038-03-11","Thursday","10","3","11","2038"
"380212","2038-03-12","Friday","10","3","12","2038"
"380213","2038-03-13","Saturday","10","3","13","2038"
"380214","2038-03-14","Sunday","10","3","14","2038"
"380215","2038-03-15","Monday","11","3","15","2038"
"380216","2038-03-16","Tuesday","11","3","16","2038"
"380217","2038-03-17","Wednesday","11","3","17","2038"
"380218","2038-03-18","Thursday","11","3","18","2038"
"380219","2038-03-19","Friday","11","3","19","2038"
"380220","2038-03-20","Saturday","11","3","20","2038"
"380221","2038-03-21","Sunday","11","3","21","2038"
"380222","2038-03-22","Monday","12","3","22","2038"
"380223","2038-03-23","Tuesday","12","3","23","2038"
"380224","2038-03-24","Wednesday","12","3","24","2038"
"380225","2038-03-25","Thursday","12","3","25","2038"
"380226","2038-03-26","Friday","12","3","26","2038"
"380227","2038-03-27","Saturday","12","3","27","2038"
"380228","2038-03-28","Sunday","12","3","28","2038"
"380229","2038-03-29","Monday","13","3","29","2038"
"380230","2038-03-30","Tuesday","13","3","30","2038"
"380231","2038-03-31","Wednesday","13","3","31","2038"
"380301","2038-04-01","Thursday","13","4","1","2038"
"380302","2038-04-02","Friday","13","4","2","2038"
"380303","2038-04-03","Saturday","13","4","3","2038"
"380304","2038-04-04","Sunday","13","4","4","2038"
"380305","2038-04-05","Monday","14","4","5","2038"
"380306","2038-04-06","Tuesday","14","4","6","2038"
"380307","2038-04-07","Wednesday","14","4","7","2038"
"380308","2038-04-08","Thursday","14","4","8","2038"
"380309","2038-04-09","Friday","14","4","9","2038"
"380310","2038-04-10","Saturday","14","4","10","2038"
"380311","2038-04-11","Sunday","14","4","11","2038"
"380312","2038-04-12","Monday","15","4","12","2038"
"380313","2038-04-13","Tuesday","15","4","13","2038"
"380314","2038-04-14","Wednesday","15","4","14","2038"
"380315","2038-04-15","Thursday","15","4","15","2038"
"380316","2038-04-16","Friday","15","4","16","2038"
"380317","2038-04-17","Saturday","15","4","17","2038"
"380318","2038-04-18","Sunday","15","4","18","2038"
"380319","2038-04-19","Monday","16","4","19","2038"
"380320","2038-04-20","Tuesday","16","4","20","2038"
"380321","2038-04-21","Wednesday","16","4","21","2038"
"380322","2038-04-22","Thursday","16","4","22","2038"
"380323","2038-04-23","Friday","16","4","23","2038"
"380324","2038-04-24","Saturday","16","4","24","2038"
"380325","2038-04-25","Sunday","16","4","25","2038"
"380326","2038-04-26","Monday","17","4","26","2038"
"380327","2038-04-27","Tuesday","17","4","27","2038"
"380328","2038-04-28","Wednesday","17","4","28","2038"
"380329","2038-04-29","Thursday","17","4","29","2038"
"380330","2038-04-30","Friday","17","4","30","2038"
"380401","2038-05-01","Saturday","17","5","1","2038"
"380402","2038-05-02","Sunday","17","5","2","2038"
"380403","2038-05-03","Monday","18","5","3","2038"
"380404","2038-05-04","Tuesday","18","5","4","2038"
"380405","2038-05-05","Wednesday","18","5","5","2038"
"380406","2038-05-06","Thursday","18","5","6","2038"
"380407","2038-05-07","Friday","18","5","7","2038"
"380408","2038-05-08","Saturday","18","5","8","2038"
"380409","2038-05-09","Sunday","18","5","9","2038"
"380410","2038-05-10","Monday","19","5","10","2038"
"380411","2038-05-11","Tuesday","19","5","11","2038"
"380412","2038-05-12","Wednesday","19","5","12","2038"
"380413","2038-05-13","Thursday","19","5","13","2038"
"380414","2038-05-14","Friday","19","5","14","2038"
"380415","2038-05-15","Saturday","19","5","15","2038"
"380416","2038-05-16","Sunday","19","5","16","2038"
"380417","2038-05-17","Monday","20","5","17","2038"
"380418","2038-05-18","Tuesday","20","5","18","2038"
"380419","2038-05-19","Wednesday","20","5","19","2038"
"380420","2038-05-20","Thursday","20","5","20","2038"
"380421","2038-05-21","Friday","20","5","21","2038"
"380422","2038-05-22","Saturday","20","5","22","2038"
"380423","2038-05-23","Sunday","20","5","23","2038"
"380424","2038-05-24","Monday","21","5","24","2038"
"380425","2038-05-25","Tuesday","21","5","25","2038"
"380426","2038-05-26","Wednesday","21","5","26","2038"
"380427","2038-05-27","Thursday","21","5","27","2038"
"380428","2038-05-28","Friday","21","5","28","2038"
"380429","2038-05-29","Saturday","21","5","29","2038"
"380430","2038-05-30","Sunday","21","5","30","2038"
"380431","2038-05-31","Monday","22","5","31","2038"
"380501","2038-06-01","Tuesday","22","6","1","2038"
"380502","2038-06-02","Wednesday","22","6","2","2038"
"380503","2038-06-03","Thursday","22","6","3","2038"
"380504","2038-06-04","Friday","22","6","4","2038"
"380505","2038-06-05","Saturday","22","6","5","2038"
"380506","2038-06-06","Sunday","22","6","6","2038"
"380507","2038-06-07","Monday","23","6","7","2038"
"380508","2038-06-08","Tuesday","23","6","8","2038"
"380509","2038-06-09","Wednesday","23","6","9","2038"
"380510","2038-06-10","Thursday","23","6","10","2038"
"380511","2038-06-11","Friday","23","6","11","2038"
"380512","2038-06-12","Saturday","23","6","12","2038"
"380513","2038-06-13","Sunday","23","6","13","2038"
"380514","2038-06-14","Monday","24","6","14","2038"
"380515","2038-06-15","Tuesday","24","6","15","2038"
"380516","2038-06-16","Wednesday","24","6","16","2038"
"380517","2038-06-17","Thursday","24","6","17","2038"
"380518","2038-06-18","Friday","24","6","18","2038"
"380519","2038-06-19","Saturday","24","6","19","2038"
"380520","2038-06-20","Sunday","24","6","20","2038"
"380521","2038-06-21","Monday","25","6","21","2038"
"380522","2038-06-22","Tuesday","25","6","22","2038"
"380523","2038-06-23","Wednesday","25","6","23","2038"
"380524","2038-06-24","Thursday","25","6","24","2038"
"380525","2038-06-25","Friday","25","6","25","2038"
"380526","2038-06-26","Saturday","25","6","26","2038"
"380527","2038-06-27","Sunday","25","6","27","2038"
"380528","2038-06-28","Monday","26","6","28","2038"
"380529","2038-06-29","Tuesday","26","6","29","2038"
"380530","2038-06-30","Wednesday","26","6","30","2038"
"380601","2038-07-01","Thursday","26","7","1","2038"
"380602","2038-07-02","Friday","26","7","2","2038"
"380603","2038-07-03","Saturday","26","7","3","2038"
"380604","2038-07-04","Sunday","26","7","4","2038"
"380605","2038-07-05","Monday","27","7","5","2038"
"380606","2038-07-06","Tuesday","27","7","6","2038"
"380607","2038-07-07","Wednesday","27","7","7","2038"
"380608","2038-07-08","Thursday","27","7","8","2038"
"380609","2038-07-09","Friday","27","7","9","2038"
"380610","2038-07-10","Saturday","27","7","10","2038"
"380611","2038-07-11","Sunday","27","7","11","2038"
"380612","2038-07-12","Monday","28","7","12","2038"
"380613","2038-07-13","Tuesday","28","7","13","2038"
"380614","2038-07-14","Wednesday","28","7","14","2038"
"380615","2038-07-15","Thursday","28","7","15","2038"
"380616","2038-07-16","Friday","28","7","16","2038"
"380617","2038-07-17","Saturday","28","7","17","2038"
"380618","2038-07-18","Sunday","28","7","18","2038"
"380619","2038-07-19","Monday","29","7","19","2038"
"380620","2038-07-20","Tuesday","29","7","20","2038"
"380621","2038-07-21","Wednesday","29","7","21","2038"
"380622","2038-07-22","Thursday","29","7","22","2038"
"380623","2038-07-23","Friday","29","7","23","2038"
"380624","2038-07-24","Saturday","29","7","24","2038"
"380625","2038-07-25","Sunday","29","7","25","2038"
"380626","2038-07-26","Monday","30","7","26","2038"
"380627","2038-07-27","Tuesday","30","7","27","2038"
"380628","2038-07-28","Wednesday","30","7","28","2038"
"380629","2038-07-29","Thursday","30","7","29","2038"
"380630","2038-07-30","Friday","30","7","30","2038"
"380631","2038-07-31","Saturday","30","7","31","2038"
"380701","2038-08-01","Sunday","30","8","1","2038"
"380702","2038-08-02","Monday","31","8","2","2038"
"380703","2038-08-03","Tuesday","31","8","3","2038"
"380704","2038-08-04","Wednesday","31","8","4","2038"
"380705","2038-08-05","Thursday","31","8","5","2038"
"380706","2038-08-06","Friday","31","8","6","2038"
"380707","2038-08-07","Saturday","31","8","7","2038"
"380708","2038-08-08","Sunday","31","8","8","2038"
"380709","2038-08-09","Monday","32","8","9","2038"
"380710","2038-08-10","Tuesday","32","8","10","2038"
"380711","2038-08-11","Wednesday","32","8","11","2038"
"380712","2038-08-12","Thursday","32","8","12","2038"
"380713","2038-08-13","Friday","32","8","13","2038"
"380714","2038-08-14","Saturday","32","8","14","2038"
"380715","2038-08-15","Sunday","32","8","15","2038"
"380716","2038-08-16","Monday","33","8","16","2038"
"380717","2038-08-17","Tuesday","33","8","17","2038"
"380718","2038-08-18","Wednesday","33","8","18","2038"
"380719","2038-08-19","Thursday","33","8","19","2038"
"380720","2038-08-20","Friday","33","8","20","2038"
"380721","2038-08-21","Saturday","33","8","21","2038"
"380722","2038-08-22","Sunday","33","8","22","2038"
"380723","2038-08-23","Monday","34","8","23","2038"
"380724","2038-08-24","Tuesday","34","8","24","2038"
"380725","2038-08-25","Wednesday","34","8","25","2038"
"380726","2038-08-26","Thursday","34","8","26","2038"
"380727","2038-08-27","Friday","34","8","27","2038"
"380728","2038-08-28","Saturday","34","8","28","2038"
"380729","2038-08-29","Sunday","34","8","29","2038"
"380730","2038-08-30","Monday","35","8","30","2038"
"380731","2038-08-31","Tuesday","35","8","31","2038"
"380801","2038-09-01","Wednesday","35","9","1","2038"
"380802","2038-09-02","Thursday","35","9","2","2038"
"380803","2038-09-03","Friday","35","9","3","2038"
"380804","2038-09-04","Saturday","35","9","4","2038"
"380805","2038-09-05","Sunday","35","9","5","2038"
"380806","2038-09-06","Monday","36","9","6","2038"
"380807","2038-09-07","Tuesday","36","9","7","2038"
"380808","2038-09-08","Wednesday","36","9","8","2038"
"380809","2038-09-09","Thursday","36","9","9","2038"
"380810","2038-09-10","Friday","36","9","10","2038"
"380811","2038-09-11","Saturday","36","9","11","2038"
"380812","2038-09-12","Sunday","36","9","12","2038"
"380813","2038-09-13","Monday","37","9","13","2038"
"380814","2038-09-14","Tuesday","37","9","14","2038"
"380815","2038-09-15","Wednesday","37","9","15","2038"
"380816","2038-09-16","Thursday","37","9","16","2038"
"380817","2038-09-17","Friday","37","9","17","2038"
"380818","2038-09-18","Saturday","37","9","18","2038"
"380819","2038-09-19","Sunday","37","9","19","2038"
"380820","2038-09-20","Monday","38","9","20","2038"
"380821","2038-09-21","Tuesday","38","9","21","2038"
"380822","2038-09-22","Wednesday","38","9","22","2038"
"380823","2038-09-23","Thursday","38","9","23","2038"
"380824","2038-09-24","Friday","38","9","24","2038"
"380825","2038-09-25","Saturday","38","9","25","2038"
"380826","2038-09-26","Sunday","38","9","26","2038"
"380827","2038-09-27","Monday","39","9","27","2038"
"380828","2038-09-28","Tuesday","39","9","28","2038"
"380829","2038-09-29","Wednesday","39","9","29","2038"
"380830","2038-09-30","Thursday","39","9","30","2038"
"380901","2038-10-01","Friday","39","10","1","2038"
"380902","2038-10-02","Saturday","39","10","2","2038"
"380903","2038-10-03","Sunday","39","10","3","2038"
"380904","2038-10-04","Monday","40","10","4","2038"
"380905","2038-10-05","Tuesday","40","10","5","2038"
"380906","2038-10-06","Wednesday","40","10","6","2038"
"380907","2038-10-07","Thursday","40","10","7","2038"
"380908","2038-10-08","Friday","40","10","8","2038"
"380909","2038-10-09","Saturday","40","10","9","2038"
"380910","2038-10-10","Sunday","40","10","10","2038"
"380911","2038-10-11","Monday","41","10","11","2038"
"380912","2038-10-12","Tuesday","41","10","12","2038"
"380913","2038-10-13","Wednesday","41","10","13","2038"
"380914","2038-10-14","Thursday","41","10","14","2038"
"380915","2038-10-15","Friday","41","10","15","2038"
"380916","2038-10-16","Saturday","41","10","16","2038"
"380917","2038-10-17","Sunday","41","10","17","2038"
"380918","2038-10-18","Monday","42","10","18","2038"
"380919","2038-10-19","Tuesday","42","10","19","2038"
"380920","2038-10-20","Wednesday","42","10","20","2038"
"380921","2038-10-21","Thursday","42","10","21","2038"
"380922","2038-10-22","Friday","42","10","22","2038"
"380923","2038-10-23","Saturday","42","10","23","2038"
"380924","2038-10-24","Sunday","42","10","24","2038"
"380925","2038-10-25","Monday","43","10","25","2038"
"380926","2038-10-26","Tuesday","43","10","26","2038"
"380927","2038-10-27","Wednesday","43","10","27","2038"
"380928","2038-10-28","Thursday","43","10","28","2038"
"380929","2038-10-29","Friday","43","10","29","2038"
"380930","2038-10-30","Saturday","43","10","30","2038"
"380931","2038-10-31","Sunday","43","10","31","2038"
"381001","2038-11-01","Monday","44","11","1","2038"
"381002","2038-11-02","Tuesday","44","11","2","2038"
"381003","2038-11-03","Wednesday","44","11","3","2038"
"381004","2038-11-04","Thursday","44","11","4","2038"
"381005","2038-11-05","Friday","44","11","5","2038"
"381006","2038-11-06","Saturday","44","11","6","2038"
"381007","2038-11-07","Sunday","44","11","7","2038"
"381008","2038-11-08","Monday","45","11","8","2038"
"381009","2038-11-09","Tuesday","45","11","9","2038"
"381010","2038-11-10","Wednesday","45","11","10","2038"
"381011","2038-11-11","Thursday","45","11","11","2038"
"381012","2038-11-12","Friday","45","11","12","2038"
"381013","2038-11-13","Saturday","45","11","13","2038"
"381014","2038-11-14","Sunday","45","11","14","2038"
"381015","2038-11-15","Monday","46","11","15","2038"
"381016","2038-11-16","Tuesday","46","11","16","2038"
"381017","2038-11-17","Wednesday","46","11","17","2038"
"381018","2038-11-18","Thursday","46","11","18","2038"
"381019","2038-11-19","Friday","46","11","19","2038"
"381020","2038-11-20","Saturday","46","11","20","2038"
"381021","2038-11-21","Sunday","46","11","21","2038"
"381022","2038-11-22","Monday","47","11","22","2038"
"381023","2038-11-23","Tuesday","47","11","23","2038"
"381024","2038-11-24","Wednesday","47","11","24","2038"
"381025","2038-11-25","Thursday","47","11","25","2038"
"381026","2038-11-26","Friday","47","11","26","2038"
"381027","2038-11-27","Saturday","47","11","27","2038"
"381028","2038-11-28","Sunday","47","11","28","2038"
"381029","2038-11-29","Monday","48","11","29","2038"
"381030","2038-11-30","Tuesday","48","11","30","2038"
"381101","2038-12-01","Wednesday","48","12","1","2038"
"381102","2038-12-02","Thursday","48","12","2","2038"
"381103","2038-12-03","Friday","48","12","3","2038"
"381104","2038-12-04","Saturday","48","12","4","2038"
"381105","2038-12-05","Sunday","48","12","5","2038"
"381106","2038-12-06","Monday","49","12","6","2038"
"381107","2038-12-07","Tuesday","49","12","7","2038"
"381108","2038-12-08","Wednesday","49","12","8","2038"
"381109","2038-12-09","Thursday","49","12","9","2038"
"381110","2038-12-10","Friday","49","12","10","2038"
"381111","2038-12-11","Saturday","49","12","11","2038"
"381112","2038-12-12","Sunday","49","12","12","2038"
"381113","2038-12-13","Monday","50","12","13","2038"
"381114","2038-12-14","Tuesday","50","12","14","2038"
"381115","2038-12-15","Wednesday","50","12","15","2038"
"381116","2038-12-16","Thursday","50","12","16","2038"
"381117","2038-12-17","Friday","50","12","17","2038"
"381118","2038-12-18","Saturday","50","12","18","2038"
"381119","2038-12-19","Sunday","50","12","19","2038"
"381120","2038-12-20","Monday","51","12","20","2038"
"381121","2038-12-21","Tuesday","51","12","21","2038"
"381122","2038-12-22","Wednesday","51","12","22","2038"
"381123","2038-12-23","Thursday","51","12","23","2038"
"381124","2038-12-24","Friday","51","12","24","2038"
"381125","2038-12-25","Saturday","51","12","25","2038"
"381126","2038-12-26","Sunday","51","12","26","2038"
"381127","2038-12-27","Monday","52","12","27","2038"
"381128","2038-12-28","Tuesday","52","12","28","2038"
"381129","2038-12-29","Wednesday","52","12","29","2038"
"381130","2038-12-30","Thursday","52","12","30","2038"
"381131","2038-12-31","Friday","52","12","31","2038"
"390001","2039-01-01","Saturday","52","1","1","2039"
"390002","2039-01-02","Sunday","52","1","2","2039"
"390003","2039-01-03","Monday","1","1","3","2039"
"390004","2039-01-04","Tuesday","1","1","4","2039"
"390005","2039-01-05","Wednesday","1","1","5","2039"
"390006","2039-01-06","Thursday","1","1","6","2039"
"390007","2039-01-07","Friday","1","1","7","2039"
"390008","2039-01-08","Saturday","1","1","8","2039"
"390009","2039-01-09","Sunday","1","1","9","2039"
"390010","2039-01-10","Monday","2","1","10","2039"
"390011","2039-01-11","Tuesday","2","1","11","2039"
"390012","2039-01-12","Wednesday","2","1","12","2039"
"390013","2039-01-13","Thursday","2","1","13","2039"
"390014","2039-01-14","Friday","2","1","14","2039"
"390015","2039-01-15","Saturday","2","1","15","2039"
"390016","2039-01-16","Sunday","2","1","16","2039"
"390017","2039-01-17","Monday","3","1","17","2039"
"390018","2039-01-18","Tuesday","3","1","18","2039"
"390019","2039-01-19","Wednesday","3","1","19","2039"
"390020","2039-01-20","Thursday","3","1","20","2039"
"390021","2039-01-21","Friday","3","1","21","2039"
"390022","2039-01-22","Saturday","3","1","22","2039"
"390023","2039-01-23","Sunday","3","1","23","2039"
"390024","2039-01-24","Monday","4","1","24","2039"
"390025","2039-01-25","Tuesday","4","1","25","2039"
"390026","2039-01-26","Wednesday","4","1","26","2039"
"390027","2039-01-27","Thursday","4","1","27","2039"
"390028","2039-01-28","Friday","4","1","28","2039"
"390029","2039-01-29","Saturday","4","1","29","2039"
"390030","2039-01-30","Sunday","4","1","30","2039"
"390031","2039-01-31","Monday","5","1","31","2039"
"390101","2039-02-01","Tuesday","5","2","1","2039"
"390102","2039-02-02","Wednesday","5","2","2","2039"
"390103","2039-02-03","Thursday","5","2","3","2039"
"390104","2039-02-04","Friday","5","2","4","2039"
"390105","2039-02-05","Saturday","5","2","5","2039"
"390106","2039-02-06","Sunday","5","2","6","2039"
"390107","2039-02-07","Monday","6","2","7","2039"
"390108","2039-02-08","Tuesday","6","2","8","2039"
"390109","2039-02-09","Wednesday","6","2","9","2039"
"390110","2039-02-10","Thursday","6","2","10","2039"
"390111","2039-02-11","Friday","6","2","11","2039"
"390112","2039-02-12","Saturday","6","2","12","2039"
"390113","2039-02-13","Sunday","6","2","13","2039"
"390114","2039-02-14","Monday","7","2","14","2039"
"390115","2039-02-15","Tuesday","7","2","15","2039"
"390116","2039-02-16","Wednesday","7","2","16","2039"
"390117","2039-02-17","Thursday","7","2","17","2039"
"390118","2039-02-18","Friday","7","2","18","2039"
"390119","2039-02-19","Saturday","7","2","19","2039"
"390120","2039-02-20","Sunday","7","2","20","2039"
"390121","2039-02-21","Monday","8","2","21","2039"
"390122","2039-02-22","Tuesday","8","2","22","2039"
"390123","2039-02-23","Wednesday","8","2","23","2039"
"390124","2039-02-24","Thursday","8","2","24","2039"
"390125","2039-02-25","Friday","8","2","25","2039"
"390126","2039-02-26","Saturday","8","2","26","2039"
"390127","2039-02-27","Sunday","8","2","27","2039"
"390128","2039-02-28","Monday","9","2","28","2039"
"390201","2039-03-01","Tuesday","9","3","1","2039"
"390202","2039-03-02","Wednesday","9","3","2","2039"
"390203","2039-03-03","Thursday","9","3","3","2039"
"390204","2039-03-04","Friday","9","3","4","2039"
"390205","2039-03-05","Saturday","9","3","5","2039"
"390206","2039-03-06","Sunday","9","3","6","2039"
"390207","2039-03-07","Monday","10","3","7","2039"
"390208","2039-03-08","Tuesday","10","3","8","2039"
"390209","2039-03-09","Wednesday","10","3","9","2039"
"390210","2039-03-10","Thursday","10","3","10","2039"
"390211","2039-03-11","Friday","10","3","11","2039"
"390212","2039-03-12","Saturday","10","3","12","2039"
"390213","2039-03-13","Sunday","10","3","13","2039"
"390214","2039-03-14","Monday","11","3","14","2039"
"390215","2039-03-15","Tuesday","11","3","15","2039"
"390216","2039-03-16","Wednesday","11","3","16","2039"
"390217","2039-03-17","Thursday","11","3","17","2039"
"390218","2039-03-18","Friday","11","3","18","2039"
"390219","2039-03-19","Saturday","11","3","19","2039"
"390220","2039-03-20","Sunday","11","3","20","2039"
"390221","2039-03-21","Monday","12","3","21","2039"
"390222","2039-03-22","Tuesday","12","3","22","2039"
"390223","2039-03-23","Wednesday","12","3","23","2039"
"390224","2039-03-24","Thursday","12","3","24","2039"
"390225","2039-03-25","Friday","12","3","25","2039"
"390226","2039-03-26","Saturday","12","3","26","2039"
"390227","2039-03-27","Sunday","12","3","27","2039"
"390228","2039-03-28","Monday","13","3","28","2039"
"390229","2039-03-29","Tuesday","13","3","29","2039"
"390230","2039-03-30","Wednesday","13","3","30","2039"
"390231","2039-03-31","Thursday","13","3","31","2039"
"390301","2039-04-01","Friday","13","4","1","2039"
"390302","2039-04-02","Saturday","13","4","2","2039"
"390303","2039-04-03","Sunday","13","4","3","2039"
"390304","2039-04-04","Monday","14","4","4","2039"
"390305","2039-04-05","Tuesday","14","4","5","2039"
"390306","2039-04-06","Wednesday","14","4","6","2039"
"390307","2039-04-07","Thursday","14","4","7","2039"
"390308","2039-04-08","Friday","14","4","8","2039"
"390309","2039-04-09","Saturday","14","4","9","2039"
"390310","2039-04-10","Sunday","14","4","10","2039"
"390311","2039-04-11","Monday","15","4","11","2039"
"390312","2039-04-12","Tuesday","15","4","12","2039"
"390313","2039-04-13","Wednesday","15","4","13","2039"
"390314","2039-04-14","Thursday","15","4","14","2039"
"390315","2039-04-15","Friday","15","4","15","2039"
"390316","2039-04-16","Saturday","15","4","16","2039"
"390317","2039-04-17","Sunday","15","4","17","2039"
"390318","2039-04-18","Monday","16","4","18","2039"
"390319","2039-04-19","Tuesday","16","4","19","2039"
"390320","2039-04-20","Wednesday","16","4","20","2039"
"390321","2039-04-21","Thursday","16","4","21","2039"
"390322","2039-04-22","Friday","16","4","22","2039"
"390323","2039-04-23","Saturday","16","4","23","2039"
"390324","2039-04-24","Sunday","16","4","24","2039"
"390325","2039-04-25","Monday","17","4","25","2039"
"390326","2039-04-26","Tuesday","17","4","26","2039"
"390327","2039-04-27","Wednesday","17","4","27","2039"
"390328","2039-04-28","Thursday","17","4","28","2039"
"390329","2039-04-29","Friday","17","4","29","2039"
"390330","2039-04-30","Saturday","17","4","30","2039"
"390401","2039-05-01","Sunday","17","5","1","2039"
"390402","2039-05-02","Monday","18","5","2","2039"
"390403","2039-05-03","Tuesday","18","5","3","2039"
"390404","2039-05-04","Wednesday","18","5","4","2039"
"390405","2039-05-05","Thursday","18","5","5","2039"
"390406","2039-05-06","Friday","18","5","6","2039"
"390407","2039-05-07","Saturday","18","5","7","2039"
"390408","2039-05-08","Sunday","18","5","8","2039"
"390409","2039-05-09","Monday","19","5","9","2039"
"390410","2039-05-10","Tuesday","19","5","10","2039"
"390411","2039-05-11","Wednesday","19","5","11","2039"
"390412","2039-05-12","Thursday","19","5","12","2039"
"390413","2039-05-13","Friday","19","5","13","2039"
"390414","2039-05-14","Saturday","19","5","14","2039"
"390415","2039-05-15","Sunday","19","5","15","2039"
"390416","2039-05-16","Monday","20","5","16","2039"
"390417","2039-05-17","Tuesday","20","5","17","2039"
"390418","2039-05-18","Wednesday","20","5","18","2039"
"390419","2039-05-19","Thursday","20","5","19","2039"
"390420","2039-05-20","Friday","20","5","20","2039"
"390421","2039-05-21","Saturday","20","5","21","2039"
"390422","2039-05-22","Sunday","20","5","22","2039"
"390423","2039-05-23","Monday","21","5","23","2039"
"390424","2039-05-24","Tuesday","21","5","24","2039"
"390425","2039-05-25","Wednesday","21","5","25","2039"
"390426","2039-05-26","Thursday","21","5","26","2039"
"390427","2039-05-27","Friday","21","5","27","2039"
"390428","2039-05-28","Saturday","21","5","28","2039"
"390429","2039-05-29","Sunday","21","5","29","2039"
"390430","2039-05-30","Monday","22","5","30","2039"
"390431","2039-05-31","Tuesday","22","5","31","2039"
"390501","2039-06-01","Wednesday","22","6","1","2039"
"390502","2039-06-02","Thursday","22","6","2","2039"
"390503","2039-06-03","Friday","22","6","3","2039"
"390504","2039-06-04","Saturday","22","6","4","2039"
"390505","2039-06-05","Sunday","22","6","5","2039"
"390506","2039-06-06","Monday","23","6","6","2039"
"390507","2039-06-07","Tuesday","23","6","7","2039"
"390508","2039-06-08","Wednesday","23","6","8","2039"
"390509","2039-06-09","Thursday","23","6","9","2039"
"390510","2039-06-10","Friday","23","6","10","2039"
"390511","2039-06-11","Saturday","23","6","11","2039"
"390512","2039-06-12","Sunday","23","6","12","2039"
"390513","2039-06-13","Monday","24","6","13","2039"
"390514","2039-06-14","Tuesday","24","6","14","2039"
"390515","2039-06-15","Wednesday","24","6","15","2039"
"390516","2039-06-16","Thursday","24","6","16","2039"
"390517","2039-06-17","Friday","24","6","17","2039"
"390518","2039-06-18","Saturday","24","6","18","2039"
"390519","2039-06-19","Sunday","24","6","19","2039"
"390520","2039-06-20","Monday","25","6","20","2039"
"390521","2039-06-21","Tuesday","25","6","21","2039"
"390522","2039-06-22","Wednesday","25","6","22","2039"
"390523","2039-06-23","Thursday","25","6","23","2039"
"390524","2039-06-24","Friday","25","6","24","2039"
"390525","2039-06-25","Saturday","25","6","25","2039"
"390526","2039-06-26","Sunday","25","6","26","2039"
"390527","2039-06-27","Monday","26","6","27","2039"
"390528","2039-06-28","Tuesday","26","6","28","2039"
"390529","2039-06-29","Wednesday","26","6","29","2039"
"390530","2039-06-30","Thursday","26","6","30","2039"
"390601","2039-07-01","Friday","26","7","1","2039"
"390602","2039-07-02","Saturday","26","7","2","2039"
"390603","2039-07-03","Sunday","26","7","3","2039"
"390604","2039-07-04","Monday","27","7","4","2039"
"390605","2039-07-05","Tuesday","27","7","5","2039"
"390606","2039-07-06","Wednesday","27","7","6","2039"
"390607","2039-07-07","Thursday","27","7","7","2039"
"390608","2039-07-08","Friday","27","7","8","2039"
"390609","2039-07-09","Saturday","27","7","9","2039"
"390610","2039-07-10","Sunday","27","7","10","2039"
"390611","2039-07-11","Monday","28","7","11","2039"
"390612","2039-07-12","Tuesday","28","7","12","2039"
"390613","2039-07-13","Wednesday","28","7","13","2039"
"390614","2039-07-14","Thursday","28","7","14","2039"
"390615","2039-07-15","Friday","28","7","15","2039"
"390616","2039-07-16","Saturday","28","7","16","2039"
"390617","2039-07-17","Sunday","28","7","17","2039"
"390618","2039-07-18","Monday","29","7","18","2039"
"390619","2039-07-19","Tuesday","29","7","19","2039"
"390620","2039-07-20","Wednesday","29","7","20","2039"
"390621","2039-07-21","Thursday","29","7","21","2039"
"390622","2039-07-22","Friday","29","7","22","2039"
"390623","2039-07-23","Saturday","29","7","23","2039"
"390624","2039-07-24","Sunday","29","7","24","2039"
"390625","2039-07-25","Monday","30","7","25","2039"
"390626","2039-07-26","Tuesday","30","7","26","2039"
"390627","2039-07-27","Wednesday","30","7","27","2039"
"390628","2039-07-28","Thursday","30","7","28","2039"
"390629","2039-07-29","Friday","30","7","29","2039"
"390630","2039-07-30","Saturday","30","7","30","2039"
"390631","2039-07-31","Sunday","30","7","31","2039"
"390701","2039-08-01","Monday","31","8","1","2039"
"390702","2039-08-02","Tuesday","31","8","2","2039"
"390703","2039-08-03","Wednesday","31","8","3","2039"
"390704","2039-08-04","Thursday","31","8","4","2039"
"390705","2039-08-05","Friday","31","8","5","2039"
"390706","2039-08-06","Saturday","31","8","6","2039"
"390707","2039-08-07","Sunday","31","8","7","2039"
"390708","2039-08-08","Monday","32","8","8","2039"
"390709","2039-08-09","Tuesday","32","8","9","2039"
"390710","2039-08-10","Wednesday","32","8","10","2039"
"390711","2039-08-11","Thursday","32","8","11","2039"
"390712","2039-08-12","Friday","32","8","12","2039"
"390713","2039-08-13","Saturday","32","8","13","2039"
"390714","2039-08-14","Sunday","32","8","14","2039"
"390715","2039-08-15","Monday","33","8","15","2039"
"390716","2039-08-16","Tuesday","33","8","16","2039"
"390717","2039-08-17","Wednesday","33","8","17","2039"
"390718","2039-08-18","Thursday","33","8","18","2039"
"390719","2039-08-19","Friday","33","8","19","2039"
"390720","2039-08-20","Saturday","33","8","20","2039"
"390721","2039-08-21","Sunday","33","8","21","2039"
"390722","2039-08-22","Monday","34","8","22","2039"
"390723","2039-08-23","Tuesday","34","8","23","2039"
"390724","2039-08-24","Wednesday","34","8","24","2039"
"390725","2039-08-25","Thursday","34","8","25","2039"
"390726","2039-08-26","Friday","34","8","26","2039"
"390727","2039-08-27","Saturday","34","8","27","2039"
"390728","2039-08-28","Sunday","34","8","28","2039"
"390729","2039-08-29","Monday","35","8","29","2039"
"390730","2039-08-30","Tuesday","35","8","30","2039"
"390731","2039-08-31","Wednesday","35","8","31","2039"
"390801","2039-09-01","Thursday","35","9","1","2039"
"390802","2039-09-02","Friday","35","9","2","2039"
"390803","2039-09-03","Saturday","35","9","3","2039"
"390804","2039-09-04","Sunday","35","9","4","2039"
"390805","2039-09-05","Monday","36","9","5","2039"
"390806","2039-09-06","Tuesday","36","9","6","2039"
"390807","2039-09-07","Wednesday","36","9","7","2039"
"390808","2039-09-08","Thursday","36","9","8","2039"
"390809","2039-09-09","Friday","36","9","9","2039"
"390810","2039-09-10","Saturday","36","9","10","2039"
"390811","2039-09-11","Sunday","36","9","11","2039"
"390812","2039-09-12","Monday","37","9","12","2039"
"390813","2039-09-13","Tuesday","37","9","13","2039"
"390814","2039-09-14","Wednesday","37","9","14","2039"
"390815","2039-09-15","Thursday","37","9","15","2039"
"390816","2039-09-16","Friday","37","9","16","2039"
"390817","2039-09-17","Saturday","37","9","17","2039"
"390818","2039-09-18","Sunday","37","9","18","2039"
"390819","2039-09-19","Monday","38","9","19","2039"
"390820","2039-09-20","Tuesday","38","9","20","2039"
"390821","2039-09-21","Wednesday","38","9","21","2039"
"390822","2039-09-22","Thursday","38","9","22","2039"
"390823","2039-09-23","Friday","38","9","23","2039"
"390824","2039-09-24","Saturday","38","9","24","2039"
"390825","2039-09-25","Sunday","38","9","25","2039"
"390826","2039-09-26","Monday","39","9","26","2039"
"390827","2039-09-27","Tuesday","39","9","27","2039"
"390828","2039-09-28","Wednesday","39","9","28","2039"
"390829","2039-09-29","Thursday","39","9","29","2039"
"390830","2039-09-30","Friday","39","9","30","2039"
"390901","2039-10-01","Saturday","39","10","1","2039"
"390902","2039-10-02","Sunday","39","10","2","2039"
"390903","2039-10-03","Monday","40","10","3","2039"
"390904","2039-10-04","Tuesday","40","10","4","2039"
"390905","2039-10-05","Wednesday","40","10","5","2039"
"390906","2039-10-06","Thursday","40","10","6","2039"
"390907","2039-10-07","Friday","40","10","7","2039"
"390908","2039-10-08","Saturday","40","10","8","2039"
"390909","2039-10-09","Sunday","40","10","9","2039"
"390910","2039-10-10","Monday","41","10","10","2039"
"390911","2039-10-11","Tuesday","41","10","11","2039"
"390912","2039-10-12","Wednesday","41","10","12","2039"
"390913","2039-10-13","Thursday","41","10","13","2039"
"390914","2039-10-14","Friday","41","10","14","2039"
"390915","2039-10-15","Saturday","41","10","15","2039"
"390916","2039-10-16","Sunday","41","10","16","2039"
"390917","2039-10-17","Monday","42","10","17","2039"
"390918","2039-10-18","Tuesday","42","10","18","2039"
"390919","2039-10-19","Wednesday","42","10","19","2039"
"390920","2039-10-20","Thursday","42","10","20","2039"
"390921","2039-10-21","Friday","42","10","21","2039"
"390922","2039-10-22","Saturday","42","10","22","2039"
"390923","2039-10-23","Sunday","42","10","23","2039"
"390924","2039-10-24","Monday","43","10","24","2039"
"390925","2039-10-25","Tuesday","43","10","25","2039"
"390926","2039-10-26","Wednesday","43","10","26","2039"
"390927","2039-10-27","Thursday","43","10","27","2039"
"390928","2039-10-28","Friday","43","10","28","2039"
"390929","2039-10-29","Saturday","43","10","29","2039"
"390930","2039-10-30","Sunday","43","10","30","2039"
"390931","2039-10-31","Monday","44","10","31","2039"
"391001","2039-11-01","Tuesday","44","11","1","2039"
"391002","2039-11-02","Wednesday","44","11","2","2039"
"391003","2039-11-03","Thursday","44","11","3","2039"
"391004","2039-11-04","Friday","44","11","4","2039"
"391005","2039-11-05","Saturday","44","11","5","2039"
"391006","2039-11-06","Sunday","44","11","6","2039"
"391007","2039-11-07","Monday","45","11","7","2039"
"391008","2039-11-08","Tuesday","45","11","8","2039"
"391009","2039-11-09","Wednesday","45","11","9","2039"
"391010","2039-11-10","Thursday","45","11","10","2039"
"391011","2039-11-11","Friday","45","11","11","2039"
"391012","2039-11-12","Saturday","45","11","12","2039"
"391013","2039-11-13","Sunday","45","11","13","2039"
"391014","2039-11-14","Monday","46","11","14","2039"
"391015","2039-11-15","Tuesday","46","11","15","2039"
"391016","2039-11-16","Wednesday","46","11","16","2039"
"391017","2039-11-17","Thursday","46","11","17","2039"
"391018","2039-11-18","Friday","46","11","18","2039"
"391019","2039-11-19","Saturday","46","11","19","2039"
"391020","2039-11-20","Sunday","46","11","20","2039"
"391021","2039-11-21","Monday","47","11","21","2039"
"391022","2039-11-22","Tuesday","47","11","22","2039"
"391023","2039-11-23","Wednesday","47","11","23","2039"
"391024","2039-11-24","Thursday","47","11","24","2039"
"391025","2039-11-25","Friday","47","11","25","2039"
"391026","2039-11-26","Saturday","47","11","26","2039"
"391027","2039-11-27","Sunday","47","11","27","2039"
"391028","2039-11-28","Monday","48","11","28","2039"
"391029","2039-11-29","Tuesday","48","11","29","2039"
"391030","2039-11-30","Wednesday","48","11","30","2039"
"391101","2039-12-01","Thursday","48","12","1","2039"
"391102","2039-12-02","Friday","48","12","2","2039"
"391103","2039-12-03","Saturday","48","12","3","2039"
"391104","2039-12-04","Sunday","48","12","4","2039"
"391105","2039-12-05","Monday","49","12","5","2039"
"391106","2039-12-06","Tuesday","49","12","6","2039"
"391107","2039-12-07","Wednesday","49","12","7","2039"
"391108","2039-12-08","Thursday","49","12","8","2039"
"391109","2039-12-09","Friday","49","12","9","2039"
"391110","2039-12-10","Saturday","49","12","10","2039"
"391111","2039-12-11","Sunday","49","12","11","2039"
"391112","2039-12-12","Monday","50","12","12","2039"
"391113","2039-12-13","Tuesday","50","12","13","2039"
"391114","2039-12-14","Wednesday","50","12","14","2039"
"391115","2039-12-15","Thursday","50","12","15","2039"
"391116","2039-12-16","Friday","50","12","16","2039"
"391117","2039-12-17","Saturday","50","12","17","2039"
"391118","2039-12-18","Sunday","50","12","18","2039"
"391119","2039-12-19","Monday","51","12","19","2039"
"391120","2039-12-20","Tuesday","51","12","20","2039"
"391121","2039-12-21","Wednesday","51","12","21","2039"
"391122","2039-12-22","Thursday","51","12","22","2039"
"391123","2039-12-23","Friday","51","12","23","2039"
"391124","2039-12-24","Saturday","51","12","24","2039"
"391125","2039-12-25","Sunday","51","12","25","2039"
"391126","2039-12-26","Monday","52","12","26","2039"
"391127","2039-12-27","Tuesday","52","12","27","2039"
"391128","2039-12-28","Wednesday","52","12","28","2039"
"391129","2039-12-29","Thursday","52","12","29","2039"
"391130","2039-12-30","Friday","52","12","30","2039"
"391131","2039-12-31","Saturday","52","12","31","2039"
"400001","2040-01-01","Sunday","52","1","1","2040"
"400002","2040-01-02","Monday","1","1","2","2040"
"400003","2040-01-03","Tuesday","1","1","3","2040"
"400004","2040-01-04","Wednesday","1","1","4","2040"
"400005","2040-01-05","Thursday","1","1","5","2040"
"400006","2040-01-06","Friday","1","1","6","2040"
"400007","2040-01-07","Saturday","1","1","7","2040"
"400008","2040-01-08","Sunday","1","1","8","2040"
"400009","2040-01-09","Monday","2","1","9","2040"
"400010","2040-01-10","Tuesday","2","1","10","2040"
"400011","2040-01-11","Wednesday","2","1","11","2040"
"400012","2040-01-12","Thursday","2","1","12","2040"
"400013","2040-01-13","Friday","2","1","13","2040"
"400014","2040-01-14","Saturday","2","1","14","2040"
"400015","2040-01-15","Sunday","2","1","15","2040"
"400016","2040-01-16","Monday","3","1","16","2040"
"400017","2040-01-17","Tuesday","3","1","17","2040"
"400018","2040-01-18","Wednesday","3","1","18","2040"
"400019","2040-01-19","Thursday","3","1","19","2040"
"400020","2040-01-20","Friday","3","1","20","2040"
"400021","2040-01-21","Saturday","3","1","21","2040"
"400022","2040-01-22","Sunday","3","1","22","2040"
"400023","2040-01-23","Monday","4","1","23","2040"
"400024","2040-01-24","Tuesday","4","1","24","2040"
"400025","2040-01-25","Wednesday","4","1","25","2040"
"400026","2040-01-26","Thursday","4","1","26","2040"
"400027","2040-01-27","Friday","4","1","27","2040"
"400028","2040-01-28","Saturday","4","1","28","2040"
"400029","2040-01-29","Sunday","4","1","29","2040"
"400030","2040-01-30","Monday","5","1","30","2040"
"400031","2040-01-31","Tuesday","5","1","31","2040"
"400101","2040-02-01","Wednesday","5","2","1","2040"
"400102","2040-02-02","Thursday","5","2","2","2040"
"400103","2040-02-03","Friday","5","2","3","2040"
"400104","2040-02-04","Saturday","5","2","4","2040"
"400105","2040-02-05","Sunday","5","2","5","2040"
"400106","2040-02-06","Monday","6","2","6","2040"
"400107","2040-02-07","Tuesday","6","2","7","2040"
"400108","2040-02-08","Wednesday","6","2","8","2040"
"400109","2040-02-09","Thursday","6","2","9","2040"
"400110","2040-02-10","Friday","6","2","10","2040"
"400111","2040-02-11","Saturday","6","2","11","2040"
"400112","2040-02-12","Sunday","6","2","12","2040"
"400113","2040-02-13","Monday","7","2","13","2040"
"400114","2040-02-14","Tuesday","7","2","14","2040"
"400115","2040-02-15","Wednesday","7","2","15","2040"
"400116","2040-02-16","Thursday","7","2","16","2040"
"400117","2040-02-17","Friday","7","2","17","2040"
"400118","2040-02-18","Saturday","7","2","18","2040"
"400119","2040-02-19","Sunday","7","2","19","2040"
"400120","2040-02-20","Monday","8","2","20","2040"
"400121","2040-02-21","Tuesday","8","2","21","2040"
"400122","2040-02-22","Wednesday","8","2","22","2040"
"400123","2040-02-23","Thursday","8","2","23","2040"
"400124","2040-02-24","Friday","8","2","24","2040"
"400125","2040-02-25","Saturday","8","2","25","2040"
"400126","2040-02-26","Sunday","8","2","26","2040"
"400127","2040-02-27","Monday","9","2","27","2040"
"400128","2040-02-28","Tuesday","9","2","28","2040"
"400129","2040-02-29","Wednesday","9","2","29","2040"
"400201","2040-03-01","Thursday","9","3","1","2040"
"400202","2040-03-02","Friday","9","3","2","2040"
"400203","2040-03-03","Saturday","9","3","3","2040"
"400204","2040-03-04","Sunday","9","3","4","2040"
"400205","2040-03-05","Monday","10","3","5","2040"
"400206","2040-03-06","Tuesday","10","3","6","2040"
"400207","2040-03-07","Wednesday","10","3","7","2040"
"400208","2040-03-08","Thursday","10","3","8","2040"
"400209","2040-03-09","Friday","10","3","9","2040"
"400210","2040-03-10","Saturday","10","3","10","2040"
"400211","2040-03-11","Sunday","10","3","11","2040"
"400212","2040-03-12","Monday","11","3","12","2040"
"400213","2040-03-13","Tuesday","11","3","13","2040"
"400214","2040-03-14","Wednesday","11","3","14","2040"
"400215","2040-03-15","Thursday","11","3","15","2040"
"400216","2040-03-16","Friday","11","3","16","2040"
"400217","2040-03-17","Saturday","11","3","17","2040"
"400218","2040-03-18","Sunday","11","3","18","2040"
"400219","2040-03-19","Monday","12","3","19","2040"
"400220","2040-03-20","Tuesday","12","3","20","2040"
"400221","2040-03-21","Wednesday","12","3","21","2040"
"400222","2040-03-22","Thursday","12","3","22","2040"
"400223","2040-03-23","Friday","12","3","23","2040"
"400224","2040-03-24","Saturday","12","3","24","2040"
"400225","2040-03-25","Sunday","12","3","25","2040"
"400226","2040-03-26","Monday","13","3","26","2040"
"400227","2040-03-27","Tuesday","13","3","27","2040"
"400228","2040-03-28","Wednesday","13","3","28","2040"
"400229","2040-03-29","Thursday","13","3","29","2040"
"400230","2040-03-30","Friday","13","3","30","2040"
"400231","2040-03-31","Saturday","13","3","31","2040"
"400301","2040-04-01","Sunday","13","4","1","2040"
"400302","2040-04-02","Monday","14","4","2","2040"
"400303","2040-04-03","Tuesday","14","4","3","2040"
"400304","2040-04-04","Wednesday","14","4","4","2040"
"400305","2040-04-05","Thursday","14","4","5","2040"
"400306","2040-04-06","Friday","14","4","6","2040"
"400307","2040-04-07","Saturday","14","4","7","2040"
"400308","2040-04-08","Sunday","14","4","8","2040"
"400309","2040-04-09","Monday","15","4","9","2040"
"400310","2040-04-10","Tuesday","15","4","10","2040"
"400311","2040-04-11","Wednesday","15","4","11","2040"
"400312","2040-04-12","Thursday","15","4","12","2040"
"400313","2040-04-13","Friday","15","4","13","2040"
"400314","2040-04-14","Saturday","15","4","14","2040"
"400315","2040-04-15","Sunday","15","4","15","2040"
"400316","2040-04-16","Monday","16","4","16","2040"
"400317","2040-04-17","Tuesday","16","4","17","2040"
"400318","2040-04-18","Wednesday","16","4","18","2040"
"400319","2040-04-19","Thursday","16","4","19","2040"
"400320","2040-04-20","Friday","16","4","20","2040"
"400321","2040-04-21","Saturday","16","4","21","2040"
"400322","2040-04-22","Sunday","16","4","22","2040"
"400323","2040-04-23","Monday","17","4","23","2040"
"400324","2040-04-24","Tuesday","17","4","24","2040"
"400325","2040-04-25","Wednesday","17","4","25","2040"
"400326","2040-04-26","Thursday","17","4","26","2040"
"400327","2040-04-27","Friday","17","4","27","2040"
"400328","2040-04-28","Saturday","17","4","28","2040"
"400329","2040-04-29","Sunday","17","4","29","2040"
"400330","2040-04-30","Monday","18","4","30","2040"
"400401","2040-05-01","Tuesday","18","5","1","2040"
"400402","2040-05-02","Wednesday","18","5","2","2040"
"400403","2040-05-03","Thursday","18","5","3","2040"
"400404","2040-05-04","Friday","18","5","4","2040"
"400405","2040-05-05","Saturday","18","5","5","2040"
"400406","2040-05-06","Sunday","18","5","6","2040"
"400407","2040-05-07","Monday","19","5","7","2040"
"400408","2040-05-08","Tuesday","19","5","8","2040"
"400409","2040-05-09","Wednesday","19","5","9","2040"
"400410","2040-05-10","Thursday","19","5","10","2040"
"400411","2040-05-11","Friday","19","5","11","2040"
"400412","2040-05-12","Saturday","19","5","12","2040"
"400413","2040-05-13","Sunday","19","5","13","2040"
"400414","2040-05-14","Monday","20","5","14","2040"
"400415","2040-05-15","Tuesday","20","5","15","2040"
"400416","2040-05-16","Wednesday","20","5","16","2040"
"400417","2040-05-17","Thursday","20","5","17","2040"
"400418","2040-05-18","Friday","20","5","18","2040"
"400419","2040-05-19","Saturday","20","5","19","2040"
"400420","2040-05-20","Sunday","20","5","20","2040"
"400421","2040-05-21","Monday","21","5","21","2040"
"400422","2040-05-22","Tuesday","21","5","22","2040"
"400423","2040-05-23","Wednesday","21","5","23","2040"
"400424","2040-05-24","Thursday","21","5","24","2040"
"400425","2040-05-25","Friday","21","5","25","2040"
"400426","2040-05-26","Saturday","21","5","26","2040"
"400427","2040-05-27","Sunday","21","5","27","2040"
"400428","2040-05-28","Monday","22","5","28","2040"
"400429","2040-05-29","Tuesday","22","5","29","2040"
"400430","2040-05-30","Wednesday","22","5","30","2040"
"400431","2040-05-31","Thursday","22","5","31","2040"
"400501","2040-06-01","Friday","22","6","1","2040"
"400502","2040-06-02","Saturday","22","6","2","2040"
"400503","2040-06-03","Sunday","22","6","3","2040"
"400504","2040-06-04","Monday","23","6","4","2040"
"400505","2040-06-05","Tuesday","23","6","5","2040"
"400506","2040-06-06","Wednesday","23","6","6","2040"
"400507","2040-06-07","Thursday","23","6","7","2040"
"400508","2040-06-08","Friday","23","6","8","2040"
"400509","2040-06-09","Saturday","23","6","9","2040"
"400510","2040-06-10","Sunday","23","6","10","2040"
"400511","2040-06-11","Monday","24","6","11","2040"
"400512","2040-06-12","Tuesday","24","6","12","2040"
"400513","2040-06-13","Wednesday","24","6","13","2040"
"400514","2040-06-14","Thursday","24","6","14","2040"
"400515","2040-06-15","Friday","24","6","15","2040"
"400516","2040-06-16","Saturday","24","6","16","2040"
"400517","2040-06-17","Sunday","24","6","17","2040"
"400518","2040-06-18","Monday","25","6","18","2040"
"400519","2040-06-19","Tuesday","25","6","19","2040"
"400520","2040-06-20","Wednesday","25","6","20","2040"
"400521","2040-06-21","Thursday","25","6","21","2040"
"400522","2040-06-22","Friday","25","6","22","2040"
"400523","2040-06-23","Saturday","25","6","23","2040"
"400524","2040-06-24","Sunday","25","6","24","2040"
"400525","2040-06-25","Monday","26","6","25","2040"
"400526","2040-06-26","Tuesday","26","6","26","2040"
"400527","2040-06-27","Wednesday","26","6","27","2040"
"400528","2040-06-28","Thursday","26","6","28","2040"
"400529","2040-06-29","Friday","26","6","29","2040"
"400530","2040-06-30","Saturday","26","6","30","2040"
"400601","2040-07-01","Sunday","26","7","1","2040"
"400602","2040-07-02","Monday","27","7","2","2040"
"400603","2040-07-03","Tuesday","27","7","3","2040"
"400604","2040-07-04","Wednesday","27","7","4","2040"
"400605","2040-07-05","Thursday","27","7","5","2040"
"400606","2040-07-06","Friday","27","7","6","2040"
"400607","2040-07-07","Saturday","27","7","7","2040"
"400608","2040-07-08","Sunday","27","7","8","2040"
"400609","2040-07-09","Monday","28","7","9","2040"
"400610","2040-07-10","Tuesday","28","7","10","2040"
"400611","2040-07-11","Wednesday","28","7","11","2040"
"400612","2040-07-12","Thursday","28","7","12","2040"
"400613","2040-07-13","Friday","28","7","13","2040"
"400614","2040-07-14","Saturday","28","7","14","2040"
"400615","2040-07-15","Sunday","28","7","15","2040"
"400616","2040-07-16","Monday","29","7","16","2040"
"400617","2040-07-17","Tuesday","29","7","17","2040"
"400618","2040-07-18","Wednesday","29","7","18","2040"
"400619","2040-07-19","Thursday","29","7","19","2040"
"400620","2040-07-20","Friday","29","7","20","2040"
"400621","2040-07-21","Saturday","29","7","21","2040"
"400622","2040-07-22","Sunday","29","7","22","2040"
"400623","2040-07-23","Monday","30","7","23","2040"
"400624","2040-07-24","Tuesday","30","7","24","2040"
"400625","2040-07-25","Wednesday","30","7","25","2040"
"400626","2040-07-26","Thursday","30","7","26","2040"
"400627","2040-07-27","Friday","30","7","27","2040"
"400628","2040-07-28","Saturday","30","7","28","2040"
"400629","2040-07-29","Sunday","30","7","29","2040"
"400630","2040-07-30","Monday","31","7","30","2040"
"400631","2040-07-31","Tuesday","31","7","31","2040"
"400701","2040-08-01","Wednesday","31","8","1","2040"
"400702","2040-08-02","Thursday","31","8","2","2040"
"400703","2040-08-03","Friday","31","8","3","2040"
"400704","2040-08-04","Saturday","31","8","4","2040"
"400705","2040-08-05","Sunday","31","8","5","2040"
"400706","2040-08-06","Monday","32","8","6","2040"
"400707","2040-08-07","Tuesday","32","8","7","2040"
"400708","2040-08-08","Wednesday","32","8","8","2040"
"400709","2040-08-09","Thursday","32","8","9","2040"
"400710","2040-08-10","Friday","32","8","10","2040"
"400711","2040-08-11","Saturday","32","8","11","2040"
"400712","2040-08-12","Sunday","32","8","12","2040"
"400713","2040-08-13","Monday","33","8","13","2040"
"400714","2040-08-14","Tuesday","33","8","14","2040"
"400715","2040-08-15","Wednesday","33","8","15","2040"
"400716","2040-08-16","Thursday","33","8","16","2040"
"400717","2040-08-17","Friday","33","8","17","2040"
"400718","2040-08-18","Saturday","33","8","18","2040"
"400719","2040-08-19","Sunday","33","8","19","2040"
"400720","2040-08-20","Monday","34","8","20","2040"
"400721","2040-08-21","Tuesday","34","8","21","2040"
"400722","2040-08-22","Wednesday","34","8","22","2040"
"400723","2040-08-23","Thursday","34","8","23","2040"
"400724","2040-08-24","Friday","34","8","24","2040"
"400725","2040-08-25","Saturday","34","8","25","2040"
"400726","2040-08-26","Sunday","34","8","26","2040"
"400727","2040-08-27","Monday","35","8","27","2040"
"400728","2040-08-28","Tuesday","35","8","28","2040"
"400729","2040-08-29","Wednesday","35","8","29","2040"
"400730","2040-08-30","Thursday","35","8","30","2040"
"400731","2040-08-31","Friday","35","8","31","2040"
"400801","2040-09-01","Saturday","35","9","1","2040"
"400802","2040-09-02","Sunday","35","9","2","2040"
"400803","2040-09-03","Monday","36","9","3","2040"
"400804","2040-09-04","Tuesday","36","9","4","2040"
"400805","2040-09-05","Wednesday","36","9","5","2040"
"400806","2040-09-06","Thursday","36","9","6","2040"
"400807","2040-09-07","Friday","36","9","7","2040"
"400808","2040-09-08","Saturday","36","9","8","2040"
"400809","2040-09-09","Sunday","36","9","9","2040"
"400810","2040-09-10","Monday","37","9","10","2040"
"400811","2040-09-11","Tuesday","37","9","11","2040"
"400812","2040-09-12","Wednesday","37","9","12","2040"
"400813","2040-09-13","Thursday","37","9","13","2040"
"400814","2040-09-14","Friday","37","9","14","2040"
"400815","2040-09-15","Saturday","37","9","15","2040"
"400816","2040-09-16","Sunday","37","9","16","2040"
"400817","2040-09-17","Monday","38","9","17","2040"
"400818","2040-09-18","Tuesday","38","9","18","2040"
"400819","2040-09-19","Wednesday","38","9","19","2040"
"400820","2040-09-20","Thursday","38","9","20","2040"
"400821","2040-09-21","Friday","38","9","21","2040"
"400822","2040-09-22","Saturday","38","9","22","2040"
"400823","2040-09-23","Sunday","38","9","23","2040"
"400824","2040-09-24","Monday","39","9","24","2040"
"400825","2040-09-25","Tuesday","39","9","25","2040"
"400826","2040-09-26","Wednesday","39","9","26","2040"
"400827","2040-09-27","Thursday","39","9","27","2040"
"400828","2040-09-28","Friday","39","9","28","2040"
"400829","2040-09-29","Saturday","39","9","29","2040"
"400830","2040-09-30","Sunday","39","9","30","2040"
"400901","2040-10-01","Monday","40","10","1","2040"
"400902","2040-10-02","Tuesday","40","10","2","2040"
"400903","2040-10-03","Wednesday","40","10","3","2040"
"400904","2040-10-04","Thursday","40","10","4","2040"
"400905","2040-10-05","Friday","40","10","5","2040"
"400906","2040-10-06","Saturday","40","10","6","2040"
"400907","2040-10-07","Sunday","40","10","7","2040"
"400908","2040-10-08","Monday","41","10","8","2040"
"400909","2040-10-09","Tuesday","41","10","9","2040"
"400910","2040-10-10","Wednesday","41","10","10","2040"
"400911","2040-10-11","Thursday","41","10","11","2040"
"400912","2040-10-12","Friday","41","10","12","2040"
"400913","2040-10-13","Saturday","41","10","13","2040"
"400914","2040-10-14","Sunday","41","10","14","2040"
"400915","2040-10-15","Monday","42","10","15","2040"
"400916","2040-10-16","Tuesday","42","10","16","2040"
"400917","2040-10-17","Wednesday","42","10","17","2040"
"400918","2040-10-18","Thursday","42","10","18","2040"
"400919","2040-10-19","Friday","42","10","19","2040"
"400920","2040-10-20","Saturday","42","10","20","2040"
"400921","2040-10-21","Sunday","42","10","21","2040"
"400922","2040-10-22","Monday","43","10","22","2040"
"400923","2040-10-23","Tuesday","43","10","23","2040"
"400924","2040-10-24","Wednesday","43","10","24","2040"
"400925","2040-10-25","Thursday","43","10","25","2040"
"400926","2040-10-26","Friday","43","10","26","2040"
"400927","2040-10-27","Saturday","43","10","27","2040"
"400928","2040-10-28","Sunday","43","10","28","2040"
"400929","2040-10-29","Monday","44","10","29","2040"
"400930","2040-10-30","Tuesday","44","10","30","2040"
"400931","2040-10-31","Wednesday","44","10","31","2040"
"401001","2040-11-01","Thursday","44","11","1","2040"
"401002","2040-11-02","Friday","44","11","2","2040"
"401003","2040-11-03","Saturday","44","11","3","2040"
"401004","2040-11-04","Sunday","44","11","4","2040"
"401005","2040-11-05","Monday","45","11","5","2040"
"401006","2040-11-06","Tuesday","45","11","6","2040"
"401007","2040-11-07","Wednesday","45","11","7","2040"
"401008","2040-11-08","Thursday","45","11","8","2040"
"401009","2040-11-09","Friday","45","11","9","2040"
"401010","2040-11-10","Saturday","45","11","10","2040"
"401011","2040-11-11","Sunday","45","11","11","2040"
"401012","2040-11-12","Monday","46","11","12","2040"
"401013","2040-11-13","Tuesday","46","11","13","2040"
"401014","2040-11-14","Wednesday","46","11","14","2040"
"401015","2040-11-15","Thursday","46","11","15","2040"
"401016","2040-11-16","Friday","46","11","16","2040"
"401017","2040-11-17","Saturday","46","11","17","2040"
"401018","2040-11-18","Sunday","46","11","18","2040"
"401019","2040-11-19","Monday","47","11","19","2040"
"401020","2040-11-20","Tuesday","47","11","20","2040"
"401021","2040-11-21","Wednesday","47","11","21","2040"
"401022","2040-11-22","Thursday","47","11","22","2040"
"401023","2040-11-23","Friday","47","11","23","2040"
"401024","2040-11-24","Saturday","47","11","24","2040"
"401025","2040-11-25","Sunday","47","11","25","2040"
"401026","2040-11-26","Monday","48","11","26","2040"
"401027","2040-11-27","Tuesday","48","11","27","2040"
"401028","2040-11-28","Wednesday","48","11","28","2040"
"401029","2040-11-29","Thursday","48","11","29","2040"
"401030","2040-11-30","Friday","48","11","30","2040"
"401101","2040-12-01","Saturday","48","12","1","2040"
"401102","2040-12-02","Sunday","48","12","2","2040"
"401103","2040-12-03","Monday","49","12","3","2040"
"401104","2040-12-04","Tuesday","49","12","4","2040"
"401105","2040-12-05","Wednesday","49","12","5","2040"
"401106","2040-12-06","Thursday","49","12","6","2040"
"401107","2040-12-07","Friday","49","12","7","2040"
"401108","2040-12-08","Saturday","49","12","8","2040"
"401109","2040-12-09","Sunday","49","12","9","2040"
"401110","2040-12-10","Monday","50","12","10","2040"
"401111","2040-12-11","Tuesday","50","12","11","2040"
"401112","2040-12-12","Wednesday","50","12","12","2040"
"401113","2040-12-13","Thursday","50","12","13","2040"
"401114","2040-12-14","Friday","50","12","14","2040"
"401115","2040-12-15","Saturday","50","12","15","2040"
"401116","2040-12-16","Sunday","50","12","16","2040"
"401117","2040-12-17","Monday","51","12","17","2040"
"401118","2040-12-18","Tuesday","51","12","18","2040"
"401119","2040-12-19","Wednesday","51","12","19","2040"
"401120","2040-12-20","Thursday","51","12","20","2040"
"401121","2040-12-21","Friday","51","12","21","2040"
"401122","2040-12-22","Saturday","51","12","22","2040"
"401123","2040-12-23","Sunday","51","12","23","2040"
"401124","2040-12-24","Monday","52","12","24","2040"
"401125","2040-12-25","Tuesday","52","12","25","2040"
"401126","2040-12-26","Wednesday","52","12","26","2040"
"401127","2040-12-27","Thursday","52","12","27","2040"
"401128","2040-12-28","Friday","52","12","28","2040"
"401129","2040-12-29","Saturday","52","12","29","2040"
"401130","2040-12-30","Sunday","52","12","30","2040"
"401131","2040-12-31","Monday","1","12","31","2040"
"410001","2041-01-01","Tuesday","1","1","1","2041"
"410002","2041-01-02","Wednesday","1","1","2","2041"
"410003","2041-01-03","Thursday","1","1","3","2041"
"410004","2041-01-04","Friday","1","1","4","2041"
"410005","2041-01-05","Saturday","1","1","5","2041"
"410006","2041-01-06","Sunday","1","1","6","2041"
"410007","2041-01-07","Monday","2","1","7","2041"
"410008","2041-01-08","Tuesday","2","1","8","2041"
"410009","2041-01-09","Wednesday","2","1","9","2041"
"410010","2041-01-10","Thursday","2","1","10","2041"
"410011","2041-01-11","Friday","2","1","11","2041"
"410012","2041-01-12","Saturday","2","1","12","2041"
"410013","2041-01-13","Sunday","2","1","13","2041"
"410014","2041-01-14","Monday","3","1","14","2041"
"410015","2041-01-15","Tuesday","3","1","15","2041"
"410016","2041-01-16","Wednesday","3","1","16","2041"
"410017","2041-01-17","Thursday","3","1","17","2041"
"410018","2041-01-18","Friday","3","1","18","2041"
"410019","2041-01-19","Saturday","3","1","19","2041"
"410020","2041-01-20","Sunday","3","1","20","2041"
"410021","2041-01-21","Monday","4","1","21","2041"
"410022","2041-01-22","Tuesday","4","1","22","2041"
"410023","2041-01-23","Wednesday","4","1","23","2041"
"410024","2041-01-24","Thursday","4","1","24","2041"
"410025","2041-01-25","Friday","4","1","25","2041"
"410026","2041-01-26","Saturday","4","1","26","2041"
"410027","2041-01-27","Sunday","4","1","27","2041"
"410028","2041-01-28","Monday","5","1","28","2041"
"410029","2041-01-29","Tuesday","5","1","29","2041"
"410030","2041-01-30","Wednesday","5","1","30","2041"
"410031","2041-01-31","Thursday","5","1","31","2041"
"410101","2041-02-01","Friday","5","2","1","2041"
"410102","2041-02-02","Saturday","5","2","2","2041"
"410103","2041-02-03","Sunday","5","2","3","2041"
"410104","2041-02-04","Monday","6","2","4","2041"
"410105","2041-02-05","Tuesday","6","2","5","2041"
"410106","2041-02-06","Wednesday","6","2","6","2041"
"410107","2041-02-07","Thursday","6","2","7","2041"
"410108","2041-02-08","Friday","6","2","8","2041"
"410109","2041-02-09","Saturday","6","2","9","2041"
"410110","2041-02-10","Sunday","6","2","10","2041"
"410111","2041-02-11","Monday","7","2","11","2041"
"410112","2041-02-12","Tuesday","7","2","12","2041"
"410113","2041-02-13","Wednesday","7","2","13","2041"
"410114","2041-02-14","Thursday","7","2","14","2041"
"410115","2041-02-15","Friday","7","2","15","2041"
"410116","2041-02-16","Saturday","7","2","16","2041"
"410117","2041-02-17","Sunday","7","2","17","2041"
"410118","2041-02-18","Monday","8","2","18","2041"
"410119","2041-02-19","Tuesday","8","2","19","2041"
"410120","2041-02-20","Wednesday","8","2","20","2041"
"410121","2041-02-21","Thursday","8","2","21","2041"
"410122","2041-02-22","Friday","8","2","22","2041"
"410123","2041-02-23","Saturday","8","2","23","2041"
"410124","2041-02-24","Sunday","8","2","24","2041"
"410125","2041-02-25","Monday","9","2","25","2041"
"410126","2041-02-26","Tuesday","9","2","26","2041"
"410127","2041-02-27","Wednesday","9","2","27","2041"
"410128","2041-02-28","Thursday","9","2","28","2041"
"410201","2041-03-01","Friday","9","3","1","2041"
"410202","2041-03-02","Saturday","9","3","2","2041"
"410203","2041-03-03","Sunday","9","3","3","2041"
"410204","2041-03-04","Monday","10","3","4","2041"
"410205","2041-03-05","Tuesday","10","3","5","2041"
"410206","2041-03-06","Wednesday","10","3","6","2041"
"410207","2041-03-07","Thursday","10","3","7","2041"
"410208","2041-03-08","Friday","10","3","8","2041"
"410209","2041-03-09","Saturday","10","3","9","2041"
"410210","2041-03-10","Sunday","10","3","10","2041"
"410211","2041-03-11","Monday","11","3","11","2041"
"410212","2041-03-12","Tuesday","11","3","12","2041"
"410213","2041-03-13","Wednesday","11","3","13","2041"
"410214","2041-03-14","Thursday","11","3","14","2041"
"410215","2041-03-15","Friday","11","3","15","2041"
"410216","2041-03-16","Saturday","11","3","16","2041"
"410217","2041-03-17","Sunday","11","3","17","2041"
"410218","2041-03-18","Monday","12","3","18","2041"
"410219","2041-03-19","Tuesday","12","3","19","2041"
"410220","2041-03-20","Wednesday","12","3","20","2041"
"410221","2041-03-21","Thursday","12","3","21","2041"
"410222","2041-03-22","Friday","12","3","22","2041"
"410223","2041-03-23","Saturday","12","3","23","2041"
"410224","2041-03-24","Sunday","12","3","24","2041"
"410225","2041-03-25","Monday","13","3","25","2041"
"410226","2041-03-26","Tuesday","13","3","26","2041"
"410227","2041-03-27","Wednesday","13","3","27","2041"
"410228","2041-03-28","Thursday","13","3","28","2041"
"410229","2041-03-29","Friday","13","3","29","2041"
"410230","2041-03-30","Saturday","13","3","30","2041"
"410231","2041-03-31","Sunday","13","3","31","2041"
"410301","2041-04-01","Monday","14","4","1","2041"
"410302","2041-04-02","Tuesday","14","4","2","2041"
"410303","2041-04-03","Wednesday","14","4","3","2041"
"410304","2041-04-04","Thursday","14","4","4","2041"
"410305","2041-04-05","Friday","14","4","5","2041"
"410306","2041-04-06","Saturday","14","4","6","2041"
"410307","2041-04-07","Sunday","14","4","7","2041"
"410308","2041-04-08","Monday","15","4","8","2041"
"410309","2041-04-09","Tuesday","15","4","9","2041"
"410310","2041-04-10","Wednesday","15","4","10","2041"
"410311","2041-04-11","Thursday","15","4","11","2041"
"410312","2041-04-12","Friday","15","4","12","2041"
"410313","2041-04-13","Saturday","15","4","13","2041"
"410314","2041-04-14","Sunday","15","4","14","2041"
"410315","2041-04-15","Monday","16","4","15","2041"
"410316","2041-04-16","Tuesday","16","4","16","2041"
"410317","2041-04-17","Wednesday","16","4","17","2041"
"410318","2041-04-18","Thursday","16","4","18","2041"
"410319","2041-04-19","Friday","16","4","19","2041"
"410320","2041-04-20","Saturday","16","4","20","2041"
"410321","2041-04-21","Sunday","16","4","21","2041"
"410322","2041-04-22","Monday","17","4","22","2041"
"410323","2041-04-23","Tuesday","17","4","23","2041"
"410324","2041-04-24","Wednesday","17","4","24","2041"
"410325","2041-04-25","Thursday","17","4","25","2041"
"410326","2041-04-26","Friday","17","4","26","2041"
"410327","2041-04-27","Saturday","17","4","27","2041"
"410328","2041-04-28","Sunday","17","4","28","2041"
"410329","2041-04-29","Monday","18","4","29","2041"
"410330","2041-04-30","Tuesday","18","4","30","2041"
"410401","2041-05-01","Wednesday","18","5","1","2041"
"410402","2041-05-02","Thursday","18","5","2","2041"
"410403","2041-05-03","Friday","18","5","3","2041"
"410404","2041-05-04","Saturday","18","5","4","2041"
"410405","2041-05-05","Sunday","18","5","5","2041"
"410406","2041-05-06","Monday","19","5","6","2041"
"410407","2041-05-07","Tuesday","19","5","7","2041"
"410408","2041-05-08","Wednesday","19","5","8","2041"
"410409","2041-05-09","Thursday","19","5","9","2041"
"410410","2041-05-10","Friday","19","5","10","2041"
"410411","2041-05-11","Saturday","19","5","11","2041"
"410412","2041-05-12","Sunday","19","5","12","2041"
"410413","2041-05-13","Monday","20","5","13","2041"
"410414","2041-05-14","Tuesday","20","5","14","2041"
"410415","2041-05-15","Wednesday","20","5","15","2041"
"410416","2041-05-16","Thursday","20","5","16","2041"
"410417","2041-05-17","Friday","20","5","17","2041"
"410418","2041-05-18","Saturday","20","5","18","2041"
"410419","2041-05-19","Sunday","20","5","19","2041"
"410420","2041-05-20","Monday","21","5","20","2041"
"410421","2041-05-21","Tuesday","21","5","21","2041"
"410422","2041-05-22","Wednesday","21","5","22","2041"
"410423","2041-05-23","Thursday","21","5","23","2041"
"410424","2041-05-24","Friday","21","5","24","2041"
"410425","2041-05-25","Saturday","21","5","25","2041"
"410426","2041-05-26","Sunday","21","5","26","2041"
"410427","2041-05-27","Monday","22","5","27","2041"
"410428","2041-05-28","Tuesday","22","5","28","2041"
"410429","2041-05-29","Wednesday","22","5","29","2041"
"410430","2041-05-30","Thursday","22","5","30","2041"
"410431","2041-05-31","Friday","22","5","31","2041"
"410501","2041-06-01","Saturday","22","6","1","2041"
"410502","2041-06-02","Sunday","22","6","2","2041"
"410503","2041-06-03","Monday","23","6","3","2041"
"410504","2041-06-04","Tuesday","23","6","4","2041"
"410505","2041-06-05","Wednesday","23","6","5","2041"
"410506","2041-06-06","Thursday","23","6","6","2041"
"410507","2041-06-07","Friday","23","6","7","2041"
"410508","2041-06-08","Saturday","23","6","8","2041"
"410509","2041-06-09","Sunday","23","6","9","2041"
"410510","2041-06-10","Monday","24","6","10","2041"
"410511","2041-06-11","Tuesday","24","6","11","2041"
"410512","2041-06-12","Wednesday","24","6","12","2041"
"410513","2041-06-13","Thursday","24","6","13","2041"
"410514","2041-06-14","Friday","24","6","14","2041"
"410515","2041-06-15","Saturday","24","6","15","2041"
"410516","2041-06-16","Sunday","24","6","16","2041"
"410517","2041-06-17","Monday","25","6","17","2041"
"410518","2041-06-18","Tuesday","25","6","18","2041"
"410519","2041-06-19","Wednesday","25","6","19","2041"
"410520","2041-06-20","Thursday","25","6","20","2041"
"410521","2041-06-21","Friday","25","6","21","2041"
"410522","2041-06-22","Saturday","25","6","22","2041"
"410523","2041-06-23","Sunday","25","6","23","2041"
"410524","2041-06-24","Monday","26","6","24","2041"
"410525","2041-06-25","Tuesday","26","6","25","2041"
"410526","2041-06-26","Wednesday","26","6","26","2041"
"410527","2041-06-27","Thursday","26","6","27","2041"
"410528","2041-06-28","Friday","26","6","28","2041"
"410529","2041-06-29","Saturday","26","6","29","2041"
"410530","2041-06-30","Sunday","26","6","30","2041"
"410601","2041-07-01","Monday","27","7","1","2041"
"410602","2041-07-02","Tuesday","27","7","2","2041"
"410603","2041-07-03","Wednesday","27","7","3","2041"
"410604","2041-07-04","Thursday","27","7","4","2041"
"410605","2041-07-05","Friday","27","7","5","2041"
"410606","2041-07-06","Saturday","27","7","6","2041"
"410607","2041-07-07","Sunday","27","7","7","2041"
"410608","2041-07-08","Monday","28","7","8","2041"
"410609","2041-07-09","Tuesday","28","7","9","2041"
"410610","2041-07-10","Wednesday","28","7","10","2041"
"410611","2041-07-11","Thursday","28","7","11","2041"
"410612","2041-07-12","Friday","28","7","12","2041"
"410613","2041-07-13","Saturday","28","7","13","2041"
"410614","2041-07-14","Sunday","28","7","14","2041"
"410615","2041-07-15","Monday","29","7","15","2041"
"410616","2041-07-16","Tuesday","29","7","16","2041"
"410617","2041-07-17","Wednesday","29","7","17","2041"
"410618","2041-07-18","Thursday","29","7","18","2041"
"410619","2041-07-19","Friday","29","7","19","2041"
"410620","2041-07-20","Saturday","29","7","20","2041"
"410621","2041-07-21","Sunday","29","7","21","2041"
"410622","2041-07-22","Monday","30","7","22","2041"
"410623","2041-07-23","Tuesday","30","7","23","2041"
"410624","2041-07-24","Wednesday","30","7","24","2041"
"410625","2041-07-25","Thursday","30","7","25","2041"
"410626","2041-07-26","Friday","30","7","26","2041"
"410627","2041-07-27","Saturday","30","7","27","2041"
"410628","2041-07-28","Sunday","30","7","28","2041"
"410629","2041-07-29","Monday","31","7","29","2041"
"410630","2041-07-30","Tuesday","31","7","30","2041"
"410631","2041-07-31","Wednesday","31","7","31","2041"
"410701","2041-08-01","Thursday","31","8","1","2041"
"410702","2041-08-02","Friday","31","8","2","2041"
"410703","2041-08-03","Saturday","31","8","3","2041"
"410704","2041-08-04","Sunday","31","8","4","2041"
"410705","2041-08-05","Monday","32","8","5","2041"
"410706","2041-08-06","Tuesday","32","8","6","2041"
"410707","2041-08-07","Wednesday","32","8","7","2041"
"410708","2041-08-08","Thursday","32","8","8","2041"
"410709","2041-08-09","Friday","32","8","9","2041"
"410710","2041-08-10","Saturday","32","8","10","2041"
"410711","2041-08-11","Sunday","32","8","11","2041"
"410712","2041-08-12","Monday","33","8","12","2041"
"410713","2041-08-13","Tuesday","33","8","13","2041"
"410714","2041-08-14","Wednesday","33","8","14","2041"
"410715","2041-08-15","Thursday","33","8","15","2041"
"410716","2041-08-16","Friday","33","8","16","2041"
"410717","2041-08-17","Saturday","33","8","17","2041"
"410718","2041-08-18","Sunday","33","8","18","2041"
"410719","2041-08-19","Monday","34","8","19","2041"
"410720","2041-08-20","Tuesday","34","8","20","2041"
"410721","2041-08-21","Wednesday","34","8","21","2041"
"410722","2041-08-22","Thursday","34","8","22","2041"
"410723","2041-08-23","Friday","34","8","23","2041"
"410724","2041-08-24","Saturday","34","8","24","2041"
"410725","2041-08-25","Sunday","34","8","25","2041"
"410726","2041-08-26","Monday","35","8","26","2041"
"410727","2041-08-27","Tuesday","35","8","27","2041"
"410728","2041-08-28","Wednesday","35","8","28","2041"
"410729","2041-08-29","Thursday","35","8","29","2041"
"410730","2041-08-30","Friday","35","8","30","2041"
"410731","2041-08-31","Saturday","35","8","31","2041"
"410801","2041-09-01","Sunday","35","9","1","2041"
"410802","2041-09-02","Monday","36","9","2","2041"
"410803","2041-09-03","Tuesday","36","9","3","2041"
"410804","2041-09-04","Wednesday","36","9","4","2041"
"410805","2041-09-05","Thursday","36","9","5","2041"
"410806","2041-09-06","Friday","36","9","6","2041"
"410807","2041-09-07","Saturday","36","9","7","2041"
"410808","2041-09-08","Sunday","36","9","8","2041"
"410809","2041-09-09","Monday","37","9","9","2041"
"410810","2041-09-10","Tuesday","37","9","10","2041"
"410811","2041-09-11","Wednesday","37","9","11","2041"
"410812","2041-09-12","Thursday","37","9","12","2041"
"410813","2041-09-13","Friday","37","9","13","2041"
"410814","2041-09-14","Saturday","37","9","14","2041"
"410815","2041-09-15","Sunday","37","9","15","2041"
"410816","2041-09-16","Monday","38","9","16","2041"
"410817","2041-09-17","Tuesday","38","9","17","2041"
"410818","2041-09-18","Wednesday","38","9","18","2041"
"410819","2041-09-19","Thursday","38","9","19","2041"
"410820","2041-09-20","Friday","38","9","20","2041"
"410821","2041-09-21","Saturday","38","9","21","2041"
"410822","2041-09-22","Sunday","38","9","22","2041"
"410823","2041-09-23","Monday","39","9","23","2041"
"410824","2041-09-24","Tuesday","39","9","24","2041"
"410825","2041-09-25","Wednesday","39","9","25","2041"
"410826","2041-09-26","Thursday","39","9","26","2041"
"410827","2041-09-27","Friday","39","9","27","2041"
"410828","2041-09-28","Saturday","39","9","28","2041"
"410829","2041-09-29","Sunday","39","9","29","2041"
"410830","2041-09-30","Monday","40","9","30","2041"
"410901","2041-10-01","Tuesday","40","10","1","2041"
"410902","2041-10-02","Wednesday","40","10","2","2041"
"410903","2041-10-03","Thursday","40","10","3","2041"
"410904","2041-10-04","Friday","40","10","4","2041"
"410905","2041-10-05","Saturday","40","10","5","2041"
"410906","2041-10-06","Sunday","40","10","6","2041"
"410907","2041-10-07","Monday","41","10","7","2041"
"410908","2041-10-08","Tuesday","41","10","8","2041"
"410909","2041-10-09","Wednesday","41","10","9","2041"
"410910","2041-10-10","Thursday","41","10","10","2041"
"410911","2041-10-11","Friday","41","10","11","2041"
"410912","2041-10-12","Saturday","41","10","12","2041"
"410913","2041-10-13","Sunday","41","10","13","2041"
"410914","2041-10-14","Monday","42","10","14","2041"
"410915","2041-10-15","Tuesday","42","10","15","2041"
"410916","2041-10-16","Wednesday","42","10","16","2041"
"410917","2041-10-17","Thursday","42","10","17","2041"
"410918","2041-10-18","Friday","42","10","18","2041"
"410919","2041-10-19","Saturday","42","10","19","2041"
"410920","2041-10-20","Sunday","42","10","20","2041"
"410921","2041-10-21","Monday","43","10","21","2041"
"410922","2041-10-22","Tuesday","43","10","22","2041"
"410923","2041-10-23","Wednesday","43","10","23","2041"
"410924","2041-10-24","Thursday","43","10","24","2041"
"410925","2041-10-25","Friday","43","10","25","2041"
"410926","2041-10-26","Saturday","43","10","26","2041"
"410927","2041-10-27","Sunday","43","10","27","2041"
"410928","2041-10-28","Monday","44","10","28","2041"
"410929","2041-10-29","Tuesday","44","10","29","2041"
"410930","2041-10-30","Wednesday","44","10","30","2041"
"410931","2041-10-31","Thursday","44","10","31","2041"
"411001","2041-11-01","Friday","44","11","1","2041"
"411002","2041-11-02","Saturday","44","11","2","2041"
"411003","2041-11-03","Sunday","44","11","3","2041"
"411004","2041-11-04","Monday","45","11","4","2041"
"411005","2041-11-05","Tuesday","45","11","5","2041"
"411006","2041-11-06","Wednesday","45","11","6","2041"
"411007","2041-11-07","Thursday","45","11","7","2041"
"411008","2041-11-08","Friday","45","11","8","2041"
"411009","2041-11-09","Saturday","45","11","9","2041"
"411010","2041-11-10","Sunday","45","11","10","2041"
"411011","2041-11-11","Monday","46","11","11","2041"
"411012","2041-11-12","Tuesday","46","11","12","2041"
"411013","2041-11-13","Wednesday","46","11","13","2041"
"411014","2041-11-14","Thursday","46","11","14","2041"
"411015","2041-11-15","Friday","46","11","15","2041"
"411016","2041-11-16","Saturday","46","11","16","2041"
"411017","2041-11-17","Sunday","46","11","17","2041"
"411018","2041-11-18","Monday","47","11","18","2041"
"411019","2041-11-19","Tuesday","47","11","19","2041"
"411020","2041-11-20","Wednesday","47","11","20","2041"
"411021","2041-11-21","Thursday","47","11","21","2041"
"411022","2041-11-22","Friday","47","11","22","2041"
"411023","2041-11-23","Saturday","47","11","23","2041"
"411024","2041-11-24","Sunday","47","11","24","2041"
"411025","2041-11-25","Monday","48","11","25","2041"
"411026","2041-11-26","Tuesday","48","11","26","2041"
"411027","2041-11-27","Wednesday","48","11","27","2041"
"411028","2041-11-28","Thursday","48","11","28","2041"
"411029","2041-11-29","Friday","48","11","29","2041"
"411030","2041-11-30","Saturday","48","11","30","2041"
"411101","2041-12-01","Sunday","48","12","1","2041"
"411102","2041-12-02","Monday","49","12","2","2041"
"411103","2041-12-03","Tuesday","49","12","3","2041"
"411104","2041-12-04","Wednesday","49","12","4","2041"
"411105","2041-12-05","Thursday","49","12","5","2041"
"411106","2041-12-06","Friday","49","12","6","2041"
"411107","2041-12-07","Saturday","49","12","7","2041"
"411108","2041-12-08","Sunday","49","12","8","2041"
"411109","2041-12-09","Monday","50","12","9","2041"
"411110","2041-12-10","Tuesday","50","12","10","2041"
"411111","2041-12-11","Wednesday","50","12","11","2041"
"411112","2041-12-12","Thursday","50","12","12","2041"
"411113","2041-12-13","Friday","50","12","13","2041"
"411114","2041-12-14","Saturday","50","12","14","2041"
"411115","2041-12-15","Sunday","50","12","15","2041"
"411116","2041-12-16","Monday","51","12","16","2041"
"411117","2041-12-17","Tuesday","51","12","17","2041"
"411118","2041-12-18","Wednesday","51","12","18","2041"
"411119","2041-12-19","Thursday","51","12","19","2041"
"411120","2041-12-20","Friday","51","12","20","2041"
"411121","2041-12-21","Saturday","51","12","21","2041"
"411122","2041-12-22","Sunday","51","12","22","2041"
"411123","2041-12-23","Monday","52","12","23","2041"
"411124","2041-12-24","Tuesday","52","12","24","2041"
"411125","2041-12-25","Wednesday","52","12","25","2041"
"411126","2041-12-26","Thursday","52","12","26","2041"
"411127","2041-12-27","Friday","52","12","27","2041"
"411128","2041-12-28","Saturday","52","12","28","2041"
"411129","2041-12-29","Sunday","52","12","29","2041"
"411130","2041-12-30","Monday","1","12","30","2041"
"411131","2041-12-31","Tuesday","1","12","31","2041"
"420001","2042-01-01","Wednesday","1","1","1","2042"
"420002","2042-01-02","Thursday","1","1","2","2042"
"420003","2042-01-03","Friday","1","1","3","2042"
"420004","2042-01-04","Saturday","1","1","4","2042"
"420005","2042-01-05","Sunday","1","1","5","2042"
"420006","2042-01-06","Monday","2","1","6","2042"
"420007","2042-01-07","Tuesday","2","1","7","2042"
"420008","2042-01-08","Wednesday","2","1","8","2042"
"420009","2042-01-09","Thursday","2","1","9","2042"
"420010","2042-01-10","Friday","2","1","10","2042"
"420011","2042-01-11","Saturday","2","1","11","2042"
"420012","2042-01-12","Sunday","2","1","12","2042"
"420013","2042-01-13","Monday","3","1","13","2042"
"420014","2042-01-14","Tuesday","3","1","14","2042"
"420015","2042-01-15","Wednesday","3","1","15","2042"
"420016","2042-01-16","Thursday","3","1","16","2042"
"420017","2042-01-17","Friday","3","1","17","2042"
"420018","2042-01-18","Saturday","3","1","18","2042"
"420019","2042-01-19","Sunday","3","1","19","2042"
"420020","2042-01-20","Monday","4","1","20","2042"
"420021","2042-01-21","Tuesday","4","1","21","2042"
"420022","2042-01-22","Wednesday","4","1","22","2042"
"420023","2042-01-23","Thursday","4","1","23","2042"
"420024","2042-01-24","Friday","4","1","24","2042"
"420025","2042-01-25","Saturday","4","1","25","2042"
"420026","2042-01-26","Sunday","4","1","26","2042"
"420027","2042-01-27","Monday","5","1","27","2042"
"420028","2042-01-28","Tuesday","5","1","28","2042"
"420029","2042-01-29","Wednesday","5","1","29","2042"
"420030","2042-01-30","Thursday","5","1","30","2042"
"420031","2042-01-31","Friday","5","1","31","2042"
"420101","2042-02-01","Saturday","5","2","1","2042"
"420102","2042-02-02","Sunday","5","2","2","2042"
"420103","2042-02-03","Monday","6","2","3","2042"
"420104","2042-02-04","Tuesday","6","2","4","2042"
"420105","2042-02-05","Wednesday","6","2","5","2042"
"420106","2042-02-06","Thursday","6","2","6","2042"
"420107","2042-02-07","Friday","6","2","7","2042"
"420108","2042-02-08","Saturday","6","2","8","2042"
"420109","2042-02-09","Sunday","6","2","9","2042"
"420110","2042-02-10","Monday","7","2","10","2042"
"420111","2042-02-11","Tuesday","7","2","11","2042"
"420112","2042-02-12","Wednesday","7","2","12","2042"
"420113","2042-02-13","Thursday","7","2","13","2042"
"420114","2042-02-14","Friday","7","2","14","2042"
"420115","2042-02-15","Saturday","7","2","15","2042"
"420116","2042-02-16","Sunday","7","2","16","2042"
"420117","2042-02-17","Monday","8","2","17","2042"
"420118","2042-02-18","Tuesday","8","2","18","2042"
"420119","2042-02-19","Wednesday","8","2","19","2042"
"420120","2042-02-20","Thursday","8","2","20","2042"
"420121","2042-02-21","Friday","8","2","21","2042"
"420122","2042-02-22","Saturday","8","2","22","2042"
"420123","2042-02-23","Sunday","8","2","23","2042"
"420124","2042-02-24","Monday","9","2","24","2042"
"420125","2042-02-25","Tuesday","9","2","25","2042"
"420126","2042-02-26","Wednesday","9","2","26","2042"
"420127","2042-02-27","Thursday","9","2","27","2042"
"420128","2042-02-28","Friday","9","2","28","2042"
"420201","2042-03-01","Saturday","9","3","1","2042"
"420202","2042-03-02","Sunday","9","3","2","2042"
"420203","2042-03-03","Monday","10","3","3","2042"
"420204","2042-03-04","Tuesday","10","3","4","2042"
"420205","2042-03-05","Wednesday","10","3","5","2042"
"420206","2042-03-06","Thursday","10","3","6","2042"
"420207","2042-03-07","Friday","10","3","7","2042"
"420208","2042-03-08","Saturday","10","3","8","2042"
"420209","2042-03-09","Sunday","10","3","9","2042"
"420210","2042-03-10","Monday","11","3","10","2042"
"420211","2042-03-11","Tuesday","11","3","11","2042"
"420212","2042-03-12","Wednesday","11","3","12","2042"
"420213","2042-03-13","Thursday","11","3","13","2042"
"420214","2042-03-14","Friday","11","3","14","2042"
"420215","2042-03-15","Saturday","11","3","15","2042"
"420216","2042-03-16","Sunday","11","3","16","2042"
"420217","2042-03-17","Monday","12","3","17","2042"
"420218","2042-03-18","Tuesday","12","3","18","2042"
"420219","2042-03-19","Wednesday","12","3","19","2042"
"420220","2042-03-20","Thursday","12","3","20","2042"
"420221","2042-03-21","Friday","12","3","21","2042"
"420222","2042-03-22","Saturday","12","3","22","2042"
"420223","2042-03-23","Sunday","12","3","23","2042"
"420224","2042-03-24","Monday","13","3","24","2042"
"420225","2042-03-25","Tuesday","13","3","25","2042"
"420226","2042-03-26","Wednesday","13","3","26","2042"
"420227","2042-03-27","Thursday","13","3","27","2042"
"420228","2042-03-28","Friday","13","3","28","2042"
"420229","2042-03-29","Saturday","13","3","29","2042"
"420230","2042-03-30","Sunday","13","3","30","2042"
"420231","2042-03-31","Monday","14","3","31","2042"
"420301","2042-04-01","Tuesday","14","4","1","2042"
"420302","2042-04-02","Wednesday","14","4","2","2042"
"420303","2042-04-03","Thursday","14","4","3","2042"
"420304","2042-04-04","Friday","14","4","4","2042"
"420305","2042-04-05","Saturday","14","4","5","2042"
"420306","2042-04-06","Sunday","14","4","6","2042"
"420307","2042-04-07","Monday","15","4","7","2042"
"420308","2042-04-08","Tuesday","15","4","8","2042"
"420309","2042-04-09","Wednesday","15","4","9","2042"
"420310","2042-04-10","Thursday","15","4","10","2042"
"420311","2042-04-11","Friday","15","4","11","2042"
"420312","2042-04-12","Saturday","15","4","12","2042"
"420313","2042-04-13","Sunday","15","4","13","2042"
"420314","2042-04-14","Monday","16","4","14","2042"
"420315","2042-04-15","Tuesday","16","4","15","2042"
"420316","2042-04-16","Wednesday","16","4","16","2042"
"420317","2042-04-17","Thursday","16","4","17","2042"
"420318","2042-04-18","Friday","16","4","18","2042"
"420319","2042-04-19","Saturday","16","4","19","2042"
"420320","2042-04-20","Sunday","16","4","20","2042"
"420321","2042-04-21","Monday","17","4","21","2042"
"420322","2042-04-22","Tuesday","17","4","22","2042"
"420323","2042-04-23","Wednesday","17","4","23","2042"
"420324","2042-04-24","Thursday","17","4","24","2042"
"420325","2042-04-25","Friday","17","4","25","2042"
"420326","2042-04-26","Saturday","17","4","26","2042"
"420327","2042-04-27","Sunday","17","4","27","2042"
"420328","2042-04-28","Monday","18","4","28","2042"
"420329","2042-04-29","Tuesday","18","4","29","2042"
"420330","2042-04-30","Wednesday","18","4","30","2042"
"420401","2042-05-01","Thursday","18","5","1","2042"
"420402","2042-05-02","Friday","18","5","2","2042"
"420403","2042-05-03","Saturday","18","5","3","2042"
"420404","2042-05-04","Sunday","18","5","4","2042"
"420405","2042-05-05","Monday","19","5","5","2042"
"420406","2042-05-06","Tuesday","19","5","6","2042"
"420407","2042-05-07","Wednesday","19","5","7","2042"
"420408","2042-05-08","Thursday","19","5","8","2042"
"420409","2042-05-09","Friday","19","5","9","2042"
"420410","2042-05-10","Saturday","19","5","10","2042"
"420411","2042-05-11","Sunday","19","5","11","2042"
"420412","2042-05-12","Monday","20","5","12","2042"
"420413","2042-05-13","Tuesday","20","5","13","2042"
"420414","2042-05-14","Wednesday","20","5","14","2042"
"420415","2042-05-15","Thursday","20","5","15","2042"
"420416","2042-05-16","Friday","20","5","16","2042"
"420417","2042-05-17","Saturday","20","5","17","2042"
"420418","2042-05-18","Sunday","20","5","18","2042"
"420419","2042-05-19","Monday","21","5","19","2042"
"420420","2042-05-20","Tuesday","21","5","20","2042"
"420421","2042-05-21","Wednesday","21","5","21","2042"
"420422","2042-05-22","Thursday","21","5","22","2042"
"420423","2042-05-23","Friday","21","5","23","2042"
"420424","2042-05-24","Saturday","21","5","24","2042"
"420425","2042-05-25","Sunday","21","5","25","2042"
"420426","2042-05-26","Monday","22","5","26","2042"
"420427","2042-05-27","Tuesday","22","5","27","2042"
"420428","2042-05-28","Wednesday","22","5","28","2042"
"420429","2042-05-29","Thursday","22","5","29","2042"
"420430","2042-05-30","Friday","22","5","30","2042"
"420431","2042-05-31","Saturday","22","5","31","2042"
"420501","2042-06-01","Sunday","22","6","1","2042"
"420502","2042-06-02","Monday","23","6","2","2042"
"420503","2042-06-03","Tuesday","23","6","3","2042"
"420504","2042-06-04","Wednesday","23","6","4","2042"
"420505","2042-06-05","Thursday","23","6","5","2042"
"420506","2042-06-06","Friday","23","6","6","2042"
"420507","2042-06-07","Saturday","23","6","7","2042"
"420508","2042-06-08","Sunday","23","6","8","2042"
"420509","2042-06-09","Monday","24","6","9","2042"
"420510","2042-06-10","Tuesday","24","6","10","2042"
"420511","2042-06-11","Wednesday","24","6","11","2042"
"420512","2042-06-12","Thursday","24","6","12","2042"
"420513","2042-06-13","Friday","24","6","13","2042"
"420514","2042-06-14","Saturday","24","6","14","2042"
"420515","2042-06-15","Sunday","24","6","15","2042"
"420516","2042-06-16","Monday","25","6","16","2042"
"420517","2042-06-17","Tuesday","25","6","17","2042"
"420518","2042-06-18","Wednesday","25","6","18","2042"
"420519","2042-06-19","Thursday","25","6","19","2042"
"420520","2042-06-20","Friday","25","6","20","2042"
"420521","2042-06-21","Saturday","25","6","21","2042"
"420522","2042-06-22","Sunday","25","6","22","2042"
"420523","2042-06-23","Monday","26","6","23","2042"
"420524","2042-06-24","Tuesday","26","6","24","2042"
"420525","2042-06-25","Wednesday","26","6","25","2042"
"420526","2042-06-26","Thursday","26","6","26","2042"
"420527","2042-06-27","Friday","26","6","27","2042"
"420528","2042-06-28","Saturday","26","6","28","2042"
"420529","2042-06-29","Sunday","26","6","29","2042"
"420530","2042-06-30","Monday","27","6","30","2042"
"420601","2042-07-01","Tuesday","27","7","1","2042"
"420602","2042-07-02","Wednesday","27","7","2","2042"
"420603","2042-07-03","Thursday","27","7","3","2042"
"420604","2042-07-04","Friday","27","7","4","2042"
"420605","2042-07-05","Saturday","27","7","5","2042"
"420606","2042-07-06","Sunday","27","7","6","2042"
"420607","2042-07-07","Monday","28","7","7","2042"
"420608","2042-07-08","Tuesday","28","7","8","2042"
"420609","2042-07-09","Wednesday","28","7","9","2042"
"420610","2042-07-10","Thursday","28","7","10","2042"
"420611","2042-07-11","Friday","28","7","11","2042"
"420612","2042-07-12","Saturday","28","7","12","2042"
"420613","2042-07-13","Sunday","28","7","13","2042"
"420614","2042-07-14","Monday","29","7","14","2042"
"420615","2042-07-15","Tuesday","29","7","15","2042"
"420616","2042-07-16","Wednesday","29","7","16","2042"
"420617","2042-07-17","Thursday","29","7","17","2042"
"420618","2042-07-18","Friday","29","7","18","2042"
"420619","2042-07-19","Saturday","29","7","19","2042"
"420620","2042-07-20","Sunday","29","7","20","2042"
"420621","2042-07-21","Monday","30","7","21","2042"
"420622","2042-07-22","Tuesday","30","7","22","2042"
"420623","2042-07-23","Wednesday","30","7","23","2042"
"420624","2042-07-24","Thursday","30","7","24","2042"
"420625","2042-07-25","Friday","30","7","25","2042"
"420626","2042-07-26","Saturday","30","7","26","2042"
"420627","2042-07-27","Sunday","30","7","27","2042"
"420628","2042-07-28","Monday","31","7","28","2042"
"420629","2042-07-29","Tuesday","31","7","29","2042"
"420630","2042-07-30","Wednesday","31","7","30","2042"
"420631","2042-07-31","Thursday","31","7","31","2042"
"420701","2042-08-01","Friday","31","8","1","2042"
"420702","2042-08-02","Saturday","31","8","2","2042"
"420703","2042-08-03","Sunday","31","8","3","2042"
"420704","2042-08-04","Monday","32","8","4","2042"
"420705","2042-08-05","Tuesday","32","8","5","2042"
"420706","2042-08-06","Wednesday","32","8","6","2042"
"420707","2042-08-07","Thursday","32","8","7","2042"
"420708","2042-08-08","Friday","32","8","8","2042"
"420709","2042-08-09","Saturday","32","8","9","2042"
"420710","2042-08-10","Sunday","32","8","10","2042"
"420711","2042-08-11","Monday","33","8","11","2042"
"420712","2042-08-12","Tuesday","33","8","12","2042"
"420713","2042-08-13","Wednesday","33","8","13","2042"
"420714","2042-08-14","Thursday","33","8","14","2042"
"420715","2042-08-15","Friday","33","8","15","2042"
"420716","2042-08-16","Saturday","33","8","16","2042"
"420717","2042-08-17","Sunday","33","8","17","2042"
"420718","2042-08-18","Monday","34","8","18","2042"
"420719","2042-08-19","Tuesday","34","8","19","2042"
"420720","2042-08-20","Wednesday","34","8","20","2042"
"420721","2042-08-21","Thursday","34","8","21","2042"
"420722","2042-08-22","Friday","34","8","22","2042"
"420723","2042-08-23","Saturday","34","8","23","2042"
"420724","2042-08-24","Sunday","34","8","24","2042"
"420725","2042-08-25","Monday","35","8","25","2042"
"420726","2042-08-26","Tuesday","35","8","26","2042"
"420727","2042-08-27","Wednesday","35","8","27","2042"
"420728","2042-08-28","Thursday","35","8","28","2042"
"420729","2042-08-29","Friday","35","8","29","2042"
"420730","2042-08-30","Saturday","35","8","30","2042"
"420731","2042-08-31","Sunday","35","8","31","2042"
"420801","2042-09-01","Monday","36","9","1","2042"
"420802","2042-09-02","Tuesday","36","9","2","2042"
"420803","2042-09-03","Wednesday","36","9","3","2042"
"420804","2042-09-04","Thursday","36","9","4","2042"
"420805","2042-09-05","Friday","36","9","5","2042"
"420806","2042-09-06","Saturday","36","9","6","2042"
"420807","2042-09-07","Sunday","36","9","7","2042"
"420808","2042-09-08","Monday","37","9","8","2042"
"420809","2042-09-09","Tuesday","37","9","9","2042"
"420810","2042-09-10","Wednesday","37","9","10","2042"
"420811","2042-09-11","Thursday","37","9","11","2042"
"420812","2042-09-12","Friday","37","9","12","2042"
"420813","2042-09-13","Saturday","37","9","13","2042"
"420814","2042-09-14","Sunday","37","9","14","2042"
"420815","2042-09-15","Monday","38","9","15","2042"
"420816","2042-09-16","Tuesday","38","9","16","2042"
"420817","2042-09-17","Wednesday","38","9","17","2042"
"420818","2042-09-18","Thursday","38","9","18","2042"
"420819","2042-09-19","Friday","38","9","19","2042"
"420820","2042-09-20","Saturday","38","9","20","2042"
"420821","2042-09-21","Sunday","38","9","21","2042"
"420822","2042-09-22","Monday","39","9","22","2042"
"420823","2042-09-23","Tuesday","39","9","23","2042"
"420824","2042-09-24","Wednesday","39","9","24","2042"
"420825","2042-09-25","Thursday","39","9","25","2042"
"420826","2042-09-26","Friday","39","9","26","2042"
"420827","2042-09-27","Saturday","39","9","27","2042"
"420828","2042-09-28","Sunday","39","9","28","2042"
"420829","2042-09-29","Monday","40","9","29","2042"
"420830","2042-09-30","Tuesday","40","9","30","2042"
"420901","2042-10-01","Wednesday","40","10","1","2042"
"420902","2042-10-02","Thursday","40","10","2","2042"
"420903","2042-10-03","Friday","40","10","3","2042"
"420904","2042-10-04","Saturday","40","10","4","2042"
"420905","2042-10-05","Sunday","40","10","5","2042"
"420906","2042-10-06","Monday","41","10","6","2042"
"420907","2042-10-07","Tuesday","41","10","7","2042"
"420908","2042-10-08","Wednesday","41","10","8","2042"
"420909","2042-10-09","Thursday","41","10","9","2042"
"420910","2042-10-10","Friday","41","10","10","2042"
"420911","2042-10-11","Saturday","41","10","11","2042"
"420912","2042-10-12","Sunday","41","10","12","2042"
"420913","2042-10-13","Monday","42","10","13","2042"
"420914","2042-10-14","Tuesday","42","10","14","2042"
"420915","2042-10-15","Wednesday","42","10","15","2042"
"420916","2042-10-16","Thursday","42","10","16","2042"
"420917","2042-10-17","Friday","42","10","17","2042"
"420918","2042-10-18","Saturday","42","10","18","2042"
"420919","2042-10-19","Sunday","42","10","19","2042"
"420920","2042-10-20","Monday","43","10","20","2042"
"420921","2042-10-21","Tuesday","43","10","21","2042"
"420922","2042-10-22","Wednesday","43","10","22","2042"
"420923","2042-10-23","Thursday","43","10","23","2042"
"420924","2042-10-24","Friday","43","10","24","2042"
"420925","2042-10-25","Saturday","43","10","25","2042"
"420926","2042-10-26","Sunday","43","10","26","2042"
"420927","2042-10-27","Monday","44","10","27","2042"
"420928","2042-10-28","Tuesday","44","10","28","2042"
"420929","2042-10-29","Wednesday","44","10","29","2042"
"420930","2042-10-30","Thursday","44","10","30","2042"
"420931","2042-10-31","Friday","44","10","31","2042"
"421001","2042-11-01","Saturday","44","11","1","2042"
"421002","2042-11-02","Sunday","44","11","2","2042"
"421003","2042-11-03","Monday","45","11","3","2042"
"421004","2042-11-04","Tuesday","45","11","4","2042"
"421005","2042-11-05","Wednesday","45","11","5","2042"
"421006","2042-11-06","Thursday","45","11","6","2042"
"421007","2042-11-07","Friday","45","11","7","2042"
"421008","2042-11-08","Saturday","45","11","8","2042"
"421009","2042-11-09","Sunday","45","11","9","2042"
"421010","2042-11-10","Monday","46","11","10","2042"
"421011","2042-11-11","Tuesday","46","11","11","2042"
"421012","2042-11-12","Wednesday","46","11","12","2042"
"421013","2042-11-13","Thursday","46","11","13","2042"
"421014","2042-11-14","Friday","46","11","14","2042"
"421015","2042-11-15","Saturday","46","11","15","2042"
"421016","2042-11-16","Sunday","46","11","16","2042"
"421017","2042-11-17","Monday","47","11","17","2042"
"421018","2042-11-18","Tuesday","47","11","18","2042"
"421019","2042-11-19","Wednesday","47","11","19","2042"
"421020","2042-11-20","Thursday","47","11","20","2042"
"421021","2042-11-21","Friday","47","11","21","2042"
"421022","2042-11-22","Saturday","47","11","22","2042"
"421023","2042-11-23","Sunday","47","11","23","2042"
"421024","2042-11-24","Monday","48","11","24","2042"
"421025","2042-11-25","Tuesday","48","11","25","2042"
"421026","2042-11-26","Wednesday","48","11","26","2042"
"421027","2042-11-27","Thursday","48","11","27","2042"
"421028","2042-11-28","Friday","48","11","28","2042"
"421029","2042-11-29","Saturday","48","11","29","2042"
"421030","2042-11-30","Sunday","48","11","30","2042"
"421101","2042-12-01","Monday","49","12","1","2042"
"421102","2042-12-02","Tuesday","49","12","2","2042"
"421103","2042-12-03","Wednesday","49","12","3","2042"
"421104","2042-12-04","Thursday","49","12","4","2042"
"421105","2042-12-05","Friday","49","12","5","2042"
"421106","2042-12-06","Saturday","49","12","6","2042"
"421107","2042-12-07","Sunday","49","12","7","2042"
"421108","2042-12-08","Monday","50","12","8","2042"
"421109","2042-12-09","Tuesday","50","12","9","2042"
"421110","2042-12-10","Wednesday","50","12","10","2042"
"421111","2042-12-11","Thursday","50","12","11","2042"
"421112","2042-12-12","Friday","50","12","12","2042"
"421113","2042-12-13","Saturday","50","12","13","2042"
"421114","2042-12-14","Sunday","50","12","14","2042"
"421115","2042-12-15","Monday","51","12","15","2042"
"421116","2042-12-16","Tuesday","51","12","16","2042"
"421117","2042-12-17","Wednesday","51","12","17","2042"
"421118","2042-12-18","Thursday","51","12","18","2042"
"421119","2042-12-19","Friday","51","12","19","2042"
"421120","2042-12-20","Saturday","51","12","20","2042"
"421121","2042-12-21","Sunday","51","12","21","2042"
"421122","2042-12-22","Monday","52","12","22","2042"
"421123","2042-12-23","Tuesday","52","12","23","2042"
"421124","2042-12-24","Wednesday","52","12","24","2042"
"421125","2042-12-25","Thursday","52","12","25","2042"
"421126","2042-12-26","Friday","52","12","26","2042"
"421127","2042-12-27","Saturday","52","12","27","2042"
"421128","2042-12-28","Sunday","52","12","28","2042"
"421129","2042-12-29","Monday","1","12","29","2042"
"421130","2042-12-30","Tuesday","1","12","30","2042"
"421131","2042-12-31","Wednesday","1","12","31","2042"
"430001","2043-01-01","Thursday","1","1","1","2043"
"430002","2043-01-02","Friday","1","1","2","2043"
"430003","2043-01-03","Saturday","1","1","3","2043"
"430004","2043-01-04","Sunday","1","1","4","2043"
"430005","2043-01-05","Monday","2","1","5","2043"
"430006","2043-01-06","Tuesday","2","1","6","2043"
"430007","2043-01-07","Wednesday","2","1","7","2043"
"430008","2043-01-08","Thursday","2","1","8","2043"
"430009","2043-01-09","Friday","2","1","9","2043"
"430010","2043-01-10","Saturday","2","1","10","2043"
"430011","2043-01-11","Sunday","2","1","11","2043"
"430012","2043-01-12","Monday","3","1","12","2043"
"430013","2043-01-13","Tuesday","3","1","13","2043"
"430014","2043-01-14","Wednesday","3","1","14","2043"
"430015","2043-01-15","Thursday","3","1","15","2043"
"430016","2043-01-16","Friday","3","1","16","2043"
"430017","2043-01-17","Saturday","3","1","17","2043"
"430018","2043-01-18","Sunday","3","1","18","2043"
"430019","2043-01-19","Monday","4","1","19","2043"
"430020","2043-01-20","Tuesday","4","1","20","2043"
"430021","2043-01-21","Wednesday","4","1","21","2043"
"430022","2043-01-22","Thursday","4","1","22","2043"
"430023","2043-01-23","Friday","4","1","23","2043"
"430024","2043-01-24","Saturday","4","1","24","2043"
"430025","2043-01-25","Sunday","4","1","25","2043"
"430026","2043-01-26","Monday","5","1","26","2043"
"430027","2043-01-27","Tuesday","5","1","27","2043"
"430028","2043-01-28","Wednesday","5","1","28","2043"
"430029","2043-01-29","Thursday","5","1","29","2043"
"430030","2043-01-30","Friday","5","1","30","2043"
"430031","2043-01-31","Saturday","5","1","31","2043"
"430101","2043-02-01","Sunday","5","2","1","2043"
"430102","2043-02-02","Monday","6","2","2","2043"
"430103","2043-02-03","Tuesday","6","2","3","2043"
"430104","2043-02-04","Wednesday","6","2","4","2043"
"430105","2043-02-05","Thursday","6","2","5","2043"
"430106","2043-02-06","Friday","6","2","6","2043"
"430107","2043-02-07","Saturday","6","2","7","2043"
"430108","2043-02-08","Sunday","6","2","8","2043"
"430109","2043-02-09","Monday","7","2","9","2043"
"430110","2043-02-10","Tuesday","7","2","10","2043"
"430111","2043-02-11","Wednesday","7","2","11","2043"
"430112","2043-02-12","Thursday","7","2","12","2043"
"430113","2043-02-13","Friday","7","2","13","2043"
"430114","2043-02-14","Saturday","7","2","14","2043"
"430115","2043-02-15","Sunday","7","2","15","2043"
"430116","2043-02-16","Monday","8","2","16","2043"
"430117","2043-02-17","Tuesday","8","2","17","2043"
"430118","2043-02-18","Wednesday","8","2","18","2043"
"430119","2043-02-19","Thursday","8","2","19","2043"
"430120","2043-02-20","Friday","8","2","20","2043"
"430121","2043-02-21","Saturday","8","2","21","2043"
"430122","2043-02-22","Sunday","8","2","22","2043"
"430123","2043-02-23","Monday","9","2","23","2043"
"430124","2043-02-24","Tuesday","9","2","24","2043"
"430125","2043-02-25","Wednesday","9","2","25","2043"
"430126","2043-02-26","Thursday","9","2","26","2043"
"430127","2043-02-27","Friday","9","2","27","2043"
"430128","2043-02-28","Saturday","9","2","28","2043"
"430201","2043-03-01","Sunday","9","3","1","2043"
"430202","2043-03-02","Monday","10","3","2","2043"
"430203","2043-03-03","Tuesday","10","3","3","2043"
"430204","2043-03-04","Wednesday","10","3","4","2043"
"430205","2043-03-05","Thursday","10","3","5","2043"
"430206","2043-03-06","Friday","10","3","6","2043"
"430207","2043-03-07","Saturday","10","3","7","2043"
"430208","2043-03-08","Sunday","10","3","8","2043"
"430209","2043-03-09","Monday","11","3","9","2043"
"430210","2043-03-10","Tuesday","11","3","10","2043"
"430211","2043-03-11","Wednesday","11","3","11","2043"
"430212","2043-03-12","Thursday","11","3","12","2043"
"430213","2043-03-13","Friday","11","3","13","2043"
"430214","2043-03-14","Saturday","11","3","14","2043"
"430215","2043-03-15","Sunday","11","3","15","2043"
"430216","2043-03-16","Monday","12","3","16","2043"
"430217","2043-03-17","Tuesday","12","3","17","2043"
"430218","2043-03-18","Wednesday","12","3","18","2043"
"430219","2043-03-19","Thursday","12","3","19","2043"
"430220","2043-03-20","Friday","12","3","20","2043"
"430221","2043-03-21","Saturday","12","3","21","2043"
"430222","2043-03-22","Sunday","12","3","22","2043"
"430223","2043-03-23","Monday","13","3","23","2043"
"430224","2043-03-24","Tuesday","13","3","24","2043"
"430225","2043-03-25","Wednesday","13","3","25","2043"
"430226","2043-03-26","Thursday","13","3","26","2043"
"430227","2043-03-27","Friday","13","3","27","2043"
"430228","2043-03-28","Saturday","13","3","28","2043"
"430229","2043-03-29","Sunday","13","3","29","2043"
"430230","2043-03-30","Monday","14","3","30","2043"
"430231","2043-03-31","Tuesday","14","3","31","2043"
"430301","2043-04-01","Wednesday","14","4","1","2043"
"430302","2043-04-02","Thursday","14","4","2","2043"
"430303","2043-04-03","Friday","14","4","3","2043"
"430304","2043-04-04","Saturday","14","4","4","2043"
"430305","2043-04-05","Sunday","14","4","5","2043"
"430306","2043-04-06","Monday","15","4","6","2043"
"430307","2043-04-07","Tuesday","15","4","7","2043"
"430308","2043-04-08","Wednesday","15","4","8","2043"
"430309","2043-04-09","Thursday","15","4","9","2043"
"430310","2043-04-10","Friday","15","4","10","2043"
"430311","2043-04-11","Saturday","15","4","11","2043"
"430312","2043-04-12","Sunday","15","4","12","2043"
"430313","2043-04-13","Monday","16","4","13","2043"
"430314","2043-04-14","Tuesday","16","4","14","2043"
"430315","2043-04-15","Wednesday","16","4","15","2043"
"430316","2043-04-16","Thursday","16","4","16","2043"
"430317","2043-04-17","Friday","16","4","17","2043"
"430318","2043-04-18","Saturday","16","4","18","2043"
"430319","2043-04-19","Sunday","16","4","19","2043"
"430320","2043-04-20","Monday","17","4","20","2043"
"430321","2043-04-21","Tuesday","17","4","21","2043"
"430322","2043-04-22","Wednesday","17","4","22","2043"
"430323","2043-04-23","Thursday","17","4","23","2043"
"430324","2043-04-24","Friday","17","4","24","2043"
"430325","2043-04-25","Saturday","17","4","25","2043"
"430326","2043-04-26","Sunday","17","4","26","2043"
"430327","2043-04-27","Monday","18","4","27","2043"
"430328","2043-04-28","Tuesday","18","4","28","2043"
"430329","2043-04-29","Wednesday","18","4","29","2043"
"430330","2043-04-30","Thursday","18","4","30","2043"
"430401","2043-05-01","Friday","18","5","1","2043"
"430402","2043-05-02","Saturday","18","5","2","2043"
"430403","2043-05-03","Sunday","18","5","3","2043"
"430404","2043-05-04","Monday","19","5","4","2043"
"430405","2043-05-05","Tuesday","19","5","5","2043"
"430406","2043-05-06","Wednesday","19","5","6","2043"
"430407","2043-05-07","Thursday","19","5","7","2043"
"430408","2043-05-08","Friday","19","5","8","2043"
"430409","2043-05-09","Saturday","19","5","9","2043"
"430410","2043-05-10","Sunday","19","5","10","2043"
"430411","2043-05-11","Monday","20","5","11","2043"
"430412","2043-05-12","Tuesday","20","5","12","2043"
"430413","2043-05-13","Wednesday","20","5","13","2043"
"430414","2043-05-14","Thursday","20","5","14","2043"
"430415","2043-05-15","Friday","20","5","15","2043"
"430416","2043-05-16","Saturday","20","5","16","2043"
"430417","2043-05-17","Sunday","20","5","17","2043"
"430418","2043-05-18","Monday","21","5","18","2043"
"430419","2043-05-19","Tuesday","21","5","19","2043"
"430420","2043-05-20","Wednesday","21","5","20","2043"
"430421","2043-05-21","Thursday","21","5","21","2043"
"430422","2043-05-22","Friday","21","5","22","2043"
"430423","2043-05-23","Saturday","21","5","23","2043"
"430424","2043-05-24","Sunday","21","5","24","2043"
"430425","2043-05-25","Monday","22","5","25","2043"
"430426","2043-05-26","Tuesday","22","5","26","2043"
"430427","2043-05-27","Wednesday","22","5","27","2043"
"430428","2043-05-28","Thursday","22","5","28","2043"
"430429","2043-05-29","Friday","22","5","29","2043"
"430430","2043-05-30","Saturday","22","5","30","2043"
"430431","2043-05-31","Sunday","22","5","31","2043"
"430501","2043-06-01","Monday","23","6","1","2043"
"430502","2043-06-02","Tuesday","23","6","2","2043"
"430503","2043-06-03","Wednesday","23","6","3","2043"
"430504","2043-06-04","Thursday","23","6","4","2043"
"430505","2043-06-05","Friday","23","6","5","2043"
"430506","2043-06-06","Saturday","23","6","6","2043"
"430507","2043-06-07","Sunday","23","6","7","2043"
"430508","2043-06-08","Monday","24","6","8","2043"
"430509","2043-06-09","Tuesday","24","6","9","2043"
"430510","2043-06-10","Wednesday","24","6","10","2043"
"430511","2043-06-11","Thursday","24","6","11","2043"
"430512","2043-06-12","Friday","24","6","12","2043"
"430513","2043-06-13","Saturday","24","6","13","2043"
"430514","2043-06-14","Sunday","24","6","14","2043"
"430515","2043-06-15","Monday","25","6","15","2043"
"430516","2043-06-16","Tuesday","25","6","16","2043"
"430517","2043-06-17","Wednesday","25","6","17","2043"
"430518","2043-06-18","Thursday","25","6","18","2043"
"430519","2043-06-19","Friday","25","6","19","2043"
"430520","2043-06-20","Saturday","25","6","20","2043"
"430521","2043-06-21","Sunday","25","6","21","2043"
"430522","2043-06-22","Monday","26","6","22","2043"
"430523","2043-06-23","Tuesday","26","6","23","2043"
"430524","2043-06-24","Wednesday","26","6","24","2043"
"430525","2043-06-25","Thursday","26","6","25","2043"
"430526","2043-06-26","Friday","26","6","26","2043"
"430527","2043-06-27","Saturday","26","6","27","2043"
"430528","2043-06-28","Sunday","26","6","28","2043"
"430529","2043-06-29","Monday","27","6","29","2043"
"430530","2043-06-30","Tuesday","27","6","30","2043"
"430601","2043-07-01","Wednesday","27","7","1","2043"
"430602","2043-07-02","Thursday","27","7","2","2043"
"430603","2043-07-03","Friday","27","7","3","2043"
"430604","2043-07-04","Saturday","27","7","4","2043"
"430605","2043-07-05","Sunday","27","7","5","2043"
"430606","2043-07-06","Monday","28","7","6","2043"
"430607","2043-07-07","Tuesday","28","7","7","2043"
"430608","2043-07-08","Wednesday","28","7","8","2043"
"430609","2043-07-09","Thursday","28","7","9","2043"
"430610","2043-07-10","Friday","28","7","10","2043"
"430611","2043-07-11","Saturday","28","7","11","2043"
"430612","2043-07-12","Sunday","28","7","12","2043"
"430613","2043-07-13","Monday","29","7","13","2043"
"430614","2043-07-14","Tuesday","29","7","14","2043"
"430615","2043-07-15","Wednesday","29","7","15","2043"
"430616","2043-07-16","Thursday","29","7","16","2043"
"430617","2043-07-17","Friday","29","7","17","2043"
"430618","2043-07-18","Saturday","29","7","18","2043"
"430619","2043-07-19","Sunday","29","7","19","2043"
"430620","2043-07-20","Monday","30","7","20","2043"
"430621","2043-07-21","Tuesday","30","7","21","2043"
"430622","2043-07-22","Wednesday","30","7","22","2043"
"430623","2043-07-23","Thursday","30","7","23","2043"
"430624","2043-07-24","Friday","30","7","24","2043"
"430625","2043-07-25","Saturday","30","7","25","2043"
"430626","2043-07-26","Sunday","30","7","26","2043"
"430627","2043-07-27","Monday","31","7","27","2043"
"430628","2043-07-28","Tuesday","31","7","28","2043"
"430629","2043-07-29","Wednesday","31","7","29","2043"
"430630","2043-07-30","Thursday","31","7","30","2043"
"430631","2043-07-31","Friday","31","7","31","2043"
"430701","2043-08-01","Saturday","31","8","1","2043"
"430702","2043-08-02","Sunday","31","8","2","2043"
"430703","2043-08-03","Monday","32","8","3","2043"
"430704","2043-08-04","Tuesday","32","8","4","2043"
"430705","2043-08-05","Wednesday","32","8","5","2043"
"430706","2043-08-06","Thursday","32","8","6","2043"
"430707","2043-08-07","Friday","32","8","7","2043"
"430708","2043-08-08","Saturday","32","8","8","2043"
"430709","2043-08-09","Sunday","32","8","9","2043"
"430710","2043-08-10","Monday","33","8","10","2043"
"430711","2043-08-11","Tuesday","33","8","11","2043"
"430712","2043-08-12","Wednesday","33","8","12","2043"
"430713","2043-08-13","Thursday","33","8","13","2043"
"430714","2043-08-14","Friday","33","8","14","2043"
"430715","2043-08-15","Saturday","33","8","15","2043"
"430716","2043-08-16","Sunday","33","8","16","2043"
"430717","2043-08-17","Monday","34","8","17","2043"
"430718","2043-08-18","Tuesday","34","8","18","2043"
"430719","2043-08-19","Wednesday","34","8","19","2043"
"430720","2043-08-20","Thursday","34","8","20","2043"
"430721","2043-08-21","Friday","34","8","21","2043"
"430722","2043-08-22","Saturday","34","8","22","2043"
"430723","2043-08-23","Sunday","34","8","23","2043"
"430724","2043-08-24","Monday","35","8","24","2043"
"430725","2043-08-25","Tuesday","35","8","25","2043"
"430726","2043-08-26","Wednesday","35","8","26","2043"
"430727","2043-08-27","Thursday","35","8","27","2043"
"430728","2043-08-28","Friday","35","8","28","2043"
"430729","2043-08-29","Saturday","35","8","29","2043"
"430730","2043-08-30","Sunday","35","8","30","2043"
"430731","2043-08-31","Monday","36","8","31","2043"
"430801","2043-09-01","Tuesday","36","9","1","2043"
"430802","2043-09-02","Wednesday","36","9","2","2043"
"430803","2043-09-03","Thursday","36","9","3","2043"
"430804","2043-09-04","Friday","36","9","4","2043"
"430805","2043-09-05","Saturday","36","9","5","2043"
"430806","2043-09-06","Sunday","36","9","6","2043"
"430807","2043-09-07","Monday","37","9","7","2043"
"430808","2043-09-08","Tuesday","37","9","8","2043"
"430809","2043-09-09","Wednesday","37","9","9","2043"
"430810","2043-09-10","Thursday","37","9","10","2043"
"430811","2043-09-11","Friday","37","9","11","2043"
"430812","2043-09-12","Saturday","37","9","12","2043"
"430813","2043-09-13","Sunday","37","9","13","2043"
"430814","2043-09-14","Monday","38","9","14","2043"
"430815","2043-09-15","Tuesday","38","9","15","2043"
"430816","2043-09-16","Wednesday","38","9","16","2043"
"430817","2043-09-17","Thursday","38","9","17","2043"
"430818","2043-09-18","Friday","38","9","18","2043"
"430819","2043-09-19","Saturday","38","9","19","2043"
"430820","2043-09-20","Sunday","38","9","20","2043"
"430821","2043-09-21","Monday","39","9","21","2043"
"430822","2043-09-22","Tuesday","39","9","22","2043"
"430823","2043-09-23","Wednesday","39","9","23","2043"
"430824","2043-09-24","Thursday","39","9","24","2043"
"430825","2043-09-25","Friday","39","9","25","2043"
"430826","2043-09-26","Saturday","39","9","26","2043"
"430827","2043-09-27","Sunday","39","9","27","2043"
"430828","2043-09-28","Monday","40","9","28","2043"
"430829","2043-09-29","Tuesday","40","9","29","2043"
"430830","2043-09-30","Wednesday","40","9","30","2043"
"430901","2043-10-01","Thursday","40","10","1","2043"
"430902","2043-10-02","Friday","40","10","2","2043"
"430903","2043-10-03","Saturday","40","10","3","2043"
"430904","2043-10-04","Sunday","40","10","4","2043"
"430905","2043-10-05","Monday","41","10","5","2043"
"430906","2043-10-06","Tuesday","41","10","6","2043"
"430907","2043-10-07","Wednesday","41","10","7","2043"
"430908","2043-10-08","Thursday","41","10","8","2043"
"430909","2043-10-09","Friday","41","10","9","2043"
"430910","2043-10-10","Saturday","41","10","10","2043"
"430911","2043-10-11","Sunday","41","10","11","2043"
"430912","2043-10-12","Monday","42","10","12","2043"
"430913","2043-10-13","Tuesday","42","10","13","2043"
"430914","2043-10-14","Wednesday","42","10","14","2043"
"430915","2043-10-15","Thursday","42","10","15","2043"
"430916","2043-10-16","Friday","42","10","16","2043"
"430917","2043-10-17","Saturday","42","10","17","2043"
"430918","2043-10-18","Sunday","42","10","18","2043"
"430919","2043-10-19","Monday","43","10","19","2043"
"430920","2043-10-20","Tuesday","43","10","20","2043"
"430921","2043-10-21","Wednesday","43","10","21","2043"
"430922","2043-10-22","Thursday","43","10","22","2043"
"430923","2043-10-23","Friday","43","10","23","2043"
"430924","2043-10-24","Saturday","43","10","24","2043"
"430925","2043-10-25","Sunday","43","10","25","2043"
"430926","2043-10-26","Monday","44","10","26","2043"
"430927","2043-10-27","Tuesday","44","10","27","2043"
"430928","2043-10-28","Wednesday","44","10","28","2043"
"430929","2043-10-29","Thursday","44","10","29","2043"
"430930","2043-10-30","Friday","44","10","30","2043"
"430931","2043-10-31","Saturday","44","10","31","2043"
"431001","2043-11-01","Sunday","44","11","1","2043"
"431002","2043-11-02","Monday","45","11","2","2043"
"431003","2043-11-03","Tuesday","45","11","3","2043"
"431004","2043-11-04","Wednesday","45","11","4","2043"
"431005","2043-11-05","Thursday","45","11","5","2043"
"431006","2043-11-06","Friday","45","11","6","2043"
"431007","2043-11-07","Saturday","45","11","7","2043"
"431008","2043-11-08","Sunday","45","11","8","2043"
"431009","2043-11-09","Monday","46","11","9","2043"
"431010","2043-11-10","Tuesday","46","11","10","2043"
"431011","2043-11-11","Wednesday","46","11","11","2043"
"431012","2043-11-12","Thursday","46","11","12","2043"
"431013","2043-11-13","Friday","46","11","13","2043"
"431014","2043-11-14","Saturday","46","11","14","2043"
"431015","2043-11-15","Sunday","46","11","15","2043"
"431016","2043-11-16","Monday","47","11","16","2043"
"431017","2043-11-17","Tuesday","47","11","17","2043"
"431018","2043-11-18","Wednesday","47","11","18","2043"
"431019","2043-11-19","Thursday","47","11","19","2043"
"431020","2043-11-20","Friday","47","11","20","2043"
"431021","2043-11-21","Saturday","47","11","21","2043"
"431022","2043-11-22","Sunday","47","11","22","2043"
"431023","2043-11-23","Monday","48","11","23","2043"
"431024","2043-11-24","Tuesday","48","11","24","2043"
"431025","2043-11-25","Wednesday","48","11","25","2043"
"431026","2043-11-26","Thursday","48","11","26","2043"
"431027","2043-11-27","Friday","48","11","27","2043"
"431028","2043-11-28","Saturday","48","11","28","2043"
"431029","2043-11-29","Sunday","48","11","29","2043"
"431030","2043-11-30","Monday","49","11","30","2043"
"431101","2043-12-01","Tuesday","49","12","1","2043"
"431102","2043-12-02","Wednesday","49","12","2","2043"
"431103","2043-12-03","Thursday","49","12","3","2043"
"431104","2043-12-04","Friday","49","12","4","2043"
"431105","2043-12-05","Saturday","49","12","5","2043"
"431106","2043-12-06","Sunday","49","12","6","2043"
"431107","2043-12-07","Monday","50","12","7","2043"
"431108","2043-12-08","Tuesday","50","12","8","2043"
"431109","2043-12-09","Wednesday","50","12","9","2043"
"431110","2043-12-10","Thursday","50","12","10","2043"
"431111","2043-12-11","Friday","50","12","11","2043"
"431112","2043-12-12","Saturday","50","12","12","2043"
"431113","2043-12-13","Sunday","50","12","13","2043"
"431114","2043-12-14","Monday","51","12","14","2043"
"431115","2043-12-15","Tuesday","51","12","15","2043"
"431116","2043-12-16","Wednesday","51","12","16","2043"
"431117","2043-12-17","Thursday","51","12","17","2043"
"431118","2043-12-18","Friday","51","12","18","2043"
"431119","2043-12-19","Saturday","51","12","19","2043"
"431120","2043-12-20","Sunday","51","12","20","2043"
"431121","2043-12-21","Monday","52","12","21","2043"
"431122","2043-12-22","Tuesday","52","12","22","2043"
"431123","2043-12-23","Wednesday","52","12","23","2043"
"431124","2043-12-24","Thursday","52","12","24","2043"
"431125","2043-12-25","Friday","52","12","25","2043"
"431126","2043-12-26","Saturday","52","12","26","2043"
"431127","2043-12-27","Sunday","52","12","27","2043"
"431128","2043-12-28","Monday","53","12","28","2043"
"431129","2043-12-29","Tuesday","53","12","29","2043"
"431130","2043-12-30","Wednesday","53","12","30","2043"
"431131","2043-12-31","Thursday","53","12","31","2043"
"440001","2044-01-01","Friday","53","1","1","2044"
"440002","2044-01-02","Saturday","53","1","2","2044"
"440003","2044-01-03","Sunday","53","1","3","2044"
"440004","2044-01-04","Monday","1","1","4","2044"
"440005","2044-01-05","Tuesday","1","1","5","2044"
"440006","2044-01-06","Wednesday","1","1","6","2044"
"440007","2044-01-07","Thursday","1","1","7","2044"
"440008","2044-01-08","Friday","1","1","8","2044"
"440009","2044-01-09","Saturday","1","1","9","2044"
"440010","2044-01-10","Sunday","1","1","10","2044"
"440011","2044-01-11","Monday","2","1","11","2044"
"440012","2044-01-12","Tuesday","2","1","12","2044"
"440013","2044-01-13","Wednesday","2","1","13","2044"
"440014","2044-01-14","Thursday","2","1","14","2044"
"440015","2044-01-15","Friday","2","1","15","2044"
"440016","2044-01-16","Saturday","2","1","16","2044"
"440017","2044-01-17","Sunday","2","1","17","2044"
"440018","2044-01-18","Monday","3","1","18","2044"
"440019","2044-01-19","Tuesday","3","1","19","2044"
"440020","2044-01-20","Wednesday","3","1","20","2044"
"440021","2044-01-21","Thursday","3","1","21","2044"
"440022","2044-01-22","Friday","3","1","22","2044"
"440023","2044-01-23","Saturday","3","1","23","2044"
"440024","2044-01-24","Sunday","3","1","24","2044"
"440025","2044-01-25","Monday","4","1","25","2044"
"440026","2044-01-26","Tuesday","4","1","26","2044"
"440027","2044-01-27","Wednesday","4","1","27","2044"
"440028","2044-01-28","Thursday","4","1","28","2044"
"440029","2044-01-29","Friday","4","1","29","2044"
"440030","2044-01-30","Saturday","4","1","30","2044"
"440031","2044-01-31","Sunday","4","1","31","2044"
"440101","2044-02-01","Monday","5","2","1","2044"
"440102","2044-02-02","Tuesday","5","2","2","2044"
"440103","2044-02-03","Wednesday","5","2","3","2044"
"440104","2044-02-04","Thursday","5","2","4","2044"
"440105","2044-02-05","Friday","5","2","5","2044"
"440106","2044-02-06","Saturday","5","2","6","2044"
"440107","2044-02-07","Sunday","5","2","7","2044"
"440108","2044-02-08","Monday","6","2","8","2044"
"440109","2044-02-09","Tuesday","6","2","9","2044"
"440110","2044-02-10","Wednesday","6","2","10","2044"
"440111","2044-02-11","Thursday","6","2","11","2044"
"440112","2044-02-12","Friday","6","2","12","2044"
"440113","2044-02-13","Saturday","6","2","13","2044"
"440114","2044-02-14","Sunday","6","2","14","2044"
"440115","2044-02-15","Monday","7","2","15","2044"
"440116","2044-02-16","Tuesday","7","2","16","2044"
"440117","2044-02-17","Wednesday","7","2","17","2044"
"440118","2044-02-18","Thursday","7","2","18","2044"
"440119","2044-02-19","Friday","7","2","19","2044"
"440120","2044-02-20","Saturday","7","2","20","2044"
"440121","2044-02-21","Sunday","7","2","21","2044"
"440122","2044-02-22","Monday","8","2","22","2044"
"440123","2044-02-23","Tuesday","8","2","23","2044"
"440124","2044-02-24","Wednesday","8","2","24","2044"
"440125","2044-02-25","Thursday","8","2","25","2044"
"440126","2044-02-26","Friday","8","2","26","2044"
"440127","2044-02-27","Saturday","8","2","27","2044"
"440128","2044-02-28","Sunday","8","2","28","2044"
"440129","2044-02-29","Monday","9","2","29","2044"
"440201","2044-03-01","Tuesday","9","3","1","2044"
"440202","2044-03-02","Wednesday","9","3","2","2044"
"440203","2044-03-03","Thursday","9","3","3","2044"
"440204","2044-03-04","Friday","9","3","4","2044"
"440205","2044-03-05","Saturday","9","3","5","2044"
"440206","2044-03-06","Sunday","9","3","6","2044"
"440207","2044-03-07","Monday","10","3","7","2044"
"440208","2044-03-08","Tuesday","10","3","8","2044"
"440209","2044-03-09","Wednesday","10","3","9","2044"
"440210","2044-03-10","Thursday","10","3","10","2044"
"440211","2044-03-11","Friday","10","3","11","2044"
"440212","2044-03-12","Saturday","10","3","12","2044"
"440213","2044-03-13","Sunday","10","3","13","2044"
"440214","2044-03-14","Monday","11","3","14","2044"
"440215","2044-03-15","Tuesday","11","3","15","2044"
"440216","2044-03-16","Wednesday","11","3","16","2044"
"440217","2044-03-17","Thursday","11","3","17","2044"
"440218","2044-03-18","Friday","11","3","18","2044"
"440219","2044-03-19","Saturday","11","3","19","2044"
"440220","2044-03-20","Sunday","11","3","20","2044"
"440221","2044-03-21","Monday","12","3","21","2044"
"440222","2044-03-22","Tuesday","12","3","22","2044"
"440223","2044-03-23","Wednesday","12","3","23","2044"
"440224","2044-03-24","Thursday","12","3","24","2044"
"440225","2044-03-25","Friday","12","3","25","2044"
"440226","2044-03-26","Saturday","12","3","26","2044"
"440227","2044-03-27","Sunday","12","3","27","2044"
"440228","2044-03-28","Monday","13","3","28","2044"
"440229","2044-03-29","Tuesday","13","3","29","2044"
"440230","2044-03-30","Wednesday","13","3","30","2044"
"440231","2044-03-31","Thursday","13","3","31","2044"
"440301","2044-04-01","Friday","13","4","1","2044"
"440302","2044-04-02","Saturday","13","4","2","2044"
"440303","2044-04-03","Sunday","13","4","3","2044"
"440304","2044-04-04","Monday","14","4","4","2044"
"440305","2044-04-05","Tuesday","14","4","5","2044"
"440306","2044-04-06","Wednesday","14","4","6","2044"
"440307","2044-04-07","Thursday","14","4","7","2044"
"440308","2044-04-08","Friday","14","4","8","2044"
"440309","2044-04-09","Saturday","14","4","9","2044"
"440310","2044-04-10","Sunday","14","4","10","2044"
"440311","2044-04-11","Monday","15","4","11","2044"
"440312","2044-04-12","Tuesday","15","4","12","2044"
"440313","2044-04-13","Wednesday","15","4","13","2044"
"440314","2044-04-14","Thursday","15","4","14","2044"
"440315","2044-04-15","Friday","15","4","15","2044"
"440316","2044-04-16","Saturday","15","4","16","2044"
"440317","2044-04-17","Sunday","15","4","17","2044"
"440318","2044-04-18","Monday","16","4","18","2044"
"440319","2044-04-19","Tuesday","16","4","19","2044"
"440320","2044-04-20","Wednesday","16","4","20","2044"
"440321","2044-04-21","Thursday","16","4","21","2044"
"440322","2044-04-22","Friday","16","4","22","2044"
"440323","2044-04-23","Saturday","16","4","23","2044"
"440324","2044-04-24","Sunday","16","4","24","2044"
"440325","2044-04-25","Monday","17","4","25","2044"
"440326","2044-04-26","Tuesday","17","4","26","2044"
"440327","2044-04-27","Wednesday","17","4","27","2044"
"440328","2044-04-28","Thursday","17","4","28","2044"
"440329","2044-04-29","Friday","17","4","29","2044"
"440330","2044-04-30","Saturday","17","4","30","2044"
"440401","2044-05-01","Sunday","17","5","1","2044"
"440402","2044-05-02","Monday","18","5","2","2044"
"440403","2044-05-03","Tuesday","18","5","3","2044"
"440404","2044-05-04","Wednesday","18","5","4","2044"
"440405","2044-05-05","Thursday","18","5","5","2044"
"440406","2044-05-06","Friday","18","5","6","2044"
"440407","2044-05-07","Saturday","18","5","7","2044"
"440408","2044-05-08","Sunday","18","5","8","2044"
"440409","2044-05-09","Monday","19","5","9","2044"
"440410","2044-05-10","Tuesday","19","5","10","2044"
"440411","2044-05-11","Wednesday","19","5","11","2044"
"440412","2044-05-12","Thursday","19","5","12","2044"
"440413","2044-05-13","Friday","19","5","13","2044"
"440414","2044-05-14","Saturday","19","5","14","2044"
"440415","2044-05-15","Sunday","19","5","15","2044"
"440416","2044-05-16","Monday","20","5","16","2044"
"440417","2044-05-17","Tuesday","20","5","17","2044"
"440418","2044-05-18","Wednesday","20","5","18","2044"
"440419","2044-05-19","Thursday","20","5","19","2044"
"440420","2044-05-20","Friday","20","5","20","2044"
"440421","2044-05-21","Saturday","20","5","21","2044"
"440422","2044-05-22","Sunday","20","5","22","2044"
"440423","2044-05-23","Monday","21","5","23","2044"
"440424","2044-05-24","Tuesday","21","5","24","2044"
"440425","2044-05-25","Wednesday","21","5","25","2044"
"440426","2044-05-26","Thursday","21","5","26","2044"
"440427","2044-05-27","Friday","21","5","27","2044"
"440428","2044-05-28","Saturday","21","5","28","2044"
"440429","2044-05-29","Sunday","21","5","29","2044"
"440430","2044-05-30","Monday","22","5","30","2044"
"440431","2044-05-31","Tuesday","22","5","31","2044"
"440501","2044-06-01","Wednesday","22","6","1","2044"
"440502","2044-06-02","Thursday","22","6","2","2044"
"440503","2044-06-03","Friday","22","6","3","2044"
"440504","2044-06-04","Saturday","22","6","4","2044"
"440505","2044-06-05","Sunday","22","6","5","2044"
"440506","2044-06-06","Monday","23","6","6","2044"
"440507","2044-06-07","Tuesday","23","6","7","2044"
"440508","2044-06-08","Wednesday","23","6","8","2044"
"440509","2044-06-09","Thursday","23","6","9","2044"
"440510","2044-06-10","Friday","23","6","10","2044"
"440511","2044-06-11","Saturday","23","6","11","2044"
"440512","2044-06-12","Sunday","23","6","12","2044"
"440513","2044-06-13","Monday","24","6","13","2044"
"440514","2044-06-14","Tuesday","24","6","14","2044"
"440515","2044-06-15","Wednesday","24","6","15","2044"
"440516","2044-06-16","Thursday","24","6","16","2044"
"440517","2044-06-17","Friday","24","6","17","2044"
"440518","2044-06-18","Saturday","24","6","18","2044"
"440519","2044-06-19","Sunday","24","6","19","2044"
"440520","2044-06-20","Monday","25","6","20","2044"
"440521","2044-06-21","Tuesday","25","6","21","2044"
"440522","2044-06-22","Wednesday","25","6","22","2044"
"440523","2044-06-23","Thursday","25","6","23","2044"
"440524","2044-06-24","Friday","25","6","24","2044"
"440525","2044-06-25","Saturday","25","6","25","2044"
"440526","2044-06-26","Sunday","25","6","26","2044"
"440527","2044-06-27","Monday","26","6","27","2044"
"440528","2044-06-28","Tuesday","26","6","28","2044"
"440529","2044-06-29","Wednesday","26","6","29","2044"
"440530","2044-06-30","Thursday","26","6","30","2044"
"440601","2044-07-01","Friday","26","7","1","2044"
"440602","2044-07-02","Saturday","26","7","2","2044"
"440603","2044-07-03","Sunday","26","7","3","2044"
"440604","2044-07-04","Monday","27","7","4","2044"
"440605","2044-07-05","Tuesday","27","7","5","2044"
"440606","2044-07-06","Wednesday","27","7","6","2044"
"440607","2044-07-07","Thursday","27","7","7","2044"
"440608","2044-07-08","Friday","27","7","8","2044"
"440609","2044-07-09","Saturday","27","7","9","2044"
"440610","2044-07-10","Sunday","27","7","10","2044"
"440611","2044-07-11","Monday","28","7","11","2044"
"440612","2044-07-12","Tuesday","28","7","12","2044"
"440613","2044-07-13","Wednesday","28","7","13","2044"
"440614","2044-07-14","Thursday","28","7","14","2044"
"440615","2044-07-15","Friday","28","7","15","2044"
"440616","2044-07-16","Saturday","28","7","16","2044"
"440617","2044-07-17","Sunday","28","7","17","2044"
"440618","2044-07-18","Monday","29","7","18","2044"
"440619","2044-07-19","Tuesday","29","7","19","2044"
"440620","2044-07-20","Wednesday","29","7","20","2044"
"440621","2044-07-21","Thursday","29","7","21","2044"
"440622","2044-07-22","Friday","29","7","22","2044"
"440623","2044-07-23","Saturday","29","7","23","2044"
"440624","2044-07-24","Sunday","29","7","24","2044"
"440625","2044-07-25","Monday","30","7","25","2044"
"440626","2044-07-26","Tuesday","30","7","26","2044"
"440627","2044-07-27","Wednesday","30","7","27","2044"
"440628","2044-07-28","Thursday","30","7","28","2044"
"440629","2044-07-29","Friday","30","7","29","2044"
"440630","2044-07-30","Saturday","30","7","30","2044"
"440631","2044-07-31","Sunday","30","7","31","2044"
"440701","2044-08-01","Monday","31","8","1","2044"
"440702","2044-08-02","Tuesday","31","8","2","2044"
"440703","2044-08-03","Wednesday","31","8","3","2044"
"440704","2044-08-04","Thursday","31","8","4","2044"
"440705","2044-08-05","Friday","31","8","5","2044"
"440706","2044-08-06","Saturday","31","8","6","2044"
"440707","2044-08-07","Sunday","31","8","7","2044"
"440708","2044-08-08","Monday","32","8","8","2044"
"440709","2044-08-09","Tuesday","32","8","9","2044"
"440710","2044-08-10","Wednesday","32","8","10","2044"
"440711","2044-08-11","Thursday","32","8","11","2044"
"440712","2044-08-12","Friday","32","8","12","2044"
"440713","2044-08-13","Saturday","32","8","13","2044"
"440714","2044-08-14","Sunday","32","8","14","2044"
"440715","2044-08-15","Monday","33","8","15","2044"
"440716","2044-08-16","Tuesday","33","8","16","2044"
"440717","2044-08-17","Wednesday","33","8","17","2044"
"440718","2044-08-18","Thursday","33","8","18","2044"
"440719","2044-08-19","Friday","33","8","19","2044"
"440720","2044-08-20","Saturday","33","8","20","2044"
"440721","2044-08-21","Sunday","33","8","21","2044"
"440722","2044-08-22","Monday","34","8","22","2044"
"440723","2044-08-23","Tuesday","34","8","23","2044"
"440724","2044-08-24","Wednesday","34","8","24","2044"
"440725","2044-08-25","Thursday","34","8","25","2044"
"440726","2044-08-26","Friday","34","8","26","2044"
"440727","2044-08-27","Saturday","34","8","27","2044"
"440728","2044-08-28","Sunday","34","8","28","2044"
"440729","2044-08-29","Monday","35","8","29","2044"
"440730","2044-08-30","Tuesday","35","8","30","2044"
"440731","2044-08-31","Wednesday","35","8","31","2044"
"440801","2044-09-01","Thursday","35","9","1","2044"
"440802","2044-09-02","Friday","35","9","2","2044"
"440803","2044-09-03","Saturday","35","9","3","2044"
"440804","2044-09-04","Sunday","35","9","4","2044"
"440805","2044-09-05","Monday","36","9","5","2044"
"440806","2044-09-06","Tuesday","36","9","6","2044"
"440807","2044-09-07","Wednesday","36","9","7","2044"
"440808","2044-09-08","Thursday","36","9","8","2044"
"440809","2044-09-09","Friday","36","9","9","2044"
"440810","2044-09-10","Saturday","36","9","10","2044"
"440811","2044-09-11","Sunday","36","9","11","2044"
"440812","2044-09-12","Monday","37","9","12","2044"
"440813","2044-09-13","Tuesday","37","9","13","2044"
"440814","2044-09-14","Wednesday","37","9","14","2044"
"440815","2044-09-15","Thursday","37","9","15","2044"
"440816","2044-09-16","Friday","37","9","16","2044"
"440817","2044-09-17","Saturday","37","9","17","2044"
"440818","2044-09-18","Sunday","37","9","18","2044"
"440819","2044-09-19","Monday","38","9","19","2044"
"440820","2044-09-20","Tuesday","38","9","20","2044"
"440821","2044-09-21","Wednesday","38","9","21","2044"
"440822","2044-09-22","Thursday","38","9","22","2044"
"440823","2044-09-23","Friday","38","9","23","2044"
"440824","2044-09-24","Saturday","38","9","24","2044"
"440825","2044-09-25","Sunday","38","9","25","2044"
"440826","2044-09-26","Monday","39","9","26","2044"
"440827","2044-09-27","Tuesday","39","9","27","2044"
"440828","2044-09-28","Wednesday","39","9","28","2044"
"440829","2044-09-29","Thursday","39","9","29","2044"
"440830","2044-09-30","Friday","39","9","30","2044"
"440901","2044-10-01","Saturday","39","10","1","2044"
"440902","2044-10-02","Sunday","39","10","2","2044"
"440903","2044-10-03","Monday","40","10","3","2044"
"440904","2044-10-04","Tuesday","40","10","4","2044"
"440905","2044-10-05","Wednesday","40","10","5","2044"
"440906","2044-10-06","Thursday","40","10","6","2044"
"440907","2044-10-07","Friday","40","10","7","2044"
"440908","2044-10-08","Saturday","40","10","8","2044"
"440909","2044-10-09","Sunday","40","10","9","2044"
"440910","2044-10-10","Monday","41","10","10","2044"
"440911","2044-10-11","Tuesday","41","10","11","2044"
"440912","2044-10-12","Wednesday","41","10","12","2044"
"440913","2044-10-13","Thursday","41","10","13","2044"
"440914","2044-10-14","Friday","41","10","14","2044"
"440915","2044-10-15","Saturday","41","10","15","2044"
"440916","2044-10-16","Sunday","41","10","16","2044"
"440917","2044-10-17","Monday","42","10","17","2044"
"440918","2044-10-18","Tuesday","42","10","18","2044"
"440919","2044-10-19","Wednesday","42","10","19","2044"
"440920","2044-10-20","Thursday","42","10","20","2044"
"440921","2044-10-21","Friday","42","10","21","2044"
"440922","2044-10-22","Saturday","42","10","22","2044"
"440923","2044-10-23","Sunday","42","10","23","2044"
"440924","2044-10-24","Monday","43","10","24","2044"
"440925","2044-10-25","Tuesday","43","10","25","2044"
"440926","2044-10-26","Wednesday","43","10","26","2044"
"440927","2044-10-27","Thursday","43","10","27","2044"
"440928","2044-10-28","Friday","43","10","28","2044"
"440929","2044-10-29","Saturday","43","10","29","2044"
"440930","2044-10-30","Sunday","43","10","30","2044"
"440931","2044-10-31","Monday","44","10","31","2044"
"441001","2044-11-01","Tuesday","44","11","1","2044"
"441002","2044-11-02","Wednesday","44","11","2","2044"
"441003","2044-11-03","Thursday","44","11","3","2044"
"441004","2044-11-04","Friday","44","11","4","2044"
"441005","2044-11-05","Saturday","44","11","5","2044"
"441006","2044-11-06","Sunday","44","11","6","2044"
"441007","2044-11-07","Monday","45","11","7","2044"
"441008","2044-11-08","Tuesday","45","11","8","2044"
"441009","2044-11-09","Wednesday","45","11","9","2044"
"441010","2044-11-10","Thursday","45","11","10","2044"
"441011","2044-11-11","Friday","45","11","11","2044"
"441012","2044-11-12","Saturday","45","11","12","2044"
"441013","2044-11-13","Sunday","45","11","13","2044"
"441014","2044-11-14","Monday","46","11","14","2044"
"441015","2044-11-15","Tuesday","46","11","15","2044"
"441016","2044-11-16","Wednesday","46","11","16","2044"
"441017","2044-11-17","Thursday","46","11","17","2044"
"441018","2044-11-18","Friday","46","11","18","2044"
"441019","2044-11-19","Saturday","46","11","19","2044"
"441020","2044-11-20","Sunday","46","11","20","2044"
"441021","2044-11-21","Monday","47","11","21","2044"
"441022","2044-11-22","Tuesday","47","11","22","2044"
"441023","2044-11-23","Wednesday","47","11","23","2044"
"441024","2044-11-24","Thursday","47","11","24","2044"
"441025","2044-11-25","Friday","47","11","25","2044"
"441026","2044-11-26","Saturday","47","11","26","2044"
"441027","2044-11-27","Sunday","47","11","27","2044"
"441028","2044-11-28","Monday","48","11","28","2044"
"441029","2044-11-29","Tuesday","48","11","29","2044"
"441030","2044-11-30","Wednesday","48","11","30","2044"
"441101","2044-12-01","Thursday","48","12","1","2044"
"441102","2044-12-02","Friday","48","12","2","2044"
"441103","2044-12-03","Saturday","48","12","3","2044"
"441104","2044-12-04","Sunday","48","12","4","2044"
"441105","2044-12-05","Monday","49","12","5","2044"
"441106","2044-12-06","Tuesday","49","12","6","2044"
"441107","2044-12-07","Wednesday","49","12","7","2044"
"441108","2044-12-08","Thursday","49","12","8","2044"
"441109","2044-12-09","Friday","49","12","9","2044"
"441110","2044-12-10","Saturday","49","12","10","2044"
"441111","2044-12-11","Sunday","49","12","11","2044"
"441112","2044-12-12","Monday","50","12","12","2044"
"441113","2044-12-13","Tuesday","50","12","13","2044"
"441114","2044-12-14","Wednesday","50","12","14","2044"
"441115","2044-12-15","Thursday","50","12","15","2044"
"441116","2044-12-16","Friday","50","12","16","2044"
"441117","2044-12-17","Saturday","50","12","17","2044"
"441118","2044-12-18","Sunday","50","12","18","2044"
"441119","2044-12-19","Monday","51","12","19","2044"
"441120","2044-12-20","Tuesday","51","12","20","2044"
"441121","2044-12-21","Wednesday","51","12","21","2044"
"441122","2044-12-22","Thursday","51","12","22","2044"
"441123","2044-12-23","Friday","51","12","23","2044"
"441124","2044-12-24","Saturday","51","12","24","2044"
"441125","2044-12-25","Sunday","51","12","25","2044"
"441126","2044-12-26","Monday","52","12","26","2044"
"441127","2044-12-27","Tuesday","52","12","27","2044"
"441128","2044-12-28","Wednesday","52","12","28","2044"
"441129","2044-12-29","Thursday","52","12","29","2044"
"441130","2044-12-30","Friday","52","12","30","2044"
"441131","2044-12-31","Saturday","52","12","31","2044"
"450001","2045-01-01","Sunday","52","1","1","2045"
"450002","2045-01-02","Monday","1","1","2","2045"
"450003","2045-01-03","Tuesday","1","1","3","2045"
"450004","2045-01-04","Wednesday","1","1","4","2045"
"450005","2045-01-05","Thursday","1","1","5","2045"
"450006","2045-01-06","Friday","1","1","6","2045"
"450007","2045-01-07","Saturday","1","1","7","2045"
"450008","2045-01-08","Sunday","1","1","8","2045"
"450009","2045-01-09","Monday","2","1","9","2045"
"450010","2045-01-10","Tuesday","2","1","10","2045"
"450011","2045-01-11","Wednesday","2","1","11","2045"
"450012","2045-01-12","Thursday","2","1","12","2045"
"450013","2045-01-13","Friday","2","1","13","2045"
"450014","2045-01-14","Saturday","2","1","14","2045"
"450015","2045-01-15","Sunday","2","1","15","2045"
"450016","2045-01-16","Monday","3","1","16","2045"
"450017","2045-01-17","Tuesday","3","1","17","2045"
"450018","2045-01-18","Wednesday","3","1","18","2045"
"450019","2045-01-19","Thursday","3","1","19","2045"
"450020","2045-01-20","Friday","3","1","20","2045"
"450021","2045-01-21","Saturday","3","1","21","2045"
"450022","2045-01-22","Sunday","3","1","22","2045"
"450023","2045-01-23","Monday","4","1","23","2045"
"450024","2045-01-24","Tuesday","4","1","24","2045"
"450025","2045-01-25","Wednesday","4","1","25","2045"
"450026","2045-01-26","Thursday","4","1","26","2045"
"450027","2045-01-27","Friday","4","1","27","2045"
"450028","2045-01-28","Saturday","4","1","28","2045"
"450029","2045-01-29","Sunday","4","1","29","2045"
"450030","2045-01-30","Monday","5","1","30","2045"
"450031","2045-01-31","Tuesday","5","1","31","2045"
"450101","2045-02-01","Wednesday","5","2","1","2045"
"450102","2045-02-02","Thursday","5","2","2","2045"
"450103","2045-02-03","Friday","5","2","3","2045"
"450104","2045-02-04","Saturday","5","2","4","2045"
"450105","2045-02-05","Sunday","5","2","5","2045"
"450106","2045-02-06","Monday","6","2","6","2045"
"450107","2045-02-07","Tuesday","6","2","7","2045"
"450108","2045-02-08","Wednesday","6","2","8","2045"
"450109","2045-02-09","Thursday","6","2","9","2045"
"450110","2045-02-10","Friday","6","2","10","2045"
"450111","2045-02-11","Saturday","6","2","11","2045"
"450112","2045-02-12","Sunday","6","2","12","2045"
"450113","2045-02-13","Monday","7","2","13","2045"
"450114","2045-02-14","Tuesday","7","2","14","2045"
"450115","2045-02-15","Wednesday","7","2","15","2045"
"450116","2045-02-16","Thursday","7","2","16","2045"
"450117","2045-02-17","Friday","7","2","17","2045"
"450118","2045-02-18","Saturday","7","2","18","2045"
"450119","2045-02-19","Sunday","7","2","19","2045"
"450120","2045-02-20","Monday","8","2","20","2045"
"450121","2045-02-21","Tuesday","8","2","21","2045"
"450122","2045-02-22","Wednesday","8","2","22","2045"
"450123","2045-02-23","Thursday","8","2","23","2045"
"450124","2045-02-24","Friday","8","2","24","2045"
"450125","2045-02-25","Saturday","8","2","25","2045"
"450126","2045-02-26","Sunday","8","2","26","2045"
"450127","2045-02-27","Monday","9","2","27","2045"
"450128","2045-02-28","Tuesday","9","2","28","2045"
"450201","2045-03-01","Wednesday","9","3","1","2045"
"450202","2045-03-02","Thursday","9","3","2","2045"
"450203","2045-03-03","Friday","9","3","3","2045"
"450204","2045-03-04","Saturday","9","3","4","2045"
"450205","2045-03-05","Sunday","9","3","5","2045"
"450206","2045-03-06","Monday","10","3","6","2045"
"450207","2045-03-07","Tuesday","10","3","7","2045"
"450208","2045-03-08","Wednesday","10","3","8","2045"
"450209","2045-03-09","Thursday","10","3","9","2045"
"450210","2045-03-10","Friday","10","3","10","2045"
"450211","2045-03-11","Saturday","10","3","11","2045"
"450212","2045-03-12","Sunday","10","3","12","2045"
"450213","2045-03-13","Monday","11","3","13","2045"
"450214","2045-03-14","Tuesday","11","3","14","2045"
"450215","2045-03-15","Wednesday","11","3","15","2045"
"450216","2045-03-16","Thursday","11","3","16","2045"
"450217","2045-03-17","Friday","11","3","17","2045"
"450218","2045-03-18","Saturday","11","3","18","2045"
"450219","2045-03-19","Sunday","11","3","19","2045"
"450220","2045-03-20","Monday","12","3","20","2045"
"450221","2045-03-21","Tuesday","12","3","21","2045"
"450222","2045-03-22","Wednesday","12","3","22","2045"
"450223","2045-03-23","Thursday","12","3","23","2045"
"450224","2045-03-24","Friday","12","3","24","2045"
"450225","2045-03-25","Saturday","12","3","25","2045"
"450226","2045-03-26","Sunday","12","3","26","2045"
"450227","2045-03-27","Monday","13","3","27","2045"
"450228","2045-03-28","Tuesday","13","3","28","2045"
"450229","2045-03-29","Wednesday","13","3","29","2045"
"450230","2045-03-30","Thursday","13","3","30","2045"
"450231","2045-03-31","Friday","13","3","31","2045"
"450301","2045-04-01","Saturday","13","4","1","2045"
"450302","2045-04-02","Sunday","13","4","2","2045"
"450303","2045-04-03","Monday","14","4","3","2045"
"450304","2045-04-04","Tuesday","14","4","4","2045"
"450305","2045-04-05","Wednesday","14","4","5","2045"
"450306","2045-04-06","Thursday","14","4","6","2045"
"450307","2045-04-07","Friday","14","4","7","2045"
"450308","2045-04-08","Saturday","14","4","8","2045"
"450309","2045-04-09","Sunday","14","4","9","2045"
"450310","2045-04-10","Monday","15","4","10","2045"
"450311","2045-04-11","Tuesday","15","4","11","2045"
"450312","2045-04-12","Wednesday","15","4","12","2045"
"450313","2045-04-13","Thursday","15","4","13","2045"
"450314","2045-04-14","Friday","15","4","14","2045"
"450315","2045-04-15","Saturday","15","4","15","2045"
"450316","2045-04-16","Sunday","15","4","16","2045"
"450317","2045-04-17","Monday","16","4","17","2045"
"450318","2045-04-18","Tuesday","16","4","18","2045"
"450319","2045-04-19","Wednesday","16","4","19","2045"
"450320","2045-04-20","Thursday","16","4","20","2045"
"450321","2045-04-21","Friday","16","4","21","2045"
"450322","2045-04-22","Saturday","16","4","22","2045"
"450323","2045-04-23","Sunday","16","4","23","2045"
"450324","2045-04-24","Monday","17","4","24","2045"
"450325","2045-04-25","Tuesday","17","4","25","2045"
"450326","2045-04-26","Wednesday","17","4","26","2045"
"450327","2045-04-27","Thursday","17","4","27","2045"
"450328","2045-04-28","Friday","17","4","28","2045"
"450329","2045-04-29","Saturday","17","4","29","2045"
"450330","2045-04-30","Sunday","17","4","30","2045"
"450401","2045-05-01","Monday","18","5","1","2045"
"450402","2045-05-02","Tuesday","18","5","2","2045"
"450403","2045-05-03","Wednesday","18","5","3","2045"
"450404","2045-05-04","Thursday","18","5","4","2045"
"450405","2045-05-05","Friday","18","5","5","2045"
"450406","2045-05-06","Saturday","18","5","6","2045"
"450407","2045-05-07","Sunday","18","5","7","2045"
"450408","2045-05-08","Monday","19","5","8","2045"
"450409","2045-05-09","Tuesday","19","5","9","2045"
"450410","2045-05-10","Wednesday","19","5","10","2045"
"450411","2045-05-11","Thursday","19","5","11","2045"
"450412","2045-05-12","Friday","19","5","12","2045"
"450413","2045-05-13","Saturday","19","5","13","2045"
"450414","2045-05-14","Sunday","19","5","14","2045"
"450415","2045-05-15","Monday","20","5","15","2045"
"450416","2045-05-16","Tuesday","20","5","16","2045"
"450417","2045-05-17","Wednesday","20","5","17","2045"
"450418","2045-05-18","Thursday","20","5","18","2045"
"450419","2045-05-19","Friday","20","5","19","2045"
"450420","2045-05-20","Saturday","20","5","20","2045"
"450421","2045-05-21","Sunday","20","5","21","2045"
"450422","2045-05-22","Monday","21","5","22","2045"
"450423","2045-05-23","Tuesday","21","5","23","2045"
"450424","2045-05-24","Wednesday","21","5","24","2045"
"450425","2045-05-25","Thursday","21","5","25","2045"
"450426","2045-05-26","Friday","21","5","26","2045"
"450427","2045-05-27","Saturday","21","5","27","2045"
"450428","2045-05-28","Sunday","21","5","28","2045"
"450429","2045-05-29","Monday","22","5","29","2045"
"450430","2045-05-30","Tuesday","22","5","30","2045"
"450431","2045-05-31","Wednesday","22","5","31","2045"
"450501","2045-06-01","Thursday","22","6","1","2045"
"450502","2045-06-02","Friday","22","6","2","2045"
"450503","2045-06-03","Saturday","22","6","3","2045"
"450504","2045-06-04","Sunday","22","6","4","2045"
"450505","2045-06-05","Monday","23","6","5","2045"
"450506","2045-06-06","Tuesday","23","6","6","2045"
"450507","2045-06-07","Wednesday","23","6","7","2045"
"450508","2045-06-08","Thursday","23","6","8","2045"
"450509","2045-06-09","Friday","23","6","9","2045"
"450510","2045-06-10","Saturday","23","6","10","2045"
"450511","2045-06-11","Sunday","23","6","11","2045"
"450512","2045-06-12","Monday","24","6","12","2045"
"450513","2045-06-13","Tuesday","24","6","13","2045"
"450514","2045-06-14","Wednesday","24","6","14","2045"
"450515","2045-06-15","Thursday","24","6","15","2045"
"450516","2045-06-16","Friday","24","6","16","2045"
"450517","2045-06-17","Saturday","24","6","17","2045"
"450518","2045-06-18","Sunday","24","6","18","2045"
"450519","2045-06-19","Monday","25","6","19","2045"
"450520","2045-06-20","Tuesday","25","6","20","2045"
"450521","2045-06-21","Wednesday","25","6","21","2045"
"450522","2045-06-22","Thursday","25","6","22","2045"
"450523","2045-06-23","Friday","25","6","23","2045"
"450524","2045-06-24","Saturday","25","6","24","2045"
"450525","2045-06-25","Sunday","25","6","25","2045"
"450526","2045-06-26","Monday","26","6","26","2045"
"450527","2045-06-27","Tuesday","26","6","27","2045"
"450528","2045-06-28","Wednesday","26","6","28","2045"
"450529","2045-06-29","Thursday","26","6","29","2045"
"450530","2045-06-30","Friday","26","6","30","2045"
"450601","2045-07-01","Saturday","26","7","1","2045"
"450602","2045-07-02","Sunday","26","7","2","2045"
"450603","2045-07-03","Monday","27","7","3","2045"
"450604","2045-07-04","Tuesday","27","7","4","2045"
"450605","2045-07-05","Wednesday","27","7","5","2045"
"450606","2045-07-06","Thursday","27","7","6","2045"
"450607","2045-07-07","Friday","27","7","7","2045"
"450608","2045-07-08","Saturday","27","7","8","2045"
"450609","2045-07-09","Sunday","27","7","9","2045"
"450610","2045-07-10","Monday","28","7","10","2045"
"450611","2045-07-11","Tuesday","28","7","11","2045"
"450612","2045-07-12","Wednesday","28","7","12","2045"
"450613","2045-07-13","Thursday","28","7","13","2045"
"450614","2045-07-14","Friday","28","7","14","2045"
"450615","2045-07-15","Saturday","28","7","15","2045"
"450616","2045-07-16","Sunday","28","7","16","2045"
"450617","2045-07-17","Monday","29","7","17","2045"
"450618","2045-07-18","Tuesday","29","7","18","2045"
"450619","2045-07-19","Wednesday","29","7","19","2045"
"450620","2045-07-20","Thursday","29","7","20","2045"
"450621","2045-07-21","Friday","29","7","21","2045"
"450622","2045-07-22","Saturday","29","7","22","2045"
"450623","2045-07-23","Sunday","29","7","23","2045"
"450624","2045-07-24","Monday","30","7","24","2045"
"450625","2045-07-25","Tuesday","30","7","25","2045"
"450626","2045-07-26","Wednesday","30","7","26","2045"
"450627","2045-07-27","Thursday","30","7","27","2045"
"450628","2045-07-28","Friday","30","7","28","2045"
"450629","2045-07-29","Saturday","30","7","29","2045"
"450630","2045-07-30","Sunday","30","7","30","2045"
"450631","2045-07-31","Monday","31","7","31","2045"
"450701","2045-08-01","Tuesday","31","8","1","2045"
"450702","2045-08-02","Wednesday","31","8","2","2045"
"450703","2045-08-03","Thursday","31","8","3","2045"
"450704","2045-08-04","Friday","31","8","4","2045"
"450705","2045-08-05","Saturday","31","8","5","2045"
"450706","2045-08-06","Sunday","31","8","6","2045"
"450707","2045-08-07","Monday","32","8","7","2045"
"450708","2045-08-08","Tuesday","32","8","8","2045"
"450709","2045-08-09","Wednesday","32","8","9","2045"
"450710","2045-08-10","Thursday","32","8","10","2045"
"450711","2045-08-11","Friday","32","8","11","2045"
"450712","2045-08-12","Saturday","32","8","12","2045"
"450713","2045-08-13","Sunday","32","8","13","2045"
"450714","2045-08-14","Monday","33","8","14","2045"
"450715","2045-08-15","Tuesday","33","8","15","2045"
"450716","2045-08-16","Wednesday","33","8","16","2045"
"450717","2045-08-17","Thursday","33","8","17","2045"
"450718","2045-08-18","Friday","33","8","18","2045"
"450719","2045-08-19","Saturday","33","8","19","2045"
"450720","2045-08-20","Sunday","33","8","20","2045"
"450721","2045-08-21","Monday","34","8","21","2045"
"450722","2045-08-22","Tuesday","34","8","22","2045"
"450723","2045-08-23","Wednesday","34","8","23","2045"
"450724","2045-08-24","Thursday","34","8","24","2045"
"450725","2045-08-25","Friday","34","8","25","2045"
"450726","2045-08-26","Saturday","34","8","26","2045"
"450727","2045-08-27","Sunday","34","8","27","2045"
"450728","2045-08-28","Monday","35","8","28","2045"
"450729","2045-08-29","Tuesday","35","8","29","2045"
"450730","2045-08-30","Wednesday","35","8","30","2045"
"450731","2045-08-31","Thursday","35","8","31","2045"
"450801","2045-09-01","Friday","35","9","1","2045"
"450802","2045-09-02","Saturday","35","9","2","2045"
"450803","2045-09-03","Sunday","35","9","3","2045"
"450804","2045-09-04","Monday","36","9","4","2045"
"450805","2045-09-05","Tuesday","36","9","5","2045"
"450806","2045-09-06","Wednesday","36","9","6","2045"
"450807","2045-09-07","Thursday","36","9","7","2045"
"450808","2045-09-08","Friday","36","9","8","2045"
"450809","2045-09-09","Saturday","36","9","9","2045"
"450810","2045-09-10","Sunday","36","9","10","2045"
"450811","2045-09-11","Monday","37","9","11","2045"
"450812","2045-09-12","Tuesday","37","9","12","2045"
"450813","2045-09-13","Wednesday","37","9","13","2045"
"450814","2045-09-14","Thursday","37","9","14","2045"
"450815","2045-09-15","Friday","37","9","15","2045"
"450816","2045-09-16","Saturday","37","9","16","2045"
"450817","2045-09-17","Sunday","37","9","17","2045"
"450818","2045-09-18","Monday","38","9","18","2045"
"450819","2045-09-19","Tuesday","38","9","19","2045"
"450820","2045-09-20","Wednesday","38","9","20","2045"
"450821","2045-09-21","Thursday","38","9","21","2045"
"450822","2045-09-22","Friday","38","9","22","2045"
"450823","2045-09-23","Saturday","38","9","23","2045"
"450824","2045-09-24","Sunday","38","9","24","2045"
"450825","2045-09-25","Monday","39","9","25","2045"
"450826","2045-09-26","Tuesday","39","9","26","2045"
"450827","2045-09-27","Wednesday","39","9","27","2045"
"450828","2045-09-28","Thursday","39","9","28","2045"
"450829","2045-09-29","Friday","39","9","29","2045"
"450830","2045-09-30","Saturday","39","9","30","2045"
"450901","2045-10-01","Sunday","39","10","1","2045"
"450902","2045-10-02","Monday","40","10","2","2045"
"450903","2045-10-03","Tuesday","40","10","3","2045"
"450904","2045-10-04","Wednesday","40","10","4","2045"
"450905","2045-10-05","Thursday","40","10","5","2045"
"450906","2045-10-06","Friday","40","10","6","2045"
"450907","2045-10-07","Saturday","40","10","7","2045"
"450908","2045-10-08","Sunday","40","10","8","2045"
"450909","2045-10-09","Monday","41","10","9","2045"
"450910","2045-10-10","Tuesday","41","10","10","2045"
"450911","2045-10-11","Wednesday","41","10","11","2045"
"450912","2045-10-12","Thursday","41","10","12","2045"
"450913","2045-10-13","Friday","41","10","13","2045"
"450914","2045-10-14","Saturday","41","10","14","2045"
"450915","2045-10-15","Sunday","41","10","15","2045"
"450916","2045-10-16","Monday","42","10","16","2045"
"450917","2045-10-17","Tuesday","42","10","17","2045"
"450918","2045-10-18","Wednesday","42","10","18","2045"
"450919","2045-10-19","Thursday","42","10","19","2045"
"450920","2045-10-20","Friday","42","10","20","2045"
"450921","2045-10-21","Saturday","42","10","21","2045"
"450922","2045-10-22","Sunday","42","10","22","2045"
"450923","2045-10-23","Monday","43","10","23","2045"
"450924","2045-10-24","Tuesday","43","10","24","2045"
"450925","2045-10-25","Wednesday","43","10","25","2045"
"450926","2045-10-26","Thursday","43","10","26","2045"
"450927","2045-10-27","Friday","43","10","27","2045"
"450928","2045-10-28","Saturday","43","10","28","2045"
"450929","2045-10-29","Sunday","43","10","29","2045"
"450930","2045-10-30","Monday","44","10","30","2045"
"450931","2045-10-31","Tuesday","44","10","31","2045"
"451001","2045-11-01","Wednesday","44","11","1","2045"
"451002","2045-11-02","Thursday","44","11","2","2045"
"451003","2045-11-03","Friday","44","11","3","2045"
"451004","2045-11-04","Saturday","44","11","4","2045"
"451005","2045-11-05","Sunday","44","11","5","2045"
"451006","2045-11-06","Monday","45","11","6","2045"
"451007","2045-11-07","Tuesday","45","11","7","2045"
"451008","2045-11-08","Wednesday","45","11","8","2045"
"451009","2045-11-09","Thursday","45","11","9","2045"
"451010","2045-11-10","Friday","45","11","10","2045"
"451011","2045-11-11","Saturday","45","11","11","2045"
"451012","2045-11-12","Sunday","45","11","12","2045"
"451013","2045-11-13","Monday","46","11","13","2045"
"451014","2045-11-14","Tuesday","46","11","14","2045"
"451015","2045-11-15","Wednesday","46","11","15","2045"
"451016","2045-11-16","Thursday","46","11","16","2045"
"451017","2045-11-17","Friday","46","11","17","2045"
"451018","2045-11-18","Saturday","46","11","18","2045"
"451019","2045-11-19","Sunday","46","11","19","2045"
"451020","2045-11-20","Monday","47","11","20","2045"
"451021","2045-11-21","Tuesday","47","11","21","2045"
"451022","2045-11-22","Wednesday","47","11","22","2045"
"451023","2045-11-23","Thursday","47","11","23","2045"
"451024","2045-11-24","Friday","47","11","24","2045"
"451025","2045-11-25","Saturday","47","11","25","2045"
"451026","2045-11-26","Sunday","47","11","26","2045"
"451027","2045-11-27","Monday","48","11","27","2045"
"451028","2045-11-28","Tuesday","48","11","28","2045"
"451029","2045-11-29","Wednesday","48","11","29","2045"
"451030","2045-11-30","Thursday","48","11","30","2045"
"451101","2045-12-01","Friday","48","12","1","2045"
"451102","2045-12-02","Saturday","48","12","2","2045"
"451103","2045-12-03","Sunday","48","12","3","2045"
"451104","2045-12-04","Monday","49","12","4","2045"
"451105","2045-12-05","Tuesday","49","12","5","2045"
"451106","2045-12-06","Wednesday","49","12","6","2045"
"451107","2045-12-07","Thursday","49","12","7","2045"
"451108","2045-12-08","Friday","49","12","8","2045"
"451109","2045-12-09","Saturday","49","12","9","2045"
"451110","2045-12-10","Sunday","49","12","10","2045"
"451111","2045-12-11","Monday","50","12","11","2045"
"451112","2045-12-12","Tuesday","50","12","12","2045"
"451113","2045-12-13","Wednesday","50","12","13","2045"
"451114","2045-12-14","Thursday","50","12","14","2045"
"451115","2045-12-15","Friday","50","12","15","2045"
"451116","2045-12-16","Saturday","50","12","16","2045"
"451117","2045-12-17","Sunday","50","12","17","2045"
"451118","2045-12-18","Monday","51","12","18","2045"
"451119","2045-12-19","Tuesday","51","12","19","2045"
"451120","2045-12-20","Wednesday","51","12","20","2045"
"451121","2045-12-21","Thursday","51","12","21","2045"
"451122","2045-12-22","Friday","51","12","22","2045"
"451123","2045-12-23","Saturday","51","12","23","2045"
"451124","2045-12-24","Sunday","51","12","24","2045"
"451125","2045-12-25","Monday","52","12","25","2045"
"451126","2045-12-26","Tuesday","52","12","26","2045"
"451127","2045-12-27","Wednesday","52","12","27","2045"
"451128","2045-12-28","Thursday","52","12","28","2045"
"451129","2045-12-29","Friday","52","12","29","2045"
"451130","2045-12-30","Saturday","52","12","30","2045"
"451131","2045-12-31","Sunday","52","12","31","2045"
"460001","2046-01-01","Monday","1","1","1","2046"
"460002","2046-01-02","Tuesday","1","1","2","2046"
"460003","2046-01-03","Wednesday","1","1","3","2046"
"460004","2046-01-04","Thursday","1","1","4","2046"
"460005","2046-01-05","Friday","1","1","5","2046"
"460006","2046-01-06","Saturday","1","1","6","2046"
"460007","2046-01-07","Sunday","1","1","7","2046"
"460008","2046-01-08","Monday","2","1","8","2046"
"460009","2046-01-09","Tuesday","2","1","9","2046"
"460010","2046-01-10","Wednesday","2","1","10","2046"
"460011","2046-01-11","Thursday","2","1","11","2046"
"460012","2046-01-12","Friday","2","1","12","2046"
"460013","2046-01-13","Saturday","2","1","13","2046"
"460014","2046-01-14","Sunday","2","1","14","2046"
"460015","2046-01-15","Monday","3","1","15","2046"
"460016","2046-01-16","Tuesday","3","1","16","2046"
"460017","2046-01-17","Wednesday","3","1","17","2046"
"460018","2046-01-18","Thursday","3","1","18","2046"
"460019","2046-01-19","Friday","3","1","19","2046"
"460020","2046-01-20","Saturday","3","1","20","2046"
"460021","2046-01-21","Sunday","3","1","21","2046"
"460022","2046-01-22","Monday","4","1","22","2046"
"460023","2046-01-23","Tuesday","4","1","23","2046"
"460024","2046-01-24","Wednesday","4","1","24","2046"
"460025","2046-01-25","Thursday","4","1","25","2046"
"460026","2046-01-26","Friday","4","1","26","2046"
"460027","2046-01-27","Saturday","4","1","27","2046"
"460028","2046-01-28","Sunday","4","1","28","2046"
"460029","2046-01-29","Monday","5","1","29","2046"
"460030","2046-01-30","Tuesday","5","1","30","2046"
"460031","2046-01-31","Wednesday","5","1","31","2046"
"460101","2046-02-01","Thursday","5","2","1","2046"
"460102","2046-02-02","Friday","5","2","2","2046"
"460103","2046-02-03","Saturday","5","2","3","2046"
"460104","2046-02-04","Sunday","5","2","4","2046"
"460105","2046-02-05","Monday","6","2","5","2046"
"460106","2046-02-06","Tuesday","6","2","6","2046"
"460107","2046-02-07","Wednesday","6","2","7","2046"
"460108","2046-02-08","Thursday","6","2","8","2046"
"460109","2046-02-09","Friday","6","2","9","2046"
"460110","2046-02-10","Saturday","6","2","10","2046"
"460111","2046-02-11","Sunday","6","2","11","2046"
"460112","2046-02-12","Monday","7","2","12","2046"
"460113","2046-02-13","Tuesday","7","2","13","2046"
"460114","2046-02-14","Wednesday","7","2","14","2046"
"460115","2046-02-15","Thursday","7","2","15","2046"
"460116","2046-02-16","Friday","7","2","16","2046"
"460117","2046-02-17","Saturday","7","2","17","2046"
"460118","2046-02-18","Sunday","7","2","18","2046"
"460119","2046-02-19","Monday","8","2","19","2046"
"460120","2046-02-20","Tuesday","8","2","20","2046"
"460121","2046-02-21","Wednesday","8","2","21","2046"
"460122","2046-02-22","Thursday","8","2","22","2046"
"460123","2046-02-23","Friday","8","2","23","2046"
"460124","2046-02-24","Saturday","8","2","24","2046"
"460125","2046-02-25","Sunday","8","2","25","2046"
"460126","2046-02-26","Monday","9","2","26","2046"
"460127","2046-02-27","Tuesday","9","2","27","2046"
"460128","2046-02-28","Wednesday","9","2","28","2046"
"460201","2046-03-01","Thursday","9","3","1","2046"
"460202","2046-03-02","Friday","9","3","2","2046"
"460203","2046-03-03","Saturday","9","3","3","2046"
"460204","2046-03-04","Sunday","9","3","4","2046"
"460205","2046-03-05","Monday","10","3","5","2046"
"460206","2046-03-06","Tuesday","10","3","6","2046"
"460207","2046-03-07","Wednesday","10","3","7","2046"
"460208","2046-03-08","Thursday","10","3","8","2046"
"460209","2046-03-09","Friday","10","3","9","2046"
"460210","2046-03-10","Saturday","10","3","10","2046"
"460211","2046-03-11","Sunday","10","3","11","2046"
"460212","2046-03-12","Monday","11","3","12","2046"
"460213","2046-03-13","Tuesday","11","3","13","2046"
"460214","2046-03-14","Wednesday","11","3","14","2046"
"460215","2046-03-15","Thursday","11","3","15","2046"
"460216","2046-03-16","Friday","11","3","16","2046"
"460217","2046-03-17","Saturday","11","3","17","2046"
"460218","2046-03-18","Sunday","11","3","18","2046"
"460219","2046-03-19","Monday","12","3","19","2046"
"460220","2046-03-20","Tuesday","12","3","20","2046"
"460221","2046-03-21","Wednesday","12","3","21","2046"
"460222","2046-03-22","Thursday","12","3","22","2046"
"460223","2046-03-23","Friday","12","3","23","2046"
"460224","2046-03-24","Saturday","12","3","24","2046"
"460225","2046-03-25","Sunday","12","3","25","2046"
"460226","2046-03-26","Monday","13","3","26","2046"
"460227","2046-03-27","Tuesday","13","3","27","2046"
"460228","2046-03-28","Wednesday","13","3","28","2046"
"460229","2046-03-29","Thursday","13","3","29","2046"
"460230","2046-03-30","Friday","13","3","30","2046"
"460231","2046-03-31","Saturday","13","3","31","2046"
"460301","2046-04-01","Sunday","13","4","1","2046"
"460302","2046-04-02","Monday","14","4","2","2046"
"460303","2046-04-03","Tuesday","14","4","3","2046"
"460304","2046-04-04","Wednesday","14","4","4","2046"
"460305","2046-04-05","Thursday","14","4","5","2046"
"460306","2046-04-06","Friday","14","4","6","2046"
"460307","2046-04-07","Saturday","14","4","7","2046"
"460308","2046-04-08","Sunday","14","4","8","2046"
"460309","2046-04-09","Monday","15","4","9","2046"
"460310","2046-04-10","Tuesday","15","4","10","2046"
"460311","2046-04-11","Wednesday","15","4","11","2046"
"460312","2046-04-12","Thursday","15","4","12","2046"
"460313","2046-04-13","Friday","15","4","13","2046"
"460314","2046-04-14","Saturday","15","4","14","2046"
"460315","2046-04-15","Sunday","15","4","15","2046"
"460316","2046-04-16","Monday","16","4","16","2046"
"460317","2046-04-17","Tuesday","16","4","17","2046"
"460318","2046-04-18","Wednesday","16","4","18","2046"
"460319","2046-04-19","Thursday","16","4","19","2046"
"460320","2046-04-20","Friday","16","4","20","2046"
"460321","2046-04-21","Saturday","16","4","21","2046"
"460322","2046-04-22","Sunday","16","4","22","2046"
"460323","2046-04-23","Monday","17","4","23","2046"
"460324","2046-04-24","Tuesday","17","4","24","2046"
"460325","2046-04-25","Wednesday","17","4","25","2046"
"460326","2046-04-26","Thursday","17","4","26","2046"
"460327","2046-04-27","Friday","17","4","27","2046"
"460328","2046-04-28","Saturday","17","4","28","2046"
"460329","2046-04-29","Sunday","17","4","29","2046"
"460330","2046-04-30","Monday","18","4","30","2046"
"460401","2046-05-01","Tuesday","18","5","1","2046"
"460402","2046-05-02","Wednesday","18","5","2","2046"
"460403","2046-05-03","Thursday","18","5","3","2046"
"460404","2046-05-04","Friday","18","5","4","2046"
"460405","2046-05-05","Saturday","18","5","5","2046"
"460406","2046-05-06","Sunday","18","5","6","2046"
"460407","2046-05-07","Monday","19","5","7","2046"
"460408","2046-05-08","Tuesday","19","5","8","2046"
"460409","2046-05-09","Wednesday","19","5","9","2046"
"460410","2046-05-10","Thursday","19","5","10","2046"
"460411","2046-05-11","Friday","19","5","11","2046"
"460412","2046-05-12","Saturday","19","5","12","2046"
"460413","2046-05-13","Sunday","19","5","13","2046"
"460414","2046-05-14","Monday","20","5","14","2046"
"460415","2046-05-15","Tuesday","20","5","15","2046"
"460416","2046-05-16","Wednesday","20","5","16","2046"
"460417","2046-05-17","Thursday","20","5","17","2046"
"460418","2046-05-18","Friday","20","5","18","2046"
"460419","2046-05-19","Saturday","20","5","19","2046"
"460420","2046-05-20","Sunday","20","5","20","2046"
"460421","2046-05-21","Monday","21","5","21","2046"
"460422","2046-05-22","Tuesday","21","5","22","2046"
"460423","2046-05-23","Wednesday","21","5","23","2046"
"460424","2046-05-24","Thursday","21","5","24","2046"
"460425","2046-05-25","Friday","21","5","25","2046"
"460426","2046-05-26","Saturday","21","5","26","2046"
"460427","2046-05-27","Sunday","21","5","27","2046"
"460428","2046-05-28","Monday","22","5","28","2046"
"460429","2046-05-29","Tuesday","22","5","29","2046"
"460430","2046-05-30","Wednesday","22","5","30","2046"
"460431","2046-05-31","Thursday","22","5","31","2046"
"460501","2046-06-01","Friday","22","6","1","2046"
"460502","2046-06-02","Saturday","22","6","2","2046"
"460503","2046-06-03","Sunday","22","6","3","2046"
"460504","2046-06-04","Monday","23","6","4","2046"
"460505","2046-06-05","Tuesday","23","6","5","2046"
"460506","2046-06-06","Wednesday","23","6","6","2046"
"460507","2046-06-07","Thursday","23","6","7","2046"
"460508","2046-06-08","Friday","23","6","8","2046"
"460509","2046-06-09","Saturday","23","6","9","2046"
"460510","2046-06-10","Sunday","23","6","10","2046"
"460511","2046-06-11","Monday","24","6","11","2046"
"460512","2046-06-12","Tuesday","24","6","12","2046"
"460513","2046-06-13","Wednesday","24","6","13","2046"
"460514","2046-06-14","Thursday","24","6","14","2046"
"460515","2046-06-15","Friday","24","6","15","2046"
"460516","2046-06-16","Saturday","24","6","16","2046"
"460517","2046-06-17","Sunday","24","6","17","2046"
"460518","2046-06-18","Monday","25","6","18","2046"
"460519","2046-06-19","Tuesday","25","6","19","2046"
"460520","2046-06-20","Wednesday","25","6","20","2046"
"460521","2046-06-21","Thursday","25","6","21","2046"
"460522","2046-06-22","Friday","25","6","22","2046"
"460523","2046-06-23","Saturday","25","6","23","2046"
"460524","2046-06-24","Sunday","25","6","24","2046"
"460525","2046-06-25","Monday","26","6","25","2046"
"460526","2046-06-26","Tuesday","26","6","26","2046"
"460527","2046-06-27","Wednesday","26","6","27","2046"
"460528","2046-06-28","Thursday","26","6","28","2046"
"460529","2046-06-29","Friday","26","6","29","2046"
"460530","2046-06-30","Saturday","26","6","30","2046"
"460601","2046-07-01","Sunday","26","7","1","2046"
"460602","2046-07-02","Monday","27","7","2","2046"
"460603","2046-07-03","Tuesday","27","7","3","2046"
"460604","2046-07-04","Wednesday","27","7","4","2046"
"460605","2046-07-05","Thursday","27","7","5","2046"
"460606","2046-07-06","Friday","27","7","6","2046"
"460607","2046-07-07","Saturday","27","7","7","2046"
"460608","2046-07-08","Sunday","27","7","8","2046"
"460609","2046-07-09","Monday","28","7","9","2046"
"460610","2046-07-10","Tuesday","28","7","10","2046"
"460611","2046-07-11","Wednesday","28","7","11","2046"
"460612","2046-07-12","Thursday","28","7","12","2046"
"460613","2046-07-13","Friday","28","7","13","2046"
"460614","2046-07-14","Saturday","28","7","14","2046"
"460615","2046-07-15","Sunday","28","7","15","2046"
"460616","2046-07-16","Monday","29","7","16","2046"
"460617","2046-07-17","Tuesday","29","7","17","2046"
"460618","2046-07-18","Wednesday","29","7","18","2046"
"460619","2046-07-19","Thursday","29","7","19","2046"
"460620","2046-07-20","Friday","29","7","20","2046"
"460621","2046-07-21","Saturday","29","7","21","2046"
"460622","2046-07-22","Sunday","29","7","22","2046"
"460623","2046-07-23","Monday","30","7","23","2046"
"460624","2046-07-24","Tuesday","30","7","24","2046"
"460625","2046-07-25","Wednesday","30","7","25","2046"
"460626","2046-07-26","Thursday","30","7","26","2046"
"460627","2046-07-27","Friday","30","7","27","2046"
"460628","2046-07-28","Saturday","30","7","28","2046"
"460629","2046-07-29","Sunday","30","7","29","2046"
"460630","2046-07-30","Monday","31","7","30","2046"
"460631","2046-07-31","Tuesday","31","7","31","2046"
"460701","2046-08-01","Wednesday","31","8","1","2046"
"460702","2046-08-02","Thursday","31","8","2","2046"
"460703","2046-08-03","Friday","31","8","3","2046"
"460704","2046-08-04","Saturday","31","8","4","2046"
"460705","2046-08-05","Sunday","31","8","5","2046"
"460706","2046-08-06","Monday","32","8","6","2046"
"460707","2046-08-07","Tuesday","32","8","7","2046"
"460708","2046-08-08","Wednesday","32","8","8","2046"
"460709","2046-08-09","Thursday","32","8","9","2046"
"460710","2046-08-10","Friday","32","8","10","2046"
"460711","2046-08-11","Saturday","32","8","11","2046"
"460712","2046-08-12","Sunday","32","8","12","2046"
"460713","2046-08-13","Monday","33","8","13","2046"
"460714","2046-08-14","Tuesday","33","8","14","2046"
"460715","2046-08-15","Wednesday","33","8","15","2046"
"460716","2046-08-16","Thursday","33","8","16","2046"
"460717","2046-08-17","Friday","33","8","17","2046"
"460718","2046-08-18","Saturday","33","8","18","2046"
"460719","2046-08-19","Sunday","33","8","19","2046"
"460720","2046-08-20","Monday","34","8","20","2046"
"460721","2046-08-21","Tuesday","34","8","21","2046"
"460722","2046-08-22","Wednesday","34","8","22","2046"
"460723","2046-08-23","Thursday","34","8","23","2046"
"460724","2046-08-24","Friday","34","8","24","2046"
"460725","2046-08-25","Saturday","34","8","25","2046"
"460726","2046-08-26","Sunday","34","8","26","2046"
"460727","2046-08-27","Monday","35","8","27","2046"
"460728","2046-08-28","Tuesday","35","8","28","2046"
"460729","2046-08-29","Wednesday","35","8","29","2046"
"460730","2046-08-30","Thursday","35","8","30","2046"
"460731","2046-08-31","Friday","35","8","31","2046"
"460801","2046-09-01","Saturday","35","9","1","2046"
"460802","2046-09-02","Sunday","35","9","2","2046"
"460803","2046-09-03","Monday","36","9","3","2046"
"460804","2046-09-04","Tuesday","36","9","4","2046"
"460805","2046-09-05","Wednesday","36","9","5","2046"
"460806","2046-09-06","Thursday","36","9","6","2046"
"460807","2046-09-07","Friday","36","9","7","2046"
"460808","2046-09-08","Saturday","36","9","8","2046"
"460809","2046-09-09","Sunday","36","9","9","2046"
"460810","2046-09-10","Monday","37","9","10","2046"
"460811","2046-09-11","Tuesday","37","9","11","2046"
"460812","2046-09-12","Wednesday","37","9","12","2046"
"460813","2046-09-13","Thursday","37","9","13","2046"
"460814","2046-09-14","Friday","37","9","14","2046"
"460815","2046-09-15","Saturday","37","9","15","2046"
"460816","2046-09-16","Sunday","37","9","16","2046"
"460817","2046-09-17","Monday","38","9","17","2046"
"460818","2046-09-18","Tuesday","38","9","18","2046"
"460819","2046-09-19","Wednesday","38","9","19","2046"
"460820","2046-09-20","Thursday","38","9","20","2046"
"460821","2046-09-21","Friday","38","9","21","2046"
"460822","2046-09-22","Saturday","38","9","22","2046"
"460823","2046-09-23","Sunday","38","9","23","2046"
"460824","2046-09-24","Monday","39","9","24","2046"
"460825","2046-09-25","Tuesday","39","9","25","2046"
"460826","2046-09-26","Wednesday","39","9","26","2046"
"460827","2046-09-27","Thursday","39","9","27","2046"
"460828","2046-09-28","Friday","39","9","28","2046"
"460829","2046-09-29","Saturday","39","9","29","2046"
"460830","2046-09-30","Sunday","39","9","30","2046"
"460901","2046-10-01","Monday","40","10","1","2046"
"460902","2046-10-02","Tuesday","40","10","2","2046"
"460903","2046-10-03","Wednesday","40","10","3","2046"
"460904","2046-10-04","Thursday","40","10","4","2046"
"460905","2046-10-05","Friday","40","10","5","2046"
"460906","2046-10-06","Saturday","40","10","6","2046"
"460907","2046-10-07","Sunday","40","10","7","2046"
"460908","2046-10-08","Monday","41","10","8","2046"
"460909","2046-10-09","Tuesday","41","10","9","2046"
"460910","2046-10-10","Wednesday","41","10","10","2046"
"460911","2046-10-11","Thursday","41","10","11","2046"
"460912","2046-10-12","Friday","41","10","12","2046"
"460913","2046-10-13","Saturday","41","10","13","2046"
"460914","2046-10-14","Sunday","41","10","14","2046"
"460915","2046-10-15","Monday","42","10","15","2046"
"460916","2046-10-16","Tuesday","42","10","16","2046"
"460917","2046-10-17","Wednesday","42","10","17","2046"
"460918","2046-10-18","Thursday","42","10","18","2046"
"460919","2046-10-19","Friday","42","10","19","2046"
"460920","2046-10-20","Saturday","42","10","20","2046"
"460921","2046-10-21","Sunday","42","10","21","2046"
"460922","2046-10-22","Monday","43","10","22","2046"
"460923","2046-10-23","Tuesday","43","10","23","2046"
"460924","2046-10-24","Wednesday","43","10","24","2046"
"460925","2046-10-25","Thursday","43","10","25","2046"
"460926","2046-10-26","Friday","43","10","26","2046"
"460927","2046-10-27","Saturday","43","10","27","2046"
"460928","2046-10-28","Sunday","43","10","28","2046"
"460929","2046-10-29","Monday","44","10","29","2046"
"460930","2046-10-30","Tuesday","44","10","30","2046"
"460931","2046-10-31","Wednesday","44","10","31","2046"
"461001","2046-11-01","Thursday","44","11","1","2046"
"461002","2046-11-02","Friday","44","11","2","2046"
"461003","2046-11-03","Saturday","44","11","3","2046"
"461004","2046-11-04","Sunday","44","11","4","2046"
"461005","2046-11-05","Monday","45","11","5","2046"
"461006","2046-11-06","Tuesday","45","11","6","2046"
"461007","2046-11-07","Wednesday","45","11","7","2046"
"461008","2046-11-08","Thursday","45","11","8","2046"
"461009","2046-11-09","Friday","45","11","9","2046"
"461010","2046-11-10","Saturday","45","11","10","2046"
"461011","2046-11-11","Sunday","45","11","11","2046"
"461012","2046-11-12","Monday","46","11","12","2046"
"461013","2046-11-13","Tuesday","46","11","13","2046"
"461014","2046-11-14","Wednesday","46","11","14","2046"
"461015","2046-11-15","Thursday","46","11","15","2046"
"461016","2046-11-16","Friday","46","11","16","2046"
"461017","2046-11-17","Saturday","46","11","17","2046"
"461018","2046-11-18","Sunday","46","11","18","2046"
"461019","2046-11-19","Monday","47","11","19","2046"
"461020","2046-11-20","Tuesday","47","11","20","2046"
"461021","2046-11-21","Wednesday","47","11","21","2046"
"461022","2046-11-22","Thursday","47","11","22","2046"
"461023","2046-11-23","Friday","47","11","23","2046"
"461024","2046-11-24","Saturday","47","11","24","2046"
"461025","2046-11-25","Sunday","47","11","25","2046"
"461026","2046-11-26","Monday","48","11","26","2046"
"461027","2046-11-27","Tuesday","48","11","27","2046"
"461028","2046-11-28","Wednesday","48","11","28","2046"
"461029","2046-11-29","Thursday","48","11","29","2046"
"461030","2046-11-30","Friday","48","11","30","2046"
"461101","2046-12-01","Saturday","48","12","1","2046"
"461102","2046-12-02","Sunday","48","12","2","2046"
"461103","2046-12-03","Monday","49","12","3","2046"
"461104","2046-12-04","Tuesday","49","12","4","2046"
"461105","2046-12-05","Wednesday","49","12","5","2046"
"461106","2046-12-06","Thursday","49","12","6","2046"
"461107","2046-12-07","Friday","49","12","7","2046"
"461108","2046-12-08","Saturday","49","12","8","2046"
"461109","2046-12-09","Sunday","49","12","9","2046"
"461110","2046-12-10","Monday","50","12","10","2046"
"461111","2046-12-11","Tuesday","50","12","11","2046"
"461112","2046-12-12","Wednesday","50","12","12","2046"
"461113","2046-12-13","Thursday","50","12","13","2046"
"461114","2046-12-14","Friday","50","12","14","2046"
"461115","2046-12-15","Saturday","50","12","15","2046"
"461116","2046-12-16","Sunday","50","12","16","2046"
"461117","2046-12-17","Monday","51","12","17","2046"
"461118","2046-12-18","Tuesday","51","12","18","2046"
"461119","2046-12-19","Wednesday","51","12","19","2046"
"461120","2046-12-20","Thursday","51","12","20","2046"
"461121","2046-12-21","Friday","51","12","21","2046"
"461122","2046-12-22","Saturday","51","12","22","2046"
"461123","2046-12-23","Sunday","51","12","23","2046"
"461124","2046-12-24","Monday","52","12","24","2046"
"461125","2046-12-25","Tuesday","52","12","25","2046"
"461126","2046-12-26","Wednesday","52","12","26","2046"
"461127","2046-12-27","Thursday","52","12","27","2046"
"461128","2046-12-28","Friday","52","12","28","2046"
"461129","2046-12-29","Saturday","52","12","29","2046"
"461130","2046-12-30","Sunday","52","12","30","2046"
"461131","2046-12-31","Monday","1","12","31","2046"
"470001","2047-01-01","Tuesday","1","1","1","2047"
"470002","2047-01-02","Wednesday","1","1","2","2047"
"470003","2047-01-03","Thursday","1","1","3","2047"
"470004","2047-01-04","Friday","1","1","4","2047"
"470005","2047-01-05","Saturday","1","1","5","2047"
"470006","2047-01-06","Sunday","1","1","6","2047"
"470007","2047-01-07","Monday","2","1","7","2047"
"470008","2047-01-08","Tuesday","2","1","8","2047"
"470009","2047-01-09","Wednesday","2","1","9","2047"
"470010","2047-01-10","Thursday","2","1","10","2047"
"470011","2047-01-11","Friday","2","1","11","2047"
"470012","2047-01-12","Saturday","2","1","12","2047"
"470013","2047-01-13","Sunday","2","1","13","2047"
"470014","2047-01-14","Monday","3","1","14","2047"
"470015","2047-01-15","Tuesday","3","1","15","2047"
"470016","2047-01-16","Wednesday","3","1","16","2047"
"470017","2047-01-17","Thursday","3","1","17","2047"
"470018","2047-01-18","Friday","3","1","18","2047"
"470019","2047-01-19","Saturday","3","1","19","2047"
"470020","2047-01-20","Sunday","3","1","20","2047"
"470021","2047-01-21","Monday","4","1","21","2047"
"470022","2047-01-22","Tuesday","4","1","22","2047"
"470023","2047-01-23","Wednesday","4","1","23","2047"
"470024","2047-01-24","Thursday","4","1","24","2047"
"470025","2047-01-25","Friday","4","1","25","2047"
"470026","2047-01-26","Saturday","4","1","26","2047"
"470027","2047-01-27","Sunday","4","1","27","2047"
"470028","2047-01-28","Monday","5","1","28","2047"
"470029","2047-01-29","Tuesday","5","1","29","2047"
"470030","2047-01-30","Wednesday","5","1","30","2047"
"470031","2047-01-31","Thursday","5","1","31","2047"
"470101","2047-02-01","Friday","5","2","1","2047"
"470102","2047-02-02","Saturday","5","2","2","2047"
"470103","2047-02-03","Sunday","5","2","3","2047"
"470104","2047-02-04","Monday","6","2","4","2047"
"470105","2047-02-05","Tuesday","6","2","5","2047"
"470106","2047-02-06","Wednesday","6","2","6","2047"
"470107","2047-02-07","Thursday","6","2","7","2047"
"470108","2047-02-08","Friday","6","2","8","2047"
"470109","2047-02-09","Saturday","6","2","9","2047"
"470110","2047-02-10","Sunday","6","2","10","2047"
"470111","2047-02-11","Monday","7","2","11","2047"
"470112","2047-02-12","Tuesday","7","2","12","2047"
"470113","2047-02-13","Wednesday","7","2","13","2047"
"470114","2047-02-14","Thursday","7","2","14","2047"
"470115","2047-02-15","Friday","7","2","15","2047"
"470116","2047-02-16","Saturday","7","2","16","2047"
"470117","2047-02-17","Sunday","7","2","17","2047"
"470118","2047-02-18","Monday","8","2","18","2047"
"470119","2047-02-19","Tuesday","8","2","19","2047"
"470120","2047-02-20","Wednesday","8","2","20","2047"
"470121","2047-02-21","Thursday","8","2","21","2047"
"470122","2047-02-22","Friday","8","2","22","2047"
"470123","2047-02-23","Saturday","8","2","23","2047"
"470124","2047-02-24","Sunday","8","2","24","2047"
"470125","2047-02-25","Monday","9","2","25","2047"
"470126","2047-02-26","Tuesday","9","2","26","2047"
"470127","2047-02-27","Wednesday","9","2","27","2047"
"470128","2047-02-28","Thursday","9","2","28","2047"
"470201","2047-03-01","Friday","9","3","1","2047"
"470202","2047-03-02","Saturday","9","3","2","2047"
"470203","2047-03-03","Sunday","9","3","3","2047"
"470204","2047-03-04","Monday","10","3","4","2047"
"470205","2047-03-05","Tuesday","10","3","5","2047"
"470206","2047-03-06","Wednesday","10","3","6","2047"
"470207","2047-03-07","Thursday","10","3","7","2047"
"470208","2047-03-08","Friday","10","3","8","2047"
"470209","2047-03-09","Saturday","10","3","9","2047"
"470210","2047-03-10","Sunday","10","3","10","2047"
"470211","2047-03-11","Monday","11","3","11","2047"
"470212","2047-03-12","Tuesday","11","3","12","2047"
"470213","2047-03-13","Wednesday","11","3","13","2047"
"470214","2047-03-14","Thursday","11","3","14","2047"
"470215","2047-03-15","Friday","11","3","15","2047"
"470216","2047-03-16","Saturday","11","3","16","2047"
"470217","2047-03-17","Sunday","11","3","17","2047"
"470218","2047-03-18","Monday","12","3","18","2047"
"470219","2047-03-19","Tuesday","12","3","19","2047"
"470220","2047-03-20","Wednesday","12","3","20","2047"
"470221","2047-03-21","Thursday","12","3","21","2047"
"470222","2047-03-22","Friday","12","3","22","2047"
"470223","2047-03-23","Saturday","12","3","23","2047"
"470224","2047-03-24","Sunday","12","3","24","2047"
"470225","2047-03-25","Monday","13","3","25","2047"
"470226","2047-03-26","Tuesday","13","3","26","2047"
"470227","2047-03-27","Wednesday","13","3","27","2047"
"470228","2047-03-28","Thursday","13","3","28","2047"
"470229","2047-03-29","Friday","13","3","29","2047"
"470230","2047-03-30","Saturday","13","3","30","2047"
"470231","2047-03-31","Sunday","13","3","31","2047"
"470301","2047-04-01","Monday","14","4","1","2047"
"470302","2047-04-02","Tuesday","14","4","2","2047"
"470303","2047-04-03","Wednesday","14","4","3","2047"
"470304","2047-04-04","Thursday","14","4","4","2047"
"470305","2047-04-05","Friday","14","4","5","2047"
"470306","2047-04-06","Saturday","14","4","6","2047"
"470307","2047-04-07","Sunday","14","4","7","2047"
"470308","2047-04-08","Monday","15","4","8","2047"
"470309","2047-04-09","Tuesday","15","4","9","2047"
"470310","2047-04-10","Wednesday","15","4","10","2047"
"470311","2047-04-11","Thursday","15","4","11","2047"
"470312","2047-04-12","Friday","15","4","12","2047"
"470313","2047-04-13","Saturday","15","4","13","2047"
"470314","2047-04-14","Sunday","15","4","14","2047"
"470315","2047-04-15","Monday","16","4","15","2047"
"470316","2047-04-16","Tuesday","16","4","16","2047"
"470317","2047-04-17","Wednesday","16","4","17","2047"
"470318","2047-04-18","Thursday","16","4","18","2047"
"470319","2047-04-19","Friday","16","4","19","2047"
"470320","2047-04-20","Saturday","16","4","20","2047"
"470321","2047-04-21","Sunday","16","4","21","2047"
"470322","2047-04-22","Monday","17","4","22","2047"
"470323","2047-04-23","Tuesday","17","4","23","2047"
"470324","2047-04-24","Wednesday","17","4","24","2047"
"470325","2047-04-25","Thursday","17","4","25","2047"
"470326","2047-04-26","Friday","17","4","26","2047"
"470327","2047-04-27","Saturday","17","4","27","2047"
"470328","2047-04-28","Sunday","17","4","28","2047"
"470329","2047-04-29","Monday","18","4","29","2047"
"470330","2047-04-30","Tuesday","18","4","30","2047"
"470401","2047-05-01","Wednesday","18","5","1","2047"
"470402","2047-05-02","Thursday","18","5","2","2047"
"470403","2047-05-03","Friday","18","5","3","2047"
"470404","2047-05-04","Saturday","18","5","4","2047"
"470405","2047-05-05","Sunday","18","5","5","2047"
"470406","2047-05-06","Monday","19","5","6","2047"
"470407","2047-05-07","Tuesday","19","5","7","2047"
"470408","2047-05-08","Wednesday","19","5","8","2047"
"470409","2047-05-09","Thursday","19","5","9","2047"
"470410","2047-05-10","Friday","19","5","10","2047"
"470411","2047-05-11","Saturday","19","5","11","2047"
"470412","2047-05-12","Sunday","19","5","12","2047"
"470413","2047-05-13","Monday","20","5","13","2047"
"470414","2047-05-14","Tuesday","20","5","14","2047"
"470415","2047-05-15","Wednesday","20","5","15","2047"
"470416","2047-05-16","Thursday","20","5","16","2047"
"470417","2047-05-17","Friday","20","5","17","2047"
"470418","2047-05-18","Saturday","20","5","18","2047"
"470419","2047-05-19","Sunday","20","5","19","2047"
"470420","2047-05-20","Monday","21","5","20","2047"
"470421","2047-05-21","Tuesday","21","5","21","2047"
"470422","2047-05-22","Wednesday","21","5","22","2047"
"470423","2047-05-23","Thursday","21","5","23","2047"
"470424","2047-05-24","Friday","21","5","24","2047"
"470425","2047-05-25","Saturday","21","5","25","2047"
"470426","2047-05-26","Sunday","21","5","26","2047"
"470427","2047-05-27","Monday","22","5","27","2047"
"470428","2047-05-28","Tuesday","22","5","28","2047"
"470429","2047-05-29","Wednesday","22","5","29","2047"
"470430","2047-05-30","Thursday","22","5","30","2047"
"470431","2047-05-31","Friday","22","5","31","2047"
"470501","2047-06-01","Saturday","22","6","1","2047"
"470502","2047-06-02","Sunday","22","6","2","2047"
"470503","2047-06-03","Monday","23","6","3","2047"
"470504","2047-06-04","Tuesday","23","6","4","2047"
"470505","2047-06-05","Wednesday","23","6","5","2047"
"470506","2047-06-06","Thursday","23","6","6","2047"
"470507","2047-06-07","Friday","23","6","7","2047"
"470508","2047-06-08","Saturday","23","6","8","2047"
"470509","2047-06-09","Sunday","23","6","9","2047"
"470510","2047-06-10","Monday","24","6","10","2047"
"470511","2047-06-11","Tuesday","24","6","11","2047"
"470512","2047-06-12","Wednesday","24","6","12","2047"
"470513","2047-06-13","Thursday","24","6","13","2047"
"470514","2047-06-14","Friday","24","6","14","2047"
"470515","2047-06-15","Saturday","24","6","15","2047"
"470516","2047-06-16","Sunday","24","6","16","2047"
"470517","2047-06-17","Monday","25","6","17","2047"
"470518","2047-06-18","Tuesday","25","6","18","2047"
"470519","2047-06-19","Wednesday","25","6","19","2047"
"470520","2047-06-20","Thursday","25","6","20","2047"
"470521","2047-06-21","Friday","25","6","21","2047"
"470522","2047-06-22","Saturday","25","6","22","2047"
"470523","2047-06-23","Sunday","25","6","23","2047"
"470524","2047-06-24","Monday","26","6","24","2047"
"470525","2047-06-25","Tuesday","26","6","25","2047"
"470526","2047-06-26","Wednesday","26","6","26","2047"
"470527","2047-06-27","Thursday","26","6","27","2047"
"470528","2047-06-28","Friday","26","6","28","2047"
"470529","2047-06-29","Saturday","26","6","29","2047"
"470530","2047-06-30","Sunday","26","6","30","2047"
"470601","2047-07-01","Monday","27","7","1","2047"
"470602","2047-07-02","Tuesday","27","7","2","2047"
"470603","2047-07-03","Wednesday","27","7","3","2047"
"470604","2047-07-04","Thursday","27","7","4","2047"
"470605","2047-07-05","Friday","27","7","5","2047"
"470606","2047-07-06","Saturday","27","7","6","2047"
"470607","2047-07-07","Sunday","27","7","7","2047"
"470608","2047-07-08","Monday","28","7","8","2047"
"470609","2047-07-09","Tuesday","28","7","9","2047"
"470610","2047-07-10","Wednesday","28","7","10","2047"
"470611","2047-07-11","Thursday","28","7","11","2047"
"470612","2047-07-12","Friday","28","7","12","2047"
"470613","2047-07-13","Saturday","28","7","13","2047"
"470614","2047-07-14","Sunday","28","7","14","2047"
"470615","2047-07-15","Monday","29","7","15","2047"
"470616","2047-07-16","Tuesday","29","7","16","2047"
"470617","2047-07-17","Wednesday","29","7","17","2047"
"470618","2047-07-18","Thursday","29","7","18","2047"
"470619","2047-07-19","Friday","29","7","19","2047"
"470620","2047-07-20","Saturday","29","7","20","2047"
"470621","2047-07-21","Sunday","29","7","21","2047"
"470622","2047-07-22","Monday","30","7","22","2047"
"470623","2047-07-23","Tuesday","30","7","23","2047"
"470624","2047-07-24","Wednesday","30","7","24","2047"
"470625","2047-07-25","Thursday","30","7","25","2047"
"470626","2047-07-26","Friday","30","7","26","2047"
"470627","2047-07-27","Saturday","30","7","27","2047"
"470628","2047-07-28","Sunday","30","7","28","2047"
"470629","2047-07-29","Monday","31","7","29","2047"
"470630","2047-07-30","Tuesday","31","7","30","2047"
"470631","2047-07-31","Wednesday","31","7","31","2047"
"470701","2047-08-01","Thursday","31","8","1","2047"
"470702","2047-08-02","Friday","31","8","2","2047"
"470703","2047-08-03","Saturday","31","8","3","2047"
"470704","2047-08-04","Sunday","31","8","4","2047"
"470705","2047-08-05","Monday","32","8","5","2047"
"470706","2047-08-06","Tuesday","32","8","6","2047"
"470707","2047-08-07","Wednesday","32","8","7","2047"
"470708","2047-08-08","Thursday","32","8","8","2047"
"470709","2047-08-09","Friday","32","8","9","2047"
"470710","2047-08-10","Saturday","32","8","10","2047"
"470711","2047-08-11","Sunday","32","8","11","2047"
"470712","2047-08-12","Monday","33","8","12","2047"
"470713","2047-08-13","Tuesday","33","8","13","2047"
"470714","2047-08-14","Wednesday","33","8","14","2047"
"470715","2047-08-15","Thursday","33","8","15","2047"
"470716","2047-08-16","Friday","33","8","16","2047"
"470717","2047-08-17","Saturday","33","8","17","2047"
"470718","2047-08-18","Sunday","33","8","18","2047"
"470719","2047-08-19","Monday","34","8","19","2047"
"470720","2047-08-20","Tuesday","34","8","20","2047"
"470721","2047-08-21","Wednesday","34","8","21","2047"
"470722","2047-08-22","Thursday","34","8","22","2047"
"470723","2047-08-23","Friday","34","8","23","2047"
"470724","2047-08-24","Saturday","34","8","24","2047"
"470725","2047-08-25","Sunday","34","8","25","2047"
"470726","2047-08-26","Monday","35","8","26","2047"
"470727","2047-08-27","Tuesday","35","8","27","2047"
"470728","2047-08-28","Wednesday","35","8","28","2047"
"470729","2047-08-29","Thursday","35","8","29","2047"
"470730","2047-08-30","Friday","35","8","30","2047"
"470731","2047-08-31","Saturday","35","8","31","2047"
"470801","2047-09-01","Sunday","35","9","1","2047"
"470802","2047-09-02","Monday","36","9","2","2047"
"470803","2047-09-03","Tuesday","36","9","3","2047"
"470804","2047-09-04","Wednesday","36","9","4","2047"
"470805","2047-09-05","Thursday","36","9","5","2047"
"470806","2047-09-06","Friday","36","9","6","2047"
"470807","2047-09-07","Saturday","36","9","7","2047"
"470808","2047-09-08","Sunday","36","9","8","2047"
"470809","2047-09-09","Monday","37","9","9","2047"
"470810","2047-09-10","Tuesday","37","9","10","2047"
"470811","2047-09-11","Wednesday","37","9","11","2047"
"470812","2047-09-12","Thursday","37","9","12","2047"
"470813","2047-09-13","Friday","37","9","13","2047"
"470814","2047-09-14","Saturday","37","9","14","2047"
"470815","2047-09-15","Sunday","37","9","15","2047"
"470816","2047-09-16","Monday","38","9","16","2047"
"470817","2047-09-17","Tuesday","38","9","17","2047"
"470818","2047-09-18","Wednesday","38","9","18","2047"
"470819","2047-09-19","Thursday","38","9","19","2047"
"470820","2047-09-20","Friday","38","9","20","2047"
"470821","2047-09-21","Saturday","38","9","21","2047"
"470822","2047-09-22","Sunday","38","9","22","2047"
"470823","2047-09-23","Monday","39","9","23","2047"
"470824","2047-09-24","Tuesday","39","9","24","2047"
"470825","2047-09-25","Wednesday","39","9","25","2047"
"470826","2047-09-26","Thursday","39","9","26","2047"
"470827","2047-09-27","Friday","39","9","27","2047"
"470828","2047-09-28","Saturday","39","9","28","2047"
"470829","2047-09-29","Sunday","39","9","29","2047"
"470830","2047-09-30","Monday","40","9","30","2047"
"470901","2047-10-01","Tuesday","40","10","1","2047"
"470902","2047-10-02","Wednesday","40","10","2","2047"
"470903","2047-10-03","Thursday","40","10","3","2047"
"470904","2047-10-04","Friday","40","10","4","2047"
"470905","2047-10-05","Saturday","40","10","5","2047"
"470906","2047-10-06","Sunday","40","10","6","2047"
"470907","2047-10-07","Monday","41","10","7","2047"
"470908","2047-10-08","Tuesday","41","10","8","2047"
"470909","2047-10-09","Wednesday","41","10","9","2047"
"470910","2047-10-10","Thursday","41","10","10","2047"
"470911","2047-10-11","Friday","41","10","11","2047"
"470912","2047-10-12","Saturday","41","10","12","2047"
"470913","2047-10-13","Sunday","41","10","13","2047"
"470914","2047-10-14","Monday","42","10","14","2047"
"470915","2047-10-15","Tuesday","42","10","15","2047"
"470916","2047-10-16","Wednesday","42","10","16","2047"
"470917","2047-10-17","Thursday","42","10","17","2047"
"470918","2047-10-18","Friday","42","10","18","2047"
"470919","2047-10-19","Saturday","42","10","19","2047"
"470920","2047-10-20","Sunday","42","10","20","2047"
"470921","2047-10-21","Monday","43","10","21","2047"
"470922","2047-10-22","Tuesday","43","10","22","2047"
"470923","2047-10-23","Wednesday","43","10","23","2047"
"470924","2047-10-24","Thursday","43","10","24","2047"
"470925","2047-10-25","Friday","43","10","25","2047"
"470926","2047-10-26","Saturday","43","10","26","2047"
"470927","2047-10-27","Sunday","43","10","27","2047"
"470928","2047-10-28","Monday","44","10","28","2047"
"470929","2047-10-29","Tuesday","44","10","29","2047"
"470930","2047-10-30","Wednesday","44","10","30","2047"
"470931","2047-10-31","Thursday","44","10","31","2047"
"471001","2047-11-01","Friday","44","11","1","2047"
"471002","2047-11-02","Saturday","44","11","2","2047"
"471003","2047-11-03","Sunday","44","11","3","2047"
"471004","2047-11-04","Monday","45","11","4","2047"
"471005","2047-11-05","Tuesday","45","11","5","2047"
"471006","2047-11-06","Wednesday","45","11","6","2047"
"471007","2047-11-07","Thursday","45","11","7","2047"
"471008","2047-11-08","Friday","45","11","8","2047"
"471009","2047-11-09","Saturday","45","11","9","2047"
"471010","2047-11-10","Sunday","45","11","10","2047"
"471011","2047-11-11","Monday","46","11","11","2047"
"471012","2047-11-12","Tuesday","46","11","12","2047"
"471013","2047-11-13","Wednesday","46","11","13","2047"
"471014","2047-11-14","Thursday","46","11","14","2047"
"471015","2047-11-15","Friday","46","11","15","2047"
"471016","2047-11-16","Saturday","46","11","16","2047"
"471017","2047-11-17","Sunday","46","11","17","2047"
"471018","2047-11-18","Monday","47","11","18","2047"
"471019","2047-11-19","Tuesday","47","11","19","2047"
"471020","2047-11-20","Wednesday","47","11","20","2047"
"471021","2047-11-21","Thursday","47","11","21","2047"
"471022","2047-11-22","Friday","47","11","22","2047"
"471023","2047-11-23","Saturday","47","11","23","2047"
"471024","2047-11-24","Sunday","47","11","24","2047"
"471025","2047-11-25","Monday","48","11","25","2047"
"471026","2047-11-26","Tuesday","48","11","26","2047"
"471027","2047-11-27","Wednesday","48","11","27","2047"
"471028","2047-11-28","Thursday","48","11","28","2047"
"471029","2047-11-29","Friday","48","11","29","2047"
"471030","2047-11-30","Saturday","48","11","30","2047"
"471101","2047-12-01","Sunday","48","12","1","2047"
"471102","2047-12-02","Monday","49","12","2","2047"
"471103","2047-12-03","Tuesday","49","12","3","2047"
"471104","2047-12-04","Wednesday","49","12","4","2047"
"471105","2047-12-05","Thursday","49","12","5","2047"
"471106","2047-12-06","Friday","49","12","6","2047"
"471107","2047-12-07","Saturday","49","12","7","2047"
"471108","2047-12-08","Sunday","49","12","8","2047"
"471109","2047-12-09","Monday","50","12","9","2047"
"471110","2047-12-10","Tuesday","50","12","10","2047"
"471111","2047-12-11","Wednesday","50","12","11","2047"
"471112","2047-12-12","Thursday","50","12","12","2047"
"471113","2047-12-13","Friday","50","12","13","2047"
"471114","2047-12-14","Saturday","50","12","14","2047"
"471115","2047-12-15","Sunday","50","12","15","2047"
"471116","2047-12-16","Monday","51","12","16","2047"
"471117","2047-12-17","Tuesday","51","12","17","2047"
"471118","2047-12-18","Wednesday","51","12","18","2047"
"471119","2047-12-19","Thursday","51","12","19","2047"
"471120","2047-12-20","Friday","51","12","20","2047"
"471121","2047-12-21","Saturday","51","12","21","2047"
"471122","2047-12-22","Sunday","51","12","22","2047"
"471123","2047-12-23","Monday","52","12","23","2047"
"471124","2047-12-24","Tuesday","52","12","24","2047"
"471125","2047-12-25","Wednesday","52","12","25","2047"
"471126","2047-12-26","Thursday","52","12","26","2047"
"471127","2047-12-27","Friday","52","12","27","2047"
"471128","2047-12-28","Saturday","52","12","28","2047"
"471129","2047-12-29","Sunday","52","12","29","2047"
"471130","2047-12-30","Monday","1","12","30","2047"
"471131","2047-12-31","Tuesday","1","12","31","2047"
"480001","2048-01-01","Wednesday","1","1","1","2048"
"480002","2048-01-02","Thursday","1","1","2","2048"
"480003","2048-01-03","Friday","1","1","3","2048"
"480004","2048-01-04","Saturday","1","1","4","2048"
"480005","2048-01-05","Sunday","1","1","5","2048"
"480006","2048-01-06","Monday","2","1","6","2048"
"480007","2048-01-07","Tuesday","2","1","7","2048"
"480008","2048-01-08","Wednesday","2","1","8","2048"
"480009","2048-01-09","Thursday","2","1","9","2048"
"480010","2048-01-10","Friday","2","1","10","2048"
"480011","2048-01-11","Saturday","2","1","11","2048"
"480012","2048-01-12","Sunday","2","1","12","2048"
"480013","2048-01-13","Monday","3","1","13","2048"
"480014","2048-01-14","Tuesday","3","1","14","2048"
"480015","2048-01-15","Wednesday","3","1","15","2048"
"480016","2048-01-16","Thursday","3","1","16","2048"
"480017","2048-01-17","Friday","3","1","17","2048"
"480018","2048-01-18","Saturday","3","1","18","2048"
"480019","2048-01-19","Sunday","3","1","19","2048"
"480020","2048-01-20","Monday","4","1","20","2048"
"480021","2048-01-21","Tuesday","4","1","21","2048"
"480022","2048-01-22","Wednesday","4","1","22","2048"
"480023","2048-01-23","Thursday","4","1","23","2048"
"480024","2048-01-24","Friday","4","1","24","2048"
"480025","2048-01-25","Saturday","4","1","25","2048"
"480026","2048-01-26","Sunday","4","1","26","2048"
"480027","2048-01-27","Monday","5","1","27","2048"
"480028","2048-01-28","Tuesday","5","1","28","2048"
"480029","2048-01-29","Wednesday","5","1","29","2048"
"480030","2048-01-30","Thursday","5","1","30","2048"
"480031","2048-01-31","Friday","5","1","31","2048"
"480101","2048-02-01","Saturday","5","2","1","2048"
"480102","2048-02-02","Sunday","5","2","2","2048"
"480103","2048-02-03","Monday","6","2","3","2048"
"480104","2048-02-04","Tuesday","6","2","4","2048"
"480105","2048-02-05","Wednesday","6","2","5","2048"
"480106","2048-02-06","Thursday","6","2","6","2048"
"480107","2048-02-07","Friday","6","2","7","2048"
"480108","2048-02-08","Saturday","6","2","8","2048"
"480109","2048-02-09","Sunday","6","2","9","2048"
"480110","2048-02-10","Monday","7","2","10","2048"
"480111","2048-02-11","Tuesday","7","2","11","2048"
"480112","2048-02-12","Wednesday","7","2","12","2048"
"480113","2048-02-13","Thursday","7","2","13","2048"
"480114","2048-02-14","Friday","7","2","14","2048"
"480115","2048-02-15","Saturday","7","2","15","2048"
"480116","2048-02-16","Sunday","7","2","16","2048"
"480117","2048-02-17","Monday","8","2","17","2048"
"480118","2048-02-18","Tuesday","8","2","18","2048"
"480119","2048-02-19","Wednesday","8","2","19","2048"
"480120","2048-02-20","Thursday","8","2","20","2048"
"480121","2048-02-21","Friday","8","2","21","2048"
"480122","2048-02-22","Saturday","8","2","22","2048"
"480123","2048-02-23","Sunday","8","2","23","2048"
"480124","2048-02-24","Monday","9","2","24","2048"
"480125","2048-02-25","Tuesday","9","2","25","2048"
"480126","2048-02-26","Wednesday","9","2","26","2048"
"480127","2048-02-27","Thursday","9","2","27","2048"
"480128","2048-02-28","Friday","9","2","28","2048"
"480129","2048-02-29","Saturday","9","2","29","2048"
"480201","2048-03-01","Sunday","9","3","1","2048"
"480202","2048-03-02","Monday","10","3","2","2048"
"480203","2048-03-03","Tuesday","10","3","3","2048"
"480204","2048-03-04","Wednesday","10","3","4","2048"
"480205","2048-03-05","Thursday","10","3","5","2048"
"480206","2048-03-06","Friday","10","3","6","2048"
"480207","2048-03-07","Saturday","10","3","7","2048"
"480208","2048-03-08","Sunday","10","3","8","2048"
"480209","2048-03-09","Monday","11","3","9","2048"
"480210","2048-03-10","Tuesday","11","3","10","2048"
"480211","2048-03-11","Wednesday","11","3","11","2048"
"480212","2048-03-12","Thursday","11","3","12","2048"
"480213","2048-03-13","Friday","11","3","13","2048"
"480214","2048-03-14","Saturday","11","3","14","2048"
"480215","2048-03-15","Sunday","11","3","15","2048"
"480216","2048-03-16","Monday","12","3","16","2048"
"480217","2048-03-17","Tuesday","12","3","17","2048"
"480218","2048-03-18","Wednesday","12","3","18","2048"
"480219","2048-03-19","Thursday","12","3","19","2048"
"480220","2048-03-20","Friday","12","3","20","2048"
"480221","2048-03-21","Saturday","12","3","21","2048"
"480222","2048-03-22","Sunday","12","3","22","2048"
"480223","2048-03-23","Monday","13","3","23","2048"
"480224","2048-03-24","Tuesday","13","3","24","2048"
"480225","2048-03-25","Wednesday","13","3","25","2048"
"480226","2048-03-26","Thursday","13","3","26","2048"
"480227","2048-03-27","Friday","13","3","27","2048"
"480228","2048-03-28","Saturday","13","3","28","2048"
"480229","2048-03-29","Sunday","13","3","29","2048"
"480230","2048-03-30","Monday","14","3","30","2048"
"480231","2048-03-31","Tuesday","14","3","31","2048"
"480301","2048-04-01","Wednesday","14","4","1","2048"
"480302","2048-04-02","Thursday","14","4","2","2048"
"480303","2048-04-03","Friday","14","4","3","2048"
"480304","2048-04-04","Saturday","14","4","4","2048"
"480305","2048-04-05","Sunday","14","4","5","2048"
"480306","2048-04-06","Monday","15","4","6","2048"
"480307","2048-04-07","Tuesday","15","4","7","2048"
"480308","2048-04-08","Wednesday","15","4","8","2048"
"480309","2048-04-09","Thursday","15","4","9","2048"
"480310","2048-04-10","Friday","15","4","10","2048"
"480311","2048-04-11","Saturday","15","4","11","2048"
"480312","2048-04-12","Sunday","15","4","12","2048"
"480313","2048-04-13","Monday","16","4","13","2048"
"480314","2048-04-14","Tuesday","16","4","14","2048"
"480315","2048-04-15","Wednesday","16","4","15","2048"
"480316","2048-04-16","Thursday","16","4","16","2048"
"480317","2048-04-17","Friday","16","4","17","2048"
"480318","2048-04-18","Saturday","16","4","18","2048"
"480319","2048-04-19","Sunday","16","4","19","2048"
"480320","2048-04-20","Monday","17","4","20","2048"
"480321","2048-04-21","Tuesday","17","4","21","2048"
"480322","2048-04-22","Wednesday","17","4","22","2048"
"480323","2048-04-23","Thursday","17","4","23","2048"
"480324","2048-04-24","Friday","17","4","24","2048"
"480325","2048-04-25","Saturday","17","4","25","2048"
"480326","2048-04-26","Sunday","17","4","26","2048"
"480327","2048-04-27","Monday","18","4","27","2048"
"480328","2048-04-28","Tuesday","18","4","28","2048"
"480329","2048-04-29","Wednesday","18","4","29","2048"
"480330","2048-04-30","Thursday","18","4","30","2048"
"480401","2048-05-01","Friday","18","5","1","2048"
"480402","2048-05-02","Saturday","18","5","2","2048"
"480403","2048-05-03","Sunday","18","5","3","2048"
"480404","2048-05-04","Monday","19","5","4","2048"
"480405","2048-05-05","Tuesday","19","5","5","2048"
"480406","2048-05-06","Wednesday","19","5","6","2048"
"480407","2048-05-07","Thursday","19","5","7","2048"
"480408","2048-05-08","Friday","19","5","8","2048"
"480409","2048-05-09","Saturday","19","5","9","2048"
"480410","2048-05-10","Sunday","19","5","10","2048"
"480411","2048-05-11","Monday","20","5","11","2048"
"480412","2048-05-12","Tuesday","20","5","12","2048"
"480413","2048-05-13","Wednesday","20","5","13","2048"
"480414","2048-05-14","Thursday","20","5","14","2048"
"480415","2048-05-15","Friday","20","5","15","2048"
"480416","2048-05-16","Saturday","20","5","16","2048"
"480417","2048-05-17","Sunday","20","5","17","2048"
"480418","2048-05-18","Monday","21","5","18","2048"
"480419","2048-05-19","Tuesday","21","5","19","2048"
"480420","2048-05-20","Wednesday","21","5","20","2048"
"480421","2048-05-21","Thursday","21","5","21","2048"
"480422","2048-05-22","Friday","21","5","22","2048"
"480423","2048-05-23","Saturday","21","5","23","2048"
"480424","2048-05-24","Sunday","21","5","24","2048"
"480425","2048-05-25","Monday","22","5","25","2048"
"480426","2048-05-26","Tuesday","22","5","26","2048"
"480427","2048-05-27","Wednesday","22","5","27","2048"
"480428","2048-05-28","Thursday","22","5","28","2048"
"480429","2048-05-29","Friday","22","5","29","2048"
"480430","2048-05-30","Saturday","22","5","30","2048"
"480431","2048-05-31","Sunday","22","5","31","2048"
"480501","2048-06-01","Monday","23","6","1","2048"
"480502","2048-06-02","Tuesday","23","6","2","2048"
"480503","2048-06-03","Wednesday","23","6","3","2048"
"480504","2048-06-04","Thursday","23","6","4","2048"
"480505","2048-06-05","Friday","23","6","5","2048"
"480506","2048-06-06","Saturday","23","6","6","2048"
"480507","2048-06-07","Sunday","23","6","7","2048"
"480508","2048-06-08","Monday","24","6","8","2048"
"480509","2048-06-09","Tuesday","24","6","9","2048"
"480510","2048-06-10","Wednesday","24","6","10","2048"
"480511","2048-06-11","Thursday","24","6","11","2048"
"480512","2048-06-12","Friday","24","6","12","2048"
"480513","2048-06-13","Saturday","24","6","13","2048"
"480514","2048-06-14","Sunday","24","6","14","2048"
"480515","2048-06-15","Monday","25","6","15","2048"
"480516","2048-06-16","Tuesday","25","6","16","2048"
"480517","2048-06-17","Wednesday","25","6","17","2048"
"480518","2048-06-18","Thursday","25","6","18","2048"
"480519","2048-06-19","Friday","25","6","19","2048"
"480520","2048-06-20","Saturday","25","6","20","2048"
"480521","2048-06-21","Sunday","25","6","21","2048"
"480522","2048-06-22","Monday","26","6","22","2048"
"480523","2048-06-23","Tuesday","26","6","23","2048"
"480524","2048-06-24","Wednesday","26","6","24","2048"
"480525","2048-06-25","Thursday","26","6","25","2048"
"480526","2048-06-26","Friday","26","6","26","2048"
"480527","2048-06-27","Saturday","26","6","27","2048"
"480528","2048-06-28","Sunday","26","6","28","2048"
"480529","2048-06-29","Monday","27","6","29","2048"
"480530","2048-06-30","Tuesday","27","6","30","2048"
"480601","2048-07-01","Wednesday","27","7","1","2048"
"480602","2048-07-02","Thursday","27","7","2","2048"
"480603","2048-07-03","Friday","27","7","3","2048"
"480604","2048-07-04","Saturday","27","7","4","2048"
"480605","2048-07-05","Sunday","27","7","5","2048"
"480606","2048-07-06","Monday","28","7","6","2048"
"480607","2048-07-07","Tuesday","28","7","7","2048"
"480608","2048-07-08","Wednesday","28","7","8","2048"
"480609","2048-07-09","Thursday","28","7","9","2048"
"480610","2048-07-10","Friday","28","7","10","2048"
"480611","2048-07-11","Saturday","28","7","11","2048"
"480612","2048-07-12","Sunday","28","7","12","2048"
"480613","2048-07-13","Monday","29","7","13","2048"
"480614","2048-07-14","Tuesday","29","7","14","2048"
"480615","2048-07-15","Wednesday","29","7","15","2048"
"480616","2048-07-16","Thursday","29","7","16","2048"
"480617","2048-07-17","Friday","29","7","17","2048"
"480618","2048-07-18","Saturday","29","7","18","2048"
"480619","2048-07-19","Sunday","29","7","19","2048"
"480620","2048-07-20","Monday","30","7","20","2048"
"480621","2048-07-21","Tuesday","30","7","21","2048"
"480622","2048-07-22","Wednesday","30","7","22","2048"
"480623","2048-07-23","Thursday","30","7","23","2048"
"480624","2048-07-24","Friday","30","7","24","2048"
"480625","2048-07-25","Saturday","30","7","25","2048"
"480626","2048-07-26","Sunday","30","7","26","2048"
"480627","2048-07-27","Monday","31","7","27","2048"
"480628","2048-07-28","Tuesday","31","7","28","2048"
"480629","2048-07-29","Wednesday","31","7","29","2048"
"480630","2048-07-30","Thursday","31","7","30","2048"
"480631","2048-07-31","Friday","31","7","31","2048"
"480701","2048-08-01","Saturday","31","8","1","2048"
"480702","2048-08-02","Sunday","31","8","2","2048"
"480703","2048-08-03","Monday","32","8","3","2048"
"480704","2048-08-04","Tuesday","32","8","4","2048"
"480705","2048-08-05","Wednesday","32","8","5","2048"
"480706","2048-08-06","Thursday","32","8","6","2048"
"480707","2048-08-07","Friday","32","8","7","2048"
"480708","2048-08-08","Saturday","32","8","8","2048"
"480709","2048-08-09","Sunday","32","8","9","2048"
"480710","2048-08-10","Monday","33","8","10","2048"
"480711","2048-08-11","Tuesday","33","8","11","2048"
"480712","2048-08-12","Wednesday","33","8","12","2048"
"480713","2048-08-13","Thursday","33","8","13","2048"
"480714","2048-08-14","Friday","33","8","14","2048"
"480715","2048-08-15","Saturday","33","8","15","2048"
"480716","2048-08-16","Sunday","33","8","16","2048"
"480717","2048-08-17","Monday","34","8","17","2048"
"480718","2048-08-18","Tuesday","34","8","18","2048"
"480719","2048-08-19","Wednesday","34","8","19","2048"
"480720","2048-08-20","Thursday","34","8","20","2048"
"480721","2048-08-21","Friday","34","8","21","2048"
"480722","2048-08-22","Saturday","34","8","22","2048"
"480723","2048-08-23","Sunday","34","8","23","2048"
"480724","2048-08-24","Monday","35","8","24","2048"
"480725","2048-08-25","Tuesday","35","8","25","2048"
"480726","2048-08-26","Wednesday","35","8","26","2048"
"480727","2048-08-27","Thursday","35","8","27","2048"
"480728","2048-08-28","Friday","35","8","28","2048"
"480729","2048-08-29","Saturday","35","8","29","2048"
"480730","2048-08-30","Sunday","35","8","30","2048"
"480731","2048-08-31","Monday","36","8","31","2048"
"480801","2048-09-01","Tuesday","36","9","1","2048"
"480802","2048-09-02","Wednesday","36","9","2","2048"
"480803","2048-09-03","Thursday","36","9","3","2048"
"480804","2048-09-04","Friday","36","9","4","2048"
"480805","2048-09-05","Saturday","36","9","5","2048"
"480806","2048-09-06","Sunday","36","9","6","2048"
"480807","2048-09-07","Monday","37","9","7","2048"
"480808","2048-09-08","Tuesday","37","9","8","2048"
"480809","2048-09-09","Wednesday","37","9","9","2048"
"480810","2048-09-10","Thursday","37","9","10","2048"
"480811","2048-09-11","Friday","37","9","11","2048"
"480812","2048-09-12","Saturday","37","9","12","2048"
"480813","2048-09-13","Sunday","37","9","13","2048"
"480814","2048-09-14","Monday","38","9","14","2048"
"480815","2048-09-15","Tuesday","38","9","15","2048"
"480816","2048-09-16","Wednesday","38","9","16","2048"
"480817","2048-09-17","Thursday","38","9","17","2048"
"480818","2048-09-18","Friday","38","9","18","2048"
"480819","2048-09-19","Saturday","38","9","19","2048"
"480820","2048-09-20","Sunday","38","9","20","2048"
"480821","2048-09-21","Monday","39","9","21","2048"
"480822","2048-09-22","Tuesday","39","9","22","2048"
"480823","2048-09-23","Wednesday","39","9","23","2048"
"480824","2048-09-24","Thursday","39","9","24","2048"
"480825","2048-09-25","Friday","39","9","25","2048"
"480826","2048-09-26","Saturday","39","9","26","2048"
"480827","2048-09-27","Sunday","39","9","27","2048"
"480828","2048-09-28","Monday","40","9","28","2048"
"480829","2048-09-29","Tuesday","40","9","29","2048"
"480830","2048-09-30","Wednesday","40","9","30","2048"
"480901","2048-10-01","Thursday","40","10","1","2048"
"480902","2048-10-02","Friday","40","10","2","2048"
"480903","2048-10-03","Saturday","40","10","3","2048"
"480904","2048-10-04","Sunday","40","10","4","2048"
"480905","2048-10-05","Monday","41","10","5","2048"
"480906","2048-10-06","Tuesday","41","10","6","2048"
"480907","2048-10-07","Wednesday","41","10","7","2048"
"480908","2048-10-08","Thursday","41","10","8","2048"
"480909","2048-10-09","Friday","41","10","9","2048"
"480910","2048-10-10","Saturday","41","10","10","2048"
"480911","2048-10-11","Sunday","41","10","11","2048"
"480912","2048-10-12","Monday","42","10","12","2048"
"480913","2048-10-13","Tuesday","42","10","13","2048"
"480914","2048-10-14","Wednesday","42","10","14","2048"
"480915","2048-10-15","Thursday","42","10","15","2048"
"480916","2048-10-16","Friday","42","10","16","2048"
"480917","2048-10-17","Saturday","42","10","17","2048"
"480918","2048-10-18","Sunday","42","10","18","2048"
"480919","2048-10-19","Monday","43","10","19","2048"
"480920","2048-10-20","Tuesday","43","10","20","2048"
"480921","2048-10-21","Wednesday","43","10","21","2048"
"480922","2048-10-22","Thursday","43","10","22","2048"
"480923","2048-10-23","Friday","43","10","23","2048"
"480924","2048-10-24","Saturday","43","10","24","2048"
"480925","2048-10-25","Sunday","43","10","25","2048"
"480926","2048-10-26","Monday","44","10","26","2048"
"480927","2048-10-27","Tuesday","44","10","27","2048"
"480928","2048-10-28","Wednesday","44","10","28","2048"
"480929","2048-10-29","Thursday","44","10","29","2048"
"480930","2048-10-30","Friday","44","10","30","2048"
"480931","2048-10-31","Saturday","44","10","31","2048"
"481001","2048-11-01","Sunday","44","11","1","2048"
"481002","2048-11-02","Monday","45","11","2","2048"
"481003","2048-11-03","Tuesday","45","11","3","2048"
"481004","2048-11-04","Wednesday","45","11","4","2048"
"481005","2048-11-05","Thursday","45","11","5","2048"
"481006","2048-11-06","Friday","45","11","6","2048"
"481007","2048-11-07","Saturday","45","11","7","2048"
"481008","2048-11-08","Sunday","45","11","8","2048"
"481009","2048-11-09","Monday","46","11","9","2048"
"481010","2048-11-10","Tuesday","46","11","10","2048"
"481011","2048-11-11","Wednesday","46","11","11","2048"
"481012","2048-11-12","Thursday","46","11","12","2048"
"481013","2048-11-13","Friday","46","11","13","2048"
"481014","2048-11-14","Saturday","46","11","14","2048"
"481015","2048-11-15","Sunday","46","11","15","2048"
"481016","2048-11-16","Monday","47","11","16","2048"
"481017","2048-11-17","Tuesday","47","11","17","2048"
"481018","2048-11-18","Wednesday","47","11","18","2048"
"481019","2048-11-19","Thursday","47","11","19","2048"
"481020","2048-11-20","Friday","47","11","20","2048"
"481021","2048-11-21","Saturday","47","11","21","2048"
"481022","2048-11-22","Sunday","47","11","22","2048"
"481023","2048-11-23","Monday","48","11","23","2048"
"481024","2048-11-24","Tuesday","48","11","24","2048"
"481025","2048-11-25","Wednesday","48","11","25","2048"
"481026","2048-11-26","Thursday","48","11","26","2048"
"481027","2048-11-27","Friday","48","11","27","2048"
"481028","2048-11-28","Saturday","48","11","28","2048"
"481029","2048-11-29","Sunday","48","11","29","2048"
"481030","2048-11-30","Monday","49","11","30","2048"
"481101","2048-12-01","Tuesday","49","12","1","2048"
"481102","2048-12-02","Wednesday","49","12","2","2048"
"481103","2048-12-03","Thursday","49","12","3","2048"
"481104","2048-12-04","Friday","49","12","4","2048"
"481105","2048-12-05","Saturday","49","12","5","2048"
"481106","2048-12-06","Sunday","49","12","6","2048"
"481107","2048-12-07","Monday","50","12","7","2048"
"481108","2048-12-08","Tuesday","50","12","8","2048"
"481109","2048-12-09","Wednesday","50","12","9","2048"
"481110","2048-12-10","Thursday","50","12","10","2048"
"481111","2048-12-11","Friday","50","12","11","2048"
"481112","2048-12-12","Saturday","50","12","12","2048"
"481113","2048-12-13","Sunday","50","12","13","2048"
"481114","2048-12-14","Monday","51","12","14","2048"
"481115","2048-12-15","Tuesday","51","12","15","2048"
"481116","2048-12-16","Wednesday","51","12","16","2048"
"481117","2048-12-17","Thursday","51","12","17","2048"
"481118","2048-12-18","Friday","51","12","18","2048"
"481119","2048-12-19","Saturday","51","12","19","2048"
"481120","2048-12-20","Sunday","51","12","20","2048"
"481121","2048-12-21","Monday","52","12","21","2048"
"481122","2048-12-22","Tuesday","52","12","22","2048"
"481123","2048-12-23","Wednesday","52","12","23","2048"
"481124","2048-12-24","Thursday","52","12","24","2048"
"481125","2048-12-25","Friday","52","12","25","2048"
"481126","2048-12-26","Saturday","52","12","26","2048"
"481127","2048-12-27","Sunday","52","12","27","2048"
"481128","2048-12-28","Monday","53","12","28","2048"
"481129","2048-12-29","Tuesday","53","12","29","2048"
"481130","2048-12-30","Wednesday","53","12","30","2048"
"481131","2048-12-31","Thursday","53","12","31","2048"
"490001","2049-01-01","Friday","53","1","1","2049"
"490002","2049-01-02","Saturday","53","1","2","2049"
"490003","2049-01-03","Sunday","53","1","3","2049"
"490004","2049-01-04","Monday","1","1","4","2049"
"490005","2049-01-05","Tuesday","1","1","5","2049"
"490006","2049-01-06","Wednesday","1","1","6","2049"
"490007","2049-01-07","Thursday","1","1","7","2049"
"490008","2049-01-08","Friday","1","1","8","2049"
"490009","2049-01-09","Saturday","1","1","9","2049"
"490010","2049-01-10","Sunday","1","1","10","2049"
"490011","2049-01-11","Monday","2","1","11","2049"
"490012","2049-01-12","Tuesday","2","1","12","2049"
"490013","2049-01-13","Wednesday","2","1","13","2049"
"490014","2049-01-14","Thursday","2","1","14","2049"
"490015","2049-01-15","Friday","2","1","15","2049"
"490016","2049-01-16","Saturday","2","1","16","2049"
"490017","2049-01-17","Sunday","2","1","17","2049"
"490018","2049-01-18","Monday","3","1","18","2049"
"490019","2049-01-19","Tuesday","3","1","19","2049"
"490020","2049-01-20","Wednesday","3","1","20","2049"
"490021","2049-01-21","Thursday","3","1","21","2049"
"490022","2049-01-22","Friday","3","1","22","2049"
"490023","2049-01-23","Saturday","3","1","23","2049"
"490024","2049-01-24","Sunday","3","1","24","2049"
"490025","2049-01-25","Monday","4","1","25","2049"
"490026","2049-01-26","Tuesday","4","1","26","2049"
"490027","2049-01-27","Wednesday","4","1","27","2049"
"490028","2049-01-28","Thursday","4","1","28","2049"
"490029","2049-01-29","Friday","4","1","29","2049"
"490030","2049-01-30","Saturday","4","1","30","2049"
"490031","2049-01-31","Sunday","4","1","31","2049"
"490101","2049-02-01","Monday","5","2","1","2049"
"490102","2049-02-02","Tuesday","5","2","2","2049"
"490103","2049-02-03","Wednesday","5","2","3","2049"
"490104","2049-02-04","Thursday","5","2","4","2049"
"490105","2049-02-05","Friday","5","2","5","2049"
"490106","2049-02-06","Saturday","5","2","6","2049"
"490107","2049-02-07","Sunday","5","2","7","2049"
"490108","2049-02-08","Monday","6","2","8","2049"
"490109","2049-02-09","Tuesday","6","2","9","2049"
"490110","2049-02-10","Wednesday","6","2","10","2049"
"490111","2049-02-11","Thursday","6","2","11","2049"
"490112","2049-02-12","Friday","6","2","12","2049"
"490113","2049-02-13","Saturday","6","2","13","2049"
"490114","2049-02-14","Sunday","6","2","14","2049"
"490115","2049-02-15","Monday","7","2","15","2049"
"490116","2049-02-16","Tuesday","7","2","16","2049"
"490117","2049-02-17","Wednesday","7","2","17","2049"
"490118","2049-02-18","Thursday","7","2","18","2049"
"490119","2049-02-19","Friday","7","2","19","2049"
"490120","2049-02-20","Saturday","7","2","20","2049"
"490121","2049-02-21","Sunday","7","2","21","2049"
"490122","2049-02-22","Monday","8","2","22","2049"
"490123","2049-02-23","Tuesday","8","2","23","2049"
"490124","2049-02-24","Wednesday","8","2","24","2049"
"490125","2049-02-25","Thursday","8","2","25","2049"
"490126","2049-02-26","Friday","8","2","26","2049"
"490127","2049-02-27","Saturday","8","2","27","2049"
"490128","2049-02-28","Sunday","8","2","28","2049"
"490201","2049-03-01","Monday","9","3","1","2049"
"490202","2049-03-02","Tuesday","9","3","2","2049"
"490203","2049-03-03","Wednesday","9","3","3","2049"
"490204","2049-03-04","Thursday","9","3","4","2049"
"490205","2049-03-05","Friday","9","3","5","2049"
"490206","2049-03-06","Saturday","9","3","6","2049"
"490207","2049-03-07","Sunday","9","3","7","2049"
"490208","2049-03-08","Monday","10","3","8","2049"
"490209","2049-03-09","Tuesday","10","3","9","2049"
"490210","2049-03-10","Wednesday","10","3","10","2049"
"490211","2049-03-11","Thursday","10","3","11","2049"
"490212","2049-03-12","Friday","10","3","12","2049"
"490213","2049-03-13","Saturday","10","3","13","2049"
"490214","2049-03-14","Sunday","10","3","14","2049"
"490215","2049-03-15","Monday","11","3","15","2049"
"490216","2049-03-16","Tuesday","11","3","16","2049"
"490217","2049-03-17","Wednesday","11","3","17","2049"
"490218","2049-03-18","Thursday","11","3","18","2049"
"490219","2049-03-19","Friday","11","3","19","2049"
"490220","2049-03-20","Saturday","11","3","20","2049"
"490221","2049-03-21","Sunday","11","3","21","2049"
"490222","2049-03-22","Monday","12","3","22","2049"
"490223","2049-03-23","Tuesday","12","3","23","2049"
"490224","2049-03-24","Wednesday","12","3","24","2049"
"490225","2049-03-25","Thursday","12","3","25","2049"
"490226","2049-03-26","Friday","12","3","26","2049"
"490227","2049-03-27","Saturday","12","3","27","2049"
"490228","2049-03-28","Sunday","12","3","28","2049"
"490229","2049-03-29","Monday","13","3","29","2049"
"490230","2049-03-30","Tuesday","13","3","30","2049"
"490231","2049-03-31","Wednesday","13","3","31","2049"
"490301","2049-04-01","Thursday","13","4","1","2049"
"490302","2049-04-02","Friday","13","4","2","2049"
"490303","2049-04-03","Saturday","13","4","3","2049"
"490304","2049-04-04","Sunday","13","4","4","2049"
"490305","2049-04-05","Monday","14","4","5","2049"
"490306","2049-04-06","Tuesday","14","4","6","2049"
"490307","2049-04-07","Wednesday","14","4","7","2049"
"490308","2049-04-08","Thursday","14","4","8","2049"
"490309","2049-04-09","Friday","14","4","9","2049"
"490310","2049-04-10","Saturday","14","4","10","2049"
"490311","2049-04-11","Sunday","14","4","11","2049"
"490312","2049-04-12","Monday","15","4","12","2049"
"490313","2049-04-13","Tuesday","15","4","13","2049"
"490314","2049-04-14","Wednesday","15","4","14","2049"
"490315","2049-04-15","Thursday","15","4","15","2049"
"490316","2049-04-16","Friday","15","4","16","2049"
"490317","2049-04-17","Saturday","15","4","17","2049"
"490318","2049-04-18","Sunday","15","4","18","2049"
"490319","2049-04-19","Monday","16","4","19","2049"
"490320","2049-04-20","Tuesday","16","4","20","2049"
"490321","2049-04-21","Wednesday","16","4","21","2049"
"490322","2049-04-22","Thursday","16","4","22","2049"
"490323","2049-04-23","Friday","16","4","23","2049"
"490324","2049-04-24","Saturday","16","4","24","2049"
"490325","2049-04-25","Sunday","16","4","25","2049"
"490326","2049-04-26","Monday","17","4","26","2049"
"490327","2049-04-27","Tuesday","17","4","27","2049"
"490328","2049-04-28","Wednesday","17","4","28","2049"
"490329","2049-04-29","Thursday","17","4","29","2049"
"490330","2049-04-30","Friday","17","4","30","2049"
"490401","2049-05-01","Saturday","17","5","1","2049"
"490402","2049-05-02","Sunday","17","5","2","2049"
"490403","2049-05-03","Monday","18","5","3","2049"
"490404","2049-05-04","Tuesday","18","5","4","2049"
"490405","2049-05-05","Wednesday","18","5","5","2049"
"490406","2049-05-06","Thursday","18","5","6","2049"
"490407","2049-05-07","Friday","18","5","7","2049"
"490408","2049-05-08","Saturday","18","5","8","2049"
"490409","2049-05-09","Sunday","18","5","9","2049"
"490410","2049-05-10","Monday","19","5","10","2049"
"490411","2049-05-11","Tuesday","19","5","11","2049"
"490412","2049-05-12","Wednesday","19","5","12","2049"
"490413","2049-05-13","Thursday","19","5","13","2049"
"490414","2049-05-14","Friday","19","5","14","2049"
"490415","2049-05-15","Saturday","19","5","15","2049"
"490416","2049-05-16","Sunday","19","5","16","2049"
"490417","2049-05-17","Monday","20","5","17","2049"
"490418","2049-05-18","Tuesday","20","5","18","2049"
"490419","2049-05-19","Wednesday","20","5","19","2049"
"490420","2049-05-20","Thursday","20","5","20","2049"
"490421","2049-05-21","Friday","20","5","21","2049"
"490422","2049-05-22","Saturday","20","5","22","2049"
"490423","2049-05-23","Sunday","20","5","23","2049"
"490424","2049-05-24","Monday","21","5","24","2049"
"490425","2049-05-25","Tuesday","21","5","25","2049"
"490426","2049-05-26","Wednesday","21","5","26","2049"
"490427","2049-05-27","Thursday","21","5","27","2049"
"490428","2049-05-28","Friday","21","5","28","2049"
"490429","2049-05-29","Saturday","21","5","29","2049"
"490430","2049-05-30","Sunday","21","5","30","2049"
"490431","2049-05-31","Monday","22","5","31","2049"
"490501","2049-06-01","Tuesday","22","6","1","2049"
"490502","2049-06-02","Wednesday","22","6","2","2049"
"490503","2049-06-03","Thursday","22","6","3","2049"
"490504","2049-06-04","Friday","22","6","4","2049"
"490505","2049-06-05","Saturday","22","6","5","2049"
"490506","2049-06-06","Sunday","22","6","6","2049"
"490507","2049-06-07","Monday","23","6","7","2049"
"490508","2049-06-08","Tuesday","23","6","8","2049"
"490509","2049-06-09","Wednesday","23","6","9","2049"
"490510","2049-06-10","Thursday","23","6","10","2049"
"490511","2049-06-11","Friday","23","6","11","2049"
"490512","2049-06-12","Saturday","23","6","12","2049"
"490513","2049-06-13","Sunday","23","6","13","2049"
"490514","2049-06-14","Monday","24","6","14","2049"
"490515","2049-06-15","Tuesday","24","6","15","2049"
"490516","2049-06-16","Wednesday","24","6","16","2049"
"490517","2049-06-17","Thursday","24","6","17","2049"
"490518","2049-06-18","Friday","24","6","18","2049"
"490519","2049-06-19","Saturday","24","6","19","2049"
"490520","2049-06-20","Sunday","24","6","20","2049"
"490521","2049-06-21","Monday","25","6","21","2049"
"490522","2049-06-22","Tuesday","25","6","22","2049"
"490523","2049-06-23","Wednesday","25","6","23","2049"
"490524","2049-06-24","Thursday","25","6","24","2049"
"490525","2049-06-25","Friday","25","6","25","2049"
"490526","2049-06-26","Saturday","25","6","26","2049"
"490527","2049-06-27","Sunday","25","6","27","2049"
"490528","2049-06-28","Monday","26","6","28","2049"
"490529","2049-06-29","Tuesday","26","6","29","2049"
"490530","2049-06-30","Wednesday","26","6","30","2049"
"490601","2049-07-01","Thursday","26","7","1","2049"
"490602","2049-07-02","Friday","26","7","2","2049"
"490603","2049-07-03","Saturday","26","7","3","2049"
"490604","2049-07-04","Sunday","26","7","4","2049"
"490605","2049-07-05","Monday","27","7","5","2049"
"490606","2049-07-06","Tuesday","27","7","6","2049"
"490607","2049-07-07","Wednesday","27","7","7","2049"
"490608","2049-07-08","Thursday","27","7","8","2049"
"490609","2049-07-09","Friday","27","7","9","2049"
"490610","2049-07-10","Saturday","27","7","10","2049"
"490611","2049-07-11","Sunday","27","7","11","2049"
"490612","2049-07-12","Monday","28","7","12","2049"
"490613","2049-07-13","Tuesday","28","7","13","2049"
"490614","2049-07-14","Wednesday","28","7","14","2049"
"490615","2049-07-15","Thursday","28","7","15","2049"
"490616","2049-07-16","Friday","28","7","16","2049"
"490617","2049-07-17","Saturday","28","7","17","2049"
"490618","2049-07-18","Sunday","28","7","18","2049"
"490619","2049-07-19","Monday","29","7","19","2049"
"490620","2049-07-20","Tuesday","29","7","20","2049"
"490621","2049-07-21","Wednesday","29","7","21","2049"
"490622","2049-07-22","Thursday","29","7","22","2049"
"490623","2049-07-23","Friday","29","7","23","2049"
"490624","2049-07-24","Saturday","29","7","24","2049"
"490625","2049-07-25","Sunday","29","7","25","2049"
"490626","2049-07-26","Monday","30","7","26","2049"
"490627","2049-07-27","Tuesday","30","7","27","2049"
"490628","2049-07-28","Wednesday","30","7","28","2049"
"490629","2049-07-29","Thursday","30","7","29","2049"
"490630","2049-07-30","Friday","30","7","30","2049"
"490631","2049-07-31","Saturday","30","7","31","2049"
"490701","2049-08-01","Sunday","30","8","1","2049"
"490702","2049-08-02","Monday","31","8","2","2049"
"490703","2049-08-03","Tuesday","31","8","3","2049"
"490704","2049-08-04","Wednesday","31","8","4","2049"
"490705","2049-08-05","Thursday","31","8","5","2049"
"490706","2049-08-06","Friday","31","8","6","2049"
"490707","2049-08-07","Saturday","31","8","7","2049"
"490708","2049-08-08","Sunday","31","8","8","2049"
"490709","2049-08-09","Monday","32","8","9","2049"
"490710","2049-08-10","Tuesday","32","8","10","2049"
"490711","2049-08-11","Wednesday","32","8","11","2049"
"490712","2049-08-12","Thursday","32","8","12","2049"
"490713","2049-08-13","Friday","32","8","13","2049"
"490714","2049-08-14","Saturday","32","8","14","2049"
"490715","2049-08-15","Sunday","32","8","15","2049"
"490716","2049-08-16","Monday","33","8","16","2049"
"490717","2049-08-17","Tuesday","33","8","17","2049"
"490718","2049-08-18","Wednesday","33","8","18","2049"
"490719","2049-08-19","Thursday","33","8","19","2049"
"490720","2049-08-20","Friday","33","8","20","2049"
"490721","2049-08-21","Saturday","33","8","21","2049"
"490722","2049-08-22","Sunday","33","8","22","2049"
"490723","2049-08-23","Monday","34","8","23","2049"
"490724","2049-08-24","Tuesday","34","8","24","2049"
"490725","2049-08-25","Wednesday","34","8","25","2049"
"490726","2049-08-26","Thursday","34","8","26","2049"
"490727","2049-08-27","Friday","34","8","27","2049"
"490728","2049-08-28","Saturday","34","8","28","2049"
"490729","2049-08-29","Sunday","34","8","29","2049"
"490730","2049-08-30","Monday","35","8","30","2049"
"490731","2049-08-31","Tuesday","35","8","31","2049"
"490801","2049-09-01","Wednesday","35","9","1","2049"
"490802","2049-09-02","Thursday","35","9","2","2049"
"490803","2049-09-03","Friday","35","9","3","2049"
"490804","2049-09-04","Saturday","35","9","4","2049"
"490805","2049-09-05","Sunday","35","9","5","2049"
"490806","2049-09-06","Monday","36","9","6","2049"
"490807","2049-09-07","Tuesday","36","9","7","2049"
"490808","2049-09-08","Wednesday","36","9","8","2049"
"490809","2049-09-09","Thursday","36","9","9","2049"
"490810","2049-09-10","Friday","36","9","10","2049"
"490811","2049-09-11","Saturday","36","9","11","2049"
"490812","2049-09-12","Sunday","36","9","12","2049"
"490813","2049-09-13","Monday","37","9","13","2049"
"490814","2049-09-14","Tuesday","37","9","14","2049"
"490815","2049-09-15","Wednesday","37","9","15","2049"
"490816","2049-09-16","Thursday","37","9","16","2049"
"490817","2049-09-17","Friday","37","9","17","2049"
"490818","2049-09-18","Saturday","37","9","18","2049"
"490819","2049-09-19","Sunday","37","9","19","2049"
"490820","2049-09-20","Monday","38","9","20","2049"
"490821","2049-09-21","Tuesday","38","9","21","2049"
"490822","2049-09-22","Wednesday","38","9","22","2049"
"490823","2049-09-23","Thursday","38","9","23","2049"
"490824","2049-09-24","Friday","38","9","24","2049"
"490825","2049-09-25","Saturday","38","9","25","2049"
"490826","2049-09-26","Sunday","38","9","26","2049"
"490827","2049-09-27","Monday","39","9","27","2049"
"490828","2049-09-28","Tuesday","39","9","28","2049"
"490829","2049-09-29","Wednesday","39","9","29","2049"
"490830","2049-09-30","Thursday","39","9","30","2049"
"490901","2049-10-01","Friday","39","10","1","2049"
"490902","2049-10-02","Saturday","39","10","2","2049"
"490903","2049-10-03","Sunday","39","10","3","2049"
"490904","2049-10-04","Monday","40","10","4","2049"
"490905","2049-10-05","Tuesday","40","10","5","2049"
"490906","2049-10-06","Wednesday","40","10","6","2049"
"490907","2049-10-07","Thursday","40","10","7","2049"
"490908","2049-10-08","Friday","40","10","8","2049"
"490909","2049-10-09","Saturday","40","10","9","2049"
"490910","2049-10-10","Sunday","40","10","10","2049"
"490911","2049-10-11","Monday","41","10","11","2049"
"490912","2049-10-12","Tuesday","41","10","12","2049"
"490913","2049-10-13","Wednesday","41","10","13","2049"
"490914","2049-10-14","Thursday","41","10","14","2049"
"490915","2049-10-15","Friday","41","10","15","2049"
"490916","2049-10-16","Saturday","41","10","16","2049"
"490917","2049-10-17","Sunday","41","10","17","2049"
"490918","2049-10-18","Monday","42","10","18","2049"
"490919","2049-10-19","Tuesday","42","10","19","2049"
"490920","2049-10-20","Wednesday","42","10","20","2049"
"490921","2049-10-21","Thursday","42","10","21","2049"
"490922","2049-10-22","Friday","42","10","22","2049"
"490923","2049-10-23","Saturday","42","10","23","2049"
"490924","2049-10-24","Sunday","42","10","24","2049"
"490925","2049-10-25","Monday","43","10","25","2049"
"490926","2049-10-26","Tuesday","43","10","26","2049"
"490927","2049-10-27","Wednesday","43","10","27","2049"
"490928","2049-10-28","Thursday","43","10","28","2049"
"490929","2049-10-29","Friday","43","10","29","2049"
"490930","2049-10-30","Saturday","43","10","30","2049"
"490931","2049-10-31","Sunday","43","10","31","2049"
"491001","2049-11-01","Monday","44","11","1","2049"
"491002","2049-11-02","Tuesday","44","11","2","2049"
"491003","2049-11-03","Wednesday","44","11","3","2049"
"491004","2049-11-04","Thursday","44","11","4","2049"
"491005","2049-11-05","Friday","44","11","5","2049"
"491006","2049-11-06","Saturday","44","11","6","2049"
"491007","2049-11-07","Sunday","44","11","7","2049"
"491008","2049-11-08","Monday","45","11","8","2049"
"491009","2049-11-09","Tuesday","45","11","9","2049"
"491010","2049-11-10","Wednesday","45","11","10","2049"
"491011","2049-11-11","Thursday","45","11","11","2049"
"491012","2049-11-12","Friday","45","11","12","2049"
"491013","2049-11-13","Saturday","45","11","13","2049"
"491014","2049-11-14","Sunday","45","11","14","2049"
"491015","2049-11-15","Monday","46","11","15","2049"
"491016","2049-11-16","Tuesday","46","11","16","2049"
"491017","2049-11-17","Wednesday","46","11","17","2049"
"491018","2049-11-18","Thursday","46","11","18","2049"
"491019","2049-11-19","Friday","46","11","19","2049"
"491020","2049-11-20","Saturday","46","11","20","2049"
"491021","2049-11-21","Sunday","46","11","21","2049"
"491022","2049-11-22","Monday","47","11","22","2049"
"491023","2049-11-23","Tuesday","47","11","23","2049"
"491024","2049-11-24","Wednesday","47","11","24","2049"
"491025","2049-11-25","Thursday","47","11","25","2049"
"491026","2049-11-26","Friday","47","11","26","2049"
"491027","2049-11-27","Saturday","47","11","27","2049"
"491028","2049-11-28","Sunday","47","11","28","2049"
"491029","2049-11-29","Monday","48","11","29","2049"
"491030","2049-11-30","Tuesday","48","11","30","2049"
"491101","2049-12-01","Wednesday","48","12","1","2049"
"491102","2049-12-02","Thursday","48","12","2","2049"
"491103","2049-12-03","Friday","48","12","3","2049"
"491104","2049-12-04","Saturday","48","12","4","2049"
"491105","2049-12-05","Sunday","48","12","5","2049"
"491106","2049-12-06","Monday","49","12","6","2049"
"491107","2049-12-07","Tuesday","49","12","7","2049"
"491108","2049-12-08","Wednesday","49","12","8","2049"
"491109","2049-12-09","Thursday","49","12","9","2049"
"491110","2049-12-10","Friday","49","12","10","2049"
"491111","2049-12-11","Saturday","49","12","11","2049"
"491112","2049-12-12","Sunday","49","12","12","2049"
"491113","2049-12-13","Monday","50","12","13","2049"
"491114","2049-12-14","Tuesday","50","12","14","2049"
"491115","2049-12-15","Wednesday","50","12","15","2049"
"491116","2049-12-16","Thursday","50","12","16","2049"
"491117","2049-12-17","Friday","50","12","17","2049"
"491118","2049-12-18","Saturday","50","12","18","2049"
"491119","2049-12-19","Sunday","50","12","19","2049"
"491120","2049-12-20","Monday","51","12","20","2049"
"491121","2049-12-21","Tuesday","51","12","21","2049"
"491122","2049-12-22","Wednesday","51","12","22","2049"
"491123","2049-12-23","Thursday","51","12","23","2049"
"491124","2049-12-24","Friday","51","12","24","2049"
"491125","2049-12-25","Saturday","51","12","25","2049"
"491126","2049-12-26","Sunday","51","12","26","2049"
"491127","2049-12-27","Monday","52","12","27","2049"
"491128","2049-12-28","Tuesday","52","12","28","2049"
"491129","2049-12-29","Wednesday","52","12","29","2049"
"491130","2049-12-30","Thursday","52","12","30","2049"
"491131","2049-12-31","Friday","52","12","31","2049"